app_id,name,developer,publisher,composite_score,tier,recognition_pct,headroom_pct,fit_pct,review_total,review_positive_ratio,review_score_bucket,owners_range,owners_mid,price_usd,metacritic_score,has_controller_support,is_indie,has_coop,has_multiplayer,release_year,genres,tags,screen_review_total_ge_4000,screen_quality_ge_0.70,screen_owners_le_750k,screen_monetisation_paid,screen_has_controller_support,screen_gamepass_availability
1288310,Firework,Shiying Studio,Gamera Games,0.974,Anchor,0.995,0.9688,0.8901,39637,0.9793,Overwhelmingly Positive,"500,000 .. 1,000,000",750000.0,9.99,,True,True,False,False,2021,Indie,2D|Atmospheric|Conversation|Drama|Hand-drawn|Horror|Indie|Mystery|Narration|Old School|Psychological Horror|Puzzle|Puzzle Platformer|RPG|Retro,PASS,PASS,PASS,PASS,PASS,PENDING_EXTERNAL_CHECK
787480,Phoenix Wright: Ace Attorney Trilogy,"CAPCOM Co., Ltd.","CAPCOM Co., Ltd.",0.971,Anchor,0.9875,0.9476,0.9825,33505,0.9763,Overwhelmingly Positive,"500,000 .. 1,000,000",750000.0,29.99,80,True,False,False,False,2019,Adventure,2D|Adventure|Anime|Classic|Comedy|Conversation|Crime|Cult Classic|Detective|Dynamic Narration|Funny|Great Soundtrack|LGBTQ+|Memes|Mystery,PASS,PASS,PASS,PASS,PASS,PENDING_EXTERNAL_CHECK
253230,A Hat in Time,Gears for Breakfast,Gears for Breakfast,0.9687,Anchor,1.0,0.9863,0.7416,50390,0.9786,Overwhelmingly Positive,"500,000 .. 1,000,000",750000.0,29.99,79,True,True,True,True,2017,Adventure|Indie,3D Platformer|Action|Adventure|Co-op|Collectathon|Colorful|Comedy|Cute|Exploration|Family Friendly|Female Protagonist|Funny|Great Soundtrack|Indie|Kickstarter,PASS,PASS,PASS,PASS,PASS,PENDING_EXTERNAL_CHECK
1135690,Unpacking,Witch Beam,Humble Games,0.9662,Anchor,0.9863,0.9451,0.9501,32385,0.9298,Very Positive,"500,000 .. 1,000,000",750000.0,19.99,83,True,True,False,False,2021,Casual|Indie|Simulation,2D|Atmospheric|Casual|Colorful|Cute|Family Friendly|Female Protagonist|Hidden Object|Indie|Inventory Management|Isometric|LGBTQ+|Life Sim|Pixel Graphics|Point & Click,PASS,PASS,PASS,PASS,PASS,PENDING_EXTERNAL_CHECK
2593370,The Hungry Lamb: Traveling in the Late Ming Dynasty,零创游戏(ZerocreationGame),"零创游戏(ZerocreationGame), 2P Games",0.9556,Anchor,0.9938,0.965,0.7266,38601,0.967,Overwhelmingly Positive,"500,000 .. 1,000,000",750000.0,7.49,,True,True,False,False,2024,Adventure|Indie|RPG,Adventure|Anime|Casual|Cooking|Cute|Dark|Dating Sim|Drama|Historical|Interactive Fiction|Medieval|Multiple Endings|Mystery|Psychological Horror|RPG,PASS,PASS,PASS,PASS,PASS,PENDING_EXTERNAL_CHECK
1562700,SANABI,WONDER POTION,NEOWIZ,0.9546,Anchor,0.9813,0.9313,0.9139,30102,0.9745,Overwhelmingly Positive,"500,000 .. 1,000,000",750000.0,14.99,,True,True,False,False,2023,Action|Adventure|Indie,2D|2D Platformer|Action|Action-Adventure|Adventure|Atmospheric|Cyberpunk|Difficult|Dystopian|Great Soundtrack|Indie|Linear|Pixel Graphics|Platformer|Precision Platformer,PASS,PASS,PASS,PASS,PASS,PENDING_EXTERNAL_CHECK
2273430,BlazBlue Entropy Effect,91Act,91Act,0.9531,Anchor,0.9463,0.985,0.8589,23190,0.9447,Very Positive,"200,000 .. 500,000",350000.0,19.99,,True,True,True,True,2024,Action|Adventure|Indie,2D|2D Fighter|2D Platformer|Action|Action Roguelike|Action-Adventure|Adventure|Anime|Cyberpunk|Hack and Slash|Indie|Multiple Endings|Pixel Graphics|Platformer|Post-apocalyptic,PASS,PASS,PASS,PASS,PASS,PENDING_EXTERNAL_CHECK
501300,What Remains of Edith Finch,Giant Sparrow,Annapurna Interactive,0.9316,Anchor,0.9963,0.97,0.4544,41326,0.9572,Overwhelmingly Positive,"500,000 .. 1,000,000",750000.0,19.99,89,True,True,False,False,2017,Adventure|Indie,Adventure|Atmospheric|Dark|Drama|Exploration|Female Protagonist|First-Person|Great Soundtrack|Horror|Indie|Lovecraftian|Mystery|Narration|Psychological Horror|Puzzle,PASS,PASS,PASS,PASS,PASS,PENDING_EXTERNAL_CHECK
1369630,ENDER LILIES: Quietus of the Knights,"Live Wire, Adglobe",Binary Haze Interactive,0.9243,Anchor,0.9888,0.9551,0.4794,35018,0.9417,Very Positive,"500,000 .. 1,000,000",750000.0,24.99,86,True,True,False,False,2021,Action|Indie|RPG,2D|Action|Action RPG|Anime|Atmospheric|Dark|Dark Fantasy|Difficult|Dragons|Female Protagonist|Great Soundtrack|Hand-drawn|Indie|Medieval|Metroidvania,PASS,PASS,PASS,PASS,PASS,PENDING_EXTERNAL_CHECK
960170,DJMAX RESPECT V,NEOWIZ,NEOWIZ,0.9242,Anchor,0.97,0.8989,0.7965,26951,0.8891,Very Positive,"500,000 .. 1,000,000",750000.0,49.99,,True,False,False,True,2020,Action|Casual|Sports,2D|3D|Action|Anime|Arcade|Casual|Competitive|Cute|Difficult|Early Access|Fantasy|Great Soundtrack|Multiplayer|Music|Pixel Graphics,PASS,PASS,PASS,PASS,PASS,PENDING_EXTERNAL_CHECK
1256670,Library Of Ruina,ProjectMoon,ProjectMoon,0.924,Anchor,0.9763,0.9176,0.6879,29181,0.9368,Very Positive,"500,000 .. 1,000,000",750000.0,29.99,,True,True,False,False,2021,Indie|RPG|Strategy,2D|Action|Anime|Card Battler|Card Game|Deckbuilding|Difficult|Gore|Great Soundtrack|Horror|Indie|Psychological Horror|RPG|Singleplayer|Story Rich,PASS,PASS,PASS,PASS,PASS,PENDING_EXTERNAL_CHECK
1817230,Hi-Fi RUSH,Tango Gameworks,Bethesda Softworks,0.9225,Anchor,0.9838,0.9401,0.5456,31971,0.9739,Overwhelmingly Positive,"500,000 .. 1,000,000",750000.0,29.99,90,True,False,False,False,2023,Action,Action|Action-Adventure|Adventure|Anime|Beat 'em up|Cartoony|Character Action Game|Colorful|Comedy|Cyberpunk|Great Soundtrack|Hack and Slash|Music|Platformer|Rhythm,PASS,PASS,PASS,PASS,PASS,PENDING_EXTERNAL_CHECK
1876890,Wandering Sword,The Swordman Studio,Spiral Up Games,0.9221,Depth,0.9251,0.9738,0.7004,19877,0.9335,Very Positive,"200,000 .. 500,000",350000.0,24.99,,True,True,False,False,2023,Adventure|Indie|RPG|Strategy,1990's|2.5D|Action RPG|Adventure|Drama|Foreign|Martial Arts|Open World|Pixel Graphics|RPG|Silent Protagonist|Singleplayer|Story Rich|Strategy|Swordplay,PASS,PASS,PASS,PASS,PASS,PENDING_EXTERNAL_CHECK
413420,Danganronpa 2: Goodbye Despair,"Spike Chunsoft Co., Ltd., Abstraction Games","Spike Chunsoft Co., Ltd.",0.9195,Anchor,0.9625,0.8702,0.9014,25177,0.9636,Overwhelmingly Positive,"500,000 .. 1,000,000",750000.0,19.99,83,True,False,False,False,2016,Adventure,Adventure|Anime|Atmospheric|Comedy|Dark|Dark Comedy|Dating Sim|Detective|Funny|Great Soundtrack|Horror|Mature|Memes|Mystery|Psychological Horror,PASS,PASS,PASS,PASS,PASS,PENDING_EXTERNAL_CHECK
638230,Journey,thatgamecompany,Annapurna Interactive,0.9192,Anchor,0.985,0.9438,0.4919,32370,0.9442,Very Positive,"500,000 .. 1,000,000",750000.0,14.99,,True,True,True,True,2020,Adventure|Indie,3D|Adventure|Atmospheric|Beautiful|Casual|Classic|Co-op|Exploration|Family Friendly|Great Soundtrack|Indie|Multiplayer|Music|Mystery|Narrative,PASS,PASS,PASS,PASS,PASS,PENDING_EXTERNAL_CHECK
1055540,A Short Hike,adamgryu,adamgryu,0.9191,Anchor,0.8851,0.9638,0.9101,17323,0.992,Overwhelmingly Positive,"200,000 .. 500,000",350000.0,7.99,82,True,True,False,False,2019,Adventure|Indie,3D Platformer|Adventure|Beautiful|Casual|Cute|Exploration|Family Friendly|Female Protagonist|Flight|Funny|Great Soundtrack|Indie|Nature|Open World|Pixel Graphics,PASS,PASS,PASS,PASS,PASS,PENDING_EXTERNAL_CHECK
1189630,Path Of Wuxia,香港商河洛互動娛樂股份有限公司,香港商河洛互動娛樂股份有限公司,0.9179,Anchor,0.98,0.9301,0.5581,30091,0.7859,Mostly Positive,"500,000 .. 1,000,000",750000.0,34.99,,True,True,False,False,2022,Indie|RPG,Anime|Character Customization|Choices Matter|Dating Sim|Early Access|Female Protagonist|Indie|Martial Arts|RPG|Simulation|Story Rich|Time Management|Turn-Based|Turn-Based Combat,PASS,PASS,PASS,PASS,PASS,PENDING_EXTERNAL_CHECK
1088850,Marvel's Guardians of the Galaxy,Eidos-Montréal,Eidos Interactive Corp.,0.917,Anchor,0.99,0.9563,0.3945,35789,0.9425,Very Positive,"500,000 .. 1,000,000",750000.0,59.99,,True,False,False,False,2021,Action|Adventure,Action|Action-Adventure|Adventure|Aliens|Atmospheric|Choices Matter|Cinematic|Comedy|Exploration|Great Soundtrack|Open World|RPG|Sci-fi|Shooter|Singleplayer,PASS,PASS,PASS,PASS,PASS,PENDING_EXTERNAL_CHECK
653530,Return of the Obra Dinn,Lucas Pope,3909,0.9129,Anchor,0.9675,0.8914,0.7253,26518,0.9682,Overwhelmingly Positive,"500,000 .. 1,000,000",750000.0,13.39,89,True,True,False,False,2018,Adventure|Indie,Adventure|Atmospheric|Detective|Difficult|First-Person|Great Soundtrack|Historical|Horror|Indie|Multiple Endings|Mystery|Naval|Noir|Pirates|Puzzle,PASS,PASS,PASS,PASS,PASS,PENDING_EXTERNAL_CHECK
1693980,Dead Space,Motive,Electronic Arts,0.9121,Anchor,0.9988,0.9775,0.2172,43575,0.9067,Very Positive,"500,000 .. 1,000,000",750000.0,59.99,87,True,False,False,False,2023,Action|Adventure,Action|Action-Adventure|Adventure|Aliens|Atmospheric|Blood|Combat|Dark|Horror|Psychological Horror|Remake|Sci-fi|Shooter|Singleplayer|Space,PASS,PASS,PASS,PASS,PASS,PENDING_EXTERNAL_CHECK
1627720,Lies of P,NEOWIZ,NEOWIZ,0.9102,Anchor,0.9975,0.9713,0.2297,41414,0.9239,Very Positive,"500,000 .. 1,000,000",750000.0,59.99,,True,False,False,False,2023,Action|Adventure|RPG,3D|Action|Action RPG|Adventure|Atmospheric|Choices Matter|Dark|Dark Fantasy|Difficult|Exploration|Gothic|Multiple Endings|RPG|Replay Value|Singleplayer,PASS,PASS,PASS,PASS,PASS,PENDING_EXTERNAL_CHECK
2161700,Persona 3 Reload,ATLUS,SEGA,0.9081,Anchor,0.9775,0.9201,0.5131,29312,0.9393,Very Positive,"500,000 .. 1,000,000",750000.0,69.99,89,True,False,False,False,2024,Adventure|RPG|Strategy,Adventure|Anime|Colorful|Dark|Dating Sim|Detective|Emotional|Great Soundtrack|JRPG|Multiple Endings|Mystery|Party-Based RPG|RPG|Story Rich|Strategy,PASS,PASS,PASS,PASS,PASS,PENDING_EXTERNAL_CHECK
1210320,Potion Craft: Alchemist Simulator,niceplay games,tinyBuild,0.907,Anchor,0.9825,0.9388,0.402,31904,0.9137,Very Positive,"500,000 .. 1,000,000",750000.0,19.99,,True,True,False,False,2022,Indie|Simulation,2D|Capitalism|Casual|Choices Matter|Crafting|Farming Sim|Hand-drawn|Historical|Indie|Life Sim|Management|Medieval|Point & Click|RPG|Relaxing,PASS,PASS,PASS,PASS,PASS,PENDING_EXTERNAL_CHECK
1659420,UNCHARTED™: Legacy of Thieves Collection,"Naughty Dog LLC, Iron Galaxy Studios",PlayStation Publishing LLC,0.9069,Anchor,0.9538,0.8489,0.9039,24060,0.8992,Very Positive,"500,000 .. 1,000,000",750000.0,49.99,,True,False,False,False,2022,Adventure,Action|Action-Adventure|Adventure|Atmospheric|Cinematic|Combat|Controller|Exploration|Female Protagonist|Funny|Multiplayer|Parkour|Platformer|Puzzle|Shooter,PASS,PASS,PASS,PASS,PASS,PENDING_EXTERNAL_CHECK
1931770,Chants of Sennaar,Rundisc,Focus Entertainment,0.9062,Anchor,0.8752,0.9588,0.8514,17036,0.9837,Overwhelmingly Positive,"200,000 .. 500,000",350000.0,12.99,86,True,True,False,False,2023,Adventure|Indie,Action-Adventure|Adventure|Atmospheric|Colorful|Detective|Difficult|Exploration|Great Soundtrack|Indie|Mystery|Mythology|Point & Click|Puzzle|Puzzle Platformer|Relaxing,PASS,PASS,PASS,PASS,PASS,PENDING_EXTERNAL_CHECK
1144400,Senren＊Banka,YUZUSOFT,"HIKARI FIELD, NekoNyan Ltd.",0.9047,Anchor,0.9688,0.8976,0.613,26756,0.9899,Overwhelmingly Positive,"500,000 .. 1,000,000",750000.0,34.99,,True,False,False,False,2020,Adventure|Casual,Action|Adventure|Anime|Casual|Choices Matter|Comedy|Cute|Dating Sim|Family Friendly|First-Person|Great Soundtrack|Multiple Endings|NSFW|RPG|Romance,PASS,PASS,PASS,PASS,PASS,PENDING_EXTERNAL_CHECK
2218750,Halls of Torment,Chasing Carrots,Chasing Carrots,0.903,Anchor,0.9613,0.8652,0.7628,24864,0.9589,Overwhelmingly Positive,"500,000 .. 1,000,000",750000.0,4.99,88,True,True,False,False,2024,Action|Indie|RPG,2D|Action|Action RPG|Action Roguelike|Arcade|Atmospheric|Bullet Hell|Dark|Dark Fantasy|Demons|Fantasy|Gothic|Hack and Slash|Medieval|Pixel Graphics,PASS,PASS,PASS,PASS,PASS,PENDING_EXTERNAL_CHECK
1880330,Sanfu,Shiying Studio,Gamera Games,0.9018,Depth,0.8608,0.9513,0.9089,15929,0.8253,Very Positive,"200,000 .. 500,000",350000.0,10.99,,True,True,False,False,2023,Adventure|Indie|RPG,2D|Adventure|Atmospheric|Colorful|Crime|Detective|Drama|Emotional|Fantasy|Hand-drawn|Investigation|Mystery|Old School|Puzzle|Puzzle Platformer,PASS,PASS,PASS,PASS,PASS,PENDING_EXTERNAL_CHECK
578650,The Outer Worlds,Obsidian Entertainment,Private Division,0.9006,Anchor,0.9638,0.8727,0.6966,25181,0.8375,Very Positive,"500,000 .. 1,000,000",750000.0,29.99,82,True,False,False,False,2020,RPG,Action|Action RPG|Action-Adventure|Adventure|Character Customization|Choices Matter|Colorful|Comedy|Exploration|FPS|First-Person|Funny|Open World|PvE|RPG,PASS,PASS,PASS,PASS,PASS,PENDING_EXTERNAL_CHECK
953490,CARRION,Phobia Game Studio,Devolver Digital,0.9,Anchor,0.96,0.8627,0.7491,24708,0.9453,Very Positive,"500,000 .. 1,000,000",750000.0,19.99,75,True,True,False,False,2020,Action|Adventure|Indie,2D|Action|Adventure|Atmospheric|Blood|Gore|Great Soundtrack|Horror|Indie|Lovecraftian|Mature|Metroidvania|Physics|Pixel Graphics|Platformer,PASS,PASS,PASS,PASS,PASS,PENDING_EXTERNAL_CHECK
241600,Rogue Legacy,Cellar Door Games,Cellar Door Games,0.8951,Anchor,0.9076,0.9675,0.5431,18349,0.9272,Very Positive,"200,000 .. 500,000",350000.0,14.99,85,True,True,False,False,2013,Action|Adventure|Indie|RPG,2D|Action|Action Roguelike|Addictive|Adventure|Arcade|Controller|Exploration|Fantasy|Indie|Medieval|Metroidvania|Pixel Graphics|Platformer|RPG,PASS,PASS,PASS,PASS,PASS,PENDING_EXTERNAL_CHECK
1237320,Sonic Frontiers,Sonic Team,SEGA,0.8949,Anchor,0.9388,0.9825,0.3246,22080,0.9091,Very Positive,"200,000 .. 500,000",350000.0,59.99,,True,False,False,False,2022,Action|Adventure,3D|3D Platformer|Action|Action RPG|Action-Adventure|Adventure|Colorful|Combat|Comedy|Exploration|Fantasy|Fast-Paced|Great Soundtrack|Lore-Rich|Mature,PASS,PASS,PASS,PASS,PASS,PENDING_EXTERNAL_CHECK
1703340,The Stanley Parable: Ultra Deluxe,Crows Crows Crows,Crows Crows Crows,0.8901,Anchor,0.9725,0.9051,0.4182,28048,0.9421,Very Positive,"500,000 .. 1,000,000",750000.0,24.99,,True,True,False,False,2022,Adventure|Casual|Indie,3D|Adventure|Atmospheric|Casual|Choices Matter|Comedy|Dark Humor|Emotional|Exploration|First-Person|Funny|Game Development|Horror|Multiple Endings|Mystery,PASS,PASS,PASS,PASS,PASS,PENDING_EXTERNAL_CHECK
2321470,Deep Rock Galactic: Survivor,Funday Games,Ghost Ship Publishing,0.8896,Anchor,0.975,0.9164,0.3558,29128,0.855,Very Positive,"500,000 .. 1,000,000",750000.0,9.99,,True,False,False,False,,Action|Early Access,Action|Action Roguelike|Aliens|Arcade|Arena Shooter|Atmospheric|Bullet Hell|Combat|Dark|Dwarf|Early Access|Procedural Generation|PvE|Roguelite|Sci-fi,PASS,PASS,PASS,PASS,PASS,PENDING_EXTERNAL_CHECK
1465360,SnowRunner,Saber Interactive,Focus Entertainment,0.8854,Anchor,0.9913,0.96,0.0574,36679,0.8951,Very Positive,"500,000 .. 1,000,000",750000.0,14.99,,True,False,True,True,2021,Adventure|Simulation,ATV|Adventure|Atmospheric|Automobile Sim|Driving|Exploration|First-Person|Immersive Sim|Multiplayer|Nature|Open World|Physics|PvE|Racing|Realistic,PASS,PASS,PASS,PASS,PASS,PENDING_EXTERNAL_CHECK
1462040,FINAL FANTASY VII REMAKE INTERGRADE,Square Enix,Square Enix,0.8834,Anchor,0.9788,0.9213,0.2547,29367,0.8892,Very Positive,"500,000 .. 1,000,000",750000.0,69.99,,True,False,False,False,,Action|Adventure|RPG,3D|3D Platformer|Action|Action RPG|Action-Adventure|Adventure|Cinematic|Controller|Drama|Fantasy|JRPG|Magic|Party-Based RPG|RPG|Realistic,PASS,PASS,PASS,PASS,PASS,PENDING_EXTERNAL_CHECK
242860,Verdun,BlackMill Games,BlackMill Games,0.8818,Anchor,0.9925,0.9625,0.005,37045,0.8609,Very Positive,"500,000 .. 1,000,000",750000.0,14.99,70,True,True,False,True,2015,Action|Indie|Massively Multiplayer|Simulation|Strategy,Action|Atmospheric|Co-op|FPS|First-Person|Gore|Historical|Massively Multiplayer|Military|Multiplayer|PvP|Realistic|Shooter|Simulation|Strategy,PASS,PASS,PASS,PASS,PASS,PENDING_EXTERNAL_CHECK
1948280,Stacklands,Sokpop Collective,Sokpop Collective,0.8792,Anchor,0.9563,0.8589,0.5743,24557,0.9653,Overwhelmingly Positive,"500,000 .. 1,000,000",750000.0,7.99,,True,True,False,False,2022,Casual|Indie|Simulation,2D|Building|Card Battler|Card Game|Casual|City Builder|Colorful|Cute|Deckbuilding|Fantasy|Hand-drawn|Indie|Management|Roguelite|Simulation,PASS,PASS,PASS,PASS,PASS,PENDING_EXTERNAL_CHECK
1584090,Touhou Mystia's Izakaya,"二色幽紫蝶, Re零同人社","二色幽紫蝶, Re零同人社",0.8755,Anchor,0.9488,0.8352,0.6704,23399,0.9864,Overwhelmingly Positive,"500,000 .. 1,000,000",750000.0,4.79,,True,True,False,False,2021,Casual|Indie|RPG|Simulation,1990's|2D|Anime|Capitalism|Cartoon|Casual|Clicker|Comedy|Cooking|Drama|Economy|Faith|Female Protagonist|JRPG|Old School,PASS,PASS,PASS,PASS,PASS,PENDING_EXTERNAL_CHECK
736260,Baba Is You,Hempuli Oy,Hempuli Oy,0.8729,Anchor,0.9326,0.7665,1.0,20757,0.978,Overwhelmingly Positive,"500,000 .. 1,000,000",750000.0,14.99,87,True,True,False,False,2019,Indie,2D|Atmospheric|Casual|Cute|Difficult|Funny|Great Soundtrack|Indie|Level Editor|Logic|Minimalist|Pixel Graphics|Programming|Puzzle|Retro,PASS,PASS,PASS,PASS,PASS,PENDING_EXTERNAL_CHECK
406150,Refunct,Dominique Grieshofer,Dominique Grieshofer,0.8697,Low-cost option,0.8826,0.9613,0.4382,17257,0.9586,Overwhelmingly Positive,"200,000 .. 500,000",350000.0,2.99,,True,True,False,False,2015,Adventure|Casual|Indie,3D Platformer|Adventure|Atmospheric|Beautiful|Casual|Colorful|Cute|Exploration|Family Friendly|First-Person|Great Soundtrack|Open World|Parkour|Platformer|Puzzle Platformer,PASS,PASS,PASS,PASS,PASS,PENDING_EXTERNAL_CHECK
362930,Garfield Kart,Artefacts Studio,Microids,0.868,Low-cost option,0.8115,0.9925,0.6529,14014,0.8773,Very Positive,"100,000 .. 200,000",150000.0,4.99,,True,False,False,False,,Racing,Action|Aliens|Beautiful|Capitalism|Casual|Classic|Co-op|Combat Racing|Comedy|Competitive|Cult Classic|Cute|Family Friendly|Multiplayer|Platformer,PASS,PASS,PASS,PASS,PASS,PENDING_EXTERNAL_CHECK
774181,Rhythm Doctor,7th Beat Games,"7th Beat Games, indienova",0.8679,Anchor,0.9301,0.7591,0.9925,20321,0.9844,Overwhelmingly Positive,"500,000 .. 1,000,000",750000.0,15.99,,True,True,True,True,2021,Early Access|Indie,2D|Action|Adventure|Anime|Arcade|Co-op|Comedy|Cute|Early Access|Funny|Indie|Level Editor|Local Co-Op|Local Multiplayer|Modern,PASS,PASS,PASS,PASS,PASS,PENDING_EXTERNAL_CHECK
858210,Nova Drift,Chimeric,Pixeljam,0.8672,Depth,0.779,0.9913,0.8115,12772,0.9565,Overwhelmingly Positive,"100,000 .. 200,000",150000.0,17.99,,True,True,False,False,2024,Action|Indie,2D|Action|Action RPG|Action Roguelike|Arcade|Arena Shooter|Bullet Hell|Casual|Colorful|Early Access|Great Soundtrack|Indie|Replay Value|Retro|Roguelike,PASS,PASS,PASS,PASS,PASS,PENDING_EXTERNAL_CHECK
384190,ABZU,Giant Squid,505 Games,0.8642,Anchor,0.9663,0.8764,0.3046,25304,0.929,Very Positive,"500,000 .. 1,000,000",750000.0,19.99,83,True,True,False,False,2016,Adventure|Casual|Indie|Simulation,Adventure|Atmospheric|Beautiful|Casual|Colorful|Controller|Exploration|Family Friendly|Fantasy|Great Soundtrack|Indie|Open World|Relaxing|Short|Simulation,PASS,PASS,PASS,PASS,PASS,PENDING_EXTERNAL_CHECK
813230,ANIMAL WELL,Billy Basso,Bigmode,0.8642,Anchor,0.8102,0.9263,0.8851,13990,0.9588,Overwhelmingly Positive,"200,000 .. 500,000",350000.0,24.99,91,True,True,False,False,2024,Action|Adventure|Indie,2D|Action|Adventure|Atmospheric|Controller|Cute|Exploration|Horror|Indie|Metroidvania|Mystery|Nonlinear|Pixel Graphics|Platformer|Puzzle,PASS,PASS,PASS,PASS,PASS,PENDING_EXTERNAL_CHECK
493490,City Car Driving,"Forward Development, Ltd.","Forward Global Group, Ltd.",0.8622,Anchor,0.9713,0.9001,0.1648,27084,0.8193,Very Positive,"500,000 .. 1,000,000",750000.0,24.99,,True,True,False,False,2016,Indie|Racing|Simulation,Adventure|Automobile Sim|Casual|Driving|Education|Family Friendly|First-Person|Horror|Indie|Moddable|Multiplayer|Open World|Physics|Psychological Horror|Racing,PASS,PASS,PASS,PASS,PASS,PENDING_EXTERNAL_CHECK
1119730,"Ranch Simulator: Build, Hunt, Farm",Toxic Dog,Excalibur Games,0.8552,Anchor,0.9738,0.9139,0.0275,28925,0.8236,Very Positive,"500,000 .. 1,000,000",750000.0,24.99,,True,False,True,True,2023,Simulation,,PASS,PASS,PASS,PASS,PASS,PENDING_EXTERNAL_CHECK
303210,The Beginner's Guide,Everything Unlimited Ltd.,Everything Unlimited Ltd.,0.8534,Anchor,0.9351,0.7803,0.7378,21206,0.8793,Very Positive,"500,000 .. 1,000,000",750000.0,9.99,,True,True,False,False,2015,Adventure|Indie,Abstract|Adventure|Atmospheric|Dark|Emotional|Experience|Experimental|First-Person|Great Soundtrack|Indie|Narration|Philosophical|Psychological|Psychological Horror|Puzzle,PASS,PASS,PASS,PASS,PASS,PENDING_EXTERNAL_CHECK
213610,Sonic Adventure 2,SEGA,SEGA,0.8501,Anchor,0.9376,0.7915,0.6467,21688,0.8865,Very Positive,"500,000 .. 1,000,000",750000.0,9.99,,True,False,False,True,2012,Action,3D|3D Platformer|Action|Adventure|Classic|Comedy|Family Friendly|Fast-Paced|Great Soundtrack|Local Multiplayer|Multiplayer|Platformer|Racing|Replay Value|Retro,PASS,PASS,PASS,PASS,PASS,PENDING_EXTERNAL_CHECK
512900,Streets of Rogue,Matt Dabrowski,tinyBuild,0.8499,Anchor,0.9363,0.7815,0.6916,21224,0.9613,Overwhelmingly Positive,"500,000 .. 1,000,000",750000.0,19.99,,True,True,True,True,2019,Action|Adventure|Indie|RPG,2D|Action|Action Roguelike|Adventure|Co-op|Funny|Gore|Great Soundtrack|Immersive Sim|Indie|Local Co-Op|Multiplayer|Online Co-Op|Pixel Graphics|Procedural Generation,PASS,PASS,PASS,PASS,PASS,PENDING_EXTERNAL_CHECK
2378900,The Coffin of Andy and Leyley,Kit9 Studio,Kit9 Studio,0.8494,Anchor,0.9501,0.839,0.3883,23530,0.9659,Overwhelmingly Positive,"500,000 .. 1,000,000",750000.0,9.99,,True,False,False,False,,Adventure|Early Access|RPG,Adventure|Choices Matter|Dark|Dark Comedy|Demons|Drama|Early Access|Exploration|Female Protagonist|Hand-drawn|Horror|Multiple Endings|Psychological|Puzzle|RPG,PASS,PASS,PASS,PASS,PASS,PENDING_EXTERNAL_CHECK
1718570,ASTLIBRA Revision,KEIZO,WhisperGames,0.8464,Anchor,0.9576,0.8602,0.236,24563,0.9579,Overwhelmingly Positive,"500,000 .. 1,000,000",750000.0,24.99,,True,False,False,False,2022,Action|Adventure|RPG,2D|Action|Action RPG|Adventure|Demons|Dragons|Drama|Fantasy|Futuristic|Gothic|JRPG|Metroidvania|Modern|Mythology|RPG,PASS,PASS,PASS,PASS,PASS,PENDING_EXTERNAL_CHECK
400910,Rabi-Ribi,"CreSpirit, GemaYue",CreSpirit,0.8462,Depth,0.7453,0.99,0.7753,11614,0.96,Overwhelmingly Positive,"100,000 .. 200,000",150000.0,17.99,,True,True,False,False,2016,Action|Adventure|Casual|Indie,2D|Action|Action-Adventure|Adventure|Anime|Bullet Hell|Colorful|Crowdfunded|Cute|Difficult|Exploration|Fantasy|Female Protagonist|Indie|Magic,PASS,PASS,PASS,PASS,PASS,PENDING_EXTERNAL_CHECK
1149620,Gas Station Simulator,DRAGO entertainment,"DRAGO entertainment, Movie Games S.A., HeartBeat Games",0.8449,Anchor,0.9476,0.8327,0.3808,23366,0.8794,Very Positive,"500,000 .. 1,000,000",750000.0,19.99,72,True,True,False,False,2021,Indie|Simulation,Base Building|Building|Casual|Choices Matter|Crafting|Design & Illustration|Destruction|Economy|Family Friendly|First-Person|Funny|Indie|Management|Memes|Multiplayer,PASS,PASS,PASS,PASS,PASS,PENDING_EXTERNAL_CHECK
1449690,The Walking Dead: The Telltale Definitive Series,Skybound Games,Skybound Games,0.8433,Anchor,0.9451,0.8277,0.397,23121,0.9651,Overwhelmingly Positive,"500,000 .. 1,000,000",750000.0,49.99,,True,False,False,False,2020,Adventure,3D|Adventure|Atmospheric|Choices Matter|Choose Your Own Adventure|Comic Book|Conversation|Dark|Dynamic Narration|Dystopian|Horror|Interactive Fiction|Multiple Endings|Narration|Point & Click,PASS,PASS,PASS,PASS,PASS,PENDING_EXTERNAL_CHECK
1533420,Neon White,Angel Matrix,Annapurna Interactive,0.8426,Anchor,0.8639,0.9526,0.2959,16019,0.9825,Overwhelmingly Positive,"200,000 .. 500,000",350000.0,24.99,89,True,True,False,False,2022,Action|Adventure|Indie,3D|3D Platformer|Action|Adventure|Anime|Combat|Comedy|Dating Sim|FPS|Fast-Paced|First-Person|Indie|Mystery|Parkour|Platformer,PASS,PASS,PASS,PASS,PASS,PENDING_EXTERNAL_CHECK
1102130,Florence,Mountains,Annapurna Interactive,0.8419,Depth,0.7878,0.9039,0.8652,12982,0.9344,Very Positive,"200,000 .. 500,000",350000.0,5.99,,True,True,False,False,,Adventure|Casual|Indie,2D|Adventure|Casual|Colorful|Cute|Dating Sim|Drama|Family Friendly|Female Protagonist|Indie|Interactive Fiction|Music|Narrative|Point & Click|Romance,PASS,PASS,PASS,PASS,PASS,PENDING_EXTERNAL_CHECK
1746030,Murders on the Yangtze River,OMEGAMES STUDIO,"OMEGAMES STUDIO, NPC Entertainment",0.837,Depth,0.804,0.9189,0.6742,13627,0.9749,Overwhelmingly Positive,"200,000 .. 500,000",350000.0,11.99,,True,True,False,False,2024,Adventure|Indie|RPG,2D|Adventure|Colorful|Detective|Drama|Exploration|First-Person|Historical|Indie|Investigation|Logic|Lore-Rich|Mystery|Old School|Puzzle,PASS,PASS,PASS,PASS,PASS,PENDING_EXTERNAL_CHECK
330020,Children of Morta,Dead Mage,11 bit studios,0.8356,Anchor,0.9288,0.7541,0.6954,19988,0.89,Very Positive,"500,000 .. 1,000,000",750000.0,6.59,82,True,True,True,True,2019,Action|Adventure|Indie|RPG,2D|Action|Action RPG|Action Roguelike|Action-Adventure|Co-op|Dungeon Crawler|Fantasy|Hack and Slash|Isometric|Local Co-Op|Multiplayer|Online Co-Op|Pixel Graphics|Procedural Generation,PASS,PASS,PASS,PASS,PASS,PENDING_EXTERNAL_CHECK
2532550,LIZARDS MUST DIE,the Bratans,"Smola Game Studio, Agafonoff",0.8337,Anchor,0.965,0.8752,0.0112,25278,0.9683,Overwhelmingly Positive,"500,000 .. 1,000,000",750000.0,1.99,,True,True,True,True,2023,Action|Adventure|Indie|Massively Multiplayer,3D|Action|Action RPG|Action-Adventure|Atmospheric|Cinematic|Difficult|Fantasy|Female Protagonist|Hack and Slash|Historical|Idler|Open World|RPG|Realistic,PASS,PASS,PASS,PASS,PASS,PENDING_EXTERNAL_CHECK
359870,FINAL FANTASY X/X-2 HD Remaster,Square Enix,Square Enix,0.8332,Depth,0.9114,0.7278,0.8639,18632,0.9018,Very Positive,"500,000 .. 1,000,000",750000.0,29.99,,True,False,False,False,2016,RPG,Action|Adventure|Anime|Atmospheric|Classic|Fantasy|Female Protagonist|Great Soundtrack|JRPG|Linear|Open World|Puzzle|RPG|Remake|Romance,PASS,PASS,PASS,PASS,PASS,PENDING_EXTERNAL_CHECK
1361510,Teenage Mutant Ninja Turtles: Shredder's Revenge,Tribute Games Inc.,"Dotemu, Gamera Games",0.8325,Depth,0.794,0.9076,0.7241,13209,0.9434,Very Positive,"200,000 .. 500,000",350000.0,24.99,,True,True,True,True,,Action|Adventure|Casual|Indie,2D|Action|Action-Adventure|Adventure|Arcade|Atmospheric|Beat 'em up|Cartoon|Co-op Campaign|Colorful|Comic Book|Family Friendly|Indie|Local Co-Op|Martial Arts,PASS,PASS,PASS,PASS,PASS,PENDING_EXTERNAL_CHECK
1296610,Peglin,Red Nexus Games Inc.,"Red Nexus Games Inc., IndieArk",0.8321,Depth,0.769,0.8951,0.8951,12451,0.8133,Very Positive,"200,000 .. 500,000",350000.0,19.99,,True,True,False,False,2024,Casual|Indie|RPG|Strategy,2D|Casual|Cute|Deckbuilding|Early Access|Fantasy|Indie|Perma Death|Physics|Pinball|Pixel Graphics|RPG|Replay Value|Retro|Roguelike,PASS,PASS,PASS,PASS,PASS,PENDING_EXTERNAL_CHECK
1084600,My Time at Sandrock,Pathea Games,"Pathea Games, Focus Entertainment, PM Studios, Inc., DMM Games",0.8321,Anchor,0.9588,0.8614,0.0811,24605,0.8838,Very Positive,"500,000 .. 1,000,000",750000.0,27.99,80,True,True,True,True,2023,Adventure|Casual|Indie|RPG|Simulation,Adventure|Building|Cartoony|Casual|Character Customization|Crafting|Dating Sim|Early Access|Farming Sim|Female Protagonist|Indie|Life Sim|Mining|Multiplayer|Open World,PASS,PASS,PASS,PASS,PASS,PENDING_EXTERNAL_CHECK
1205450,Turnip Boy Commits Tax Evasion,Snoozy Kazoo,Graffiti Games,0.83,Anchor,0.7578,0.8839,0.975,11984,0.9472,Very Positive,"200,000 .. 500,000",350000.0,5.09,72,True,True,False,False,2021,Action|Adventure|Casual|Indie,2D|Action|Adventure|Cartoony|Casual|Comedy|Crime|Cute|Exploration|Funny|Great Soundtrack|Indie|Memes|Pixel Graphics|Psychological Horror,PASS,PASS,PASS,PASS,PASS,PENDING_EXTERNAL_CHECK
756800,Contraband Police,Crazy Rocks,PlayWay S.A.,0.8297,Anchor,0.8739,0.9576,0.0974,16988,0.9498,Very Positive,"200,000 .. 500,000",350000.0,16.79,77,True,False,False,False,2023,Action|Adventure|Simulation,1980s|Action|Action-Adventure|Atmospheric|Automobile Sim|Destruction|Detective|FPS|First-Person|Immersive Sim|Indie|Management|Multiple Endings|Open World|Physics,PASS,PASS,PASS,PASS,PASS,PENDING_EXTERNAL_CHECK
774801,Crab Champions,Noisestorm,Noisestorm,0.8286,Anchor,0.9513,0.8439,0.1536,23847,0.9798,Overwhelmingly Positive,"500,000 .. 1,000,000",750000.0,9.99,,True,True,True,True,2023,Action|Adventure|Casual|Early Access|Indie,3D|Action|Action Roguelike|Arcade|Bullet Hell|Casual|Choices Matter|Co-op|Early Access|Looter Shooter|Memes|Multiplayer|Perma Death|Platformer|PvE,PASS,PASS,PASS,PASS,PASS,PENDING_EXTERNAL_CHECK
285920,TerraTech,Payload Studios,Payload Studios,0.8276,Anchor,0.9401,0.8065,0.3496,22400,0.9126,Very Positive,"500,000 .. 1,000,000",750000.0,24.99,,True,True,True,True,2018,Action|Indie,Action|Adventure|Building|Crafting|Early Access|Exploration|Indie|Multiplayer|Online Co-Op|Open World|Open World Survival Craft|Physics|PvP|Robots|Sandbox,PASS,PASS,PASS,PASS,PASS,PENDING_EXTERNAL_CHECK
1971650,OCTOPATH TRAVELER II,"Square Enix, ACQUIRE Corp.",Square Enix,0.8267,Depth,0.7591,0.8851,0.9313,11993,0.9526,Overwhelmingly Positive,"200,000 .. 500,000",350000.0,59.99,,True,False,False,False,2023,RPG,2.5D|Adventure|Anime|Atmospheric|Casual|Choices Matter|Cute|Emotional|Fantasy|JRPG|Magic|Open World|Party-Based RPG|Pixel Graphics|RPG,PASS,PASS,PASS,PASS,PASS,PENDING_EXTERNAL_CHECK
238430,Contagion,"Monochrome, Inc","Monochrome, Inc",0.8265,Depth,0.8452,0.9938,0.0637,15219,0.7277,Mostly Positive,"100,000 .. 200,000",150000.0,9.99,62,True,True,True,True,2013,Action|Adventure|Indie,3D|Action|Adventure|Atmospheric|Co-op|Competitive|FPS|First-Person|Horror|Level Editor|Local Co-Op|Local Multiplayer|Moddable|Post-apocalyptic|PvE,PASS,PASS,PASS,PASS,PASS,PENDING_EXTERNAL_CHECK
610370,Desperados III,Mimimi Games,THQ Nordic,0.8252,Anchor,0.8077,0.9238,0.5181,13787,0.9669,Overwhelmingly Positive,"200,000 .. 500,000",350000.0,39.99,86,True,False,False,False,2020,Strategy,Action|Adventure|Assassin|Atmospheric|Difficult|Great Soundtrack|Historical|Indie|Isometric|RTS|Real Time Tactics|Singleplayer|Stealth|Strategy|Survival,PASS,PASS,PASS,PASS,PASS,PENDING_EXTERNAL_CHECK
1229380,Everhood,"Chris Nordgren, Jordi Roca","Foreign Gnomes, Surefire.Games",0.8232,Anchor,0.7703,0.8964,0.7953,12458,0.9538,Overwhelmingly Positive,"200,000 .. 500,000",350000.0,9.99,83,True,True,False,False,2021,Action|Adventure|Indie|RPG,2.5D|2D|Action|Action-Adventure|Adventure|Bullet Hell|Colorful|Epic|Great Soundtrack|Indie|Level Editor|Multiple Endings|Music|Pixel Graphics|Psychedelic,PASS,PASS,PASS,PASS,PASS,PENDING_EXTERNAL_CHECK
585420,Trailmakers,Flashbulb,Flashbulb,0.8226,Anchor,0.9526,0.8452,0.0824,23890,0.9254,Very Positive,"500,000 .. 1,000,000",750000.0,24.99,,True,True,True,True,2019,Action|Adventure|Indie|Racing|Simulation,Building|Co-op|Destruction|Driving|Exploration|Flight|Jet|Moddable|Multiplayer|Open World|Physics|Puzzle|Racing|Robots|Sandbox,PASS,PASS,PASS,PASS,PASS,PENDING_EXTERNAL_CHECK
589290,Holdfast: Nations At War,Anvil Game Studios,Anvil Game Studios,0.8205,Anchor,0.9551,0.8564,0.0037,24355,0.8993,Very Positive,"500,000 .. 1,000,000",750000.0,19.99,,True,True,False,True,2020,Action|Indie|Massively Multiplayer|RPG|Simulation|Strategy,Action|FPS|First-Person|Historical|Indie|Massively Multiplayer|Military|Moddable|Multiplayer|Naval|RPG|Shooter|Simulation|Strategy|Tactical,PASS,PASS,PASS,PASS,PASS,PENDING_EXTERNAL_CHECK
350080,Wolfenstein: The Old Blood,MachineGames,Bethesda Softworks,0.8189,Anchor,0.9213,0.7478,0.5905,19636,0.8988,Very Positive,"500,000 .. 1,000,000",750000.0,19.99,76,True,False,False,False,2015,Action,Action|Adventure|Alternate History|Atmospheric|Blood|FPS|First-Person|Funny|Gore|Horror|Mature|Multiplayer|Sci-fi|Shooter|Singleplayer,PASS,PASS,PASS,PASS,PASS,PENDING_EXTERNAL_CHECK
1211020,Wobbly Life,RubberBandGames,"RubberBandGames, Curve Games",0.8172,Anchor,0.9438,0.8265,0.1473,23104,0.9692,Overwhelmingly Positive,"500,000 .. 1,000,000",750000.0,17.99,,True,True,True,True,2020,Action|Adventure|Casual|Early Access|Indie|Simulation,4 Player Local|Action|Adventure|Casual|Co-op|Cute|Early Access|Family Friendly|Funny|Indie|Life Sim|Local Multiplayer|Multiplayer|Online Co-Op|Open World,PASS,PASS,PASS,PASS,PASS,PENDING_EXTERNAL_CHECK
609320,FAR: Lone Sails,Okomotive,Assemble Entertainment,0.8155,Anchor,0.9164,0.7428,0.6017,19532,0.9484,Very Positive,"500,000 .. 1,000,000",750000.0,14.99,80,True,True,False,False,2018,Action|Adventure|Indie,2.5D|Action|Action-Adventure|Adventure|Atmospheric|Cinematic|Driving|Experience|Exploration|Indie|Nature|Platformer|Post-apocalyptic|Puzzle|Puzzle Platformer,PASS,PASS,PASS,PASS,PASS,PENDING_EXTERNAL_CHECK
1102190,Monster Train,Shiny Shoe,Good Shepherd Entertainment,0.8121,Anchor,0.9313,0.7603,0.4232,20386,0.9611,Overwhelmingly Positive,"500,000 .. 1,000,000",750000.0,24.99,86,True,False,False,True,2020,Strategy,Card Battler|Card Game|Choices Matter|Colorful|Deckbuilding|Demons|Difficult|Fantasy|Magic|Procedural Generation|PvP|RPG|Roguelike|Roguelike Deckbuilder|Roguelite,PASS,PASS,PASS,PASS,PASS,PENDING_EXTERNAL_CHECK
1239690,Retrowave,RewindApp,RewindApp,0.8119,Low-cost option,0.8365,0.9413,0.171,15033,0.9564,Overwhelmingly Positive,"200,000 .. 500,000",350000.0,2.99,,True,True,False,True,2022,Action|Casual|Indie|Racing|Simulation,1980s|1990's|Action|Addictive|Arcade|Atmospheric|Casual|Cyberpunk|Futuristic|Great Soundtrack|Indie|Music|Psychedelic|Racing|Relaxing,PASS,PASS,PASS,PASS,PASS,PENDING_EXTERNAL_CHECK
330830,Tales from the Borderlands,Telltale Games,2K,0.8047,Depth,0.8889,0.6916,0.8365,17452,0.9522,Overwhelmingly Positive,"500,000 .. 1,000,000",750000.0,19.99,,True,False,False,False,2021,Adventure,Action|Adventure|Atmospheric|Casual|Choices Matter|Choose Your Own Adventure|Comedy|Dark Humor|Episodic|Female Protagonist|Funny|Great Soundtrack|Memes|Point & Click|Quick-Time Events,PASS,PASS,PASS,PASS,PASS,PENDING_EXTERNAL_CHECK
2369390,Far Cry® 6,"Ubisoft Toronto, Ubisoft Montreal, Ubisoft Kyiv, Ubisoft Shanghai, Ubisoft Berlin",Ubisoft,0.8031,Anchor,0.9413,0.8127,0.0737,22628,0.7158,Mostly Positive,"500,000 .. 1,000,000",750000.0,59.99,,True,False,True,True,2023,Action|Adventure,3D|Action|Action-Adventure|Adventure|Atmospheric|Co-op|Combat|Crafting|Exploration|FPS|Female Protagonist|First-Person|Modern|Multiplayer|Online Co-Op,PASS,PASS,PASS,PASS,PASS,PENDING_EXTERNAL_CHECK
655500,MX Bikes,PiBoSo,PiBoSo,0.801,Anchor,0.9426,0.814,0.0412,22682,0.9394,Very Positive,"500,000 .. 1,000,000",750000.0,34.99,,True,False,False,True,2019,Early Access|Racing|Simulation|Sports,3D|Automobile Sim|Bikes|Controller|Difficult|Early Access|First-Person|Immersive Sim|Moddable|Motocross|Motorbike|Multiplayer|Offroad|Physics|Racing,PASS,PASS,PASS,PASS,PASS,PENDING_EXTERNAL_CHECK
1188930,Chrono Ark,Al Fine,Al Fine,0.8009,Depth,0.6841,0.9875,0.638,10462,0.9081,Very Positive,"100,000 .. 200,000",150000.0,24.99,,True,True,False,False,2024,Adventure|Indie|RPG|Strategy,Adventure|Anime|Card Battler|Card Game|Cute|Deckbuilding|Difficult|Early Access|Female Protagonist|Indie|Party-Based RPG|RPG|Roguelike|Roguelike Deckbuilder|Roguelite,PASS,PASS,PASS,PASS,PASS,PENDING_EXTERNAL_CHECK
1766740,Choo-Choo Charles,Two Star Games,Two Star Games,0.7998,Depth,0.8302,0.9363,0.1011,14696,0.9142,Very Positive,"200,000 .. 500,000",350000.0,19.99,,True,True,False,False,2022,Action|Adventure|Indie,3D|Action|Action-Adventure|Adventure|Atmospheric|Choices Matter|Co-op|Dark|FPS|First-Person|Hand-drawn|Horror|Indie|Open World|Psychological Horror,PASS,PASS,PASS,PASS,PASS,PENDING_EXTERNAL_CHECK
2248760,Car For Sale Simulator 2023,Red Axe Games,Red Axe Games,0.7995,Depth,0.8315,0.9376,0.0874,14710,0.862,Very Positive,"200,000 .. 500,000",350000.0,17.99,,True,True,True,True,2023,Early Access|Indie|Simulation,3D|America|Automobile Sim|Cinematic|Conversation|Driving|Early Access|FPS|Family Friendly|First-Person|Immersive Sim|Inventory Management|Life Sim|Modern|Multiplayer,PASS,PASS,PASS,PASS,PASS,PENDING_EXTERNAL_CHECK
1127500,Mini Motorways,Dinosaur Polo Club,Dinosaur Polo Club,0.7991,Anchor,0.9263,0.7516,0.3533,19938,0.9606,Overwhelmingly Positive,"500,000 .. 1,000,000",750000.0,9.99,87,True,True,False,False,2021,Casual|Indie|Simulation|Strategy,Beautiful|Building|Casual|City Builder|Family Friendly|Great Soundtrack|Indie|Management|Minimalist|Puzzle|Relaxing|Resource Management|Roguelike|Simulation|Singleplayer,PASS,PASS,PASS,PASS,PASS,PENDING_EXTERNAL_CHECK
986130,Shadows of Doubt,ColePowered Games,Fireshine Games,0.7973,Anchor,0.784,0.9026,0.4419,12904,0.8493,Very Positive,"200,000 .. 500,000",350000.0,24.99,67,True,True,False,False,2024,Action|Adventure|Indie|RPG,Action|Action RPG|Adventure|Atmospheric|Cyberpunk|Detective|First-Person|Hacking|Immersive Sim|Indie|Noir|Open World|Pixel Graphics|Procedural Generation|Puzzle,PASS,PASS,PASS,PASS,PASS,PENDING_EXTERNAL_CHECK
1887840,Another Crab's Treasure,Aggro Crab,Aggro Crab,0.7969,Depth,0.7503,0.8739,0.7216,11759,0.9481,Very Positive,"200,000 .. 500,000",350000.0,29.99,,True,True,False,False,2024,Action|Adventure|Indie,3D|3D Platformer|Action|Action RPG|Action-Adventure|Atmospheric|Beat 'em up|Cartoony|Cute|Dark Fantasy|Dark Humor|Funny|Lore-Rich|Nonlinear|Open World,PASS,PASS,PASS,PASS,PASS,PENDING_EXTERNAL_CHECK
368360,60 Seconds!,Robot Gentleman,Robot Gentleman,0.7968,Depth,0.7366,0.9888,0.3296,11409,0.8445,Very Positive,"100,000 .. 200,000",150000.0,8.99,,True,True,False,False,2015,Adventure|Casual|Indie|Simulation|Strategy,2D|3D|Choices Matter|Choose Your Own Adventure|Dark Comedy|Dark Humor|Difficult|Exploration|Funny|Immersive Sim|Management|Outbreak Sim|Point & Click|Post-apocalyptic|Story Rich,PASS,PASS,PASS,PASS,PASS,PENDING_EXTERNAL_CHECK
1629520,A Little to the Left,Max Inferno,Secret Mode,0.796,Anchor,0.7191,0.8427,0.9938,11060,0.9215,Very Positive,"200,000 .. 500,000",350000.0,14.99,75,True,True,False,False,2022,Casual|Indie,2D|Casual|Cats|Colorful|Cozy|Cute|Family Friendly|Funny|Hand-drawn|Hidden Object|Indie|Linear|Logic|Pixel Graphics|Point & Click,PASS,PASS,PASS,PASS,PASS,PENDING_EXTERNAL_CHECK
2334730,Death Must Die,Realm Archive,Realm Archive,0.7946,Depth,0.9001,0.7141,0.5893,18091,0.9264,Very Positive,"500,000 .. 1,000,000",750000.0,6.99,,True,True,False,False,2023,Action|Casual|Early Access|Indie|RPG,2D|Action|Action RPG|Action Roguelike|Bullet Hell|Controller|Dark Fantasy|Early Access|Fantasy|Hack and Slash|Inventory Management|Isometric|Loot|Magic|Pixel Graphics,PASS,PASS,PASS,PASS,PASS,PENDING_EXTERNAL_CHECK
2066020,Soulstone Survivors,Game Smithing Limited,Game Smithing Limited,0.7938,Depth,0.9201,0.7466,0.3508,19630,0.907,Very Positive,"500,000 .. 1,000,000",750000.0,9.99,,True,True,False,False,2022,Action|Early Access|Indie|RPG,Action|Action RPG|Action Roguelike|Arcade|Bullet Hell|Character Customization|Colorful|Controller|Crafting|Dark Fantasy|Early Access|Hack and Slash|Procedural Generation|RPG|Roguelike,PASS,PASS,PASS,PASS,PASS,PENDING_EXTERNAL_CHECK
760060,Mutant Year Zero: Road to Eden,The Bearded Ladies,Funcom,0.7938,Anchor,0.9176,0.7441,0.3733,19552,0.9056,Very Positive,"500,000 .. 1,000,000",750000.0,10.49,78,True,False,False,False,2018,RPG|Strategy,Action|Adventure|Atmospheric|Dark Fantasy|Difficult|Exploration|Fantasy|Funny|Horror|Post-apocalyptic|RPG|Singleplayer|Stealth|Strategy|Survival,PASS,PASS,PASS,PASS,PASS,PENDING_EXTERNAL_CHECK
236090,Dust: An Elysian Tail,Humble Hearts LLC,Xbox Game Studios,0.7931,Depth,0.9089,0.7241,0.4906,18420,0.9533,Overwhelmingly Positive,"500,000 .. 1,000,000",750000.0,14.99,,True,True,False,False,2013,Action|Adventure|Indie|RPG,2D|Action|Action RPG|Adventure|Anime|Atmospheric|Beat 'em up|Beautiful|Controller|Exploration|Fantasy|Great Soundtrack|Hack and Slash|Indie|Metroidvania,PASS,PASS,PASS,PASS,PASS,PENDING_EXTERNAL_CHECK
1241510,The Test,Randumb Studios,Randumb Studios,0.7926,Low-cost option,0.9226,0.7491,0.3171,19646,0.9698,Overwhelmingly Positive,"500,000 .. 1,000,000",750000.0,1.99,,True,True,False,False,2020,Adventure|Casual|Indie|RPG|Simulation,Atmospheric|Casual|Choices Matter|Choose Your Own Adventure|Detective|Horror|Immersive Sim|Investigation|JRPG|Multiple Endings|Mystery|Pixel Graphics|Psychological|Psychological Horror|RPG,PASS,PASS,PASS,PASS,PASS,PENDING_EXTERNAL_CHECK
412830,STEINS;GATE,MAGES. Inc.,"Spike Chunsoft Co., Ltd.",0.7923,Anchor,0.8976,0.7079,0.603,17897,0.9751,Overwhelmingly Positive,"500,000 .. 1,000,000",750000.0,5.99,87,True,False,False,False,2016,Adventure,Adventure|Anime|Atmospheric|Casual|Choices Matter|Dating Sim|Great Soundtrack|Horror|Memes|Multiple Endings|Mystery|Psychological Horror|Romance|Sci-fi|Science,PASS,PASS,PASS,PASS,PASS,PENDING_EXTERNAL_CHECK
341940,Hatred,Destructive Creations,Destructive Creations,0.7918,Anchor,0.9189,0.7453,0.3421,19586,0.8258,Very Positive,"500,000 .. 1,000,000",750000.0,5.99,43,True,True,False,False,2015,Action|Indie,Action|Dark|Dark Fantasy|Dark Humor|Difficult|Gore|Horror|Indie|Isometric|Mature|Open World|Psychological Horror|Shooter|Singleplayer|Survival,PASS,PASS,PASS,PASS,PASS,PENDING_EXTERNAL_CHECK
242680,Nuclear Throne,Vlambeer,Vlambeer,0.7911,Anchor,0.8914,0.6991,0.6579,17569,0.9618,Overwhelmingly Positive,"500,000 .. 1,000,000",750000.0,11.99,89,True,True,False,True,2015,Action|Indie|RPG,2D|Action|Action Roguelike|Bullet Hell|Difficult|Great Soundtrack|Indie|Local Co-Op|Local Multiplayer|Perma Death|Pixel Graphics|Post-apocalyptic|RPG|Roguelike|Roguelite,PASS,PASS,PASS,PASS,PASS,PENDING_EXTERNAL_CHECK
423230,Furi,The Game Bakers,The Game Bakers,0.79,Anchor,0.7491,0.8714,0.6692,11751,0.9104,Very Positive,"200,000 .. 500,000",350000.0,19.99,76,True,True,False,False,2016,Action|Indie,Action|Atmospheric|Beat 'em up|Boss Rush|Bullet Hell|Controller|Cyberpunk|Difficult|Fast-Paced|Great Soundtrack|Hack and Slash|Indie|Replay Value|Sci-fi|Shoot 'Em Up,PASS,PASS,PASS,PASS,PASS,PENDING_EXTERNAL_CHECK
1940340,Darkest Dungeon® II,Red Hook Studios,Red Hook Studios,0.79,Anchor,0.8839,0.6866,0.7341,17309,0.7586,Mostly Positive,"500,000 .. 1,000,000",750000.0,39.99,81,True,True,False,False,2023,Indie|RPG|Strategy,2D|CRPG|Dark Fantasy|Dungeon Crawler|Gothic|Hand-drawn|Lovecraftian|Party-Based RPG|Perma Death|Procedural Generation|RPG|Roguelike|Roguelite|Singleplayer|Story Rich,PASS,PASS,PASS,PASS,PASS,PENDING_EXTERNAL_CHECK
714120,Little Misfortune,Killmonday Games AB,Killmonday Games AB,0.7898,Anchor,0.7154,0.8414,0.9551,10999,0.9177,Very Positive,"200,000 .. 500,000",350000.0,19.99,57,True,True,False,False,2019,Adventure|Casual|Indie,2D|Adventure|Atmospheric|Casual|Choices Matter|Cute|Dark|Dark Fantasy|Dark Humor|Female Protagonist|Funny|Great Soundtrack|Horror|Indie|Interactive Fiction,PASS,PASS,PASS,PASS,PASS,PENDING_EXTERNAL_CHECK
866800,The Walking Dead: The Final Season,Telltale Games,Skybound Games,0.7896,Anchor,0.9039,0.7191,0.5006,18126,0.9491,Very Positive,"500,000 .. 1,000,000",750000.0,19.99,77,True,False,False,False,2018,Adventure,Action|Adventure|Atmospheric|Choices Matter|Choose Your Own Adventure|Comic Book|Drama|Episodic|Female Protagonist|Gore|Horror|LGBTQ+|Mature|Point & Click|Post-apocalyptic,PASS,PASS,PASS,PASS,PASS,PENDING_EXTERNAL_CHECK
1062520,Dinkum,James Bendon,James Bendon,0.7891,Anchor,0.9338,0.7728,0.1311,21010,0.9412,Very Positive,"500,000 .. 1,000,000",750000.0,19.99,,True,True,True,True,2022,Early Access|Indie|RPG|Simulation,Adventure|Agriculture|Building|Character Customization|Co-op|Crafting|Cute|Early Access|Exploration|Farming Sim|Fishing|Hunting|Life Sim|Mining|Online Co-Op,PASS,PASS,PASS,PASS,PASS,PENDING_EXTERNAL_CHECK
1785150,Friends vs Friends,Brainwash Gang,Raw Fury,0.7883,Depth,0.7603,0.8864,0.5356,12013,0.8307,Very Positive,"200,000 .. 500,000",350000.0,9.99,,True,True,True,True,2023,Action|Indie,Action|Arena Shooter|Battle Royale|Card Game|Co-op|Colorful|Combat|Destruction|FPS|First-Person|Gun Customization|Hero Shooter|Indie|Multiplayer|Old School,PASS,PASS,PASS,PASS,PASS,PENDING_EXTERNAL_CHECK
368340,CrossCode,Radical Fish Games,"Deck13, WhisperGames, DANGEN Entertainment, Mayflower Entertainment",0.7876,Anchor,0.8664,0.6517,0.9376,16186,0.9327,Very Positive,"500,000 .. 1,000,000",750000.0,19.99,86,True,True,False,False,2018,Action|Adventure|Indie|RPG,2D|Action|Action RPG|Action-Adventure|Adventure|Anime|Cyberpunk|Difficult|Female Protagonist|Great Soundtrack|Indie|JRPG|Open World|Pixel Graphics|Puzzle,PASS,PASS,PASS,PASS,PASS,PENDING_EXTERNAL_CHECK
607080,Psychonauts 2,Double Fine Productions,Xbox Game Studios,0.787,Anchor,0.7353,0.8539,0.7778,11348,0.9663,Overwhelmingly Positive,"200,000 .. 500,000",350000.0,59.99,89,True,False,False,False,2021,Action|Adventure,3D Platformer|Action|Action-Adventure|Adventure|Arcade|Cartoony|Colorful|Comedy|Controller|Cult Classic|Funny|Great Soundtrack|Platformer|Psychedelic|Psychological,PASS,PASS,PASS,PASS,PASS,PENDING_EXTERNAL_CHECK
2171440,Fear & Hunger 2: Termina,Miro Haverinen,Miro Haverinen,0.7869,Depth,0.613,1.0,0.804,8962,0.9746,Overwhelmingly Positive,"0 .. 20,000",10000.0,11.99,,True,True,False,False,2022,Indie|RPG,2D|Anime|Atmospheric|CRPG|Dark Fantasy|Dungeon Crawler|Gothic|Horror|JRPG|Lovecraftian|Multiple Endings|Nonlinear|Party-Based RPG|Pixel Graphics|Psychological Horror,PASS,PASS,PASS,PASS,PASS,PENDING_EXTERNAL_CHECK
1244090,Sea of Stars,Sabotage Studio,Sabotage Studio,0.7833,Anchor,0.7066,0.829,0.9838,10857,0.8931,Very Positive,"200,000 .. 500,000",350000.0,34.99,87,True,True,False,False,2023,Adventure|Indie|RPG,2D|Adventure|Colorful|Comedy|Emotional|Exploration|Fantasy|Female Protagonist|Funny|Indie|JRPG|Kickstarter|Lore-Rich|Pixel Graphics|RPG,PASS,PASS,PASS,PASS,PASS,PENDING_EXTERNAL_CHECK
411300,ELEX,Piranha Bytes,THQ Nordic,0.7828,Anchor,0.9139,0.7316,0.3321,18722,0.7442,Mostly Positive,"500,000 .. 1,000,000",750000.0,29.99,67,True,False,False,False,2017,Action|Adventure|RPG,Action|Adventure|Atmospheric|Base Building|Choices Matter|Dark Fantasy|Difficult|Fantasy|Futuristic|Gothic|Open World|Post-apocalyptic|RPG|Sci-fi|Singleplayer,PASS,PASS,PASS,PASS,PASS,PENDING_EXTERNAL_CHECK
1432860,Sun Haven,Pixel Sprout Studios,Pixel Sprout Studios,0.7824,Depth,0.9238,0.7503,0.2035,19709,0.8566,Very Positive,"500,000 .. 1,000,000",750000.0,12.49,,True,True,True,True,2023,Adventure|Casual|Indie|RPG|Simulation,Adventure|Agriculture|Character Customization|Combat|Cooking|Crafting|Dating Sim|Exploration|Fantasy|Farming Sim|Fishing|Life Sim|Magic|Mining|Multiplayer,PASS,PASS,PASS,PASS,PASS,PENDING_EXTERNAL_CHECK
1458140,Pacific Drive,Ironwood Studios,Kepler Interactive,0.7819,Depth,0.8127,0.9326,0.025,14053,0.8297,Very Positive,"200,000 .. 500,000",350000.0,29.99,,True,True,False,False,2024,Action|Adventure|Indie|Racing|Simulation,3D|Action|Action-Adventure|Adventure|Atmospheric|Base Building|Building|Crafting|Driving|Exploration|First-Person|Investigation|Post-apocalyptic|Sandbox|Sci-fi,PASS,PASS,PASS,PASS,PASS,PENDING_EXTERNAL_CHECK
692890,Roboquest,RyseUp Studios,"RyseUp Studios, Starbreeze Entertainment",0.7813,Depth,0.9151,0.7328,0.3059,18970,0.9552,Overwhelmingly Positive,"500,000 .. 1,000,000",750000.0,18.74,,True,True,True,True,2023,Action|Indie,Action|Action Roguelike|Bullet Hell|Co-op|Colorful|FPS|Fast-Paced|First-Person|Indie|Looter Shooter|Multiplayer|Online Co-Op|Perma Death|Post-apocalyptic|Roguelike,PASS,PASS,PASS,PASS,PASS,PENDING_EXTERNAL_CHECK
985890,Streets of Rage 4,"Dotemu, Guard Crush, Lizardcube",Dotemu,0.7811,Anchor,0.8764,0.6767,0.7228,17122,0.9268,Very Positive,"500,000 .. 1,000,000",750000.0,24.99,84,True,True,True,True,2020,Action|Indie,2D|Action|Adventure|Arcade|Beat 'em up|Casual|Classic|Co-op|Co-op Campaign|Colorful|Fighting|Great Soundtrack|Hand-drawn|Indie|Local Co-Op,PASS,PASS,PASS,PASS,PASS,PENDING_EXTERNAL_CHECK
463530,Empires of the Undergrowth,Slug Disco,"Hooded Horse, Slug Disco",0.781,Depth,0.7965,0.9101,0.1866,13301,0.9441,Very Positive,"200,000 .. 500,000",350000.0,29.99,,True,False,False,False,2024,Simulation|Strategy,Base Building|Building|City Builder|Colony Sim|Economy|Grand Strategy|Historical|Management|Moddable|Open World|RTS|Real-Time with Pause|Replay Value|Resource Management|Sandbox,PASS,PASS,PASS,PASS,PASS,PENDING_EXTERNAL_CHECK
2828860,The Forever Winter,Fun Dog Studios,Fun Dog Studios,0.7794,Depth,0.7978,0.9114,0.1598,13361,0.7421,Mostly Positive,"200,000 .. 500,000",350000.0,29.99,,True,False,True,True,2024,Action|Early Access,Action|Character Customization|Choices Matter|Difficult|Dystopian|Early Access|Extraction Shooter|Gun Customization|Horror|Looter Shooter|Mechs|Post-apocalyptic|PvE|Sci-fi|Shooter,PASS,PASS,PASS,PASS,PASS,PENDING_EXTERNAL_CHECK
2990,FlatOut 2,"Bugbear Entertainment, ZOOM Platform Media, Jordan Freeman Group",Strategy First,0.7792,Anchor,0.8864,0.6879,0.608,17330,0.9617,Overwhelmingly Positive,"500,000 .. 1,000,000",750000.0,1.99,76,True,False,False,True,2006,Racing,3D|Action|Arcade|Automobile Sim|Baseball|Basketball|Bowling|Casual|Combat Racing|Destruction|Driving|Football (American)|Funny|Local Multiplayer|Multiplayer,PASS,PASS,PASS,PASS,PASS,PENDING_EXTERNAL_CHECK
264200,One Finger Death Punch,Silver Dollar Games,Silver Dollar Games,0.7775,Low-cost option,0.8702,0.6567,0.7978,16239,0.9794,Overwhelmingly Positive,"500,000 .. 1,000,000",750000.0,1.24,,True,True,False,False,2014,Action|Casual|Indie,2D|2D Fighter|Action|Addictive|Arcade|Beat 'em up|Blood|Casual|Difficult|Epic|Fast-Paced|Fighting|Funny|Gore|Great Soundtrack,PASS,PASS,PASS,PASS,PASS,PENDING_EXTERNAL_CHECK
2005010,"Warhammer 40,000: Boltgun",Auroch Digital,Focus Entertainment,0.7765,Anchor,0.8027,0.9151,0.0911,13592,0.9111,Very Positive,"200,000 .. 500,000",350000.0,14.29,75,True,True,False,False,2023,Action|Indie,,PASS,PASS,PASS,PASS,PASS,PENDING_EXTERNAL_CHECK
250760,Shovel Knight: Treasure Trove,Yacht Club Games,Yacht Club Games,0.7754,Anchor,0.8577,0.6367,0.9189,15782,0.9591,Overwhelmingly Positive,"500,000 .. 1,000,000",750000.0,39.99,85,True,True,True,True,2014,Action|Adventure|Indie,2D|Action|Adventure|Arcade|Comedy|Difficult|Fantasy|Funny|Great Soundtrack|Indie|Kickstarter|Medieval|Metroidvania|Old School|Pixel Graphics,PASS,PASS,PASS,PASS,PASS,PENDING_EXTERNAL_CHECK
1150440,Aliens: Dark Descent,Tindalos Interactive,Focus Entertainment,0.7752,Anchor,0.7953,0.9089,0.1398,13286,0.8892,Very Positive,"200,000 .. 500,000",350000.0,19.99,75,True,False,False,False,2023,Action|Strategy,3D|Action|Action-Adventure|Aliens|Combat|Dark|Horror|Isometric|RTS|Real Time Tactics|Sci-fi|Singleplayer|Space|Stealth|Strategy,PASS,PASS,PASS,PASS,PASS,PENDING_EXTERNAL_CHECK
232430,Gone Home,Fullbright,Fullbright,0.7738,Anchor,0.8951,0.7041,0.4463,17625,0.7704,Mostly Positive,"500,000 .. 1,000,000",750000.0,14.99,86,True,True,False,False,2013,Adventure|Indie,1990's|Adventure|Atmospheric|Emotional|Exploration|Female Protagonist|First-Person|Great Soundtrack|Indie|Interactive Fiction|LGBTQ+|Mystery|Narration|Narrative|Point & Click,PASS,PASS,PASS,PASS,PASS,PENDING_EXTERNAL_CHECK
2221490,Tom Clancy’s The Division® 2,Ubisoft,Ubisoft,0.7714,Depth,0.9026,0.7166,0.3346,18105,0.7411,Mostly Positive,"500,000 .. 1,000,000",750000.0,39.99,,True,False,True,True,2023,Action|Adventure|RPG,Action|Adventure|Character Customization|Co-op|Loot|Looter Shooter|Massively Multiplayer|Military|Multiplayer|Online Co-Op|Open World|Post-apocalyptic|PvE|PvP|RPG,PASS,PASS,PASS,PASS,PASS,PENDING_EXTERNAL_CHECK
1490890,Demon Slayer -Kimetsu no Yaiba- The Hinokami Chronicles,CyberConnect2,SEGA,0.77,Depth,0.9101,0.7253,0.2484,18429,0.8748,Very Positive,"500,000 .. 1,000,000",750000.0,59.99,,True,False,False,True,2021,Action|Adventure,2D Fighter|3D|3D Fighter|Action|Action-Adventure|Adventure|Anime|Cartoon|Cinematic|Colorful|Combat|Comic Book|Controller|Demons|Drama,PASS,PASS,PASS,PASS,PASS,PENDING_EXTERNAL_CHECK
313340,Mountain,David OReilly,David OReilly,0.769,Low-cost option,0.8677,0.6542,0.7353,16227,0.8827,Very Positive,"500,000 .. 1,000,000",750000.0,0.79,,True,True,False,False,2014,Casual|Indie|RPG|Simulation,Ambient|Beautiful|Casual|Experimental|Funny|God Game|Great Soundtrack|Idler|Indie|Music|Nature|Philosophical|Procedural Generation|Puzzle|RPG,PASS,PASS,PASS,PASS,PASS,PENDING_EXTERNAL_CHECK
394690,Tower Unite,PixelTail Games,PixelTail Games,0.7672,Depth,0.9276,0.7528,0.0225,19950,0.9004,Very Positive,"500,000 .. 1,000,000",750000.0,19.99,,True,True,True,True,2016,Action|Adventure|Casual|Early Access|Indie|Massively Multiplayer|Racing,Action|Adventure|Arcade|Casual|Character Customization|Early Access|FPS|Funny|Great Soundtrack|Indie|Massively Multiplayer|Memes|Mini Golf|Multiplayer|Open World,PASS,PASS,PASS,PASS,PASS,PENDING_EXTERNAL_CHECK
1574580,Strange Horticulture,Bad Viking,Iceberg Interactive,0.7657,Anchor,0.7303,0.8502,0.6042,11234,0.9515,Overwhelmingly Positive,"200,000 .. 500,000",350000.0,15.99,83,True,True,False,False,2022,Adventure|Indie|Simulation,2D|Adventure|Alternate History|Atmospheric|Choices Matter|Colorful|Conversation|Dark|Detective|Exploration|Investigation|Lovecraftian|Multiple Endings|Mystery|Nature,PASS,PASS,PASS,PASS,PASS,PENDING_EXTERNAL_CHECK
257850,Hyper Light Drifter,Heart Machine,Heart Machine,0.7635,Anchor,0.8789,0.6804,0.5194,17197,0.9331,Very Positive,"500,000 .. 1,000,000",750000.0,19.99,84,True,True,True,True,2016,Action|Adventure|Indie|RPG,2D|Action|Action RPG|Adventure|Atmospheric|Colorful|Difficult|Exploration|Fantasy|Great Soundtrack|Hack and Slash|Indie|Metroidvania|Pixel Graphics|Post-apocalyptic,PASS,PASS,PASS,PASS,PASS,PENDING_EXTERNAL_CHECK
641320,Cooking Simulator,Big Cheese Studio,"Big Cheese Studio, PlayWay S.A.",0.7613,Anchor,0.8989,0.7091,0.2821,17920,0.847,Very Positive,"500,000 .. 1,000,000",750000.0,19.99,64,True,False,False,False,2019,Simulation,Action|Co-op|Comedy|Cooking|Crafting|Economy|Family Friendly|Female Protagonist|First-Person|Funny|Management|Memes|Physics|Realistic|Relaxing,PASS,PASS,PASS,PASS,PASS,PENDING_EXTERNAL_CHECK
784150,Workers & Resources: Soviet Republic,3Division,Hooded Horse,0.761,Anchor,0.9064,0.7228,0.1866,18344,0.9173,Very Positive,"500,000 .. 1,000,000",750000.0,39.99,81,True,False,False,False,2024,Simulation|Strategy,4X|Base Building|Building|City Builder|Colony Sim|Economy|Grand Strategy|Historical|Management|Moddable|Open World|RTS|Real-Time with Pause|Replay Value|Resource Management,PASS,PASS,PASS,PASS,PASS,PENDING_EXTERNAL_CHECK
2000950,Call of Duty®: Modern Warfare®,"Infinity Ward, Beenox, High Moon Studios, Raven Software",Activision,0.7607,Depth,0.8901,0.6966,0.3695,17530,0.7845,Mostly Positive,"500,000 .. 1,000,000",750000.0,59.99,,True,False,True,True,2023,Action,Action|Battle Royale|Co-op|FPS|First-Person|Gore|Gun Customization|Military|Modern|Multiplayer|Online Co-Op|PvP|Realistic|Shooter|Singleplayer,PASS,PASS,PASS,PASS,PASS,PENDING_EXTERNAL_CHECK
1520370,Mon Bazou,Santa Goat,Santa Goat,0.7603,Depth,0.7915,0.9064,0.02,13093,0.9734,Overwhelmingly Positive,"200,000 .. 500,000",350000.0,15.99,,True,True,False,False,2021,Adventure|Casual|Early Access|Indie|Racing|Simulation,3D|ATV|Automobile Sim|Building|Casual|Choose Your Own Adventure|Crafting|Driving|Early Access|Exploration|First-Person|Life Sim|Motorbike|Open World|Physics,PASS,PASS,PASS,PASS,PASS,PENDING_EXTERNAL_CHECK
493900,Dungeons 3,Realmforge Studios,Kalypso Media,0.7576,Anchor,0.9014,0.7154,0.2072,18104,0.9431,Very Positive,"500,000 .. 1,000,000",750000.0,29.99,75,True,False,True,True,2017,Simulation|Strategy,Base Building|Co-op Campaign|Comedy|Dark Fantasy|Dark Humor|Economy|Female Protagonist|Funny|God Game|Horror|Isometric|Management|Multiplayer|Online Co-Op|RTS,PASS,PASS,PASS,PASS,PASS,PENDING_EXTERNAL_CHECK
1158160,Coral Island,Stairway Games,Humble Games,0.7562,Depth,0.9126,0.7303,0.0774,18653,0.8793,Very Positive,"500,000 .. 1,000,000",750000.0,29.99,,True,True,False,False,2023,Adventure|Casual|Indie|RPG|Simulation|Strategy,Adventure|Agriculture|Building|Cartoony|Casual|Character Customization|Crafting|Dating Sim|Farming Sim|Fishing|Indie|LGBTQ+|Life Sim|Mining|Open World,PASS,PASS,PASS,PASS,PASS,PENDING_EXTERNAL_CHECK
212480,Sonic & All-Stars Racing Transformed Collection,Sumo Digital,SEGA,0.7556,Depth,0.8727,0.6667,0.5256,16605,0.9372,Very Positive,"500,000 .. 1,000,000",750000.0,19.99,,True,False,False,True,2013,Racing|Sports,4 Player Local|Action|Adventure|Arcade|Co-op|Colorful|Controller|Family Friendly|Fast-Paced|Great Soundtrack|Local Co-Op|Local Multiplayer|Multiplayer|Online Co-Op|Racing,PASS,PASS,PASS,PASS,PASS,PENDING_EXTERNAL_CHECK
895870,Project Wingman,Sector D2,"Sector D2, Humble Games",0.7553,Anchor,0.8876,0.6891,0.3583,17348,0.9341,Very Positive,"500,000 .. 1,000,000",750000.0,24.99,75,True,True,False,False,2020,Action|Indie|Simulation,Action|Arcade|Controller|Epic|First-Person|Flight|Great Soundtrack|Indie|Jet|Military|Multiplayer|Realistic|Sci-fi|Shooter|Simulation,PASS,PASS,PASS,PASS,PASS,PENDING_EXTERNAL_CHECK
977880,Eastward,Pixpil,Chucklefish,0.7539,Anchor,0.8489,0.6155,0.8327,15361,0.8433,Very Positive,"500,000 .. 1,000,000",750000.0,24.99,82,True,True,False,False,2021,Action|Adventure|Indie|RPG,2D|Action|Action RPG|Adventure|Atmospheric|Casual|Comedy|Cute|Dark|Female Protagonist|Indie|JRPG|Mature|Pixel Graphics|Post-apocalyptic,PASS,PASS,PASS,PASS,PASS,PENDING_EXTERNAL_CHECK
681280,Descenders,RageSquid,No More Robots,0.7534,Anchor,0.8964,0.7054,0.231,17632,0.9424,Very Positive,"500,000 .. 1,000,000",750000.0,24.99,78,True,False,False,True,2019,Action|Racing|Sports,Action|Addictive|BMX|Beautiful|Bikes|Cycling|Difficult|Fast-Paced|Great Soundtrack|Moddable|Multiplayer|Open World|Physics|Procedural Generation|Racing,PASS,PASS,PASS,PASS,PASS,PENDING_EXTERNAL_CHECK
429050,Feed and Grow: Fish,Old B1ood,Greens s.r.o.,0.7531,Depth,0.8801,0.6841,0.3933,17217,0.7749,Mostly Positive,"500,000 .. 1,000,000",750000.0,14.99,,True,True,False,True,2016,Action|Early Access|Indie|Simulation,Action|Adventure|Atmospheric|Co-op|Colorful|Cute|Early Access|Fishing|Funny|Great Soundtrack|Indie|Multiplayer|Open World|Realistic|Sandbox,PASS,PASS,PASS,PASS,PASS,PENDING_EXTERNAL_CHECK
861540,Dicey Dungeons,Terry Cavanagh,Terry Cavanagh,0.7523,Anchor,0.6991,0.819,0.7516,10685,0.8954,Very Positive,"200,000 .. 500,000",350000.0,14.99,80,True,True,False,False,2019,Indie|Strategy,Card Battler|Card Game|Cartoon|Casual|Colorful|Cute|Deckbuilding|Dungeon Crawler|Great Soundtrack|Indie|Mouse only|Procedural Generation|RPG|Replay Value|Roguelike,PASS,PASS,PASS,PASS,PASS,PENDING_EXTERNAL_CHECK
973760,Thronebreaker: The Witcher Tales,CD PROJEKT RED,CD PROJEKT RED,0.7508,Anchor,0.8514,0.6205,0.769,15479,0.9,Very Positive,"500,000 .. 1,000,000",750000.0,19.99,85,True,False,False,False,2018,Adventure|RPG,Adventure|Atmospheric|Card Game|Choices Matter|Dark Fantasy|Fantasy|Female Protagonist|Great Soundtrack|Isometric|Mature|Medieval|Multiplayer|Open World|Puzzle|RPG,PASS,PASS,PASS,PASS,PASS,PENDING_EXTERNAL_CHECK
914800,Coffee Talk,Toge Productions,Toge Productions,0.7508,Anchor,0.6792,0.8015,0.9064,10410,0.9519,Overwhelmingly Positive,"200,000 .. 500,000",350000.0,12.99,76,True,True,False,False,2020,Adventure|Casual|Indie,Anime|Atmospheric|Casual|Choices Matter|Conversation|Crafting|Emotional|Experimental|Fantasy|Indie|Interactive Fiction|LGBTQ+|Multiple Endings|Philosophical|Pixel Graphics,PASS,PASS,PASS,PASS,PASS,PENDING_EXTERNAL_CHECK
1353230,Bomb Rush Cyberfunk,Team Reptile,Team Reptile,0.7506,Depth,0.7378,0.8577,0.3858,11433,0.9834,Overwhelmingly Positive,"200,000 .. 500,000",350000.0,39.99,,True,True,False,False,,Action|Adventure|Indie,3D|3D Platformer|Action|Adventure|Anime|Cartoon|Colorful|Cyberpunk|Futuristic|Great Soundtrack|Indie|Jet|Linear|Parkour|Relaxing,PASS,PASS,PASS,PASS,PASS,PENDING_EXTERNAL_CHECK
1556790,Isonzo,BlackMill Games,BlackMill Games,0.7501,Anchor,0.7778,0.9014,0.0062,12682,0.8305,Very Positive,"200,000 .. 500,000",350000.0,13.99,73,True,True,False,True,2022,Action|Indie|Massively Multiplayer|Simulation|Strategy,Action|Atmospheric|Combat|FPS|First-Person|Historical|Indie|Massively Multiplayer|Military|Multiplayer|PvP|Realistic|Shooter|Simulation|Singleplayer,PASS,PASS,PASS,PASS,PASS,PENDING_EXTERNAL_CHECK
1571440,Lunch Lady,Manic Mice,Manic Mice,0.7489,Low-cost option,0.7678,0.8939,0.0749,12434,0.8589,Very Positive,"200,000 .. 500,000",350000.0,4.99,,True,True,True,True,2021,Action|Adventure|Indie,Action|Action-Adventure|Choices Matter|Co-op|Collectathon|Dark|Exploration|FPS|First-Person|Horror|Multiplayer|Nonlinear|Online Co-Op|Procedural Generation|Psychological Horror,PASS,PASS,PASS,PASS,PASS,PENDING_EXTERNAL_CHECK
2365810,Pseudoregalia,rittzler,rittzler,0.7471,Depth,0.7553,0.8789,0.1785,11908,0.9729,Overwhelmingly Positive,"200,000 .. 500,000",350000.0,5.99,,True,True,False,False,,Action|Adventure|Indie,3D|3D Platformer|Abstract|Adventure|Cartoon|Controller|Exploration|Fantasy|Female Protagonist|Magic|Metroidvania|Nonlinear|Old School|Parkour|Platformer,PASS,PASS,PASS,PASS,PASS,PENDING_EXTERNAL_CHECK
71250,Sonic Adventure DX,SEGA,SEGA,0.7424,Depth,0.8377,0.6005,0.834,15113,0.9113,Very Positive,"500,000 .. 1,000,000",750000.0,7.99,,True,False,False,False,2011,,1990's|3D|3D Platformer|Action|Adventure|Classic|Controller|Family Friendly|Fast-Paced|Great Soundtrack|Memes|Moddable|Open World|Platformer|Racing,PASS,PASS,PASS,PASS,PASS,PENDING_EXTERNAL_CHECK
427410,Abiotic Factor,Deep Field Games,Playstack,0.7416,Depth,0.9051,0.7203,0.0087,18141,0.9606,Overwhelmingly Positive,"500,000 .. 1,000,000",750000.0,19.99,,True,False,True,True,2024,Action|Adventure|Early Access|RPG|Simulation,Adventure|Aliens|Base Building|Building|Co-op Campaign|Crafting|Early Access|Exploration|FPS|First-Person|Immersive Sim|Multiplayer|Online Co-Op|Open World Survival Craft|PvE,PASS,PASS,PASS,PASS,PASS,PENDING_EXTERNAL_CHECK
1182900,A Plague Tale: Requiem,Asobo Studio,Focus Entertainment,0.7411,Anchor,0.8926,0.7004,0.1461,17575,0.9121,Very Positive,"500,000 .. 1,000,000",750000.0,19.99,82,True,False,False,False,2022,Action|Adventure,3D|Action|Action-Adventure|Adventure|Alternate History|Atmospheric|Cinematic|Dark|Drama|Emotional|Exploration|Female Protagonist|Historical|Interactive Fiction|Medieval,PASS,PASS,PASS,PASS,PASS,PENDING_EXTERNAL_CHECK
237990,The Banner Saga,Stoic,Stoic Studio,0.7409,Anchor,0.8477,0.6142,0.7141,15294,0.8898,Very Positive,"500,000 .. 1,000,000",750000.0,24.99,80,True,True,False,False,2014,Indie|RPG|Strategy,2D|Adventure|Atmospheric|Choices Matter|Crowdfunded|Fantasy|Great Soundtrack|Hand-drawn|Indie|Kickstarter|RPG|Singleplayer|Story Rich|Strategy|Strategy RPG,PASS,PASS,PASS,PASS,PASS,PENDING_EXTERNAL_CHECK
536220,The Walking Dead: A New Frontier,Telltale Games,Skybound Games,0.7381,Anchor,0.8608,0.6442,0.5006,15929,0.8238,Very Positive,"500,000 .. 1,000,000",750000.0,14.99,81,True,False,False,False,2016,Adventure,Action|Adventure|Atmospheric|Casual|Choices Matter|Choose Your Own Adventure|Comic Book|Drama|Episodic|Female Protagonist|Gore|Horror|Point & Click|Post-apocalyptic|Singleplayer,PASS,PASS,PASS,PASS,PASS,PENDING_EXTERNAL_CHECK
1382330,Persona® 5 Strikers,ATLUS,SEGA,0.7363,Anchor,0.834,0.588,0.8414,14848,0.8903,Very Positive,"500,000 .. 1,000,000",750000.0,59.99,76,True,False,False,False,2021,Action|Adventure,2D|3D|3D Platformer|Action|Action RPG|Action-Adventure|Adventure|Anime|Atmospheric|Colorful|Funny|Great Soundtrack|Hack and Slash|JRPG|Musou,PASS,PASS,PASS,PASS,PASS,PENDING_EXTERNAL_CHECK
521890,Hello Neighbor,Dynamic Pixels,tinyBuild,0.7357,Depth,0.8714,0.6654,0.3383,16592,0.8261,Very Positive,"500,000 .. 1,000,000",750000.0,29.99,,True,True,False,False,2017,Adventure|Indie|Strategy,3D|3D Platformer|Action|Action-Adventure|Dark Humor|Difficult|FPS|Family Friendly|First-Person|Funny|Horror|Multiple Endings|Psychological Horror|Sandbox|Stealth,PASS,PASS,PASS,PASS,PASS,PENDING_EXTERNAL_CHECK
2138710,Sifu,Sloclap,"Sloclap, Kepler Interactive",0.7352,Anchor,0.8627,0.6454,0.4569,15959,0.9242,Very Positive,"500,000 .. 1,000,000",750000.0,39.99,81,True,True,False,False,2023,Action|Indie,Action|Action RPG|Action Roguelike|Action-Adventure|Arcade|Beat 'em up|Blood|Crime|Dark|Dark Fantasy|Difficult|Fighting|Hack and Slash|Indie|Martial Arts,PASS,PASS,PASS,PASS,PASS,PENDING_EXTERNAL_CHECK
1934680,Age of Mythology: Retold,"World's Edge, Forgotten Empires, Tantalus Media, CaptureAge, Virtuos Games",Xbox Game Studios,0.7351,Anchor,0.7041,0.8252,0.5293,10775,0.8913,Very Positive,"200,000 .. 500,000",350000.0,29.99,83,True,False,True,True,2024,Strategy,3D|Action RTS|Base Building|Co-op|Fantasy|Level Editor|Magic|Moddable|Multiplayer|Mythology|Online Co-Op|PvE|PvP|RTS|Resource Management,PASS,PASS,PASS,PASS,PASS,PENDING_EXTERNAL_CHECK
1283410,Tails of Iron,Odd Bug Studio,"United Label, CI Games",0.734,Anchor,0.6904,0.8152,0.6267,10597,0.8894,Very Positive,"200,000 .. 500,000",350000.0,24.99,81,True,True,False,False,2021,Action|Adventure|Indie,2.5D|2D|Action|Action RPG|Action-Adventure|Adventure|Atmospheric|Character Customization|Combat|Dark Fantasy|Difficult|Fantasy|Medieval|Metroidvania|Narration,PASS,PASS,PASS,PASS,PASS,PENDING_EXTERNAL_CHECK
1548850,Six Days in Fallujah,Highwire Games,Victura,0.7333,Depth,0.7478,0.8689,0.1186,11749,0.8414,Very Positive,"200,000 .. 500,000",350000.0,39.99,,True,False,True,True,2023,Action|Early Access,Action|Co-op|Drama|Early Access|Emotional|FPS|First-Person|Hero Shooter|Historical|Military|Modern|Nonlinear|PvE|Realistic|Shooter,PASS,PASS,PASS,PASS,PASS,PENDING_EXTERNAL_CHECK
1424330,Wobbledogs,Animal Uprising,Secret Mode,0.7325,Anchor,0.7029,0.8215,0.5243,10735,0.9817,Overwhelmingly Positive,"200,000 .. 500,000",350000.0,19.99,79,True,True,False,False,2022,Casual|Indie|Simulation,3D|Artificial Intelligence|Casual|Colorful|Cute|Dog|Early Access|Experimental|Family Friendly|Funny|Great Soundtrack|Indie|Life Sim|Physics|Procedural Generation,PASS,PASS,PASS,PASS,PASS,PENDING_EXTERNAL_CHECK
921570,OCTOPATH TRAVELER™,"Square Enix, ACQUIRE Corp.",Square Enix,0.7322,Anchor,0.8265,0.5755,0.8876,14493,0.8627,Very Positive,"500,000 .. 1,000,000",750000.0,59.99,80,True,False,False,False,2019,RPG,2.5D|Adventure|Anime|Casual|Choices Matter|Great Soundtrack|JRPG|Management|Multiple Endings|Open World|Party-Based RPG|Pixel Graphics|RPG|Sandbox|Simulation,PASS,PASS,PASS,PASS,PASS,PENDING_EXTERNAL_CHECK
1401590,Disney Dreamlight Valley,Gameloft,Gameloft,0.7322,Depth,0.8939,0.7016,0.0462,17587,0.9124,Very Positive,"500,000 .. 1,000,000",750000.0,39.99,,True,False,False,True,2023,Action|Adventure|Casual|RPG|Simulation,3D|Adventure|Casual|Character Customization|Choose Your Own Adventure|Cooking|Crafting|Exploration|Family Friendly|Fantasy|Farming Sim|Fishing|Immersive Sim|Life Sim|Magic,PASS,PASS,PASS,PASS,PASS,PENDING_EXTERNAL_CHECK
498240,Batman - The Telltale Series,Telltale,Telltale,0.731,Depth,0.839,0.6017,0.7085,15127,0.8608,Very Positive,"500,000 .. 1,000,000",750000.0,14.99,,True,False,False,False,2016,Adventure,Action|Adventure|Atmospheric|Choices Matter|Choose Your Own Adventure|Comic Book|Dark|Detective|Episodic|Gore|Hidden Object|Mature|Noir|Point & Click|Quick-Time Events,PASS,PASS,PASS,PASS,PASS,PENDING_EXTERNAL_CHECK
9200,RAGE,id Software,Bethesda Softworks,0.7305,Anchor,0.8814,0.6854,0.1567,17219,0.7753,Mostly Positive,"500,000 .. 1,000,000",750000.0,9.99,79,True,False,True,True,2011,Action,Action|Adventure|Atmospheric|Co-op|Crafting|FPS|First-Person|Gore|Horror|Linear|Multiplayer|Online Co-Op|Open World|Post-apocalyptic|RPG,PASS,PASS,PASS,PASS,PASS,PENDING_EXTERNAL_CHECK
1321440,Cassette Beasts,Bytten Studio,Raw Fury,0.73,Depth,0.5094,0.9988,0.7578,7575,0.9555,Overwhelmingly Positive,"0 .. 20,000",10000.0,19.99,,True,True,True,True,2023,Indie|RPG,2D|3D|Adventure|Cartoony|Co-op|Collectathon|Colorful|Comedy|Controller|Creature Collector|JRPG|Local Co-Op|Open World|Pixel Graphics|PvP,PASS,PASS,PASS,PASS,PASS,PENDING_EXTERNAL_CHECK
2239150,Thronefall,GrizzlyGames,GrizzlyGames,0.7295,Depth,0.8689,0.6554,0.3283,16228,0.9669,Overwhelmingly Positive,"500,000 .. 1,000,000",750000.0,9.74,,True,True,False,False,2024,Action|Indie|Strategy,3D|Action|Action RTS|Base Building|Building|City Builder|Colorful|Combat|Controller|Early Access|Fantasy|Hack and Slash|Indie|Isometric|Medieval,PASS,PASS,PASS,PASS,PASS,PENDING_EXTERNAL_CHECK
2071280,Ravenswatch,Passtech Games,Nacon,0.729,Anchor,0.7278,0.8464,0.2647,11195,0.7965,Mostly Positive,"200,000 .. 500,000",350000.0,24.99,84,True,False,True,True,2024,Action|Adventure,Action|Action Roguelike|Adventure|Atmospheric|Co-op|Dark|Dark Fantasy|Difficult|Early Access|Hack and Slash|Indie|Isometric|Multiplayer|Online Co-Op|RPG,PASS,PASS,PASS,PASS,PASS,PENDING_EXTERNAL_CHECK
1158940,Blazing Sails,"Get Up Games, Iceberg Interactive",Iceberg Interactive,0.728,Depth,0.6167,0.9813,0.2709,9000,0.8721,Very Positive,"100,000 .. 200,000",150000.0,5.99,,True,True,True,True,2023,Action|Adventure|Casual|Indie,Action|Battle Royale|Character Customization|Co-op|Competitive|FPS|Fast-Paced|First-Person|Funny|Historical|Multiplayer|Naval|Naval Combat|Online Co-Op|Open World,PASS,PASS,PASS,PASS,PASS,PENDING_EXTERNAL_CHECK
894020,Death's Door,Acid Nerve,Devolver Digital,0.7275,Anchor,0.8777,0.6792,0.1698,17163,0.9345,Very Positive,"500,000 .. 1,000,000",750000.0,19.99,85,True,True,False,False,,Action|Adventure|Indie|RPG,3D|3D Platformer|Action|Action RPG|Action-Adventure|Adventure|Cartoony|Colorful|Combat|Controller|Cute|Dark Fantasy|Dungeon Crawler|Exploration|Hack and Slash,PASS,PASS,PASS,PASS,PASS,PENDING_EXTERNAL_CHECK
383270,Hue,Fiddlesticks Games,Curve Games,0.7271,Anchor,0.6579,0.7753,0.8801,9845,0.9259,Very Positive,"200,000 .. 500,000",350000.0,14.99,79,True,True,False,False,2016,Adventure|Indie,2D|2D Platformer|Adventure|Casual|Colorful|Great Soundtrack|Indie|Metroidvania|Narration|Platformer|Puzzle|Puzzle Platformer|Side Scroller|Singleplayer|Story Rich,PASS,PASS,PASS,PASS,PASS,PENDING_EXTERNAL_CHECK
335670,LISA: The Painful,Dingaling Productions,Serenity Forge,0.7268,Anchor,0.819,0.5655,0.9114,14282,0.9567,Overwhelmingly Positive,"500,000 .. 1,000,000",750000.0,19.99,77,True,True,False,False,2014,Adventure|Indie|RPG,2D|Adventure|Atmospheric|Choices Matter|Comedy|Dark|Dark Humor|Funny|Horror|Indie|JRPG|Party-Based RPG|Pixel Graphics|Post-apocalyptic|Psychological Horror,PASS,PASS,PASS,PASS,PASS,PENDING_EXTERNAL_CHECK
2638370,Five Nights at Freddy's: Into the Pit,Mega Cat Studios,Mega Cat Studios,0.7266,Depth,0.5368,0.9663,0.7166,7857,0.9577,Overwhelmingly Positive,"100,000 .. 200,000",150000.0,19.99,,True,True,False,False,2024,Action|Adventure|Indie,1980s|1990's|2D|Action|Action-Adventure|Adventure|Atmospheric|Dark|Exploration|Horror|Indie|Multiple Endings|Pixel Graphics|Point & Click|Psychological Horror,PASS,PASS,PASS,PASS,PASS,PENDING_EXTERNAL_CHECK
228300,Remember Me,DONTNOD Entertainment,Capcom,0.723,Anchor,0.8539,0.6317,0.4332,15720,0.8291,Very Positive,"500,000 .. 1,000,000",750000.0,29.99,65,True,False,False,False,2013,Action|Adventure,Action|Action-Adventure|Adventure|Atmospheric|Beat 'em up|Beautiful|Cyberpunk|Dystopian|Female Protagonist|Fighting|Futuristic|Great Soundtrack|Hack and Slash|Linear|Parkour,PASS,PASS,PASS,PASS,PASS,PENDING_EXTERNAL_CHECK
702670,Donut County,Ben Esposito,Annapurna Interactive,0.7222,Anchor,0.6492,0.7678,0.9051,9707,0.9161,Very Positive,"200,000 .. 500,000",350000.0,12.99,77,True,True,False,False,2018,Adventure|Casual|Indie,3D|Adventure|Casual|Comedy|Cute|Drama|Family Friendly|Female Protagonist|Funny|Great Soundtrack|Indie|Interactive Fiction|Music|Physics|Puzzle,PASS,PASS,PASS,PASS,PASS,PENDING_EXTERNAL_CHECK
332310,LEGO® Worlds,"TT Games, Traveller's Tales",Warner Bros. Interactive Entertainment,0.7203,Depth,0.8414,0.6042,0.5793,15137,0.7836,Mostly Positive,"500,000 .. 1,000,000",750000.0,29.99,,True,False,True,True,2017,Adventure,Action|Adventure|Building|Casual|Co-op|Comedy|Destruction|Early Access|Exploration|Family Friendly|Funny|LEGO|Multiplayer|Open World|Sandbox,PASS,PASS,PASS,PASS,PASS,PENDING_EXTERNAL_CHECK
1404850,Luck be a Landlord,TrampolineTales,TrampolineTales,0.7201,Depth,0.6617,0.7865,0.7466,9990,0.9354,Very Positive,"200,000 .. 500,000",350000.0,9.99,,True,True,False,False,2023,Indie|Simulation|Strategy,2D|Auto Battler|Capitalism|Casual|Deckbuilding|Early Access|Gambling|Indie|Management|Pixel Graphics|Procedural Generation|Resource Management|Retro|Roguelike|Roguelike Deckbuilder,PASS,PASS,PASS,PASS,PASS,PENDING_EXTERNAL_CHECK
45760,Ultra Street Fighter® IV,Capcom,Capcom,0.7197,Anchor,0.8352,0.5918,0.6542,14998,0.8992,Very Positive,"500,000 .. 1,000,000",750000.0,29.99,82,True,False,False,True,2014,Action,2.5D|2D|2D Fighter|3D Vision|Action|Adventure|Anime|Arcade|Beat 'em up|Classic|Competitive|Controller|Difficult|Fighting|Great Soundtrack,PASS,PASS,PASS,PASS,PASS,PENDING_EXTERNAL_CHECK
2142790,Fields of Mistria,NPC Studio,NPC Studio,0.7179,Depth,0.6729,0.7978,0.623,10306,0.9825,Overwhelmingly Positive,"200,000 .. 500,000",350000.0,13.99,,True,True,False,False,2024,Early Access|Indie|RPG|Simulation,2D|Agriculture|Anime|Building|Cooking|Crafting|Cute|Dating Sim|Early Access|Farming|Farming Sim|Life Sim|Mining|Open World|Pixel Graphics,PASS,PASS,PASS,PASS,PASS,PENDING_EXTERNAL_CHECK
1085510,Garfield Kart - Furious Racing,Artefacts Studio,Microids,0.7136,Depth,0.814,0.5568,0.839,14073,0.8785,Very Positive,"500,000 .. 1,000,000",750000.0,14.99,,True,False,False,True,2019,Racing,Action|Arcade|Capitalism|Cartoony|Casual|Cats|Classic|Comedy|Competitive|Cult Classic|Cute|Family Friendly|Funny|Great Soundtrack|Local Multiplayer,PASS,PASS,PASS,PASS,PASS,PENDING_EXTERNAL_CHECK
1302240,Labyrinthine,Valko Game Studios,Valko Game Studios,0.7096,Depth,0.8527,0.623,0.3408,15545,0.8544,Very Positive,"500,000 .. 1,000,000",750000.0,9.99,,True,True,True,True,2023,Action|Adventure|Indie,Action|Action-Adventure|Atmospheric|Character Customization|Co-op|Co-op Campaign|Controller|First-Person|Horror|Lovecraftian|Multiplayer|Online Co-Op|Procedural Generation|Psychological Horror|Puzzle,PASS,PASS,PASS,PASS,PASS,PENDING_EXTERNAL_CHECK
2515020,FINAL FANTASY XVI,Square Enix,Square Enix,0.7057,Depth,0.6879,0.8102,0.377,10514,0.7727,Mostly Positive,"200,000 .. 500,000",350000.0,49.99,,True,False,False,False,2024,Action|RPG,3D|Action|Action RPG|Atmospheric|Cinematic|Dark Fantasy|Drama|Emotional|Fantasy|Gore|Great Soundtrack|JRPG|Magic|Party-Based RPG|RPG,PASS,PASS,PASS,PASS,PASS,PENDING_EXTERNAL_CHECK
252330,Slender: The Arrival,Blue Isle Studios,Blue Isle Publishing,0.7036,Depth,0.6042,0.9788,0.0999,8868,0.8827,Very Positive,"100,000 .. 200,000",150000.0,19.99,65,True,True,False,False,2013,Action|Adventure|Indie,Action|Adventure|Atmospheric|Co-op|Dark|Difficult|Exploration|Female Protagonist|First-Person|Horror|Indie|Jump Scare|Multiplayer|Open World|Psychological Horror,PASS,PASS,PASS,PASS,PASS,PENDING_EXTERNAL_CHECK
1276790,Ruined King: A League of Legends Story™,Airship Syndicate,Riot Forge,0.7036,Anchor,0.6866,0.809,0.367,10499,0.8914,Very Positive,"200,000 .. 500,000",350000.0,29.99,80,True,True,False,False,2021,Indie|RPG,Action|Adventure|Fantasy|Female Protagonist|Great Soundtrack|Horror|Indie|Isometric|JRPG|Party-Based RPG|RPG|Singleplayer|Story Rich|Turn-Based|Turn-Based Combat,PASS,PASS,PASS,PASS,PASS,PENDING_EXTERNAL_CHECK
1669000,Age of Wonders 4,Triumph Studios,Paradox Interactive,0.7024,Depth,0.8439,0.6105,0.362,15209,0.8127,Very Positive,"500,000 .. 1,000,000",750000.0,49.99,,True,False,True,True,2023,Strategy,4X|Character Customization|Choices Matter|Co-op|Combat|Dwarf|Exploration|Fantasy|Grand Strategy|Lore-Rich|Magic|Moddable|Multiplayer|RPG|Singleplayer,PASS,PASS,PASS,PASS,PASS,PENDING_EXTERNAL_CHECK
1740720,Have a Nice Death,Magic Design Studios,Arc Games,0.7007,Anchor,0.6392,0.7578,0.7803,9455,0.865,Very Positive,"200,000 .. 500,000",350000.0,24.99,81,True,True,False,False,2023,Action|Indie,2D|2D Platformer|Action|Action Roguelike|Cartoon|Cartoony|Combat|Comedy|Controller|Dark Humor|Early Access|Funny|Gothic|Hack and Slash|Indie,PASS,PASS,PASS,PASS,PASS,PENDING_EXTERNAL_CHECK
1809540,Nine Sols,RedCandleGames,RedCandleGames,0.7006,Depth,0.8165,0.5618,0.6767,14257,0.9532,Overwhelmingly Positive,"500,000 .. 1,000,000",750000.0,29.99,,True,True,False,False,,Action|Adventure|Indie,2D|Action|Action-Adventure|Adventure|Atmospheric|Cats|Comic Book|Dark Fantasy|Difficult|Gore|Hand-drawn|Indie|Martial Arts|Metroidvania|Mythology,PASS,PASS,PASS,PASS,PASS,PENDING_EXTERNAL_CHECK
435400,Hidden Folks,"Adriaan de Jongh, Sylvain Tegroeg",Adriaan de Jongh,0.7005,Depth,0.6205,0.7403,0.9413,9091,0.9665,Overwhelmingly Positive,"200,000 .. 500,000",350000.0,14.99,,True,True,False,False,2017,Adventure|Casual|Indie,2D|Adventure|Audio Production|Casual|Cute|Design & Illustration|Family Friendly|Funny|Great Soundtrack|Hand-drawn|Hidden Object|Indie|Isometric|Minimalist|Point & Click,PASS,PASS,PASS,PASS,PASS,PENDING_EXTERNAL_CHECK
629820,Maneater,Tripwire Interactive,Tripwire Interactive,0.6988,Anchor,0.8552,0.633,0.1798,15776,0.8863,Very Positive,"500,000 .. 1,000,000",750000.0,9.99,70,True,True,False,False,2021,Action|Adventure|Indie|RPG,Action|Action RPG|Action-Adventure|Adventure|Atmospheric|Dark Humor|Exploration|Female Protagonist|Gore|Hack and Slash|Narration|Nature|Open World|RPG|Simulation,PASS,PASS,PASS,PASS,PASS,PENDING_EXTERNAL_CHECK
1874880,Arma Reforger,Bohemia Interactive,Bohemia Interactive,0.6968,Depth,0.8652,0.6479,0.0499,16022,0.7055,Mostly Positive,"500,000 .. 1,000,000",750000.0,29.99,,True,False,True,True,2023,Action|Simulation|Strategy,1980s|Action|Cold War|FPS|First-Person|Military|Moddable|Multiplayer|Open World|PvE|PvP|Real Time Tactics|Realistic|Sandbox|Shooter,PASS,PASS,PASS,PASS,PASS,PENDING_EXTERNAL_CHECK
268650,From the Depths,Brilliant Skies Ltd.,Brilliant Skies Ltd.,0.6959,Depth,0.7104,0.8365,0.0612,10940,0.8984,Very Positive,"200,000 .. 500,000",350000.0,24.99,,True,True,True,True,2020,Action|Adventure|Indie|Simulation|Strategy,Artificial Intelligence|Building|Co-op Campaign|Crafting|Gun Customization|Military|Multiplayer|Naval|Naval Combat|Physics|RTS|Sandbox|Simulation|Space|Strategy,PASS,PASS,PASS,PASS,PASS,PENDING_EXTERNAL_CHECK
428690,Youtubers Life,U-Play Online,"U-Play Online, ",0.6946,Depth,0.8502,0.6167,0.2285,15371,0.7734,Mostly Positive,"500,000 .. 1,000,000",750000.0,8.24,,True,True,False,False,2017,Adventure|Casual|Indie|Simulation|Strategy,Adventure|Cartoon|Casual|Character Customization|Comedy|Family Friendly|Female Protagonist|Funny|Indie|Life Sim|Management|Memes|Open World|Realistic|Resource Management,PASS,PASS,PASS,PASS,PASS,PENDING_EXTERNAL_CHECK
1307580,TOEM: A Photo Adventure,Something We Made,"Something We Made, popagenda",0.6944,Depth,0.4507,0.9538,0.8752,6964,0.9924,Overwhelmingly Positive,"100,000 .. 200,000",150000.0,19.99,79,True,True,False,False,2021,Adventure|Casual|Indie,Adventure|Atmospheric|Cartoon|Casual|Cozy|Cute|Exploration|Family Friendly|Funny|Hand-drawn|Hidden Object|Music|Nature|Photo Editing|Puzzle,PASS,PASS,PASS,PASS,PASS,PENDING_EXTERNAL_CHECK
1390350,Webbed,Sbug Games,Sbug Games,0.692,Depth,0.7928,0.5181,0.8839,13123,0.9766,Overwhelmingly Positive,"500,000 .. 1,000,000",750000.0,9.99,,True,True,False,False,2021,Action|Adventure|Indie,2D|2D Platformer|Action|Atmospheric|Cartoony|Collectathon|Colorful|Cute|Exploration|Family Friendly|Fantasy|Female Protagonist|Indie|Nature|Physics,PASS,PASS,PASS,PASS,PASS,PENDING_EXTERNAL_CHECK
1069740,Seen,Seen Games,Seen Games,0.6913,Low-cost option,0.6442,0.7628,0.6404,9550,0.9154,Very Positive,"200,000 .. 500,000",350000.0,2.99,,True,True,False,False,2019,Action|Adventure|Early Access|Indie,2.5D|Action|Adventure|Atmospheric|Dark|Dystopian|Early Access|Emotional|Great Soundtrack|Indie|Mystery|Platformer|Psychological Horror|Puzzle|Puzzle Platformer,PASS,PASS,PASS,PASS,PASS,PENDING_EXTERNAL_CHECK
2290180,Riders Republic,"Ubisoft Annecy, Ubisoft Belgrade, Ubisoft Kyiv, Ubisoft Pune, Ubisoft Odesa",Ubisoft Entertainment,0.691,Depth,0.8589,0.6429,0.0437,15924,0.8374,Very Positive,"500,000 .. 1,000,000",750000.0,9.99,,True,False,True,True,2023,Massively Multiplayer|Sports,BMX|Bikes|Co-op|Colorful|Cycling|First-Person|Massively Multiplayer|Multiplayer|Online Co-Op|Open World|PvP|Racing|Singleplayer|Skateboarding|Skiing,PASS,PASS,PASS,PASS,PASS,PENDING_EXTERNAL_CHECK
936790,Life is Strange: True Colors,Deck Nine,Square Enix,0.69,Depth,0.829,0.5805,0.4332,14635,0.8931,Very Positive,"500,000 .. 1,000,000",750000.0,17.99,,True,False,False,False,2021,Action|Adventure,Action|Adventure|Atmospheric|Choices Matter|Choose Your Own Adventure|Cinematic|Drama|Emotional|Female Protagonist|LGBTQ+|Mature|Multiple Endings|Mystery|Narrative|Romance,PASS,PASS,PASS,PASS,PASS,PENDING_EXTERNAL_CHECK
1377380,Night of the Dead,Jackto Studios,Jackto Studios,0.6895,Depth,0.7091,0.8302,0.0287,10889,0.7825,Mostly Positive,"200,000 .. 500,000",350000.0,29.99,,True,True,True,True,2024,Action|Adventure|Indie|RPG|Simulation,Base Building|Building|Crafting|First-Person|Hunting|Multiplayer|Online Co-Op|Open World|Open World Survival Craft|PvP|RPG|Realistic|Sandbox|Simulation|Singleplayer,PASS,PASS,PASS,PASS,PASS,PENDING_EXTERNAL_CHECK
851100,Touhou Luna Nights,"Team Ladybug, WSS playground","WSS playground, PLAYISM",0.6895,Depth,0.8002,0.5343,0.7566,13543,0.9767,Overwhelmingly Positive,"500,000 .. 1,000,000",750000.0,17.99,,True,True,False,False,2019,Action|Adventure|Indie,2D|Action|Action-Adventure|Adventure|Anime|Beat 'em up|Bullet Hell|Controller|Cute|Exploration|Faith|Female Protagonist|Great Soundtrack|Indie|Metroidvania,PASS,PASS,PASS,PASS,PASS,PENDING_EXTERNAL_CHECK
753420,Dungreed,TEAM HORAY,TEAM HORAY,0.6885,Depth,0.6142,0.7378,0.8627,8965,0.9327,Very Positive,"200,000 .. 500,000",350000.0,9.99,,True,True,False,False,2018,Action|Indie,2D|Action|Action Roguelike|Adventure|Bullet Hell|Difficult|Dungeon Crawler|Great Soundtrack|Indie|Local Co-Op|Loot|Metroidvania|Multiplayer|Pixel Graphics|Platformer,PASS,PASS,PASS,PASS,PASS,PENDING_EXTERNAL_CHECK
313160,Farming Simulator 15,Giants Software,Giants Software,0.6883,Anchor,0.8402,0.603,0.2697,15128,0.9216,Very Positive,"500,000 .. 1,000,000",750000.0,12.99,64,True,False,True,True,2014,Simulation,Agriculture|Automobile Sim|Co-op|Driving|Economy|Family Friendly|Farming Sim|Management|Mod|Moddable|Multiplayer|Online Co-Op|Open World|Physics|Realistic,PASS,PASS,PASS,PASS,PASS,PENDING_EXTERNAL_CHECK
1372110,JoJo's Bizarre Adventure: All-Star Battle R,CyberConnect2 Co. Ltd.,Bandai Namco Entertainment,0.6878,Depth,0.6342,0.7553,0.6854,9351,0.8773,Very Positive,"200,000 .. 500,000",350000.0,14.99,,True,False,True,True,2022,Action,2.5D|2D|2D Fighter|2D Platformer|3D|3D Fighter|Action|Anime|Arcade|Colorful|Controller|Fighting|Great Soundtrack|LGBTQ+|Local Co-Op,PASS,PASS,PASS,PASS,PASS,PENDING_EXTERNAL_CHECK
865360,We Were Here Together,Total Mayhem Games,Total Mayhem Games,0.6864,Anchor,0.8277,0.578,0.4132,14563,0.843,Very Positive,"500,000 .. 1,000,000",750000.0,12.99,77,True,True,True,True,2019,Adventure|Casual|Indie,Action-Adventure|Adventure|Atmospheric|Casual|Co-op|Co-op Campaign|Dark|Escape Room|Exploration|First-Person|Horror|Indie|Investigation|Linear|Multiplayer,PASS,PASS,PASS,PASS,PASS,PENDING_EXTERNAL_CHECK
954740,Terminator: Resistance,Teyon,Reef Entertainment,0.686,Depth,0.8427,0.6055,0.2247,15155,0.9174,Very Positive,"500,000 .. 1,000,000",750000.0,39.99,,True,False,False,False,2019,Action|Adventure|RPG,Action|Adventure|Atmospheric|Choices Matter|Cinematic|Crafting|FPS|First-Person|Futuristic|Great Soundtrack|Multiple Endings|Open World|Post-apocalyptic|RPG|Robots,PASS,PASS,PASS,PASS,PASS,PENDING_EXTERNAL_CHECK
835960,The Talos Principle 2,Croteam,Devolver Digital,0.6856,Anchor,0.6804,0.804,0.2385,10427,0.9581,Overwhelmingly Positive,"200,000 .. 500,000",350000.0,17.99,88,True,False,False,False,2023,Action|Adventure,3D|3D Platformer|Action-Adventure|Exploration|First-Person|Linear|Logic|Lore-Rich|Mystery|Philosophical|Political|Post-apocalyptic|Puzzle|Puzzle Platformer|Realistic,PASS,PASS,PASS,PASS,PASS,PENDING_EXTERNAL_CHECK
1681430,RoboCop: Rogue City,Teyon,Nacon,0.6823,Anchor,0.8327,0.5868,0.3121,14836,0.9042,Very Positive,"500,000 .. 1,000,000",750000.0,49.99,76,True,False,False,False,2023,Action|Adventure,Action|Action RPG|Adventure|Atmospheric|Crime|Cyberpunk|Dystopian|FPS|First-Person|Futuristic|Gore|Mature|RPG|Robots|Sci-fi,PASS,PASS,PASS,PASS,PASS,PENDING_EXTERNAL_CHECK
605740,"Flashing Lights - Police, Firefighting, Emergency Services (EMS) Simulator",Nils Jakrins,Excalibur Games,0.6819,Depth,0.8564,0.6342,0.0,15777,0.8169,Very Positive,"500,000 .. 1,000,000",750000.0,24.99,,True,True,True,True,2023,Action|Indie|Massively Multiplayer|RPG|Simulation,,PASS,PASS,PASS,PASS,PASS,PENDING_EXTERNAL_CHECK
1382070,Viewfinder,Sad Owl Studios,Thunderful Publishing,0.6815,Depth,0.437,0.9501,0.8302,6812,0.9435,Very Positive,"100,000 .. 200,000",150000.0,24.99,84,True,True,False,False,2023,Adventure|Indie,3D Platformer|Abstract|Action-Adventure|Adventure|Atmospheric|Colorful|Dark Humor|Exploration|First-Person|Narration|Physics|Platformer|Psychological|Puzzle|Puzzle Platformer,PASS,PASS,PASS,PASS,PASS,PENDING_EXTERNAL_CHECK
256290,Child of Light,Ubisoft Montréal,Ubisoft,0.68,Anchor,0.7903,0.5169,0.7815,13066,0.9189,Very Positive,"500,000 .. 1,000,000",750000.0,4.49,77,True,False,False,True,2014,RPG,2D|Action|Adventure|Atmospheric|Beautiful|Casual|Cute|Fantasy|Female Protagonist|Great Soundtrack|Hand-drawn|Indie|Local Co-Op|Platformer|RPG,PASS,PASS,PASS,PASS,PASS,PENDING_EXTERNAL_CHECK
1164940,Trepang2,Trepang Studios,Team17,0.6795,Anchor,0.6779,0.8002,0.2047,10374,0.9371,Very Positive,"200,000 .. 500,000",350000.0,14.99,79,True,True,False,False,2023,Action|Indie,Action|Atmospheric|Blood|Boomer Shooter|Bullet Time|Combat|Destruction|Difficult|FPS|Fast-Paced|First-Person|Gore|Horror|Indie|Psychological Horror,PASS,PASS,PASS,PASS,PASS,PENDING_EXTERNAL_CHECK
252610,Death Road to Canada,"Rocketcat Games, Madgarden",Rocketcat Games,0.679,Depth,0.6092,0.7353,0.8027,8922,0.9298,Very Positive,"200,000 .. 500,000",350000.0,14.99,,True,True,True,True,2016,Action|Indie|RPG,2D|Action|Action Roguelike|Character Customization|Co-op|Comedy|Difficult|Funny|Great Soundtrack|Indie|Local Co-Op|Memes|Multiplayer|Pixel Graphics|RPG,PASS,PASS,PASS,PASS,PASS,PENDING_EXTERNAL_CHECK
1128920,EVERSPACE™ 2,ROCKFISH Games,ROCKFISH Games,0.6768,Anchor,0.6941,0.8177,0.0262,10616,0.8746,Very Positive,"200,000 .. 500,000",350000.0,49.99,81,True,False,False,False,2023,Action|Adventure|RPG|Simulation,3D|6DOF|Action|Action RPG|Action-Adventure|Adventure|Arcade|Exploration|First-Person|Flight|Loot|Looter Shooter|Open World|RPG|Shooter,PASS,PASS,PASS,PASS,PASS,PENDING_EXTERNAL_CHECK
1341290,We Were Here Forever,Total Mayhem Games,Total Mayhem Games,0.6755,Depth,0.8152,0.5605,0.437,14210,0.9162,Very Positive,"500,000 .. 1,000,000",750000.0,17.99,,True,True,True,True,2022,Adventure|Casual|Indie,3D|Action-Adventure|Adventure|Atmospheric|Casual|Co-op|Co-op Campaign|Dark|Detective|Escape Room|Exploration|Fantasy|First-Person|Linear|Multiplayer,PASS,PASS,PASS,PASS,PASS,PENDING_EXTERNAL_CHECK
1989270,Slay the Princess,Black Tabby Games,"Black Tabby Games, Serenity Forge",0.6748,Anchor,0.8464,0.6117,0.0687,15240,0.9744,Overwhelmingly Positive,"500,000 .. 1,000,000",750000.0,17.99,90,True,True,False,False,2023,Adventure|Indie|RPG|Simulation,Adventure|CRPG|Choices Matter|Choose Your Own Adventure|Comic Book|Dark Humor|Dating Sim|First-Person|Horror|Interactive Fiction|Lore-Rich|Point & Click|Psychological Horror|RPG|Romance,PASS,PASS,PASS,PASS,PASS,PENDING_EXTERNAL_CHECK
222480,Resident Evil Revelations,Capcom,Capcom,0.6742,Anchor,0.8252,0.5743,0.3184,14460,0.7986,Mostly Positive,"500,000 .. 1,000,000",750000.0,19.99,77,True,False,True,True,2013,Action|Adventure,Action|Adventure|Atmospheric|Co-op|Female Protagonist|Gore|Great Soundtrack|Horror|Local Co-Op|Multiplayer|Online Co-Op|Sci-fi|Shooter|Singleplayer|Story Rich,PASS,PASS,PASS,PASS,PASS,PENDING_EXTERNAL_CHECK
799640,Dungeon Munchies,maJAJa,maJAJa,0.67,Depth,0.422,0.9463,0.8052,6606,0.9731,Overwhelmingly Positive,"100,000 .. 200,000",150000.0,19.99,,True,True,False,False,2022,Action|Adventure|Indie|RPG,2D|Action|Action RPG|Action-Adventure|Adventure|Anime|Bullet Hell|Comedy|Cooking|Difficult|Early Access|Exploration|Funny|Indie|Pixel Graphics,PASS,PASS,PASS,PASS,PASS,PENDING_EXTERNAL_CHECK
473690,Absolver,Sloclap,Devolver Digital,0.6679,Anchor,0.8215,0.5693,0.2946,14295,0.7212,Mostly Positive,"500,000 .. 1,000,000",750000.0,5.99,75,True,True,True,True,2017,Action|Adventure|Indie,Action|Adventure|Atmospheric|Character Customization|Co-op|Difficult|Fighting|Indie|MMORPG|Martial Arts|Massively Multiplayer|Multiplayer|Online Co-Op|Open World|PvE,PASS,PASS,PASS,PASS,PASS,PENDING_EXTERNAL_CHECK
1040200,Crime Scene Cleaner,President Studio,"President Studio, PlayWay S.A.",0.6668,Depth,0.6717,0.794,0.1336,10191,0.9764,Overwhelmingly Positive,"200,000 .. 500,000",350000.0,19.99,,True,False,False,False,2024,Action|Simulation,Action|Adventure|Atmospheric|Crime|Exploration|First-Person|Funny|Gore|Great Soundtrack|Hacking|Heist|Indie|Life Sim|Mature|Realistic,PASS,PASS,PASS,PASS,PASS,PENDING_EXTERNAL_CHECK
451340,Gold Mining Simulator,Code Horizon,"Code Horizon, PlayWay S.A.",0.6668,Depth,0.8227,0.5705,0.2722,14383,0.7169,Mostly Positive,"500,000 .. 1,000,000",750000.0,19.99,,True,True,False,False,2017,Indie|Simulation,Adventure|Automobile Sim|Building|Casual|Difficult|Driving|Economy|Exploration|First-Person|Funny|Indie|Management|Mining|Open World|Realistic,PASS,PASS,PASS,PASS,PASS,PENDING_EXTERNAL_CHECK
872670,SCP: 5K,Affray Interactive,Affray Interactive,0.6658,Depth,0.6829,0.8077,0.0125,10458,0.7861,Mostly Positive,"200,000 .. 500,000",350000.0,19.99,,True,True,True,True,2022,Action|Early Access|Indie|Massively Multiplayer|Strategy,Action|Co-op|Co-op Campaign|Combat|Early Access|FPS|First-Person|Gun Customization|Horror|Immersive|Lore-Rich|Military|Multiplayer|PvE|Realistic,PASS,PASS,PASS,PASS,PASS,PENDING_EXTERNAL_CHECK
589590,Kindergarten,"Con Man Games, Sean Young",SmashGames,0.6627,Low-cost option,0.5705,0.7029,0.9625,8220,0.9648,Overwhelmingly Positive,"200,000 .. 500,000",350000.0,4.99,,True,True,False,False,2017,Adventure|Indie,Adventure|Blood|Choices Matter|Dark Comedy|Dark Humor|Difficult|Early Access|Funny|Gore|Horror|Indie|Memes|Mystery|Pixel Graphics|Psychological Horror,PASS,PASS,PASS,PASS,PASS,PENDING_EXTERNAL_CHECK
1169040,Necesse,Fair Games ApS,Fair Games ApS,0.6605,Depth,0.8052,0.5431,0.407,13746,0.9387,Very Positive,"500,000 .. 1,000,000",750000.0,14.99,,True,True,True,True,2019,Action|Adventure|Early Access|Indie|RPG,2D|Adventure|Atmospheric|Automation|Base Building|Building|Co-op|Crafting|Early Access|Exploration|Farming Sim|Multiplayer|Online Co-Op|Open World|Open World Survival Craft,PASS,PASS,PASS,PASS,PASS,PENDING_EXTERNAL_CHECK
1504500,OPUS: Echo of Starsong - Full Bloom Edition,SIGONO INC.,SIGONO INC.,0.6571,Anchor,0.5768,0.7066,0.8602,8345,0.9663,Overwhelmingly Positive,"200,000 .. 500,000",350000.0,24.99,90,True,True,False,False,2021,Adventure|Indie,2.5D|2D|Adventure|Anime|Atmospheric|Colorful|Emotional|Exploration|Female Protagonist|Indie|Interactive Fiction|JRPG|Puzzle Platformer|Sci-fi|Singleplayer,PASS,PASS,PASS,PASS,PASS,PENDING_EXTERNAL_CHECK
1180660,Tell Me Why,DONTNOD Entertainment,Xbox Game Studios ,0.6557,Depth,0.7853,0.5106,0.588,12927,0.8291,Very Positive,"500,000 .. 1,000,000",750000.0,19.99,,True,False,False,False,2020,Adventure,Action-Adventure|Adventure|Atmospheric|Beautiful|Choices Matter|Choose Your Own Adventure|Cinematic|Conversation|Drama|Dynamic Narration|Emotional|Episodic|Exploration|LGBTQ+|Multiple Endings,PASS,PASS,PASS,PASS,PASS,PENDING_EXTERNAL_CHECK
631510,Devil May Cry HD Collection,"CAPCOM Co., Ltd.","CAPCOM Co., Ltd.",0.6556,Depth,0.7753,0.4919,0.7116,12606,0.9196,Very Positive,"500,000 .. 1,000,000",750000.0,29.99,,True,False,False,False,2018,Action,Action|Adventure|Anime|Atmospheric|Beat 'em up|Character Action Game|Classic|Demons|Difficult|Fast-Paced|Gore|Gothic|Great Soundtrack|Hack and Slash|Singleplayer,PASS,PASS,PASS,PASS,PASS,PENDING_EXTERNAL_CHECK
435530,The Final Station,DO MY BEST,tinyBuild,0.6548,Anchor,0.5818,0.7179,0.7678,8454,0.8721,Very Positive,"200,000 .. 500,000",350000.0,14.99,76,True,True,False,False,2016,Action|Adventure|Indie,2D|Action|Adventure|Atmospheric|Great Soundtrack|Horror|Indie|Pixel Graphics|Platformer|Post-apocalyptic|Resource Management|Sci-fi|Shooter|Short|Side Scroller,PASS,PASS,PASS,PASS,PASS,PENDING_EXTERNAL_CHECK
780290,Gloomhaven,"Flaming Fowl Studios, Saber Interactive",Twin Sails Interactive,0.6539,Anchor,0.824,0.5718,0.1323,14386,0.8357,Very Positive,"500,000 .. 1,000,000",750000.0,34.99,82,True,False,True,True,2021,Adventure|RPG|Strategy,3D|Board Game|Card Game|Class-Based|Co-op Campaign|Dark Fantasy|Deckbuilding|Difficult|Dungeon Crawler|Party-Based RPG|RPG|Singleplayer|Strategy|Tactical|Tactical RPG,PASS,PASS,PASS,PASS,PASS,PENDING_EXTERNAL_CHECK
1233570,Mirror's Edge™ Catalyst,DICE,Electronic Arts,0.6537,Anchor,0.8177,0.5643,0.191,14278,0.8147,Very Positive,"500,000 .. 1,000,000",750000.0,19.99,74,True,False,False,False,,Action|Adventure,3D Platformer|Action|Action-Adventure|Adventure|Atmospheric|Combat|Cyberpunk|Dystopian|Female Protagonist|First-Person|Martial Arts|Multiplayer|Open World|Parkour|Platformer,PASS,PASS,PASS,PASS,PASS,PENDING_EXTERNAL_CHECK
1954200,Kena: Bridge of Spirits,Ember Lab,Ember Lab,0.6524,Anchor,0.8065,0.5443,0.3146,13752,0.9207,Very Positive,"500,000 .. 1,000,000",750000.0,39.99,83,True,True,False,False,2022,Action|Adventure|Indie,3D|3D Platformer|Action|Action-Adventure|Adventure|Atmospheric|Cinematic|Combat|Controller|Exploration|Fantasy|Female Protagonist|Indie|Magic|Mystery,PASS,PASS,PASS,PASS,PASS,PENDING_EXTERNAL_CHECK
746850,Cloudpunk,ION LANDS,"ION LANDS, Maple Whispering Limited",0.6522,Anchor,0.809,0.5481,0.2846,13906,0.8814,Very Positive,"500,000 .. 1,000,000",750000.0,19.99,73,True,True,False,False,2020,Adventure|Indie|RPG,Action|Adventure|Atmospheric|Cyberpunk|Driving|Exploration|Female Protagonist|First-Person|Futuristic|Great Soundtrack|Indie|Mature|Open World|RPG|Sci-fi,PASS,PASS,PASS,PASS,PASS,PENDING_EXTERNAL_CHECK
446020,Jalopy,Minskworks,Excalibur Games,0.6519,Anchor,0.6529,0.7715,0.1685,9765,0.7735,Mostly Positive,"200,000 .. 500,000",350000.0,14.99,65,True,True,False,False,2018,Adventure|Indie|Simulation,Adventure|Atmospheric|Automobile Sim|Driving|Early Access|Economy|Exploration|First-Person|Indie|Management|Open World|Realistic|Relaxing|Resource Management|Roguelite,PASS,PASS,PASS,PASS,PASS,PENDING_EXTERNAL_CHECK
211400,Deadlight,"Tequila Works, S.L.",Xbox Game Studios,0.6516,Anchor,0.774,0.4906,0.6829,12549,0.7886,Mostly Positive,"500,000 .. 1,000,000",750000.0,14.99,78,True,True,False,False,2012,Action|Adventure|Indie,2.5D|2D|Action|Adventure|Atmospheric|Controller|Great Soundtrack|Horror|Indie|Noir|Parkour|Platformer|Post-apocalyptic|Puzzle|Short,PASS,PASS,PASS,PASS,PASS,PENDING_EXTERNAL_CHECK
536270,Ancestors: The Humankind Odyssey,Panache Digital Games,Private Division,0.6509,Depth,0.6479,0.7653,0.2085,9647,0.7825,Mostly Positive,"200,000 .. 500,000",350000.0,39.99,,True,True,False,False,2020,Action|Adventure|Indie|RPG,Action|Action-Adventure|Adventure|Atmospheric|Choices Matter|Crafting|Exploration|Historical|Immersive Sim|Indie|Multiplayer|Nature|Open World|Open World Survival Craft|RPG,PASS,PASS,PASS,PASS,PASS,PENDING_EXTERNAL_CHECK
673750,Super Bunny Man,Catobyte,Catobyte Ltd,0.6496,Depth,0.5918,0.7291,0.6205,8703,0.8719,Very Positive,"200,000 .. 500,000",350000.0,14.99,,True,True,True,True,2023,Action|Indie,2D Platformer|Action|Adventure|Casual|Co-op|Comedy|Funny|Local Co-Op|Local Multiplayer|Memes|Multiplayer|Online Co-Op|Party|Party Game|Physics,PASS,PASS,PASS,PASS,PASS,PENDING_EXTERNAL_CHECK
234670,NARUTO SHIPPUDEN: Ultimate Ninja STORM 3 Full Burst HD,CyberConnect2 Co. Ltd.,BANDAI NAMCO Entertainment,0.6492,Anchor,0.8015,0.5368,0.3371,13573,0.8968,Very Positive,"500,000 .. 1,000,000",750000.0,19.99,80,True,False,False,True,2013,Action|Adventure,3D Fighter|Action|Adventure|Anime|Atmospheric|Beat 'em up|Co-op|Controller|Fantasy|Fighting|Great Soundtrack|Local Co-Op|Local Multiplayer|Multiplayer|Ninja,PASS,PASS,PASS,PASS,PASS,PENDING_EXTERNAL_CHECK
732690,FIVE NIGHTS AT FREDDY'S: HELP WANTED,Steel Wool Studios,ScottGames,0.6484,Depth,0.764,0.4607,0.8215,12167,0.9614,Overwhelmingly Positive,"500,000 .. 1,000,000",750000.0,29.99,,True,False,False,False,2019,Action|Casual,Action|Adventure|Atmospheric|Casual|Dark|Difficult|Family Friendly|First-Person|Funny|Horror|Indie|Psychological Horror|Puzzle|Robots|Singleplayer,PASS,PASS,PASS,PASS,PASS,PENDING_EXTERNAL_CHECK
482400,System Shock,Nightdive Studios,Prime Matter,0.6482,Depth,0.6417,0.7615,0.2272,9517,0.9172,Very Positive,"200,000 .. 500,000",350000.0,39.99,,True,False,False,False,2023,Action|Adventure,Action|Adventure|Atmospheric|Cyberpunk|FPS|First-Person|Gore|Horror|Immersive Sim|Kickstarter|RPG|Remake|Sci-fi|Shooter|Singleplayer,PASS,PASS,PASS,PASS,PASS,PENDING_EXTERNAL_CHECK
266010,LYNE,Thomas Bowker,Thomas Bowker,0.6476,Low-cost option,0.563,0.6929,0.8889,8146,0.9568,Overwhelmingly Positive,"200,000 .. 500,000",350000.0,2.99,,True,True,False,False,2014,Casual|Indie,2D|Abstract|Action|Adventure|Arcade|Atmospheric|Casual|Difficult|Great Soundtrack|Indie|Logic|Minimalist|Mouse only|Procedural Generation|Puzzle,PASS,PASS,PASS,PASS,PASS,PENDING_EXTERNAL_CHECK
1328840,Lost in Play,Happy Juice Games,Joystick Ventures,0.6447,Depth,0.3521,0.9276,0.9763,5997,0.9823,Overwhelmingly Positive,"100,000 .. 200,000",150000.0,19.99,,True,True,False,False,2022,Adventure|Indie,2D|Adventure|Atmospheric|Cartoon|Casual|Colorful|Comedy|Family Friendly|Fantasy|Female Protagonist|Funny|Hand-drawn|Indie|Mystery|Point & Click,PASS,PASS,PASS,PASS,PASS,PENDING_EXTERNAL_CHECK
861650,Session: Skate Sim,crea-ture Studios Inc.,Nacon,0.6442,Depth,0.799,0.5318,0.3196,13439,0.8385,Very Positive,"500,000 .. 1,000,000",750000.0,11.99,,True,True,False,False,2022,Indie|Simulation|Sports|Strategy,Action|Character Customization|Difficult|Early Access|Exploration|Family Friendly|Funny|Immersive Sim|Indie|Multiplayer|Parkour|Physics|Realistic|Simulation|Singleplayer,PASS,PASS,PASS,PASS,PASS,PENDING_EXTERNAL_CHECK
738520,Breathedge,RedRuins Softworks,"HypeTrain Digital, RedRuins Softworks",0.6421,Anchor,0.8202,0.568,0.0474,14289,0.8259,Very Positive,"500,000 .. 1,000,000",750000.0,24.99,71,True,True,False,False,2021,Action|Adventure|Indie|Simulation,Action|Action-Adventure|Adventure|Aliens|Atmospheric|Base Building|Co-op|Crafting|Early Access|Exploration|First-Person|Indie|Open World|Open World Survival Craft|Sandbox,PASS,PASS,PASS,PASS,PASS,PENDING_EXTERNAL_CHECK
401680,POSTAL Redux,Running With Scissors,Running With Scissors,0.6387,Depth,0.3658,0.9975,0.568,6116,0.9192,Very Positive,"20,000 .. 50,000",35000.0,8.99,54,True,True,True,True,2016,Action|Indie,Action|Co-op|Co-op Campaign|Dark Comedy|Dark Humor|Fast-Paced|Gore|Horror|Isometric|Multiplayer|Online Co-Op|Pixel Graphics|Psychological Horror|Shooter|Singleplayer,PASS,PASS,PASS,PASS,PASS,PENDING_EXTERNAL_CHECK
1875830,Shin Megami Tensei V: Vengeance,ATLUS,SEGA,0.6356,Depth,0.432,0.9488,0.4007,6737,0.9244,Very Positive,"100,000 .. 200,000",150000.0,59.99,90,True,False,False,False,,Adventure|RPG,3D|Adventure|Anime|Atmospheric|Choices Matter|Creature Collector|Dark|Demons|Destruction|Difficult|Exploration|JRPG|Multiple Endings|Post-apocalyptic|RPG,PASS,PASS,PASS,PASS,PASS,PENDING_EXTERNAL_CHECK
1488200,Symphony of War: The Nephilim Saga,Dancing Dragon Games,indie.io,0.6351,Depth,0.7541,0.4482,0.7878,11867,0.9481,Very Positive,"500,000 .. 1,000,000",750000.0,19.99,,True,True,False,False,2022,Adventure|Indie|RPG|Strategy,2D|Adventure|Auto Battler|Drama|Fantasy|Female Protagonist|Indie|JRPG|Lore-Rich|Party-Based RPG|Pixel Graphics|RPG|Romance|Singleplayer|Story Rich,PASS,PASS,PASS,PASS,PASS,PENDING_EXTERNAL_CHECK
677160,We Were Here Too,Total Mayhem Games,Total Mayhem Games,0.6315,Anchor,0.6105,0.7366,0.3159,8933,0.807,Very Positive,"200,000 .. 500,000",350000.0,9.99,69,True,True,True,True,2018,Adventure|Casual|Indie,Action-Adventure|Adventure|Atmospheric|Casual|Co-op|Co-op Campaign|Dark|Escape Room|First-Person|Horror|Immersive|Indie|Investigation|Linear|Multiplayer,PASS,PASS,PASS,PASS,PASS,PENDING_EXTERNAL_CHECK
897450,The Survivalists,Team17,Team17,0.6302,Anchor,0.578,0.7104,0.5705,8367,0.7685,Mostly Positive,"200,000 .. 500,000",350000.0,24.99,69,True,True,True,True,2020,Action|Adventure|Casual|Indie,2D|Action|Adventure|Base Building|Casual|Character Customization|Co-op|Crafting|Exploration|Hunting|Multiplayer|Online Co-Op|Open World|Open World Survival Craft|Pixel Graphics,PASS,PASS,PASS,PASS,PASS,PENDING_EXTERNAL_CHECK
360740,Downwell,Moppin,Devolver Digital,0.6292,Anchor,0.5493,0.6754,0.8439,7967,0.9674,Overwhelmingly Positive,"200,000 .. 500,000",350000.0,2.99,81,True,True,False,False,2015,Action|Adventure|Indie,2D|2D Platformer|Action|Action Roguelike|Adventure|Arcade|Difficult|Fast-Paced|Great Soundtrack|Indie|Pixel Graphics|Platformer|Precision Platformer|Procedural Generation|Replay Value,PASS,PASS,PASS,PASS,PASS,PENDING_EXTERNAL_CHECK
294860,Valkyria Chronicles™,SEGA,SEGA,0.6287,Depth,0.7765,0.4956,0.4213,12645,0.9038,Very Positive,"500,000 .. 1,000,000",750000.0,19.99,,True,False,False,False,2014,Action|RPG|Strategy,Action|Anime|Classic|Female Protagonist|Great Soundtrack|JRPG|RPG|Romance|Singleplayer|Story Rich|Strategy|Strategy RPG|Tactical|Tactical RPG|Tanks,PASS,PASS,PASS,PASS,PASS,PENDING_EXTERNAL_CHECK
327030,Worms W.M.D,Team17,Team17,0.6285,Anchor,0.7566,0.4519,0.6941,11942,0.8525,Very Positive,"500,000 .. 1,000,000",750000.0,29.99,79,True,False,False,True,2016,Action|Strategy,2D|Action|Adventure|Casual|Classic|Co-op|Comedy|Funny|Gore|Local Co-Op|Local Multiplayer|Memes|Multiplayer|Platformer|Shooter,PASS,PASS,PASS,PASS,PASS,PENDING_EXTERNAL_CHECK
1061090,Jump King,Nexile,Nexile,0.6285,Depth,0.7391,0.4232,0.8964,11450,0.9017,Very Positive,"500,000 .. 1,000,000",750000.0,12.99,,True,True,False,False,2019,Action|Adventure|Indie,2D|Action|Adventure|Atmospheric|Dark Humor|Difficult|Fantasy|Funny|Horror|Indie|Medieval|Philosophical|Pixel Graphics|Platformer|Precision Platformer,PASS,PASS,PASS,PASS,PASS,PENDING_EXTERNAL_CHECK
1337010,Alba: A Wildlife Adventure,ustwo games,"ustwo games, PID Games",0.6272,Depth,0.3546,0.9288,0.784,6007,0.9789,Overwhelmingly Positive,"100,000 .. 200,000",150000.0,16.99,79,True,False,False,False,2020,Adventure|Casual,3D|Action-Adventure|Adventure|Cartoony|Casual|Collectathon|Colorful|Cozy|Creature Collector|Cute|Exploration|Family Friendly|Female Protagonist|Funny|Indie,PASS,PASS,PASS,PASS,PASS,PENDING_EXTERNAL_CHECK
1895880,Ratchet & Clank: Rift Apart,"Insomniac Games, Nixxes Software",PlayStation Publishing LLC,0.6251,Depth,0.7428,0.4295,0.819,11503,0.8993,Very Positive,"500,000 .. 1,000,000",750000.0,59.99,,True,False,False,False,2023,Action|Adventure,3D Platformer|Action|Action-Adventure|Adventure|Cartoony|Co-op|Colorful|Cute|Family Friendly|Female Protagonist|Funny|Open World|Platformer|Sci-fi|Shooter,PASS,PASS,PASS,PASS,PASS,PENDING_EXTERNAL_CHECK
269770,Secrets of Grindea,Pixel Ferrets,Pixel Ferrets,0.6245,Depth,0.5243,0.6679,0.9513,7755,0.8917,Very Positive,"200,000 .. 500,000",350000.0,14.99,,True,True,True,True,2024,Action|Adventure|Indie|RPG,2D|Action|Action RPG|Action-Adventure|Adventure|Anime|Character Customization|Co-op Campaign|Cute|Fantasy|Funny|Hack and Slash|Indie|JRPG|Multiplayer,PASS,PASS,PASS,PASS,PASS,PENDING_EXTERNAL_CHECK
236450,PAC-MAN™ Championship Edition DX+,"Mine Loader Software Co., Ltd.",BANDAI NAMCO Entertainment,0.6238,Depth,0.5218,0.6629,0.9775,7734,0.9553,Overwhelmingly Positive,"200,000 .. 500,000",350000.0,9.99,,True,False,False,False,2013,Action,2D|Action|Addictive|Arcade|Casual|Classic|Colorful|Controller|Fast-Paced|Great Soundtrack|Multiplayer|Old School|Pixel Graphics|Puzzle|Remake,PASS,PASS,PASS,PASS,PASS,PENDING_EXTERNAL_CHECK
1182620,Impostor Factory,Freebird Games,Freebird Games,0.6218,Anchor,0.7241,0.402,0.99,11116,0.9591,Overwhelmingly Positive,"500,000 .. 1,000,000",750000.0,9.99,80,True,True,False,False,2021,Adventure|Casual|Indie|RPG,2D|Adventure|Atmospheric|Comedy|Cute|Emotional|Funny|Interactive Fiction|JRPG|Linear|Lovecraftian|Mystery|Narrative|Pixel Graphics|Psychological Horror,PASS,PASS,PASS,PASS,PASS,PENDING_EXTERNAL_CHECK
1458100,Cozy Grove,Spry Fox LLC,Spry Fox LLC,0.6217,Depth,0.5169,0.6617,0.9863,7632,0.9017,Very Positive,"200,000 .. 500,000",350000.0,14.99,,True,True,False,False,2021,Casual|Indie,2D|Atmospheric|Cartoony|Casual|Character Customization|Collectathon|Colorful|Cozy|Crafting|Cute|Funny|Hidden Object|Indie|Life Sim|Management,PASS,PASS,PASS,PASS,PASS,PENDING_EXTERNAL_CHECK
313690,LEGO® Batman™ 3: Beyond Gotham,TT Games Ltd,WB Games,0.6212,Depth,0.5581,0.6904,0.6598,8115,0.8941,Very Positive,"200,000 .. 500,000",350000.0,19.99,,True,False,False,True,2014,Action|Adventure,Action|Adventure|Co-op|Comedy|Comic Book|Controller|Family Friendly|Funny|LEGO|Local Co-Op|Multiplayer|Online Co-Op|Open World|Puzzle|Sandbox,PASS,PASS,PASS,PASS,PASS,PENDING_EXTERNAL_CHECK
398710,Timberman,Digital Melody,Forever Entertainment S. A.,0.6206,Low-cost option,0.7341,0.4207,0.8527,11329,0.9324,Very Positive,"500,000 .. 1,000,000",750000.0,0.5,,True,True,False,True,2015,Action|Casual|Indie,2D|4 Player Local|Action|Arcade|Casual|Clicker|Difficult|Fast-Paced|Funny|Indie|Local Multiplayer|Multiplayer|Pixel Graphics|Score Attack|Singleplayer,PASS,PASS,PASS,PASS,PASS,PENDING_EXTERNAL_CHECK
280160,Aragami,Lince Works,Lince Works,0.6203,Anchor,0.7728,0.4869,0.392,12519,0.9006,Very Positive,"500,000 .. 1,000,000",750000.0,19.99,71,True,True,True,True,2016,Action|Adventure|Indie,Action|Adventure|Anime|Assassin|Atmospheric|Blood|Co-op|Gore|Great Soundtrack|Indie|Magic|Multiplayer|Ninja|Online Co-Op|Open World,PASS,PASS,PASS,PASS,PASS,PENDING_EXTERNAL_CHECK
847370,Sunset Overdrive,"Insomniac Games, Blind Squirrel Games",Xbox Game Studios,0.62,Anchor,0.7628,0.4582,0.5531,12112,0.902,Very Positive,"500,000 .. 1,000,000",750000.0,19.99,83,True,False,False,False,2018,Action|Adventure,3D Platformer|Action|Adventure|Character Customization|Colorful|Comedy|Fast-Paced|Female Protagonist|Funny|Great Soundtrack|Open World|Parkour|Post-apocalyptic|Sandbox|Shooter,PASS,PASS,PASS,PASS,PASS,PENDING_EXTERNAL_CHECK
1070580,Drift86,RewindApp,RewindApp,0.62,Low-cost option,0.3458,0.9251,0.7703,5926,0.9141,Very Positive,"100,000 .. 200,000",150000.0,1.99,,True,True,False,True,2019,Casual|Indie|Racing,Action|Arcade|Automobile Sim|Casual|Colorful|Controller|Family Friendly|Great Soundtrack|Indie|Local Multiplayer|Multiplayer|Racing|Relaxing|Retro|Runner,PASS,PASS,PASS,PASS,PASS,PENDING_EXTERNAL_CHECK
528230,SYNTHETIK: Legion Rising,Flow Fire Games,"Flow Fire Games, WhisperGames",0.618,Depth,0.7715,0.4831,0.3895,12494,0.9421,Very Positive,"500,000 .. 1,000,000",750000.0,19.99,,True,True,True,True,2018,Action|Indie,Action|Action Roguelike|Bullet Hell|Co-op|Cyberpunk|Difficult|Great Soundtrack|Indie|Isometric|Multiplayer|Online Co-Op|Robots|Roguelike|Roguelite|Shooter,PASS,PASS,PASS,PASS,PASS,PENDING_EXTERNAL_CHECK
320240,We Happy Few,Compulsion Games,Gearbox Publishing,0.6161,Anchor,0.7865,0.5119,0.181,12977,0.7673,Mostly Positive,"500,000 .. 1,000,000",750000.0,59.99,62,True,True,False,False,2018,Action|Adventure|Indie,Action|Adventure|Atmospheric|Crafting|Dark|Dystopian|Early Access|Exploration|First-Person|Horror|Indie|Mature|Open World|Procedural Generation|Psychological Horror,PASS,PASS,PASS,PASS,PASS,PENDING_EXTERNAL_CHECK
1066890,Automobilista 2,Reiza Studios,Reiza Studios,0.6159,Depth,0.6242,0.7416,0.0712,9112,0.9214,Very Positive,"200,000 .. 500,000",350000.0,39.99,,True,True,False,True,2020,Action|Indie|Racing|Simulation|Sports,Action|Automobile Sim|Driving|Indie|Multiplayer|Racing|Realistic|Simulation|Sports|VR,PASS,PASS,PASS,PASS,PASS,PENDING_EXTERNAL_CHECK
1194630,The Dark Pictures Anthology: Little Hope,Supermassive Games,BANDAI NAMCO Entertainment Europe,0.6135,Depth,0.5693,0.6979,0.4969,8193,0.7266,Mostly Positive,"200,000 .. 500,000",350000.0,19.99,,True,False,False,True,2020,Adventure,Blood|Choices Matter|Co-op|Dark|Drama|Episodic|Horror|Multiplayer|Multiple Endings|Mystery|Mythology|Psychological|Psychological Horror|Quick-Time Events|Singleplayer,PASS,PASS,PASS,PASS,PASS,PENDING_EXTERNAL_CHECK
934700,Dead Island 2,Dambuster Studios,Deep Silver,0.6119,Depth,0.6192,0.7391,0.0662,9016,0.7496,Mostly Positive,"200,000 .. 500,000",350000.0,34.99,,True,False,True,True,2024,Action|Adventure,Action|Action RPG|Action-Adventure|Adventure|Character Customization|Co-op|Combat|Controller|Crafting|Dark|Dark Humor|FPS|First-Person|Gore|Hack and Slash,PASS,PASS,PASS,PASS,PASS,PENDING_EXTERNAL_CHECK
388880,Oxenfree,Night School Studio,Night School Studio,0.6107,Anchor,0.7403,0.4257,0.7029,11488,0.919,Very Positive,"500,000 .. 1,000,000",750000.0,9.99,80,True,True,False,False,2016,Adventure|Indie,2.5D|2D|Adventure|Atmospheric|Choices Matter|Female Protagonist|Great Soundtrack|Horror|Indie|Lovecraftian|Multiple Endings|Mystery|Psychological Horror|Short|Side Scroller,PASS,PASS,PASS,PASS,PASS,PENDING_EXTERNAL_CHECK
489630,"Warhammer 40,000: Gladius - Relics of War",Proxy Studios,Slitherine Ltd.,0.6091,Anchor,0.789,0.5156,0.0836,13062,0.8098,Very Positive,"500,000 .. 1,000,000",750000.0,39.99,71,True,False,True,True,,Strategy,,PASS,PASS,PASS,PASS,PASS,PENDING_EXTERNAL_CHECK
1684930,CULTIC,Jasozz Games,3D Realms,0.6089,Depth,0.3858,0.9338,0.4245,6268,0.9844,Overwhelmingly Positive,"100,000 .. 200,000",150000.0,9.99,,True,True,False,False,2022,Action|Indie,3D|Action|Boomer Shooter|Combat|Dark|FPS|First-Person|Gore|Horror|Indie|Lovecraftian|Old School|Physics|Pixel Graphics|PvE,PASS,PASS,PASS,PASS,PASS,PENDING_EXTERNAL_CHECK
1324130,Stranded: Alien Dawn,Haemimont Games,Frontier Foundry,0.6071,Anchor,0.6017,0.7341,0.1261,8859,0.8521,Very Positive,"200,000 .. 500,000",350000.0,34.99,81,True,False,False,False,2023,Simulation|Strategy,3D|Base Building|Building|Choices Matter|Colony Sim|Combat|Cooking|Crafting|Destruction|Hunting|Inventory Management|Management|Resource Management|Sci-fi|Simulation,PASS,PASS,PASS,PASS,PASS,PENDING_EXTERNAL_CHECK
990630,The Last Campfire,Hello Games,Hello Games,0.6062,Anchor,0.7203,0.3958,0.8777,11065,0.9763,Overwhelmingly Positive,"500,000 .. 1,000,000",750000.0,1.49,80,True,True,False,False,2021,Adventure|Indie,3D|3D Platformer|Adventure|Atmospheric|Controller|Cute|Dark|Dark Fantasy|Emotional|Family Friendly|Fantasy|Indie|Narration|Philosophical|Puzzle,PASS,PASS,PASS,PASS,PASS,PENDING_EXTERNAL_CHECK
764790,The Messenger,Sabotage,Devolver Digital,0.6056,Anchor,0.7116,0.3845,0.96,10967,0.9343,Very Positive,"500,000 .. 1,000,000",750000.0,3.99,83,True,True,False,False,2018,Action|Indie,2D|2D Platformer|Action|Action-Adventure|Adventure|Beautiful|Comedy|Difficult|Epic|Funny|Great Soundtrack|Indie|Metroidvania|Ninja|Pixel Graphics,PASS,PASS,PASS,PASS,PASS,PENDING_EXTERNAL_CHECK
1606180,下一站江湖Ⅱ,白玉京工作室,白玉京工作室,0.6054,Depth,0.4101,0.9426,0.2335,6470,0.7325,Mostly Positive,"100,000 .. 200,000",150000.0,24.99,,True,True,False,False,2024,Action|Adventure|Indie|RPG,3D|3D Platformer|Action|Action RPG|Action RTS|Adventure|Alternate History|Combat|Exploration|Indie|Martial Arts|Multiple Endings|Open World|RPG|Sandbox,PASS,PASS,PASS,PASS,PASS,PENDING_EXTERNAL_CHECK
1801110,BOKURA,ところにょり,Kodansha,0.604,Depth,0.5106,0.6579,0.8552,7585,0.9172,Very Positive,"200,000 .. 500,000",350000.0,5.49,,True,True,True,True,2023,Action|Adventure|Casual|Indie,2D|Action|Action-Adventure|Adventure|Atmospheric|Casual|Co-op|Cute|Drama|Early Access|Emotional|Indie|Local Co-Op|Local Multiplayer|Multiplayer,PASS,PASS,PASS,PASS,PASS,PENDING_EXTERNAL_CHECK
673880,"Warhammer 40,000: Mechanicus",Bulwark Studios,Kasedo Games,0.6026,Anchor,0.7803,0.5031,0.1124,12840,0.9175,Very Positive,"500,000 .. 1,000,000",750000.0,29.99,78,True,False,False,False,,Strategy,,PASS,PASS,PASS,PASS,PASS,PENDING_EXTERNAL_CHECK
515180,Bus Simulator 18,stillalive studios,astragon Entertainment,0.602,Anchor,0.7815,0.5056,0.0899,12880,0.8118,Very Positive,"500,000 .. 1,000,000",750000.0,24.99,67,True,False,True,True,2018,Simulation,Action|Automobile Sim|Co-op|Driving|First-Person|Management|Mod|Moddable|Multiplayer|Open World|Realistic|Simulation|Singleplayer|Strategy|VR,PASS,PASS,PASS,PASS,PASS,PENDING_EXTERNAL_CHECK
1764390,BAD END THEATER,NomnomNami,NomnomNami,0.6014,Depth,0.5006,0.6467,0.9238,7450,0.975,Overwhelmingly Positive,"200,000 .. 500,000",350000.0,9.99,,True,False,False,False,2021,Simulation,2D|Anime|Choices Matter|Choose Your Own Adventure|Colorful|Cute|Demons|Fantasy|Female Protagonist|Gore|LGBTQ+|Multiple Endings|Pixel Graphics|Romance|Simulation,PASS,PASS,PASS,PASS,PASS,PENDING_EXTERNAL_CHECK
1122720,Sayonara Wild Hearts,Simogo,Annapurna Interactive,0.6014,Depth,0.5556,0.6829,0.5044,8033,0.9685,Overwhelmingly Positive,"200,000 .. 500,000",350000.0,12.99,,True,False,False,False,2019,Action|Casual,3D|Action|Action-Adventure|Adventure|Arcade|Atmospheric|Beautiful|Casual|Colorful|Fantasy|Female Protagonist|Great Soundtrack|Indie|LGBTQ+|Music,PASS,PASS,PASS,PASS,PASS,PENDING_EXTERNAL_CHECK
