fit_rank,app_id,name,release_date,genres,top_matching_tags,price_cents,price_usd,price_band,review_score,total,owners_range,owners_mid,performance_score,profile_fit_score,priority_score,evidence_tier,in_winner_cohort,in_top50_reference,gamepass_status,gamepass_note,is_top5_pick
1,418030,Subsistence,2016-10-25,"Action, Early Access","Co-op, Online Co-Op, Multiplayer, Sandbox, Open World, Open World Survival Craft, Difficult, Building",1399,13.99,$10-14.99,6,12640,"500,000 - 1,000,000",750000,-0.5905,100.0,81.97,high,0,0,not_on_gamepass,"Subsistence - PC-only, no Xbox port found; checked 2026-08-21",1
3,526160,The Wild Eight,2019-10-03,"Action, Adventure, Indie, RPG, Simulation","Co-op, Online Co-Op, Multiplayer, Sandbox, Open World, Open World Survival Craft, Difficult, Survival",2499,24.99,$20-29.99,6,7257,"200,000 - 500,000",350000,-0.9711,98.52,79.23,high,0,0,not_on_gamepass,"The Wild Eight - purchasable on Xbox store, but not in Game Pass catalogue; checked 2026-08-21",1
5,1159690,Voidtrain,2023-05-09,"Action, Adventure, Early Access, Indie, RPG, Simulation","Co-op, Online Co-Op, Multiplayer, Sandbox, Open World, Open World Survival Craft, Building, Survival",2999,29.99,$20-29.99,6,5053,"200,000 - 500,000",350000,-1.0987,96.43,77.52,high,0,0,on_gamepass,"Voidtrain - added to Xbox Game Pass day-one, 2025-11-07 (Pure Xbox / Xbox Wire)",0
7,393420,Hurtworld,2019-12-10,"Action, Adventure, Simulation","Co-op, Multiplayer, Sandbox, Open World, Open World Survival Craft, Building, Survival, Crafting",2499,24.99,$20-29.99,6,31203,"500,000 - 1,000,000",750000,-0.2721,95.18,81.24,high,0,0,not_on_gamepass,Hurtworld - no Game Pass listing found; checked 2026-08-21,1
9,951440,Volcanoids,2019-01-29,"Action, Adventure, Early Access, Indie, Simulation","Co-op, Online Co-Op, Multiplayer, Sandbox, Open World, Open World Survival Craft, Building, Survival",1999,19.99,$15-19.99,8,8503,"200,000 - 500,000",350000,-0.3473,93.89,80.2,high,0,0,not_on_gamepass,"Volcanoids - PC-only, devs have only discussed a future console port; checked 2026-08-21",1
13,250400,How to Survive,2014-08-29,"Action, Adventure, RPG","Co-op, Online Co-Op, Multiplayer, Open World, Open World Survival Craft, Survival, Local Co-Op, Crafting",1499,14.99,$10-14.99,8,16960,"1,000,000 - 2,000,000",1500000,0.2495,92.15,82.46,high,0,0,not_on_gamepass,How to Survive - no current Game Pass listing found; checked 2026-08-21,1
31,313120,Stranded Deep,2022-08-10,"Adventure, Indie","Co-op, Multiplayer, Sandbox, Open World, Open World Survival Craft, Building, Survival, Crafting",1999,19.99,$15-19.99,6,44648,"1,000,000 - 2,000,000",1500000,0.0225,89.4,79.9,high,0,0,unverified,,0
33,803050,Per Aspera,2020-12-03,"Indie, Simulation, Strategy","Co-op, Online Co-Op, Multiplayer, Moddable, Sandbox, Building, Survival, Base Building",2999,29.99,$20-29.99,6,5270,"200,000 - 500,000",350000,-1.0838,89.08,73.92,high,0,0,unverified,,0
34,1307550,Craftopia,2020-09-04,"Action, Adventure, Early Access, Indie, RPG","Co-op, Online Co-Op, Multiplayer, Sandbox, Open World, Open World Survival Craft, Building, Survival",2499,24.99,$20-29.99,6,19231,"1,000,000 - 2,000,000",1500000,-0.2743,89.0,78.13,high,0,0,unverified,,0
35,1377380,Night of the Dead,2024-05-31,"Action, Adventure, Indie, RPG, Simulation","Online Co-Op, Multiplayer, Sandbox, Open World, Open World Survival Craft, Building, Survival, Base Building",2999,29.99,$20-29.99,6,10889,"200,000 - 500,000",350000,-0.8282,88.84,75.14,high,0,0,unverified,,0
38,366090,Colony Survival,2017-06-16,"Action, Adventure, Early Access, Indie, Strategy","Co-op, Multiplayer, Sandbox, Open World, Building, Survival, Base Building, Crafting",2495,24.95,$20-29.99,8,7809,"200,000 - 500,000",350000,-0.3773,88.72,77.45,high,0,0,unverified,,0
39,768200,Smalland: Survive the Wilds,2024-02-15,"Action, Adventure, Indie, RPG","Co-op, Online Co-Op, Multiplayer, Sandbox, Open World, Open World Survival Craft, Building, Survival",3499,34.99,$30-39.99,8,7319,"200,000 - 500,000",350000,-0.4001,88.72,77.33,high,0,0,unverified,,0
47,895400,Deadside,2020-04-14,"Action, Adventure, Early Access, Indie, Massively Multiplayer","Co-op, Online Co-Op, Multiplayer, Open World, Open World Survival Craft, Massively Multiplayer, Survival, Base Building",2499,24.99,$20-29.99,6,34895,"500,000 - 1,000,000",750000,-0.2327,87.59,77.65,high,0,0,unverified,,0
49,1169040,Necesse,2019-12-12,"Action, Adventure, Early Access, Indie, RPG","Co-op, Online Co-Op, Multiplayer, Sandbox, Open World, Open World Survival Craft, Building, Survival",1499,14.99,$10-14.99,8,13746,"500,000 - 1,000,000",750000,0.0071,86.73,78.48,high,0,0,unverified,,0
57,736220,Squad 44,2018-08-09,"Action, Indie, Massively Multiplayer, Strategy","Co-op, Multiplayer, Open World, Massively Multiplayer, Team-Based, FPS, First-Person, War",2999,29.99,$20-29.99,6,22742,"1,000,000 - 2,000,000",1500000,-0.2152,86.14,77.02,high,0,0,unverified,,0
76,257420,Serious Sam 4,2020-09-24,"Action, Adventure, Indie","Co-op, Great Soundtrack, Multiplayer, Open World, Difficult, Gore, FPS, First-Person",3999,39.99,$30-39.99,8,15205,"1,000,000 - 2,000,000",1500000,0.211,85.04,78.71,high,0,0,unverified,,0
83,342180,Arizona Sunshine®,2016-12-06,"Action, Adventure, Indie","Co-op, Online Co-Op, Multiplayer, Open World, Survival, Gore, Survival Horror, FPS",1999,19.99,$15-19.99,6,9148,"500,000 - 1,000,000",750000,-0.7044,84.33,73.54,high,0,0,unverified,,0
90,253430,CastleMiner Z,2014-02-03,"Action, Adventure, Indie, Violent","Co-op, Online Co-Op, Multiplayer, Sandbox, Open World, Open World Survival Craft, Survival, Crafting",599,5.99,$5-9.99,8,10517,"500,000 - 1,000,000",750000,-0.0872,83.97,76.6,high,0,0,unverified,,0
93,285920,TerraTech,2018-08-10,"Action, Indie","Online Co-Op, Multiplayer, Sandbox, Open World, Open World Survival Craft, Building, Survival, Crafting",2499,24.99,$20-29.99,8,22400,"500,000 - 1,000,000",750000,0.1791,83.72,77.88,high,0,0,unverified,,0
103,204340,Serious Sam 2,2012-01-31,"Action, Indie","Co-op, Great Soundtrack, Online Co-Op, Multiplayer, Difficult, Gore, Funny, FPS",999,9.99,$5-9.99,8,12080,"2,000,000 - 5,000,000",3500000,0.3358,83.22,78.45,high,0,0,unverified,,0
114,306020,Bloons TD 5,2014-11-19,"Action, Strategy","Co-op, Great Soundtrack, Online Co-Op, Multiplayer, Sandbox, Difficult, Survival, Replay Value",999,9.99,$5-9.99,8,11234,"500,000 - 1,000,000",750000,-0.064,82.75,76.12,high,0,0,unverified,,0
115,632300,Hobo: Tough Life,2021-04-12,"Adventure, Indie, RPG, Simulation","Co-op, Online Co-Op, Multiplayer, Sandbox, Open World, Survival, Base Building, Crafting",2999,29.99,$20-29.99,8,8163,"200,000 - 500,000",350000,-0.3617,82.62,74.49,high,0,0,unverified,,0
130,2071280,Ravenswatch,2024-09-26,"Action, Adventure","Co-op, Online Co-Op, Multiplayer, Difficult, Replay Value, Hack and Slash, Atmospheric, Roguelite",2499,24.99,$20-29.99,6,11195,"200,000 - 500,000",350000,-0.8184,82.0,71.77,high,0,0,unverified,,0
131,250340,Blockland,2013-12-16,"Action, Indie, Simulation","Co-op, Multiplayer, Moddable, Sandbox, Open World, Building, Funny, FPS",999,9.99,$5-9.99,6,5563,"500,000 - 1,000,000",750000,-0.8797,81.98,71.44,high,0,0,unverified,,0
133,429050,Feed and Grow: Fish,2016-01-08,"Action, Early Access, Indie, Simulation","Co-op, Great Soundtrack, Multiplayer, Sandbox, Open World, Survival, Funny, Simulation",1499,14.99,$10-14.99,6,17217,"500,000 - 1,000,000",750000,-0.4816,81.83,73.46,high,0,0,unverified,,0
140,544550,Stationeers,2017-12-12,"Action, Early Access, Indie, Simulation","Co-op, Multiplayer, Sandbox, Open World, Open World Survival Craft, Building, Survival, Base Building",3499,34.99,$30-39.99,8,6557,"200,000 - 500,000",350000,-0.4388,81.48,73.51,high,0,0,unverified,,0
142,280790,Creativerse,2017-05-08,"Action, Adventure, Casual, Indie, Massively Multiplayer, RPG, Simulation","Co-op, Online Co-Op, Multiplayer, Sandbox, Open World, Open World Survival Craft, Building, Survival",1249,12.49,$10-14.99,6,31042,"1,000,000 - 2,000,000",1500000,-0.1056,81.44,75.24,high,0,0,unverified,,0
145,1127400,Mindustry,2019-09-26,Strategy,"Co-op, Online Co-Op, Multiplayer, Sandbox, Building, Survival, Base Building, Management",999,9.99,$5-9.99,9,20162,"500,000 - 1,000,000",750000,0.4261,81.4,78.02,high,0,0,unverified,,0
150,792300,The Beast Inside,2019-10-17,"Action, Adventure, Indie","Great Soundtrack, Multiplayer, Open World, Survival, Gore, Survival Horror, First-Person, Horror",2499,24.99,$20-29.99,8,10709,"500,000 - 1,000,000",750000,-0.0809,81.2,75.25,high,0,0,unverified,,0
152,706990,BLOCKPOST LEGACY,2019-04-25,"Action, Free To Play, Indie","Co-op, Online Co-Op, Multiplayer, Building, Massively Multiplayer, Survival, Gore, Funny",0,0.0,free,6,16544,"200,000 - 500,000",350000,-0.6808,81.18,72.09,high,0,0,unverified,,0
162,252610,Death Road to Canada,2016-07-21,"Action, Indie, RPG","Co-op, Great Soundtrack, Multiplayer, Difficult, Memes, Survival, Local Co-Op, Replay Value",1499,14.99,$10-14.99,8,8922,"200,000 - 500,000",350000,-0.3303,80.83,73.76,high,0,0,unverified,,0
164,518150,Intruder,2019-03-01,Early Access,"Co-op, Multiplayer, Team-Based, Funny, Competitive, FPS, First-Person, Simulation",1999,19.99,$15-19.99,8,6343,"500,000 - 1,000,000",750000,-0.2654,80.81,74.09,high,0,0,unverified,,0
167,241540,State of Decay,2013-11-05,"Action, RPG, Simulation","Co-op, Multiplayer, Sandbox, Open World, Survival, Base Building, Survival Horror, Simulation",0,0.0,free,8,17556,"500,000 - 1,000,000",750000,0.0933,80.73,75.93,high,0,0,unverified,,0
175,280160,Aragami,2016-10-04,"Action, Adventure, Indie","Co-op, Great Soundtrack, Online Co-Op, Multiplayer, Open World, Gore, Blood, Atmospheric",1999,19.99,$15-19.99,8,12519,"500,000 - 1,000,000",750000,-0.0258,80.48,75.18,high,0,0,unverified,,0
179,1307890,Kingdoms Reborn,,"Early Access, Indie, Simulation, Strategy","Co-op, Multiplayer, Open World, Building, Survival, Base Building, Colony Sim, Management",1999,19.99,$15-19.99,8,8646,"500,000 - 1,000,000",750000,-0.1562,80.33,74.42,high,0,0,unverified,,0
190,427730,Who's Your Daddy?!,2016-05-13,"Action, Casual, Indie","Co-op, Online Co-Op, Multiplayer, Sandbox, Difficult, Survival, Funny, First-Person",699,6.99,$5-9.99,6,29403,"2,000,000 - 5,000,000",3500000,0.0812,79.85,75.43,high,0,0,unverified,,0
191,933820,Endzone - A World Apart,2021-03-18,"Indie, Simulation, Strategy","Sandbox, Difficult, Building, Survival, Base Building, Colony Sim, Management, City Builder",2999,29.99,$20-29.99,6,9145,"500,000 - 1,000,000",750000,-0.7046,79.85,71.3,high,0,0,unverified,,0
196,738520,Breathedge,2021-02-25,"Action, Adventure, Indie, Simulation","Co-op, Sandbox, Open World, Open World Survival Craft, Survival, Base Building, Crafting, First-Person",2499,24.99,$20-29.99,8,14289,"500,000 - 1,000,000",750000,0.0207,79.71,75.04,high,0,0,unverified,,0
200,253250,Stonehearth,2018-07-25,"Indie, Simulation, Strategy","Multiplayer, Sandbox, Open World, Building, Survival, Crafting, Colony Sim, Management",1999,19.99,$15-19.99,6,12508,"500,000 - 1,000,000",750000,-0.5942,79.55,71.73,high,0,0,unverified,,0
203,383120,Empyrion - Galactic Survival,,"Eventyr, Indie, Simulation, Strategi","Co-op, Multiplayer, Sandbox, Open World, Open World Survival Craft, Building, Survival, Crafting",799,7.99,$5-9.99,6,32451,"1,000,000 - 2,000,000",1500000,-0.0899,79.37,74.29,high,0,0,unverified,,0
205,298630,The Escapists,2015-02-13,"Action, Adventure, Indie, Simulation, Strategy","Co-op, Multiplayer, Sandbox, Difficult, Survival, Crafting, Funny, Simulation",1799,17.99,$15-19.99,8,15924,"1,000,000 - 2,000,000",1500000,0.2273,79.35,75.95,high,0,0,unverified,,0
208,265210,Viscera Cleanup Detail: Santa's Rampage,2013-12-13,"Gore, Indie, Simulation","Co-op, Online Co-Op, Multiplayer, Sandbox, Gore, Funny, First-Person, Blood",249,2.49,$0.01-4.99,8,5660,"1,000,000 - 2,000,000",1500000,-0.1371,79.17,73.94,high,0,0,unverified,,0
209,509980,BIGFOOT,2017-01-31,"Action, Adventure, Early Access, Indie","Co-op, Online Co-Op, Multiplayer, Open World, Funny, Survival Horror, FPS, First-Person",1999,19.99,$15-19.99,8,19767,"1,000,000 - 2,000,000",1500000,0.3034,79.15,76.25,high,0,0,unverified,,0
210,252330,Slender: The Arrival,2013-10-28,"Action, Adventure, Indie","Co-op, Multiplayer, Open World, Difficult, Survival, Survival Horror, First-Person, Short",1999,19.99,$15-19.99,8,8868,"100,000 - 200,000",150000,-0.5383,79.07,71.78,high,0,0,unverified,,0
221,242860,Verdun,2015-04-28,"Action, Indie, Massively Multiplayer, Simulation, Strategy","Co-op, Multiplayer, Massively Multiplayer, Gore, Team-Based, FPS, First-Person, War",1499,14.99,$10-14.99,8,37045,"500,000 - 1,000,000",750000,0.3564,78.77,76.34,high,0,0,unverified,,0
225,512900,Streets of Rogue,2019-07-12,"Action, Adventure, Indie, RPG","Co-op, Great Soundtrack, Online Co-Op, Multiplayer, Local Co-Op, Gore, Funny, Roguelite",1999,19.99,$15-19.99,9,21224,"500,000 - 1,000,000",750000,0.4441,78.63,76.73,high,0,0,unverified,,0
226,682990,Drug Dealer Simulator,,"Action, Adventure, Indie, Simulation","Co-op, Sandbox, Open World, Crafting, Funny, First-Person, Management, Simulation",1999,19.99,$15-19.99,8,19759,"1,000,000 - 2,000,000",1500000,0.3033,78.56,75.95,high,0,0,unverified,,0
227,1029780,Going Medieval,2021-06-01,"Early Access, Indie, RPG, Simulation, Strategy","Moddable, Sandbox, Open World, Building, Survival, Base Building, Colony Sim, Management",2499,24.99,$20-29.99,8,17473,"500,000 - 1,000,000",750000,0.0916,78.53,74.82,high,0,0,unverified,,0
244,539470,Police Stories,2019-09-19,"Action, Indie, Simulation, Strategy","Co-op, Online Co-Op, Multiplayer, Difficult, Gore, Simulation, Tactical, Atmospheric",1999,19.99,$15-19.99,8,8149,"200,000 - 500,000",350000,-0.3623,77.98,72.16,high,0,0,unverified,,0
245,25000,Overgrowth,2017-10-16,"Action, Indie","Multiplayer, Moddable, Sandbox, Open World, Difficult, Local Co-Op, Gore, Funny",1999,19.99,$15-19.99,8,8187,"500,000 - 1,000,000",750000,-0.1755,77.96,73.13,high,0,0,unverified,,0
253,1363430,Propagation VR,2020-09-25,Action,"Co-op, Online Co-Op, Multiplayer, Survival, Gore, Survival Horror, FPS, First-Person",0,0.0,free,8,5392,"500,000 - 1,000,000",750000,-0.3226,77.71,72.24,high,0,0,unverified,,0
254,897450,The Survivalists,2020-10-09,"Action, Adventure, Casual, Indie","Co-op, Online Co-Op, Multiplayer, Sandbox, Open World, Open World Survival Craft, Survival, Base Building",2499,24.99,$20-29.99,6,8367,"200,000 - 500,000",350000,-0.921,77.71,69.09,high,0,0,unverified,,0
259,962730,Skater XL - The Ultimate Skateboarding Game,2020-07-28,"Action, Adventure, Indie, Simulation, Sports","Online Co-Op, Multiplayer, Moddable, Sandbox, Open World, Mod, Simulation, Physics",2999,29.99,$20-29.99,8,19260,"1,000,000 - 2,000,000",1500000,0.2943,77.62,75.43,high,0,0,unverified,,0
266,914620,Mist Survival,2018-08-14,"Action, Adventure, Early Access, Indie, Simulation","Sandbox, Open World, Open World Survival Craft, Survival, Base Building, Crafting, Gore, Survival Horror",879,8.79,$5-9.99,6,12901,"500,000 - 1,000,000",750000,-0.5833,77.36,70.69,high,0,0,unverified,,0
283,248390,Craft The World,2014-11-24,"Indie, RPG, Simulation, Strategy","Multiplayer, Sandbox, Open World, Building, Survival, Crafting, Colony Sim, City Builder",1899,18.99,$15-19.99,8,15206,"500,000 - 1,000,000",750000,0.0427,77.02,73.81,high,0,0,unverified,,0
294,674500,Total Tank Simulator,2020-05-20,"Action, Indie, Simulation, Strategy","Multiplayer, Sandbox, Difficult, Funny, FPS, First-Person, War, Simulation",1999,19.99,$15-19.99,6,7682,"500,000 - 1,000,000",750000,-0.7659,76.78,69.44,high,0,0,unverified,,0
295,209670,Cortex Command,2012-09-28,"Action, Indie, Strategy","Multiplayer, Moddable, Sandbox, Difficult, Local Co-Op, Replay Value, Local Multiplayer, 4 Player Local",1999,19.99,$15-19.99,6,5950,"1,000,000 - 2,000,000",1500000,-0.6876,76.78,69.85,high,0,0,unverified,,0
300,916840,The Walking Dead: Saints & Sinners,2020-01-23,"Action, Adventure, Indie, RPG, Simulation, Strategy","Multiplayer, Open World, Survival, Gore, Survival Horror, FPS, First-Person, Simulation",3999,39.99,$30-39.99,8,9359,"500,000 - 1,000,000",750000,-0.1284,76.69,72.75,high,0,0,unverified,,0
304,2646460,Soulmask,2024-05-30,"Adventure, Early Access, Indie, Massively Multiplayer, RPG, Simulation","Multiplayer, Sandbox, Open World, Open World Survival Craft, Building, Massively Multiplayer, Survival, Base Building",2999,29.99,$20-29.99,6,10415,"200,000 - 500,000",350000,-0.8439,76.62,68.95,high,0,0,unverified,,0
308,979110,Space Haven,2020-05-21,"Early Access, Indie, RPG, Simulation, Strategy","Sandbox, Open World, Building, Survival, Base Building, Crafting, Colony Sim, Management",2299,22.99,$20-29.99,8,8440,"200,000 - 500,000",350000,-0.3499,76.48,71.48,high,0,0,unverified,,0
314,424030,War of Rights,2018-12-03,"Action, Early Access, Indie, Simulation, Strategy","Multiplayer, Massively Multiplayer, Gore, FPS, First-Person, War, Simulation, Tactical",2999,29.99,$20-29.99,8,12172,"500,000 - 1,000,000",750000,-0.0357,76.24,73.01,high,0,0,unverified,,0
315,48720,Mount & Blade: With Fire & Sword,2011-05-03,"Action, RPG","Multiplayer, Moddable, Sandbox, Open World, First-Person, War, Simulation, Strategy",999,9.99,$5-9.99,8,13323,"1,000,000 - 2,000,000",1500000,0.1645,76.24,74.06,high,0,0,unverified,,0
328,494840,UBOAT,2024-08-02,"Action, Indie, RPG, Simulation, Strategy","Moddable, Sandbox, Open World, Survival, Replay Value, Management, War, Simulation",2999,29.99,$20-29.99,8,20688,"500,000 - 1,000,000",750000,0.1511,76.0,73.87,high,0,0,unverified,,0
334,289130,ENDLESS™ Legend,2014-09-18,"RPG, Strategy","Great Soundtrack, Multiplayer, Sandbox, Open World, Tactical, Atmospheric, Turn-Based, Strategy",2999,29.99,$20-29.99,8,18243,"1,000,000 - 2,000,000",1500000,0.2752,75.93,74.49,high,0,0,unverified,,0
340,2080690,Sunkenland,2023-08-25,"Action, Early Access, Indie","Co-op, Multiplayer, Sandbox, Open World, Open World Survival Craft, Survival, Base Building, Crafting",1999,19.99,$15-19.99,8,19499,"500,000 - 1,000,000",750000,0.1303,75.88,73.7,high,0,0,unverified,,0
345,919640,Steel Division 2,2019-06-20,"Action, Indie, Simulation, Strategy","Co-op, Multiplayer, Moddable, Sandbox, Replay Value, War, Simulation, Tactical",3999,39.99,$30-39.99,6,8629,"500,000 - 1,000,000",750000,-0.725,75.81,69.17,high,0,0,unverified,,0
346,799600,Cosmoteer: Starship Architect & Commander,2022-10-24,"Early Access, Simulation, Strategy","Online Co-Op, Multiplayer, Difficult, Building, Survival, Simulation, Atmospheric, Strategy",1599,15.99,$15-19.99,9,9975,"500,000 - 1,000,000",750000,0.1781,75.8,73.91,high,0,0,unverified,,0
347,1360000,The Infected,2020-08-06,"Action, Casual, Early Access, Indie, Simulation","Sandbox, Open World, Open World Survival Craft, Building, Survival, Base Building, Crafting, Survival Horror",1599,15.99,$15-19.99,8,6125,"200,000 - 500,000",350000,-0.4628,75.8,70.54,high,0,0,unverified,,0
356,382310,Eco,2018-02-06,"Early Access, Indie, Simulation","Multiplayer, Sandbox, Open World, Open World Survival Craft, Building, Survival, Base Building, Crafting",2999,29.99,$20-29.99,8,12700,"500,000 - 1,000,000",750000,-0.0208,75.68,72.81,high,0,0,unverified,,0
357,473690,Absolver,2017-08-29,"Action, Adventure, Indie","Co-op, Online Co-Op, Multiplayer, Open World, Difficult, Massively Multiplayer, Atmospheric, Fighting",599,5.99,$5-9.99,6,14295,"500,000 - 1,000,000",750000,-0.5472,75.68,70.04,high,0,0,unverified,,0
361,391730,Crashlands,2016-01-21,"Action, Adventure, Indie, RPG","Multiplayer, Sandbox, Open World, Open World Survival Craft, Building, Survival, Base Building, Crafting",1499,14.99,$10-14.99,8,5818,"200,000 - 500,000",350000,-0.481,75.64,70.37,high,0,0,unverified,,0
372,291860,Pit People®,2018-03-02,"Action, Indie, RPG, Strategy","Co-op, Online Co-Op, Multiplayer, Open World, Memes, Local Co-Op, Funny, Comedy",1999,19.99,$15-19.99,8,7910,"500,000 - 1,000,000",750000,-0.1876,75.47,71.83,high,0,0,unverified,,0
375,403190,Planetbase,2015-10-15,"Indie, Simulation, Strategy","Sandbox, Open World, Building, Survival, Base Building, Crafting, Colony Sim, Management",749,7.49,$5-9.99,6,9540,"1,000,000 - 2,000,000",1500000,-0.5213,75.4,70.04,high,0,0,unverified,,0
379,690830,Foundation,2019-02-01,"Early Access, Indie, Simulation, Strategy","Sandbox, Open World, Building, Survival, Base Building, Colony Sim, Management, City Builder",2999,29.99,$20-29.99,8,14774,"500,000 - 1,000,000",750000,0.0325,75.32,72.91,high,0,0,unverified,,0
392,293780,Crawl,2017-04-11,"Action, Indie, RPG","Co-op, Great Soundtrack, Multiplayer, Local Co-Op, Gore, Local Multiplayer, 4 Player Local, Horror",1499,14.99,$10-14.99,8,6900,"500,000 - 1,000,000",750000,-0.2357,75.06,71.37,high,0,0,unverified,,0
394,1782380,SCP: Containment Breach Multiplayer,2021-10-25,"Free To Play, Indie, Massively Multiplayer","Co-op, Online Co-Op, Multiplayer, Massively Multiplayer, Survival, Survival Horror, FPS, First-Person",0,0.0,free,8,24497,"0 - 20,000",10000,-0.8381,75.0,68.17,high,0,0,unverified,,0
395,41000,Serious Sam HD: The First Encounter,2009-11-24,"Action, Indie","Co-op, Online Co-Op, Multiplayer, Difficult, Gore, Funny, FPS, First-Person",1499,14.99,$10-14.99,8,7782,"1,000,000 - 2,000,000",1500000,-0.025,74.98,72.44,high,0,0,unverified,,0
399,1049800,BLOCKADE,2019-05-21,"Action, Free To Play, Indie, Massively Multiplayer","Co-op, Multiplayer, Open World, Building, Massively Multiplayer, Survival, Gore, Team-Based",0,0.0,free,6,11356,"500,000 - 1,000,000",750000,-0.6283,74.92,69.23,high,0,0,unverified,,0
400,513710,SCUM,2018-08-29,"Action, Adventure, Early Access, Indie, Massively Multiplayer","Multiplayer, Open World, Open World Survival Craft, Massively Multiplayer, Survival, Crafting, Gore, FPS",3999,39.99,$30-39.99,6,106741,"5,000,000 - 10,000,000",7500000,0.7205,74.92,76.33,high,0,0,unverified,,0
405,362620,Software Inc.,2015-05-01,"Early Access, Indie, Simulation, Strategy","Co-op, Online Co-Op, Multiplayer, Moddable, Sandbox, Building, Management, Simulation",2299,22.99,$20-29.99,8,6904,"100,000 - 200,000",150000,-0.6265,74.85,69.21,high,0,0,unverified,,0
410,673750,Super Bunny Man,2023-05-16,"Action, Indie","Co-op, Online Co-Op, Multiplayer, Sandbox, Memes, Local Co-Op, Funny, Local Multiplayer",1499,14.99,$10-14.99,8,8703,"200,000 - 500,000",350000,-0.3391,74.78,70.68,high,0,0,unverified,,0
413,690530,灵魂筹码 Soul at Stake,2018-06-25,"Action, Early Access, Indie, RPG","Co-op, Online Co-Op, Multiplayer, Survival, Gore, Team-Based, Survival Horror, Horror",1799,17.99,$15-19.99,6,8454,"500,000 - 1,000,000",750000,-0.7322,74.65,68.55,high,0,0,unverified,,0
414,386070,Planetary Annihilation: TITANS,2015-08-18,"Action, Indie, Strategy","Co-op, Online Co-Op, Multiplayer, Building, Base Building, War, Simulation, Destruction",2999,29.99,$20-29.99,8,13747,"500,000 - 1,000,000",750000,0.0071,74.65,72.44,high,0,0,unverified,,0
422,210770,Sanctum 2,2013-05-15,"Action, Indie, Strategy","Co-op, Great Soundtrack, Online Co-Op, Multiplayer, Survival, Funny, FPS, First-Person",1499,14.99,$10-14.99,8,14199,"2,000,000 - 5,000,000",3500000,0.3927,74.54,74.41,high,0,0,unverified,,0
424,345180,Victor Vran ARPG,,"Инди, Приключенческие игры, Ролевые игры, Экшены","Co-op, Online Co-Op, Multiplayer, Difficult, Local Co-Op, Hack and Slash, Dungeon Crawler, Action",1999,19.99,$15-19.99,8,6323,"500,000 - 1,000,000",750000,-0.2665,74.49,70.92,high,0,0,unverified,,0
431,1696810,Railroads Online,2021-10-01,"Early Access, Indie, Simulation","Online Co-Op, Multiplayer, Sandbox, Open World, Building, Team-Based, Colony Sim, First-Person",3499,34.99,$30-39.99,6,5157,"200,000 - 500,000",350000,-1.0915,74.34,66.51,high,0,0,unverified,,0
432,1149620,Gas Station Simulator,2021-09-15,"Indie, Simulation","Multiplayer, Open World, Building, Memes, Base Building, Crafting, Funny, First-Person",1999,19.99,$15-19.99,8,23366,"500,000 - 1,000,000",750000,0.194,74.34,73.27,high,0,0,unverified,,0
434,1211020,Wobbly Life,2020-07-08,"Action, Adventure, Casual, Early Access, Indie, Simulation","Co-op, Online Co-Op, Multiplayer, Sandbox, Open World, Funny, Local Multiplayer, Simulation",1799,17.99,$15-19.99,9,23104,"500,000 - 1,000,000",750000,0.4741,74.33,74.74,high,0,0,unverified,,0
436,589290,Holdfast: Nations At War,2020-03-05,"Action, Indie, Massively Multiplayer, RPG, Simulation, Strategy","Multiplayer, Moddable, Massively Multiplayer, Team-Based, FPS, First-Person, War, Simulation",1999,19.99,$15-19.99,8,24355,"500,000 - 1,000,000",750000,0.2086,74.29,73.32,high,0,0,unverified,,0
445,204880,Sins of a Solar Empire®: Rebellion,2012-06-12,"Action, Indie, Simulation, Strategy","Co-op, Online Co-Op, Multiplayer, Sandbox, Base Building, Replay Value, Management, Simulation",1999,19.99,$15-19.99,8,15820,"2,000,000 - 5,000,000",3500000,0.4308,74.18,74.43,high,0,0,unverified,,0
453,616560,Ultimate Epic Battle Simulator,2017-06-01,"Action, Adventure, Indie, Simulation, Strategy","Sandbox, Open World, Memes, Survival, Gore, Funny, War, Simulation",1499,14.99,$10-14.99,6,12031,"500,000 - 1,000,000",750000,-0.6079,74.08,68.92,high,0,0,unverified,,0
462,858810,Dawn of Man,2019-03-01,"Indie, Simulation, Strategy","Multiplayer, Sandbox, Open World, Survival, Colony Sim, Management, City Builder, Simulation",1249,12.49,$10-14.99,8,16638,"1,000,000 - 2,000,000",1500000,0.2428,73.95,73.33,high,0,0,unverified,,0
468,1605220,Dune: Spice Wars,2023-09-14,Strategy,"Co-op, Multiplayer, Building, Base Building, Management, War, Simulation, Tactical",3499,34.99,$30-39.99,6,11622,"1,000,000 - 2,000,000",1500000,-0.4517,73.87,69.64,high,0,0,unverified,,0
472,355790,Styx: Shards of Darkness,2017-03-14,"Action, Adventure","Co-op, Multiplayer, Open World, Gore, Atmospheric, Violent, Dark Humor, Story Rich",1999,19.99,$15-19.99,8,5565,"500,000 - 1,000,000",750000,-0.3115,73.8,70.34,high,0,0,unverified,,0
473,1158940,Blazing Sails,2023-11-13,"Action, Adventure, Casual, Indie","Co-op, Online Co-Op, Multiplayer, Open World, Survival, Team-Based, Funny, Competitive",599,5.99,$5-9.99,8,9000,"100,000 - 200,000",150000,-0.5331,73.77,69.16,high,0,0,unverified,,0
476,324080,Rising World,2014-12-03,"Action, Adventure, Early Access, Indie, RPG","Co-op, Multiplayer, Sandbox, Open World Survival Craft, Building, Survival, Base Building, Crafting",1124,11.24,$10-14.99,8,5026,"200,000 - 500,000",350000,-0.5325,73.69,69.12,high,0,0,unverified,,0
485,1062520,Dinkum,2022-07-14,"Early Access, Indie, RPG, Simulation","Co-op, Online Co-Op, Sandbox, Open World, Open World Survival Craft, Building, Crafting, Farming Sim",1999,19.99,$15-19.99,8,21010,"500,000 - 1,000,000",750000,0.1565,73.54,72.67,high,0,0,unverified,,0
486,955900,Amazing Cultivation Simulator,2020-11-24,,"Sandbox, Open World, Building, Survival, Base Building, Colony Sim, Management, Simulation",1674,16.74,$15-19.99,8,22538,"500,000 - 1,000,000",750000,0.1813,73.53,72.8,high,0,0,unverified,,0
491,317360,Double Action: Boogaloo,2014-10-23,"Action, Free To Play, Indie","Co-op, Online Co-Op, Multiplayer, Open World, Survival, Funny, FPS, First-Person",0,0.0,free,8,11298,"2,000,000 - 5,000,000",3500000,0.3122,73.49,73.46,high,0,0,unverified,,0
496,1324780,Easy Red 2,2022-01-06,"Action, Indie, Simulation, Strategy","Multiplayer, Sandbox, Gore, Team-Based, FPS, First-Person, War, Simulation",899,8.99,$5-9.99,8,5162,"200,000 - 500,000",350000,-0.5231,73.44,69.05,high,0,0,unverified,,0
499,1012790,Into the Radius VR,2020-07-20,"Action, Indie","Open World, Survival, Survival Horror, FPS, First-Person, Simulation, Horror, Tactical",2999,29.99,$20-29.99,8,10286,"500,000 - 1,000,000",750000,-0.0951,73.41,71.28,high,0,0,unverified,,0
522,22100,Mount & Blade,2008-11-03,"Indie, RPG","Multiplayer, Moddable, Sandbox, Open World, Replay Value, First-Person, War, Simulation",999,9.99,$5-9.99,8,6292,"500,000 - 1,000,000",750000,-0.2682,72.96,70.15,high,0,0,unverified,,0
533,215470,Primal Carnage,2012-10-29,"Action, Indie","Co-op, Multiplayer, Open World, Massively Multiplayer, Survival, Team-Based, Funny, FPS",499,4.99,$0.01-4.99,6,5845,"200,000 - 500,000",350000,-1.0474,72.82,65.98,high,0,0,unverified,,0
545,224480,Octodad: Dadliest Catch,2014-01-30,"Action, Adventure, Indie","Co-op, Great Soundtrack, Difficult, Local Co-Op, Funny, Addictive, Local Multiplayer, Simulation",1499,14.99,$10-14.99,8,9822,"500,000 - 1,000,000",750000,-0.1113,72.7,70.84,high,0,0,unverified,,0
553,271240,Offworld Trading Company,2016-04-28,"Indie, Simulation, Strategy","Online Co-Op, Multiplayer, Survival, Base Building, Replay Value, Colony Sim, Management, City Builder",2999,29.99,$20-29.99,6,5490,"200,000 - 500,000",350000,-1.0695,72.63,65.77,high,0,0,unverified,,0
554,268870,Satellite Reign,2015-08-27,"Action, Indie, Strategy","Co-op, Great Soundtrack, Multiplayer, Open World, Tactical, Atmospheric, Strategy, RTS",2999,29.99,$20-29.99,6,5155,"1,000,000 - 2,000,000",1500000,-0.7381,72.63,67.51,high,0,0,unverified,,0
561,268750,Magicite,2014-06-09,"Action, Adventure, Indie, RPG","Co-op, Online Co-Op, Multiplayer, Sandbox, Difficult, Survival, Crafting, Roguelite",499,4.99,$0.01-4.99,8,7553,"500,000 - 1,000,000",750000,-0.2039,72.54,70.28,high,0,0,unverified,,0
572,1944430,Amnesia: The Bunker,2023-06-06,"Action, Adventure, Indie","Sandbox, Open World, Difficult, Survival, Survival Horror, FPS, First-Person, Horror",2499,24.99,$20-29.99,8,7393,"200,000 - 500,000",350000,-0.3966,72.45,69.22,high,0,0,unverified,,0
573,214420,Gear Up,2015-01-28,"Action, Free To Play, Indie","Multiplayer, Sandbox, Open World, Building, Massively Multiplayer, Funny, FPS, War",0,0.0,free,6,8402,"1,000,000 - 2,000,000",1500000,-0.566,72.44,68.32,high,0,0,unverified,,0
579,4920,Natural Selection 2,2012-10-30,"Action, Indie, Strategy","Co-op, Online Co-Op, Multiplayer, Moddable, Team-Based, Competitive, FPS, First-Person",499,4.99,$0.01-4.99,8,13022,"1,000,000 - 2,000,000",1500000,0.1564,72.38,72.09,high,0,0,unverified,,0
585,361300,Mother Russia Bleeds,2016-09-05,"Action, Indie","Co-op, Great Soundtrack, Multiplayer, Difficult, Memes, Local Co-Op, Gore, 4 Player Local",1499,14.99,$10-14.99,8,5059,"200,000 - 500,000",350000,-0.5302,72.29,68.43,high,0,0,unverified,,0
591,480430,Hide and Shriek,2017-10-19,"Action, Free To Play","Co-op, Multiplayer, Memes, Funny, Competitive, First-Person, Horror, Atmospheric",0,0.0,free,8,5152,"500,000 - 1,000,000",750000,-0.3386,72.22,69.41,high,0,0,unverified,,0
600,248570,Toribash,2014-05-16,"Action, Free To Play, Indie, Strategy","Multiplayer, Moddable, Sandbox, Difficult, Gore, Funny, Blood, Simulation",0,0.0,free,8,16585,"2,000,000 - 5,000,000",3500000,0.4475,72.12,73.49,high,0,0,unverified,,0
602,232010,Euro Truck Simulator,2013-03-08,"Indie, Simulation","Online Co-Op, Multiplayer, Moddable, Sandbox, Open World, First-Person, Management, Simulation",499,4.99,$0.01-4.99,8,7047,"1,000,000 - 2,000,000",1500000,-0.0599,72.11,70.82,high,0,0,unverified,,0
606,301520,Robocraft,2017-08-24,"Action, Free To Play, Indie, Massively Multiplayer, RPG, Simulation","Multiplayer, Sandbox, Open World, Building, Massively Multiplayer, Crafting, Funny, Simulation",0,0.0,free,6,118380,"5,000,000 - 10,000,000",7500000,0.757,72.1,75.11,high,0,0,unverified,,0
609,1536610,OpenTTD,2021-04-01,"Casual, Free To Play, Indie, Simulation","Co-op, Online Co-Op, Multiplayer, Moddable, Sandbox, Building, Management, City Builder",0,0.0,free,9,12966,"1,000,000 - 2,000,000",1500000,0.4389,72.07,73.42,high,0,0,unverified,,0
614,1092660,Blair Witch,2019-08-30,"Adventure, Indie","Co-op, Multiplayer, Survival, Survival Horror, First-Person, Horror, Atmospheric, Violent",2999,29.99,$20-29.99,6,6791,"500,000 - 1,000,000",750000,-0.8094,72.02,66.83,high,0,0,unverified,,0
627,1040200,Crime Scene Cleaner,2024-08-14,"Action, Simulation","Great Soundtrack, Gore, Funny, First-Person, Simulation, Atmospheric, Violent, Realistic",1999,19.99,$15-19.99,9,10191,"200,000 - 500,000",350000,0.0005,71.87,71.01,high,0,0,unverified,,0
630,1283220,Devolverland Expo,2020-07-11,"Action, Adventure, Free To Play, Indie","Co-op, Multiplayer, Gore, Funny, FPS, First-Person, Simulation, Short",0,0.0,free,8,5728,"500,000 - 1,000,000",750000,-0.3013,71.84,69.41,high,0,0,unverified,,0
633,324810,TOXIKK™,2016-09-10,"Action, Free To Play, Indie","Co-op, Multiplayer, Open World, Massively Multiplayer, Competitive, FPS, First-Person, Classic",0,0.0,free,6,5712,"500,000 - 1,000,000",750000,-0.8703,71.83,66.42,high,0,0,unverified,,0
634,837470,Untitled Goose Game,2020-09-23,"Action, Indie","Co-op, Multiplayer, Sandbox, Local Co-Op, Funny, Local Multiplayer, Simulation, Comedy",1999,19.99,$15-19.99,9,19805,"1,000,000 - 2,000,000",1500000,0.5882,71.82,74.08,high,0,0,unverified,,0
644,707010,Will To Live Online,2018-04-05,"Action, Early Access, Free To Play, Indie, Massively Multiplayer, RPG","Multiplayer, Open World, Open World Survival Craft, Massively Multiplayer, Survival, Crafting, Gore, FPS",0,0.0,free,6,16974,"100,000 - 200,000",150000,-0.8776,71.73,66.33,high,0,0,unverified,,0
646,528230,SYNTHETIK: Legion Rising,2018-03-15,"Action, Indie","Co-op, Great Soundtrack, Online Co-Op, Multiplayer, Difficult, Tactical, Roguelite, Roguelike",1999,19.99,$15-19.99,8,12494,"500,000 - 1,000,000",750000,-0.0266,71.7,70.79,high,0,0,unverified,,0
648,371970,Barony,2015-06-23,"Action, Adventure, Indie, RPG","Co-op, Online Co-Op, Moddable, Difficult, Local Co-Op, First-Person, 4 Player Local, Split Screen",1999,19.99,$15-19.99,8,8523,"500,000 - 1,000,000",750000,-0.1613,71.65,70.05,high,0,0,unverified,,0
652,17500,Zombie Panic! Source,2008-10-03,"Action, Adventure, Casual, Free To Play, Indie","Co-op, Online Co-Op, Multiplayer, Survival, Gore, Team-Based, Survival Horror, FPS",0,0.0,free,8,7666,"500,000 - 1,000,000",750000,-0.1986,71.6,69.83,high,0,0,unverified,,0
656,310370,The Way of Life Free Edition,2016-05-31,"Free To Play, Indie","Great Soundtrack, Multiplayer, Open World, Survival, Funny, First-Person, Simulation, Short",0,0.0,free,6,6275,"1,000,000 - 2,000,000",1500000,-0.6689,71.52,67.32,high,0,0,unverified,,0
660,248610,Door Kickers,2014-10-20,"Action, Indie, Simulation, Strategy","Co-op, Multiplayer, Moddable, Difficult, Replay Value, Simulation, Tactical, Level Editor",1999,19.99,$15-19.99,8,9679,"500,000 - 1,000,000",750000,-0.1165,71.48,70.2,high,0,0,unverified,,0
675,578620,GORN,2019-07-18,"Action, Indie","Multiplayer, Moddable, Gore, Funny, First-Person, Blood, Local Multiplayer, Horror",1999,19.99,$15-19.99,8,8044,"200,000 - 500,000",350000,-0.3668,71.23,68.76,high,0,0,unverified,,0
676,270150,RUNNING WITH RIFLES,2015-04-02,"Action, Indie","Co-op, Online Co-Op, Multiplayer, Moddable, Sandbox, Open World, Tactical, Military",1499,14.99,$10-14.99,8,15819,"1,000,000 - 2,000,000",1500000,0.225,71.21,71.87,high,0,0,unverified,,0
679,252870,PULSAR: Lost Colony,2021-06-22,"Action, Adventure, Indie, RPG, Simulation","Co-op, Online Co-Op, Multiplayer, Open World, FPS, First-Person, Simulation, Character Customization",1999,19.99,$15-19.99,8,5427,"500,000 - 1,000,000",750000,-0.3203,71.17,68.98,high,0,0,unverified,,0
680,70000,Dino D-Day,2011-04-08,"Action, Indie","Co-op, Multiplayer, Open World, Survival, Gore, Funny, FPS, First-Person",999,9.99,$5-9.99,8,15004,"1,000,000 - 2,000,000",1500000,0.2063,71.16,71.74,high,0,0,unverified,,0
685,209080,Guns of Icarus Online,2012-10-29,"Action, Adventure, Indie, Simulation","Co-op, Online Co-Op, Multiplayer, Massively Multiplayer, Team-Based, Competitive, FPS, First-Person",499,4.99,$0.01-4.99,8,14651,"2,000,000 - 5,000,000",3500000,0.4038,71.12,72.76,high,0,0,unverified,,0
687,283640,Salt and Sanctuary,,"动作, 独立, 角色扮演","Co-op, Difficult, Local Co-Op, Gore, Horror, Atmospheric, Souls-like, Story Rich",1799,17.99,$15-19.99,8,19869,"1,000,000 - 2,000,000",1500000,0.3053,71.12,72.24,high,0,0,unverified,,0
690,365300,Transmissions: Element 120,2016-06-16,"Action, Free To Play, Indie","Co-op, Multiplayer, Open World, Survival, FPS, First-Person, Mod, Short",0,0.0,free,8,9703,"500,000 - 1,000,000",750000,-0.1156,71.08,70.01,high,0,0,unverified,,0
695,218680,Scribblenauts Unlimited,2013-02-15,"Adventure, Casual, Strategy","Multiplayer, Moddable, Sandbox, Open World, Replay Value, Funny, Comedy, Strategy",1999,19.99,$15-19.99,8,11321,"1,000,000 - 2,000,000",1500000,0.1071,71.0,71.14,high,0,0,unverified,,0
705,924140,Hand Simulator: Survival,2019-12-17,"Action, Adventure, Indie, Massively Multiplayer, RPG, Simulation","Co-op, Multiplayer, Open World, Survival, Crafting, Funny, First-Person, Simulation",149,1.49,$0.01-4.99,8,9958,"200,000 - 500,000",350000,-0.2916,70.9,68.99,high,0,0,unverified,,0
707,581630,Sword With Sauce,2018-03-20,"Action, Casual","Multiplayer, Sandbox, Difficult, Gore, Funny, FPS, First-Person, Blood",299,2.99,$0.01-4.99,8,6132,"200,000 - 500,000",350000,-0.4625,70.89,68.09,high,0,0,unverified,,0
714,248860,NEO Scavenger,,"Indépendant, RPG, Stratégie","Sandbox, Open World, Difficult, Survival, Crafting, Turn-Based, Strategy, Realistic",1499,14.99,$10-14.99,8,5125,"500,000 - 1,000,000",750000,-0.3405,70.82,68.7,high,0,0,unverified,,0
724,302670,Call to Arms,2018-04-27,"Action, Indie, Simulation, Strategy","Co-op, Multiplayer, Sandbox, FPS, First-Person, War, Simulation, Tactical",374,3.74,$0.01-4.99,6,22523,"1,000,000 - 2,000,000",1500000,-0.2186,70.78,69.32,high,0,0,unverified,,0
725,636040,Pixel Worlds: MMO Sandbox,2017-06-08,"Adventure, Free To Play, Indie, Massively Multiplayer","Co-op, Multiplayer, Sandbox, Open World, Building, Massively Multiplayer, Crafting, Funny",0,0.0,free,6,6365,"500,000 - 1,000,000",750000,-0.8322,70.78,66.09,high,0,0,unverified,,0
732,360940,The Mean Greens - Plastic Warfare,2015-12-08,"Action, Indie","Co-op, Great Soundtrack, Online Co-Op, Multiplayer, Funny, FPS, First-Person, Fast-Paced",999,9.99,$5-9.99,8,10078,"500,000 - 1,000,000",750000,-0.1023,70.69,69.88,high,0,0,unverified,,0
737,451340,Gold Mining Simulator,2017-10-13,"Indie, Simulation","Sandbox, Open World, Difficult, Building, Funny, First-Person, Management, Simulation",1999,19.99,$15-19.99,6,14383,"500,000 - 1,000,000",750000,-0.545,70.63,67.53,high,0,0,unverified,,0
740,493490,City Car Driving,2016-11-03,"Indie, Racing, Simulation","Multiplayer, Moddable, Open World, Survival Horror, First-Person, Simulation, Horror, Psychological Horror",2499,24.99,$20-29.99,8,27084,"500,000 - 1,000,000",750000,0.246,70.6,71.67,high,0,0,unverified,,0
754,485610,Soccer Online: Ball 3D,2017-03-31,Sports,"Co-op, Online Co-Op, Multiplayer, Team-Based, Competitive, First-Person, Simulation, Tactical",99,0.99,$0.01-4.99,8,9793,"1,000,000 - 2,000,000",1500000,0.056,70.44,70.59,high,0,0,unverified,,0
757,356040,Sheltered,2016-03-15,"Indie, RPG, Strategy","Open World, Difficult, Building, Survival, Base Building, Crafting, Management, Simulation",1499,14.99,$10-14.99,8,6001,"500,000 - 1,000,000",750000,-0.2849,70.41,68.78,high,0,0,unverified,,0
758,418340,RWBY: Grimm Eclipse,2016-07-05,"Action, Adventure, Indie","Co-op, Great Soundtrack, Online Co-Op, Multiplayer, Team-Based, Hack and Slash, Fighting, Action",1999,19.99,$15-19.99,8,11555,"500,000 - 1,000,000",750000,-0.0541,70.4,69.99,high,0,0,unverified,,0
763,1556790,Isonzo,2022-09-13,"Action, Indie, Massively Multiplayer, Simulation, Strategy","Multiplayer, Massively Multiplayer, Team-Based, FPS, First-Person, War, Simulation, Tactical",1399,13.99,$10-14.99,8,12682,"200,000 - 500,000",350000,-0.2064,70.32,69.15,high,0,0,unverified,,0
764,293760,Automation - The Car Company Tycoon Game,2015-03-12,"Early Access, Indie, Racing, Simulation, Strategy","Moddable, Sandbox, Building, Crafting, Replay Value, Management, Simulation, Physics",2999,29.99,$20-29.99,8,12588,"500,000 - 1,000,000",750000,-0.0239,70.31,70.11,high,0,0,unverified,,0
765,506610,Five Nights at Freddy's: Sister Location,2016-10-07,"Action, Indie, Simulation","Difficult, Memes, Survival, Gore, Funny, Survival Horror, First-Person, Simulation",799,7.99,$5-9.99,8,11414,"500,000 - 1,000,000",750000,-0.0584,70.31,69.93,high,0,0,unverified,,0
773,1239080,Door Kickers 2: Task Force North,2020-11-03,"Action, Early Access, Indie, Simulation, Strategy","Co-op, Multiplayer, Moddable, Gore, War, Tactical, Level Editor, Violent",2499,24.99,$20-29.99,9,8093,"200,000 - 500,000",350000,-0.0807,70.16,69.73,high,0,0,unverified,,0
775,780310,The Riftbreaker,2021-10-14,"Action, Adventure, Indie, RPG, Simulation, Strategy","Sandbox, Building, Survival, Base Building, Crafting, Simulation, Hack and Slash, Atmospheric",2999,29.99,$20-29.99,8,17060,"1,000,000 - 2,000,000",1500000,0.2516,70.16,71.48,high,0,0,unverified,,0
777,719890,Beasts of Bermuda,2018-12-21,"Adventure, Early Access, Indie, Massively Multiplayer, Simulation","Multiplayer, Sandbox, Open World, Massively Multiplayer, Survival, Simulation, Horror, Realistic",1999,19.99,$15-19.99,6,8074,"500,000 - 1,000,000",750000,-0.7484,70.12,66.2,high,0,0,unverified,,0
782,251060,Wargame: Red Dragon,2014-04-17,"Indie, Simulation, Strategy","Co-op, Multiplayer, Difficult, War, Simulation, Tactical, Military, Strategy",2999,29.99,$20-29.99,8,18753,"1,000,000 - 2,000,000",1500000,0.2849,70.09,71.62,high,0,0,unverified,,0
792,1113120,IXION,2022-12-07,"Indie, Simulation, Strategy","Difficult, Building, Survival, Base Building, Colony Sim, Management, City Builder, Simulation",3499,34.99,$30-39.99,6,14718,"500,000 - 1,000,000",750000,-0.5369,69.97,67.24,high,0,0,unverified,,0
797,585420,Trailmakers,2019-09-18,"Action, Adventure, Indie, Racing, Simulation","Co-op, Multiplayer, Moddable, Sandbox, Open World, Building, Simulation, Physics",2499,24.99,$20-29.99,8,23890,"500,000 - 1,000,000",750000,0.2018,69.84,71.06,high,0,0,unverified,,0
799,397950,Clustertruck,2016-09-27,"Action, Indie","Great Soundtrack, Multiplayer, Difficult, Funny, First-Person, Fast-Paced, Level Editor, Physics",1499,14.99,$10-14.99,8,16151,"1,000,000 - 2,000,000",1500000,0.2323,69.83,71.21,high,0,0,unverified,,0
811,453090,Parkitect,2018-11-29,"Casual, Indie, Simulation, Strategy","Co-op, Multiplayer, Moddable, Sandbox, Building, Management, City Builder, Simulation",2999,29.99,$20-29.99,8,7253,"100,000 - 200,000",150000,-0.6091,69.72,66.73,high,0,0,unverified,,0
823,341800,Keep Talking and Nobody Explodes,2015-10-08,Indie,"Co-op, Multiplayer, Moddable, Difficult, Local Co-Op, Team-Based, Funny, Local Multiplayer",1499,14.99,$10-14.99,9,14055,"1,000,000 - 2,000,000",1500000,0.4673,69.6,72.33,high,0,0,unverified,,0
832,732690,FIVE NIGHTS AT FREDDY'S: HELP WANTED,2019-05-28,"Action, Casual","Difficult, Survival, Funny, Survival Horror, First-Person, Horror, Atmospheric, Psychological Horror",2999,29.99,$20-29.99,9,12167,"500,000 - 1,000,000",750000,0.2481,69.47,71.12,high,0,0,unverified,,0
835,249050,Dungeon of the ENDLESS™,2014-10-27,"Adventure, Indie, RPG, Strategy","Co-op, Great Soundtrack, Difficult, Survival, Replay Value, Roguelite, Dungeon Crawler, Resource Management",1199,11.99,$10-14.99,8,13536,"1,000,000 - 2,000,000",1500000,0.1701,69.44,70.69,high,0,0,unverified,,0
843,1053680,Granny Simulator,2019-04-17,"Casual, Early Access, Indie, Simulation","Co-op, Online Co-Op, Multiplayer, Memes, Gore, Funny, Blood, Local Multiplayer",499,4.99,$0.01-4.99,8,5352,"200,000 - 500,000",350000,-0.5104,69.36,67.07,high,0,0,unverified,,0
862,365360,Battle Brothers,2017-03-24,"Indie, RPG, Strategy","Moddable, Sandbox, Open World, Replay Value, War, Simulation, Tactical, Turn-Based",2999,29.99,$20-29.99,8,22855,"500,000 - 1,000,000",750000,0.1862,69.24,70.68,high,0,0,unverified,,0
864,756800,Contraband Police,2023-03-08,"Action, Adventure, Simulation","Open World, Survival, FPS, First-Person, Management, Simulation, Atmospheric, Physics",1679,16.79,$15-19.99,8,16988,"200,000 - 500,000",350000,-0.1035,69.22,69.14,high,0,0,unverified,,0
875,394690,Tower Unite,2016-04-08,"Action, Adventure, Casual, Early Access, Indie, Massively Multiplayer, Racing","Great Soundtrack, Multiplayer, Sandbox, Open World, Memes, Massively Multiplayer, Funny, FPS",1999,19.99,$15-19.99,8,19950,"500,000 - 1,000,000",750000,0.1383,69.14,70.37,high,0,0,unverified,,0
903,1225570,Unravel Two,2020-06-04,"Action, Adventure","Co-op, Online Co-Op, Multiplayer, Local Co-Op, Local Multiplayer, Atmospheric, Split Screen, Action",1999,19.99,$15-19.99,8,6691,"500,000 - 1,000,000",750000,-0.2465,68.87,68.22,high,0,0,unverified,,0
911,261180,Lethal League,2014-08-27,"Action, Indie, Sports","Great Soundtrack, Online Co-Op, Multiplayer, Local Co-Op, Funny, Competitive, Fast-Paced, Local Multiplayer",1399,13.99,$10-14.99,8,6064,"500,000 - 1,000,000",750000,-0.2812,68.8,68.0,high,0,0,unverified,,0
914,318600,The Flame in the Flood,2016-02-24,"Action, Adventure, Indie","Great Soundtrack, Open World, Difficult, Survival, Crafting, Atmospheric, Roguelite, Strategy",1499,14.99,$10-14.99,6,7085,"500,000 - 1,000,000",750000,-0.7945,68.77,65.28,high,0,0,unverified,,0
915,263760,Turbo Dismount™,2014-05-21,"Action, Indie, Simulation","Great Soundtrack, Moddable, Sandbox, Funny, First-Person, Simulation, Comedy, Physics",999,9.99,$5-9.99,8,5565,"500,000 - 1,000,000",750000,-0.3115,68.76,67.82,high,0,0,unverified,,0
919,1611600,WARNO,2024-05-23,"Action, Indie, Simulation, Strategy","Co-op, Multiplayer, Moddable, Massively Multiplayer, War, Simulation, Tactical, Military",2679,26.79,$20-29.99,8,10408,"200,000 - 500,000",350000,-0.276,68.76,68.01,high,0,0,unverified,,0
937,773790,Ostriv,2020-03-19,"Early Access, Indie, Simulation, Strategy","Sandbox, Building, Survival, Base Building, Colony Sim, Management, City Builder, Simulation",2499,24.99,$20-29.99,8,5896,"200,000 - 500,000",350000,-0.4763,68.6,66.87,high,0,0,unverified,,0
948,544920,Darwin Project,2020-01-13,"Action, Free To Play, Indie","Co-op, Multiplayer, Open World, Massively Multiplayer, Survival, Crafting, FPS, Atmospheric",0,0.0,free,8,18422,"1,000,000 - 2,000,000",1500000,0.2786,68.48,70.78,high,0,0,unverified,,0
960,233610,Distance,2018-09-18,"Action, Indie, Racing","Great Soundtrack, Multiplayer, Survival, Fast-Paced, Local Multiplayer, 4 Player Local, Horror, Atmospheric",2499,24.99,$20-29.99,8,7043,"200,000 - 500,000",350000,-0.4136,68.36,67.08,high,0,0,unverified,,0
967,915320,Pixel Strike 3D,2020-05-29,"Action, Adventure, Free To Play, Indie, RPG","Co-op, Online Co-Op, Multiplayer, Massively Multiplayer, Team-Based, Competitive, FPS, First-Person",0,0.0,free,6,12463,"1,000,000 - 2,000,000",1500000,-0.4271,68.29,66.98,high,0,0,unverified,,0
994,268650,From the Depths,2020-11-06,"Action, Adventure, Indie, Simulation, Strategy","Multiplayer, Sandbox, Building, Survival, Crafting, War, Simulation, Physics",2499,24.99,$20-29.99,8,10940,"200,000 - 500,000",350000,-0.2585,68.16,67.8,high,0,0,unverified,,0
997,208140,ENDLESS™ Space - Definitive Edition,2012-07-04,Strategy,"Great Soundtrack, Multiplayer, Sandbox, Replay Value, Management, Simulation, Atmospheric, Turn-Based",999,9.99,$5-9.99,8,9284,"1,000,000 - 2,000,000",1500000,0.0372,68.13,69.34,high,0,0,unverified,,0
1000,991780,Notes of Soul,2019-01-17,"Action, Adventure, Casual, Early Access, Indie, Massively Multiplayer, RPG, Racing, Strategy","Co-op, Online Co-Op, Multiplayer, Massively Multiplayer, Funny, Survival Horror, Horror, Strategy",2999,29.99,$20-29.99,6,16717,"500,000 - 1,000,000",750000,-0.492,68.11,66.55,high,0,0,unverified,,0
1003,104900,ORION: Prelude,2013-04-16,"Action, Adventure, Indie, RPG","Co-op, Online Co-Op, Multiplayer, Open World, Team-Based, FPS, First-Person, Strategy",99,0.99,$0.01-4.99,6,28571,"2,000,000 - 5,000,000",3500000,0.071,68.08,69.49,high,0,0,unverified,,0
1009,91700,E.Y.E: Divine Cybermancy,2011-07-29,"Action, Indie, RPG","Co-op, Online Co-Op, Multiplayer, FPS, First-Person, Atmospheric, Shooter, Story Rich",999,9.99,$5-9.99,8,7555,"500,000 - 1,000,000",750000,-0.2038,68.01,68.01,high,0,0,unverified,,0
1010,1071870,Biped,,"休闲, 体育, 冒险, 动作, 模拟, 独立, 策略","Co-op, Multiplayer, Open World, Funny, Local Multiplayer, Level Editor, Physics, Strategy",1499,14.99,$10-14.99,8,7827,"500,000 - 1,000,000",750000,-0.1913,68.0,68.07,high,0,0,unverified,,0
1027,1293230,House of Detention,2020-05-29,"Action, Adventure, Indie, Massively Multiplayer, RPG, Simulation, Sports, Strategy","Great Soundtrack, Multiplayer, Memes, Funny, Survival Horror, First-Person, Simulation, Horror",99,0.99,$0.01-4.99,8,10385,"200,000 - 500,000",350000,-0.2769,67.86,67.55,high,0,0,unverified,,0
1037,2400,The Ship: Murder Party,2006-07-11,"Action, Indie, RPG","Multiplayer, Difficult, Survival, Replay Value, Funny, FPS, First-Person, Simulation",999,9.99,$5-9.99,8,5937,"1,000,000 - 2,000,000",1500000,-0.1203,67.77,68.33,high,0,0,unverified,,0
1038,446020,Jalopy,2018-03-28,"Adventure, Indie, Simulation","Sandbox, Open World, Survival, First-Person, Management, Simulation, Atmospheric, Roguelite",1499,14.99,$10-14.99,6,9765,"200,000 - 500,000",350000,-0.8666,67.77,64.41,high,0,0,unverified,,0
1045,606800,Startup Company,2020-04-10,"Casual, Indie, Simulation, Strategy","Great Soundtrack, Moddable, Sandbox, Building, Base Building, Crafting, Management, Simulation",1299,12.99,$10-14.99,8,5969,"200,000 - 500,000",350000,-0.4719,67.71,66.45,high,0,0,unverified,,0
1068,418530,Spelunky 2,2020-09-29,"Action, Indie","Co-op, Online Co-Op, Difficult, Local Co-Op, Replay Value, Funny, 4 Player Local, Dark Humor",1999,19.99,$15-19.99,8,19446,"1,000,000 - 2,000,000",1500000,0.2977,67.52,70.4,high,0,0,unverified,,0
1071,684410,Bridge Constructor Portal,2017-12-20,"Simulation, Strategy","Co-op, Sandbox, Difficult, Building, Funny, Simulation, Comedy, Level Editor",99,0.99,$0.01-4.99,8,6214,"200,000 - 500,000",350000,-0.4578,67.51,66.43,high,0,0,unverified,,0
1077,607050,Wargroove,2019-02-01,"Indie, Strategy","Co-op, Online Co-Op, Multiplayer, Local Co-Op, Local Multiplayer, 4 Player Local, Tactical, Turn-Based",1999,19.99,$15-19.99,8,5023,"500,000 - 1,000,000",750000,-0.3476,67.46,66.98,high,0,0,unverified,,0
1081,610370,Desperados III,2020-06-16,Strategy,"Great Soundtrack, Difficult, Survival, Tactical, Atmospheric, Violent, Strategy, Historical",3999,39.99,$30-39.99,9,13787,"200,000 - 500,000",350000,0.107,67.43,69.35,high,0,0,unverified,,0
1085,230230,Divinity: Original Sin (Classic),2014-06-30,"Adventure, Indie, RPG, Strategy","Co-op, Online Co-Op, Multiplayer, Open World, Atmospheric, Turn-Based, Strategy, Story Rich",3999,39.99,$30-39.99,8,11729,"1,000,000 - 2,000,000",1500000,0.1196,67.4,69.41,high,0,0,unverified,,0
1086,238430,Contagion,2013-10-25,"Action, Adventure, Indie","Co-op, Moddable, Survival, Local Co-Op, Survival Horror, Competitive, FPS, First-Person",999,9.99,$5-9.99,6,15219,"100,000 - 200,000",150000,-0.9161,67.39,63.96,high,0,0,unverified,,0
1101,553310,Lethal League Blaze,2018-10-24,"Action, Indie, Sports","Co-op, Great Soundtrack, Online Co-Op, Multiplayer, Funny, Competitive, Fast-Paced, Local Multiplayer",1999,19.99,$15-19.99,9,6219,"200,000 - 500,000",350000,-0.1735,67.3,67.81,high,0,0,unverified,,0
1119,408900,Unfortunate Spacemen,2020-06-12,"Action, Free To Play, Indie, Strategy","Co-op, Online Co-Op, Multiplayer, Survival, Funny, Survival Horror, Horror, Comedy",0,0.0,free,8,7455,"500,000 - 1,000,000",750000,-0.2085,67.19,67.58,high,0,0,unverified,,0
1127,274520,Darkwood,,"Action, Adventure, Indie, RPG","Open World, Building, Survival, Crafting, Gore, Survival Horror, Horror, Atmospheric",1499,14.99,$10-14.99,8,19945,"1,000,000 - 2,000,000",1500000,0.3066,67.14,70.26,high,0,0,unverified,,0
1134,692890,Roboquest,2023-11-07,"Action, Indie","Co-op, Online Co-Op, Multiplayer, FPS, First-Person, Fast-Paced, Roguelite, Roguelike",1874,18.74,$15-19.99,9,18970,"500,000 - 1,000,000",750000,0.4046,67.11,70.76,high,0,0,unverified,,0
1142,1594320,Captain of Industry,2022-05-31,"Early Access, Indie, Simulation, Strategy","Moddable, Building, Survival, Base Building, Colony Sim, Management, City Builder, Simulation",2999,29.99,$20-29.99,8,5962,"200,000 - 500,000",350000,-0.4724,67.06,66.12,high,0,0,unverified,,0
1145,263060,Blockstorm,2015-05-21,"Action, Indie","Multiplayer, Sandbox, Open World, Building, Massively Multiplayer, FPS, First-Person, Level Editor",0,0.0,free,8,6416,"500,000 - 1,000,000",750000,-0.2613,67.06,67.23,high,0,0,unverified,,0
1160,296470,Mount Your Friends,2014-07-29,"Indie, Simulation, Sports","Co-op, Online Co-Op, Multiplayer, Local Co-Op, Funny, Competitive, Local Multiplayer, Simulation",199,1.99,$0.01-4.99,9,7729,"500,000 - 1,000,000",750000,0.0883,66.98,69.03,high,0,0,unverified,,0
1173,1272320,Diplomacy is Not an Option,2024-10-04,"Indie, Simulation, Strategy","Sandbox, Difficult, Building, Survival, Base Building, Colony Sim, Management, City Builder",2999,29.99,$20-29.99,8,6735,"100,000 - 200,000",150000,-0.6352,66.89,65.18,high,0,0,unverified,,0
1182,239350,Spelunky,2013-08-08,Indie,"Co-op, Great Soundtrack, Difficult, Local Co-Op, Replay Value, Addictive, Local Multiplayer, Roguelike",1499,14.99,$10-14.99,8,16040,"1,000,000 - 2,000,000",1500000,0.2298,66.84,69.71,high,0,0,unverified,,0
1187,486310,Meadow,2016-10-26,"Adventure, Indie, Massively Multiplayer","Co-op, Great Soundtrack, Multiplayer, Sandbox, Open World, Massively Multiplayer, Beautiful, Simulation",699,6.99,$5-9.99,8,5859,"200,000 - 500,000",350000,-0.4785,66.82,65.97,high,0,0,unverified,,0
1190,1260320,Party Animals,2023-09-20,"Action, Casual, Indie","Co-op, Online Co-Op, Multiplayer, Local Co-Op, Team-Based, Funny, Local Multiplayer, 4 Player Local",1999,19.99,$15-19.99,6,54445,"2,000,000 - 5,000,000",3500000,0.2982,66.79,70.04,high,0,0,unverified,,0
1201,594330,Visage,2020-10-29,"Action, Adventure, Indie, Simulation","Multiplayer, Survival Horror, First-Person, Simulation, Horror, Atmospheric, Violent, Psychological Horror",3499,34.99,$30-39.99,8,9140,"500,000 - 1,000,000",750000,-0.1367,66.74,67.73,high,0,0,unverified,,0
1217,206500,AirMech,2018-03-30,"Action, Free To Play, Indie, Strategy","Co-op, Online Co-Op, Multiplayer, Massively Multiplayer, Fast-Paced, Strategy, Free to Play, Shooter",0,0.0,free,8,10539,"500,000 - 1,000,000",750000,-0.0865,66.6,67.92,high,0,0,unverified,,0
1240,1162750,Songs of Syx,2020-09-21,"Early Access, Indie, Simulation, Strategy","Moddable, Sandbox, Open World, Building, Survival, Base Building, Colony Sim, City Builder",2499,24.99,$20-29.99,9,5153,"200,000 - 500,000",350000,-0.2397,66.44,67.04,high,0,0,unverified,,0
1242,219830,King Arthur's Gold,2013-11-05,"Action, Free To Play, Indie","Co-op, Multiplayer, Sandbox, Building, Team-Based, Funny, Competitive, Fast-Paced",0,0.0,free,8,5166,"500,000 - 1,000,000",750000,-0.3377,66.43,66.52,high,0,0,unverified,,0
1247,95400,ibb & obb,2014-05-26,"Action, Adventure, Indie","Co-op, Great Soundtrack, Online Co-Op, Multiplayer, Difficult, Local Co-Op, Funny, Local Multiplayer",239,2.39,$0.01-4.99,8,6463,"500,000 - 1,000,000",750000,-0.2588,66.39,66.91,high,0,0,unverified,,0
1257,1509510,Settlement Survival,2022-10-24,"Simulation, Strategy","Sandbox, Building, Survival, Base Building, Colony Sim, Management, City Builder, Simulation",999,9.99,$5-9.99,8,6934,"200,000 - 500,000",350000,-0.4191,66.34,66.04,high,0,0,unverified,,0
1263,65800,Dungeon Defenders,2011-10-18,"Action, Indie, RPG, Strategy","Online Co-Op, Multiplayer, Moddable, Building, Survival, Team-Based, Funny, Tactical",1499,14.99,$10-14.99,8,17464,"2,000,000 - 5,000,000",3500000,0.4657,66.3,70.68,high,0,0,unverified,,0
1264,466240,Deceit,2017-03-03,"Action, Free To Play, Indie","Co-op, Multiplayer, Survival, Funny, Survival Horror, FPS, First-Person, Horror",0,0.0,free,6,93284,"5,000,000 - 10,000,000",7500000,0.673,66.3,71.77,high,0,0,unverified,,0
1265,328080,Rise to Ruins,2019-10-14,"Indie, Simulation, Strategy","Great Soundtrack, Sandbox, Survival, Base Building, Colony Sim, City Builder, Simulation, Level Editor",1499,14.99,$10-14.99,8,7574,"200,000 - 500,000",350000,-0.3881,66.29,66.18,high,0,0,unverified,,0
1266,332570,Amazing Frog?,2014-11-21,"Action, Adventure, Early Access, Indie","Sandbox, Open World, Memes, Local Co-Op, Funny, Simulation, 4 Player Local, Split Screen",1999,19.99,$15-19.99,8,10159,"500,000 - 1,000,000",750000,-0.0994,66.28,67.69,high,0,0,unverified,,0
1270,895870,Project Wingman,2020-12-01,"Action, Indie, Simulation","Great Soundtrack, Multiplayer, First-Person, War, Simulation, Military, Realistic, Shooter",2499,24.99,$20-29.99,8,17348,"500,000 - 1,000,000",750000,0.0891,66.26,68.68,high,0,0,unverified,,0
1280,1016800,Chernobylite Complete Edition,2021-07-28,"Action, Adventure, Indie, RPG, Simulation","Survival, Base Building, Crafting, Survival Horror, First-Person, Simulation, Horror, Atmospheric",2999,29.99,$20-29.99,8,12898,"500,000 - 1,000,000",750000,-0.0153,66.22,68.11,high,0,0,unverified,,0
1282,253230,A Hat in Time,2017-10-05,"Adventure, Indie","Co-op, Great Soundtrack, Moddable, Open World, Funny, Comedy, Action, Singleplayer",2999,29.99,$20-29.99,9,50390,"500,000 - 1,000,000",750000,0.7488,66.22,72.12,high,0,0,unverified,,0
1284,1084600,My Time at Sandrock,2023-11-02,"Adventure, Casual, Indie, RPG, Simulation","Multiplayer, Sandbox, Open World, Building, Crafting, Simulation, Farming Sim, Post-apocalyptic",2799,27.99,$20-29.99,8,24605,"500,000 - 1,000,000",750000,0.2122,66.2,69.29,high,0,0,unverified,,0
1295,320240,We Happy Few,2018-08-10,"Action, Adventure, Indie","Open World, Survival, Crafting, Survival Horror, First-Person, Horror, Atmospheric, Psychological Horror",5999,59.99,$40+,6,12977,"500,000 - 1,000,000",750000,-0.5812,66.1,65.07,high,0,0,unverified,,0
1296,552620,ATOM RPG: Post-apocalyptic indie game,2018-12-19,RPG,"Sandbox, Open World, Survival, Simulation, Tactical, Atmospheric, Turn-Based, Strategy",1499,14.99,$10-14.99,8,9569,"500,000 - 1,000,000",750000,-0.1205,66.1,67.49,high,0,0,unverified,,0
1297,536270,Ancestors: The Humankind Odyssey,2020-08-27,"Action, Adventure, Indie, RPG","Multiplayer, Open World, Open World Survival Craft, Survival, Crafting, Simulation, Atmospheric, Historical",3999,39.99,$30-39.99,6,9647,"200,000 - 500,000",350000,-0.8709,66.1,63.55,high,0,0,unverified,,0
1298,269790,DreadOut,2014-05-15,"Adventure, Indie","Great Soundtrack, Multiplayer, Open World, Survival, Survival Horror, Horror, Atmospheric, Psychological Horror",1499,14.99,$10-14.99,6,5264,"200,000 - 500,000",350000,-1.0843,66.1,62.43,high,0,0,unverified,,0
1312,1562420,FOREWARNED,2024-04-25,"Action, Adventure, Indie","Co-op, Online Co-Op, Multiplayer, Survival, Survival Horror, First-Person, Horror, Atmospheric",1299,12.99,$10-14.99,8,5950,"200,000 - 500,000",350000,-0.4731,66.04,65.61,high,0,0,unverified,,0
1319,559650,Witch It,2020-10-22,"Action, Casual, Indie","Co-op, Online Co-Op, Multiplayer, Open World, Survival, Team-Based, Funny, First-Person",399,3.99,$0.01-4.99,8,18619,"1,000,000 - 2,000,000",1500000,0.2824,66.0,69.56,high,0,0,unverified,,0
1322,673610,Airport CEO,2021-03-04,"Indie, Simulation, Strategy","Moddable, Sandbox, Building, Base Building, Management, City Builder, Simulation, Resource Management",2499,24.99,$20-29.99,8,7356,"500,000 - 1,000,000",750000,-0.2132,65.98,66.95,high,0,0,unverified,,0
1331,1136160,Internet Cafe Simulator,2019-10-25,"Adventure, Indie, Simulation","Multiplayer, Open World, Replay Value, Funny, First-Person, Management, Simulation, Atmospheric",999,9.99,$5-9.99,6,9618,"200,000 - 500,000",350000,-0.8719,65.92,63.45,high,0,0,unverified,,0
1370,352720,The Universim,2024-01-22,"Indie, Simulation, Strategy","Sandbox, Open World, Building, Survival, Colony Sim, Management, City Builder, Simulation",2249,22.49,$20-29.99,8,9484,"200,000 - 500,000",350000,-0.3088,65.69,66.3,high,0,0,unverified,,0
1375,230190,War for the Overworld,2015-04-02,"Indie, Simulation, Strategy","Sandbox, Base Building, Funny, Colony Sim, Management, City Builder, Simulation, Comedy",2999,29.99,$20-29.99,8,7650,"500,000 - 1,000,000",750000,-0.1994,65.65,66.85,high,0,0,unverified,,0
1381,1645820,SurrounDead,2022-06-24,"Action, Adventure, Early Access, Indie, RPG","Co-op, Open World, Open World Survival Craft, Survival, Base Building, First-Person, Post-apocalyptic, Shooter",1199,11.99,$10-14.99,8,6093,"200,000 - 500,000",350000,-0.4647,65.62,65.44,high,0,0,unverified,,0
1393,346120,Boring Man - Online Tactical Stickman Combat,2015-02-20,"Action, Free To Play, Indie, Massively Multiplayer","Co-op, Multiplayer, Moddable, Massively Multiplayer, Survival, Funny, Competitive, Level Editor",0,0.0,free,8,5434,"200,000 - 500,000",350000,-0.505,65.55,65.2,high,0,0,unverified,,0
1403,1718870,Spaceflight Simulator,2022-02-17,"Early Access, Indie, Simulation","Moddable, Sandbox, Open World, Building, Crafting, Simulation, Atmospheric, Physics",1499,14.99,$10-14.99,9,5417,"100,000 - 200,000",150000,-0.4279,65.52,65.59,high,0,0,unverified,,0
1406,35700,Trine Enchanted Edition,2009-07-02,"Action, Adventure, Indie","Co-op, Great Soundtrack, Online Co-Op, Multiplayer, Local Co-Op, Beautiful, Local Multiplayer, Atmospheric",329,3.29,$0.01-4.99,9,14980,"2,000,000 - 5,000,000",3500000,0.6956,65.51,71.49,high,0,0,unverified,,0
1414,290300,Rebel Galaxy,2015-10-20,"Action, Adventure, Indie, RPG, Simulation","Great Soundtrack, Sandbox, Open World, Simulation, Atmospheric, Strategy, Shooter, Action",1999,19.99,$15-19.99,8,7959,"500,000 - 1,000,000",750000,-0.1854,65.45,66.83,high,0,0,unverified,,0
1420,753650,Due Process,2020-11-03,"Action, Adventure, Early Access, Indie, Simulation, Strategy","Online Co-Op, Multiplayer, Team-Based, Competitive, FPS, First-Person, Simulation, Tactical",1499,14.99,$10-14.99,6,6283,"500,000 - 1,000,000",750000,-0.8368,65.42,63.39,high,0,0,unverified,,0
1435,113020,Monaco: What's Yours Is Mine,2013-04-24,"Action, Adventure, Casual, Indie, Strategy","Co-op, Great Soundtrack, Online Co-Op, Multiplayer, Local Co-Op, Local Multiplayer, Strategy, Action",1499,14.99,$10-14.99,8,8513,"2,000,000 - 5,000,000",3500000,0.2125,65.32,68.85,high,0,0,unverified,,0
1440,448510,Overcooked,2016-08-03,"Action, Casual, Indie, Simulation","Co-op, Great Soundtrack, Multiplayer, Difficult, Local Co-Op, Funny, Local Multiplayer, Simulation",339,3.39,$0.01-4.99,8,14690,"1,000,000 - 2,000,000",1500000,0.1989,65.31,68.78,high,0,0,unverified,,0
1445,312990,The Expendabros,2014-08-05,"Action, Adventure, Free To Play, Indie","Co-op, Multiplayer, Open World, Local Co-Op, Funny, Classic, Local Multiplayer, Comedy",0,0.0,free,9,18117,"2,000,000 - 5,000,000",3500000,0.7626,65.28,71.73,high,0,0,unverified,,0
1456,1458140,Pacific Drive,2024-02-21,"Action, Adventure, Indie, Racing, Simulation","Sandbox, Building, Survival, Base Building, Crafting, Survival Horror, First-Person, Simulation",2999,29.99,$20-29.99,8,14053,"200,000 - 500,000",350000,-0.1703,65.21,66.79,high,0,0,unverified,,0
1467,389570,Mitos.is: The Game,2015-07-29,"Casual, Free To Play, Simulation","Online Co-Op, Multiplayer, Difficult, Massively Multiplayer, Survival, Funny, Simulation, Comedy",0,0.0,free,8,11809,"2,000,000 - 5,000,000",3500000,0.3278,65.15,69.38,high,0,0,unverified,,0
1479,985890,Streets of Rage 4,2020-04-30,"Action, Indie","Co-op, Great Soundtrack, Online Co-Op, Multiplayer, Local Co-Op, Classic, Local Multiplayer, Fighting",2499,24.99,$20-29.99,8,17122,"500,000 - 1,000,000",750000,0.0844,65.08,68.06,high,0,0,unverified,,0
1487,859570,Secret Neighbor: Hello Neighbor Multiplayer,2019-10-24,"Action, Adventure, Indie","Co-op, Online Co-Op, Multiplayer, Funny, Survival Horror, First-Person, Horror, Comedy",1999,19.99,$15-19.99,8,17927,"1,000,000 - 2,000,000",1500000,0.269,65.03,69.01,high,0,0,unverified,,0
1501,846770,DYSMANTLE,2021-11-16,"Action, Adventure, Indie, RPG, Simulation","Sandbox, Open World, Survival, Base Building, Crafting, Simulation, Atmospheric, Destruction",1999,19.99,$15-19.99,8,9972,"500,000 - 1,000,000",750000,-0.106,64.96,67.0,high,0,0,unverified,,0
1509,239070,Hammerwatch,2013-08-12,"Action, Adventure, Indie, RPG","Co-op, Online Co-Op, Multiplayer, Local Co-Op, Local Multiplayer, 4 Player Local, Hack and Slash, Level Editor",999,9.99,$5-9.99,8,6407,"500,000 - 1,000,000",750000,-0.2618,64.9,66.15,high,0,0,unverified,,0
1511,274900,Murder Miners,2014-07-25,"Action, Casual, Indie","Co-op, Multiplayer, Sandbox, Building, Competitive, FPS, First-Person, Local Multiplayer",299,2.99,$0.01-4.99,8,6313,"500,000 - 1,000,000",750000,-0.2671,64.87,66.11,high,0,0,unverified,,0
1517,598980,The Coin Game,2019-02-22,"Adventure, Casual, Early Access, Indie, Simulation","Multiplayer, Sandbox, Open World, Survival, Funny, First-Person, Simulation, Atmospheric",1399,13.99,$10-14.99,9,5117,"500,000 - 1,000,000",750000,-0.057,64.81,67.18,high,0,0,unverified,,0
1536,578310,BRAIN / OUT,2017-02-24,"Action, Free To Play, Indie, Massively Multiplayer","Co-op, Multiplayer, Massively Multiplayer, Survival, Gore, Local Multiplayer, War, Violent",0,0.0,free,8,15411,"2,000,000 - 5,000,000",3500000,0.4216,64.69,69.64,high,0,0,unverified,,0
1538,1328350,Turbo Overkill,2023-08-11,"Action, Indie","Great Soundtrack, Multiplayer, Difficult, Gore, FPS, First-Person, Fast-Paced, Violent",2499,24.99,$20-29.99,9,5847,"200,000 - 500,000",350000,-0.1952,64.69,66.4,high,0,0,unverified,,0
1546,1178490,港詭實錄ParanormalHK,2020-01-06,"Adventure, Indie","Co-op, Multiplayer, Funny, FPS, First-Person, Horror, Atmospheric, Psychological Horror",1299,12.99,$10-14.99,8,17864,"500,000 - 1,000,000",750000,0.0994,64.66,67.93,high,0,0,unverified,,0
1559,973230,We Who Are About To Die,2022-11-14,"Action, Early Access, Indie, RPG, Simulation, Strategy","Replay Value, Gore, Simulation, Hack and Slash, Atmospheric, Roguelite, Physics, Strategy",2199,21.99,$20-29.99,8,6534,"200,000 - 500,000",350000,-0.4401,64.62,65.07,high,0,0,unverified,,0
1573,434170,The Jackbox Party Pack 3,2016-10-17,"Casual, Indie, Strategy","Co-op, Multiplayer, Memes, Local Co-Op, Funny, Local Multiplayer, 4 Player Local, Party Game",2499,24.99,$20-29.99,9,5996,"200,000 - 500,000",350000,-0.1863,64.54,66.37,high,0,0,unverified,,0
1575,744900,Dead Frontier 2,,"Action, Indie, Kostenlos spielbar, MMO, Rollenspiel","Online Co-Op, Multiplayer, Sandbox, Massively Multiplayer, Survival, Gore, Survival Horror, Horror",0,0.0,free,6,25550,"2,000,000 - 5,000,000",3500000,0.0317,64.54,67.51,high,0,0,unverified,,0
1580,469820,Genital Jousting,2018-01-18,"Action, Indie","Co-op, Great Soundtrack, Multiplayer, Memes, Local Co-Op, Funny, Local Multiplayer, Comedy",699,6.99,$5-9.99,8,10785,"500,000 - 1,000,000",750000,-0.0784,64.51,66.92,high,0,0,unverified,,0
1582,1286350,BPM: BULLETS PER MINUTE,2020-09-15,"Action, Adventure, Indie","Great Soundtrack, Difficult, FPS, First-Person, Fast-Paced, Roguelite, Roguelike, Music",1999,19.99,$15-19.99,8,10814,"500,000 - 1,000,000",750000,-0.0774,64.51,66.93,high,0,0,unverified,,0
1583,857980,Void Bastards,,"Action, Strategy","Crafting, Gore, FPS, First-Person, Roguelite, Violent, Strategy, Roguelike",2999,29.99,$20-29.99,8,5189,"200,000 - 500,000",350000,-0.5213,64.51,64.59,high,0,0,unverified,,0
1593,215530,The Incredible Adventures of Van Helsing,,"Инди, Приключенческие игры, Ролевые игры, Экшены","Co-op, Multiplayer, Funny, Hack and Slash, Dungeon Crawler, Action, Isometric, Singleplayer",1499,14.99,$10-14.99,8,9788,"1,000,000 - 2,000,000",1500000,0.0558,64.44,67.59,high,0,0,unverified,,0
1605,354140,Five Nights at Freddy's 3,,"Action, Indie, Simulationen","Great Soundtrack, Difficult, Survival, Survival Horror, First-Person, Simulation, Horror, Atmospheric",799,7.99,$5-9.99,8,9707,"500,000 - 1,000,000",750000,-0.1155,64.39,66.66,high,0,0,unverified,,0
1659,245470,Democracy 3,2013-10-14,"Indie, Simulation, Strategy","Moddable, Sandbox, Difficult, Funny, Management, Simulation, Turn-Based, Strategy",2499,24.99,$20-29.99,6,7228,"200,000 - 500,000",350000,-0.9725,64.09,62.01,high,0,0,unverified,,0
1665,625960,Stoneshard,2020-02-06,"Adventure, Early Access, Indie, RPG, Strategy","Sandbox, Open World Survival Craft, Difficult, Survival, Replay Value, Turn-Based, Dungeon Crawler, Strategy",2499,24.99,$20-29.99,6,26551,"1,000,000 - 2,000,000",1500000,-0.1606,64.05,66.26,high,0,0,unverified,,0
1687,1215390,Animal Revolt Battle Simulator,2022-04-15,,"Moddable, Sandbox, Memes, Funny, Blood, War, Simulation, Tactical",1499,14.99,$10-14.99,9,5611,"200,000 - 500,000",350000,-0.2097,63.92,65.93,high,0,0,unverified,,0
1689,242640,Styx: Master of Shadows,,Action,"Open World, Difficult, Gore, Atmospheric, Violent, Story Rich, Action, Singleplayer",1999,19.99,$15-19.99,8,10105,"1,000,000 - 2,000,000",1500000,0.0671,63.92,67.39,high,0,0,unverified,,0
1694,201790,Orcs Must Die! 2,2012-07-30,"Action, Adventure, Indie, RPG, Strategy","Co-op, Great Soundtrack, Online Co-Op, Multiplayer, Funny, Comedy, Strategy, Shooter",449,4.49,$0.01-4.99,8,18995,"2,000,000 - 5,000,000",3500000,0.4952,63.89,69.63,high,0,0,unverified,,0
1712,1017180,The Long Drive,2019-09-25,"Action, Adventure, Casual, Early Access, Indie, Simulation","Multiplayer, Open World, Survival, First-Person, Simulation, Horror, Realistic, Post-apocalyptic",1599,15.99,$15-19.99,8,38999,"500,000 - 1,000,000",750000,0.3745,63.8,68.95,high,0,0,unverified,,0
1726,970830,The Dungeon Of Naheulbeuk: The Amulet Of Chaos,2020-09-17,"Action, Adventure, Indie, RPG, Strategy","Great Soundtrack, Difficult, Funny, Tactical, Atmospheric, Turn-Based, Dungeon Crawler, Strategy",3499,34.99,$30-39.99,8,7143,"500,000 - 1,000,000",750000,-0.2235,63.71,65.76,high,0,0,unverified,,0
1728,2695940,PANICORE,2024-05-31,"Action, Adventure, Indie","Co-op, Online Co-Op, Multiplayer, Survival, First-Person, Horror, Atmospheric, Roguelite",499,4.99,$0.01-4.99,6,5761,"100,000 - 200,000",150000,-1.2583,63.7,60.31,high,0,0,unverified,,0
1754,378610,Valley,2016-08-24,"Action, Adventure, Indie","Great Soundtrack, Open World, Survival, First-Person, Short, Horror, Atmospheric, Story Rich",1499,14.99,$10-14.99,8,6547,"200,000 - 500,000",350000,-0.4394,63.57,64.55,high,0,0,unverified,,0
1759,690640,Trine 4: The Nightmare Prince,2019-10-08,"Action, Adventure, Indie","Co-op, Great Soundtrack, Online Co-Op, Multiplayer, Local Co-Op, Beautiful, Local Multiplayer, Atmospheric",659,6.59,$5-9.99,8,12699,"1,000,000 - 2,000,000",1500000,0.1476,63.54,67.62,high,0,0,unverified,,0
1760,521890,Hello Neighbor,2017-12-08,"Adventure, Indie, Strategy","Sandbox, Difficult, Survival, Funny, Survival Horror, FPS, First-Person, Horror",2999,29.99,$20-29.99,8,16592,"500,000 - 1,000,000",750000,0.0734,63.54,67.23,high,0,0,unverified,,0
1765,868360,Project Hospital,2018-10-30,"Indie, Simulation, Strategy","Moddable, Sandbox, Building, Replay Value, Management, City Builder, Simulation, Resource Management",2499,24.99,$20-29.99,8,7757,"200,000 - 500,000",350000,-0.3796,63.52,64.84,high,0,0,unverified,,0
1770,1318690,shapez,2020-06-07,"Casual, Indie, Simulation, Strategy","Moddable, Sandbox, Open World, Building, Base Building, Crafting, Management, Simulation",999,9.99,$5-9.99,9,12339,"200,000 - 500,000",350000,0.0679,63.51,67.19,high,0,0,unverified,,0
1786,686200,Door Kickers: Action Squad,2018-09-10,"Action, Casual, Indie, Simulation, Strategy","Co-op, Online Co-Op, Multiplayer, Local Co-Op, Local Multiplayer, Simulation, Tactical, Level Editor",1399,13.99,$10-14.99,8,9776,"1,000,000 - 2,000,000",1500000,0.0554,63.44,67.09,high,0,0,unverified,,0
1795,537800,Bomber Crew,2017-10-19,"Simulation, Strategy","Difficult, Survival, Management, War, Simulation, Atmospheric, Roguelite, Military",1999,19.99,$15-19.99,8,14006,"1,000,000 - 2,000,000",1500000,0.1821,63.39,67.73,high,0,0,unverified,,0
1808,1977530,One-armed cook,2022-08-30,"Casual, Free To Play, Simulation","Co-op, Online Co-Op, Multiplayer, Sandbox, Funny, First-Person, Simulation, Psychological Horror",0,0.0,free,8,25260,"0 - 20,000",10000,-0.8273,63.32,62.39,high,0,0,unverified,,0
1823,270550,Yet Another Zombie Defense,2014-03-28,"Action, Casual, Indie, Strategy","Co-op, Online Co-Op, Multiplayer, Difficult, Survival, Local Co-Op, Gore, Horror",0,0.0,free,8,12303,"1,000,000 - 2,000,000",1500000,0.1364,63.23,67.41,high,0,0,unverified,,0
1835,872670,SCP: 5K,2022-02-22,"Action, Early Access, Indie, Massively Multiplayer, Strategy","Co-op, Multiplayer, FPS, First-Person, Horror, Tactical, Military, Strategy",1999,19.99,$15-19.99,6,10458,"200,000 - 500,000",350000,-0.8424,63.19,62.24,high,0,0,unverified,,0
1867,1261040,Streamer Life Simulator,2020-08-21,"Action, Adventure, Casual, Indie, Simulation, Strategy","Multiplayer, Sandbox, Open World, Replay Value, Funny, First-Person, Simulation, Strategy",599,5.99,$5-9.99,6,7060,"200,000 - 500,000",350000,-0.9808,63.01,61.43,high,0,0,unverified,,0
1869,241260,Sherlock Holmes: Crimes and Punishments,2014-09-29,Adventure,"Open World, First-Person, Classic, Horror, Atmospheric, Historical, Story Rich, Mature",2999,29.99,$20-29.99,8,6834,"200,000 - 500,000",350000,-0.4243,62.99,64.34,high,0,0,unverified,,0
1871,677120,Heroes of Hammerwatch,2018-03-01,"Action, Indie, RPG","Co-op, Online Co-Op, Multiplayer, Hack and Slash, Roguelite, Dungeon Crawler, Roguelike, Action",1199,11.99,$10-14.99,8,8914,"500,000 - 1,000,000",750000,-0.1455,62.98,65.8,high,0,0,unverified,,0
1873,765410,Bean Battles,2018-08-22,"Action, Indie","Great Soundtrack, Multiplayer, Difficult, Memes, Funny, FPS, Horror, Atmospheric",99,0.99,$0.01-4.99,8,9610,"200,000 - 500,000",350000,-0.3042,62.98,64.97,high,0,0,unverified,,0
1877,330020,Children of Morta,2019-09-03,"Action, Adventure, Indie, RPG","Co-op, Online Co-Op, Multiplayer, Local Co-Op, Hack and Slash, Roguelite, Dungeon Crawler, Roguelike",659,6.59,$5-9.99,8,19988,"500,000 - 1,000,000",750000,0.139,62.97,67.29,high,0,0,unverified,,0
1913,829590,CryoFall,2021-04-29,"Action, Adventure, Indie, Massively Multiplayer, RPG, Simulation, Strategy","Sandbox, Open World, Open World Survival Craft, Building, Survival, Base Building, Crafting, Colony Sim",299,2.99,$0.01-4.99,6,5916,"200,000 - 500,000",350000,-1.0431,62.78,60.98,high,0,0,unverified,,0
1921,233720,Surgeon Simulator,2013-04-19,"Action, Indie, Simulation","Great Soundtrack, Difficult, Gore, Funny, First-Person, Blood, Simulation, Comedy",999,9.99,$5-9.99,8,16338,"1,000,000 - 2,000,000",1500000,0.2363,62.73,67.68,high,0,0,unverified,,0
1926,1302240,Labyrinthine,2023-08-18,"Action, Adventure, Indie","Co-op, Online Co-Op, Multiplayer, Team-Based, First-Person, Horror, Atmospheric, Lovecraftian",999,9.99,$5-9.99,8,15545,"500,000 - 1,000,000",750000,0.0504,62.71,66.7,high,0,0,unverified,,0
1933,469600,Legion TD 2 - Multiplayer Tower Defense,2021-10-01,"Casual, Indie, Strategy","Co-op, Online Co-Op, Multiplayer, Survival, Base Building, Replay Value, Competitive, Resource Management",2499,24.99,$20-29.99,8,12556,"1,000,000 - 2,000,000",1500000,0.1436,62.7,67.18,high,0,0,unverified,,0
1957,420290,Blackwake,2020-02-19,"Action, Casual, Free To Play, Indie, Strategy","Co-op, Multiplayer, Open World, Team-Based, Funny, FPS, First-Person, Atmospheric",0,0.0,free,8,25706,"200,000 - 500,000",350000,0.0425,62.63,66.62,high,0,0,unverified,,0
1964,1088790,Rebel Inc: Escalation,2021-10-13,"Casual, Indie, Simulation, Strategy","Great Soundtrack, Sandbox, Replay Value, Addictive, Management, War, Simulation, Tactical",1499,14.99,$10-14.99,8,5892,"200,000 - 500,000",350000,-0.4765,62.6,63.87,high,0,0,unverified,,0
1965,633460,Tannenberg,2017-11-16,"Action, Indie, Massively Multiplayer, Simulation, Strategy","Multiplayer, Gore, Team-Based, FPS, First-Person, War, Simulation, Horror",399,3.99,$0.01-4.99,8,9341,"500,000 - 1,000,000",750000,-0.129,62.6,65.7,high,0,0,unverified,,0
1983,965200,Walking Zombie 2,2019-10-11,"Action, Adventure, Indie, RPG","Multiplayer, Sandbox, Open World, Open World Survival Craft, Survival, Crafting, FPS, First-Person",0,0.0,free,8,12071,"200,000 - 500,000",350000,-0.2238,62.53,65.17,high,0,0,unverified,,0
1993,715560,Eastshade,2019-02-13,"Adventure, Indie","Great Soundtrack, Multiplayer, Open World, Crafting, First-Person, Beautiful, Atmospheric, Story Rich",2499,24.99,$20-29.99,8,5018,"100,000 - 200,000",150000,-0.7389,62.5,62.44,high,0,0,unverified,,0
2019,647960,Rusted Warfare - RTS,2017-07-14,"Indie, Strategy","Co-op, Multiplayer, Moddable, Sandbox, Base Building, Mod, War, Strategy",499,4.99,$0.01-4.99,9,5385,"200,000 - 500,000",350000,-0.2242,62.39,65.09,high,0,0,unverified,,0
2037,396750,EVERSPACE™,2017-05-25,"Action, Indie","Great Soundtrack, Difficult, Survival, First-Person, Simulation, Roguelite, Roguelike, Shooter",1999,19.99,$15-19.99,6,10692,"500,000 - 1,000,000",750000,-0.6495,62.33,62.83,high,0,0,unverified,,0
2047,233980,UnEpic,2014-07-25,"Action, Indie, RPG","Co-op, Online Co-Op, Multiplayer, Funny, Comedy, Action, Singleplayer, RPG",1299,12.99,$10-14.99,8,7910,"500,000 - 1,000,000",750000,-0.1876,62.27,65.23,high,0,0,unverified,,0
2064,307110,We Need To Go Deeper,2019-08-01,"Action, Indie, Simulation","Co-op, Online Co-Op, Multiplayer, Team-Based, Simulation, Lovecraftian, Roguelite, Underwater",1599,15.99,$15-19.99,8,5704,"500,000 - 1,000,000",750000,-0.3028,62.19,64.58,high,0,0,unverified,,0
2087,2157110,FUCK HITLER,2022-11-30,"Action, Casual, Free To Play, Indie, Simulation","Sandbox, Building, Funny, FPS, First-Person, Blood, War, Simulation",0,0.0,free,8,8680,"0 - 20,000",10000,-1.2037,62.07,59.78,high,0,0,unverified,,0
2091,333640,Caves of Qud,2015-07-15,"Adventure, Early Access, Indie, RPG, Strategy","Moddable, Difficult, Survival, Simulation, Tactical, Atmospheric, Strategy, Roguelike",1999,19.99,$15-19.99,9,7907,"500,000 - 1,000,000",750000,0.0963,62.05,66.61,high,0,0,unverified,,0
2099,1062160,Poly Bridge 2,2020-05-28,"Indie, Simulation","Great Soundtrack, Sandbox, Difficult, Building, Crafting, Funny, Simulation, Level Editor",1499,14.99,$10-14.99,9,7490,"200,000 - 500,000",350000,-0.108,62.02,65.52,high,0,0,unverified,,0
2108,1164940,Trepang2,2023-06-21,"Action, Indie","Difficult, Gore, FPS, First-Person, Blood, Fast-Paced, Horror, Atmospheric",1499,14.99,$10-14.99,8,10374,"200,000 - 500,000",350000,-0.2772,61.99,64.61,high,0,0,unverified,,0
2109,1649080,Two Point Campus,2022-08-09,"Casual, Indie, Simulation, Strategy","Sandbox, Building, Replay Value, Funny, Management, City Builder, Simulation, Tactical",2999,29.99,$20-29.99,8,5741,"500,000 - 1,000,000",750000,-0.3005,61.99,64.49,high,0,0,unverified,,0
2110,899770,Last Epoch,2024-02-21,"Action, Adventure, Indie, RPG","Co-op, Multiplayer, Gore, Hack and Slash, Violent, Dungeon Crawler, Character Customization, Action",3499,34.99,$30-39.99,6,98547,"20,000,000 - 50,000,000",35000000,1.0666,61.99,71.68,high,0,0,unverified,,0
2127,1063660,Bendy and the Dark Revival,,"Actie, Avontuur","Great Soundtrack, Survival, Survival Horror, First-Person, Horror, Atmospheric, Strategy, Story Rich",2999,29.99,$20-29.99,8,11437,"500,000 - 1,000,000",750000,-0.0577,61.9,65.72,high,0,0,unverified,,0
2130,1929610,Demonologist,2023-09-25,"Action, Adventure, Indie","Co-op, Online Co-Op, Multiplayer, Survival Horror, First-Person, Horror, Tactical, Lovecraftian",1499,14.99,$10-14.99,8,19471,"1,000,000 - 2,000,000",1500000,0.2982,61.87,67.58,high,0,0,unverified,,0
2136,753420,Dungreed,2018-02-14,"Action, Indie","Great Soundtrack, Multiplayer, Difficult, Local Co-Op, Roguelite, Dungeon Crawler, Roguelike, Action",999,9.99,$5-9.99,8,8965,"200,000 - 500,000",350000,-0.3287,61.85,64.27,high,0,0,unverified,,0
2141,1280930,Astral Ascent,2023-11-14,"Action, Adventure, Indie","Co-op, Difficult, Replay Value, Hack and Slash, Atmospheric, Roguelite, Roguelike, Story Rich",2499,24.99,$20-29.99,8,5218,"200,000 - 500,000",350000,-0.5193,61.83,63.26,high,0,0,unverified,,0
2148,1016920,Unrailed!,2020-09-23,"Action, Casual, Indie","Co-op, Online Co-Op, Multiplayer, Survival, Local Co-Op, Funny, Competitive, Local Multiplayer",399,3.99,$0.01-4.99,8,17976,"1,000,000 - 2,000,000",1500000,0.27,61.8,67.4,high,0,0,unverified,,0
2152,382560,Hot Lava,2019-09-19,"Action, Adventure, Indie, Racing","Great Soundtrack, Multiplayer, Difficult, First-Person, Fast-Paced, Action, Singleplayer, Adventure",1999,19.99,$15-19.99,8,5657,"200,000 - 500,000",350000,-0.4908,61.78,63.39,high,0,0,unverified,,0
2153,2406770,Bodycam,2024-06-07,"Action, Early Access, Indie, Massively Multiplayer, Simulation, Strategy","Multiplayer, Open World, Survival, FPS, First-Person, Simulation, Tactical, Military",3332,33.32,$30-39.99,6,23740,"500,000 - 1,000,000",750000,-0.3684,61.78,64.03,high,0,0,unverified,,0
2154,94400,Nidhogg,2014-01-13,"Action, Indie, Sports","Great Soundtrack, Multiplayer, Local Co-Op, Funny, Competitive, Fast-Paced, Local Multiplayer, Party Game",999,9.99,$5-9.99,8,7588,"500,000 - 1,000,000",750000,-0.2022,61.75,64.89,high,0,0,unverified,,0
2156,258520,The Vanishing of Ethan Carter,2014-09-25,"Adventure, Indie","Great Soundtrack, Open World, First-Person, Beautiful, Short, Horror, Atmospheric, Lovecraftian",1999,19.99,$15-19.99,8,8765,"500,000 - 1,000,000",750000,-0.1515,61.73,65.15,high,0,0,unverified,,0
2158,250620,Among the Sleep - Enhanced Edition,2014-05-29,"Action, Adventure, Indie","Survival, Survival Horror, First-Person, Simulation, Short, Horror, Atmospheric, Psychological Horror",1699,16.99,$15-19.99,8,7020,"200,000 - 500,000",350000,-0.4148,61.7,63.75,high,0,0,unverified,,0
2161,270850,Car Mechanic Simulator 2014,2014-01-24,Simulation,"Great Soundtrack, Multiplayer, First-Person, Management, Simulation, Strategy, Realistic, Singleplayer",699,6.99,$5-9.99,8,5052,"500,000 - 1,000,000",750000,-0.3456,61.68,64.1,high,0,0,unverified,,0
2165,861650,Session: Skate Sim,2022-09-22,"Indie, Simulation, Sports, Strategy","Multiplayer, Difficult, Funny, Simulation, Physics, Strategy, Realistic, Character Customization",1199,11.99,$10-14.99,8,13439,"500,000 - 1,000,000",750000,-0.0009,61.67,65.91,high,0,0,unverified,,0
2175,953490,CARRION,2020-07-23,"Action, Adventure, Indie","Great Soundtrack, Gore, Blood, Horror, Atmospheric, Lovecraftian, Violent, Physics",1999,19.99,$15-19.99,8,24708,"500,000 - 1,000,000",750000,0.2137,61.62,67.01,high,0,0,unverified,,0
2176,2103140,Magicraft,2023-11-01,"Action, Adventure, Early Access, Indie, RPG","Co-op, Multiplayer, Crafting, Addictive, Lovecraftian, Roguelite, Roguelike, Action",1599,15.99,$15-19.99,8,6901,"500,000 - 1,000,000",750000,-0.2357,61.62,64.65,high,0,0,unverified,,0
2186,505230,Pathologic 2,2019-05-23,"Adventure, Indie, RPG","Open World, Difficult, Survival, Survival Horror, First-Person, Atmospheric, Psychological Horror, Story Rich",3499,34.99,$30-39.99,8,10103,"500,000 - 1,000,000",750000,-0.1014,61.59,65.34,high,0,0,unverified,,0
2195,1432050,Nobody Saves the World,,"Action, Adventure, Indie, RPG","Co-op, Multiplayer, Local Co-Op, Funny, Hack and Slash, Dungeon Crawler, Action, Procedural Generation",2499,24.99,$20-29.99,8,5747,"200,000 - 500,000",350000,-0.4853,61.54,63.3,high,0,0,unverified,,0
2198,401680,POSTAL Redux,2016-05-20,"Action, Indie","Co-op, Online Co-Op, Multiplayer, Gore, Fast-Paced, Horror, Violent, Psychological Horror",899,8.99,$5-9.99,8,6116,"20,000 - 50,000",35000,-1.0227,61.52,60.46,high,0,0,unverified,,0
2199,346330,BrainBread 2,2022-03-09,"Action, Adventure, Free To Play, Indie","Co-op, Multiplayer, Survival, Gore, Funny, FPS, First-Person, Horror",0,0.0,free,6,5116,"100,000 - 200,000",150000,-1.3001,61.52,59.0,high,0,0,unverified,,0
2214,22000,World of Goo,2008-10-13,Indie,"Great Soundtrack, Difficult, Building, Funny, Classic, Atmospheric, Comedy, Touch-Friendly",1499,14.99,$10-14.99,8,5893,"1,000,000 - 2,000,000",1500000,-0.1229,61.46,65.16,high,0,0,unverified,,0
2240,304650,SUNLESS SEA,2015-02-06,"Adventure, Indie, RPG","Great Soundtrack, Open World, Survival, Horror, Atmospheric, Lovecraftian, Roguelite, Roguelike",1899,18.99,$15-19.99,8,9109,"1,000,000 - 2,000,000",1500000,0.0305,61.39,65.93,high,0,0,unverified,,0
2244,979690,The Ascent,2021-07-29,"Action, Adventure, Indie, RPG","Co-op, Open World, Local Co-Op, Gore, Violent, Split Screen, Character Customization, Shooter",2999,29.99,$20-29.99,6,21752,"1,000,000 - 2,000,000",1500000,-0.2309,61.38,64.55,high,0,0,unverified,,0
2263,218640,Lucius,2012-10-26,"Action, Adventure, Gore, Indie, Violent","Open World, Difficult, Gore, Funny, Horror, Atmospheric, Violent, Psychological Horror",999,9.99,$5-9.99,8,10316,"500,000 - 1,000,000",750000,-0.094,61.3,65.23,high,0,0,unverified,,0
2278,964800,Prodeus,2022-09-23,"Action, Adventure, Casual, Indie","Great Soundtrack, Gore, FPS, First-Person, Classic, Fast-Paced, Horror, Level Editor",2499,24.99,$20-29.99,8,7051,"200,000 - 500,000",350000,-0.4132,61.25,63.53,high,0,0,unverified,,0
2338,667970,VTOL VR,2017-08-03,"Action, Indie, Simulation","Multiplayer, Sandbox, First-Person, War, Simulation, Level Editor, Physics, Military",2999,29.99,$20-29.99,9,17517,"500,000 - 1,000,000",750000,0.3765,60.92,67.52,high,0,0,unverified,,0
2363,1293160,The Medium,,Adventure,"Great Soundtrack, Gore, Horror, Atmospheric, Violent, Psychological Horror, Story Rich, Mature",4999,49.99,$40+,8,8309,"500,000 - 1,000,000",750000,-0.1702,60.83,64.6,high,0,0,unverified,,0
2366,1782120,ZERO Sievert,,"Action, Adventure, Early Access, Indie","Open World, Survival, Base Building, Survival Horror, Simulation, Atmospheric, Strategy, Post-apocalyptic",1799,17.99,$15-19.99,8,10311,"500,000 - 1,000,000",750000,-0.0942,60.82,64.99,high,0,0,unverified,,0
2370,1013320,Firestone: Online Idle RPG,2024-04-01,"Action, Adventure, Casual, Free To Play, Indie, Massively Multiplayer, RPG, Simulation, Strategy","Co-op, Online Co-Op, Multiplayer, Massively Multiplayer, Gore, Team-Based, Simulation, Violent",0,0.0,free,6,5912,"500,000 - 1,000,000",750000,-0.8582,60.8,60.96,high,0,0,unverified,,0
2376,746850,Cloudpunk,2020-04-23,"Adventure, Indie, RPG","Great Soundtrack, Open World, First-Person, Atmospheric, Story Rich, Voxel, Mature, Action",1999,19.99,$15-19.99,8,13906,"500,000 - 1,000,000",750000,0.0112,60.79,65.53,high,0,0,unverified,,0
2388,1926680,FUCK PUTIN,2022-04-13,"Action, Casual, Free To Play, Indie, Simulation","Sandbox, Building, Funny, FPS, First-Person, Blood, War, Simulation",0,0.0,free,8,7105,"0 - 20,000",10000,-1.2742,60.75,58.75,high,0,0,unverified,,0
2393,387860,the static speaks my name,2015-08-10,"Adventure, Free To Play, Indie, RPG","Multiplayer, Memes, Funny, First-Person, Short, Horror, Atmospheric, Psychological Horror",0,0.0,free,8,5573,"200,000 - 500,000",350000,-0.4961,60.72,62.83,high,0,0,unverified,,0
2400,1465460,Infection Free Zone,2024-04-11,"Action, Early Access, Indie, Simulation, Strategy","Sandbox, Survival, Base Building, Colony Sim, Management, City Builder, Simulation, Atmospheric",2499,24.99,$20-29.99,6,10878,"200,000 - 500,000",350000,-0.8286,60.7,61.07,high,0,0,unverified,,0
2403,1435790,Escape Simulator,2021-10-19,"Adventure, Casual, Indie, Simulation","Co-op, Online Co-Op, Multiplayer, First-Person, Simulation, Level Editor, Story Rich, Singleplayer",1999,19.99,$15-19.99,8,15465,"1,000,000 - 2,000,000",1500000,0.217,60.69,66.56,high,0,0,unverified,,0
2422,999220,Amnesia: Rebirth,2020-10-20,"Adventure, Indie","Gore, Survival Horror, First-Person, Horror, Atmospheric, Lovecraftian, Psychological Horror, Physics",2999,29.99,$20-29.99,6,8233,"500,000 - 1,000,000",750000,-0.7415,60.61,61.48,high,0,0,unverified,,0
2437,3097560,Liar's Bar,2024-10-02,"Casual, Early Access, Indie, Simulation, Strategy","Co-op, Online Co-Op, Multiplayer, Gore, Funny, FPS, First-Person, Simulation",699,6.99,$5-9.99,8,9006,"1,000,000 - 2,000,000",1500000,0.0265,60.55,65.49,high,0,0,unverified,,0
2440,1216320,Shieldwall,,"Action, Casual, Indie, Simulation, Strategy","Multiplayer, Sandbox, Funny, War, Simulation, Comedy, Physics, Strategy",1799,17.99,$15-19.99,8,5969,"200,000 - 500,000",350000,-0.4719,60.53,62.86,high,0,0,unverified,,0
2442,321360,Primal Carnage: Extinction,2015-04-03,"Action, Indie","Online Co-Op, Multiplayer, Gore, Team-Based, Competitive, FPS, First-Person, Violent",1299,12.99,$10-14.99,8,8974,"500,000 - 1,000,000",750000,-0.1432,60.53,64.59,high,0,0,unverified,,0
2447,1329500,SpiderHeck,2022-09-22,"Action, Casual, Indie","Co-op, Online Co-Op, Multiplayer, Local Co-Op, Funny, Local Multiplayer, 4 Player Local, Fighting",1499,14.99,$10-14.99,8,5078,"500,000 - 1,000,000",750000,-0.3437,60.5,63.52,high,0,0,unverified,,0
2452,212800,Super Crate Box,2012-08-29,"Action, Free To Play, Indie","Co-op, Great Soundtrack, Multiplayer, Difficult, Addictive, Fast-Paced, Free to Play, Roguelike",0,0.0,free,8,6508,"500,000 - 1,000,000",750000,-0.2563,60.49,63.97,high,0,0,unverified,,0
2479,235800,Audiosurf 2,2015-05-26,Indie,"Great Soundtrack, Multiplayer, Moddable, Difficult, Local Co-Op, Local Multiplayer, Music, Rhythm",1499,14.99,$10-14.99,8,5915,"200,000 - 500,000",350000,-0.4751,60.39,62.77,high,0,0,unverified,,0
2488,1766740,Choo-Choo Charles,2022-12-09,"Action, Adventure, Indie","Co-op, Open World, Survival Horror, FPS, First-Person, Horror, Atmospheric, Psychological Horror",1999,19.99,$15-19.99,8,14696,"200,000 - 500,000",350000,-0.1545,60.37,64.45,high,0,0,unverified,,0
2490,332800,Five Nights at Freddy's 2,2014-11-10,Indie,"Difficult, Survival, Survival Horror, First-Person, Fast-Paced, Horror, Atmospheric, Psychological Horror",799,7.99,$5-9.99,8,21879,"500,000 - 1,000,000",750000,0.1708,60.36,66.16,high,0,0,unverified,,0
2504,388090,Five Nights at Freddy's 4,2015-07-23,"Action, Indie, Strategy","Difficult, Survival, Survival Horror, First-Person, Simulation, Horror, Atmospheric, Psychological Horror",799,7.99,$5-9.99,8,14199,"500,000 - 1,000,000",750000,0.0185,60.32,65.33,high,0,0,unverified,,0
2527,394970,DEADBOLT,2016-03-14,"Action, Indie","Great Soundtrack, Difficult, Gore, Blood, Horror, Atmospheric, Violent, Strategy",999,9.99,$5-9.99,9,5254,"200,000 - 500,000",350000,-0.2329,60.25,63.98,high,0,0,unverified,,0
2541,499520,The Turing Test,2016-08-30,Adventure,"Great Soundtrack, First-Person, Short, Horror, Atmospheric, Psychological Horror, Story Rich, Singleplayer",1999,19.99,$15-19.99,8,7826,"200,000 - 500,000",350000,-0.3765,60.2,63.2,high,0,0,unverified,,0
2577,316790,Grim Fandango Remastered,2015-01-26,Adventure,"Great Soundtrack, Difficult, Funny, Classic, Atmospheric, Comedy, Dark Humor, Story Rich",1499,14.99,$10-14.99,8,7805,"500,000 - 1,000,000",750000,-0.1923,60.1,64.12,high,0,0,unverified,,0
2586,588030,Derail Valley,2019-01-25,"Adventure, Early Access, Indie, Simulation","Sandbox, Open World, Replay Value, First-Person, Simulation, Physics, Resource Management, Realistic",3999,39.99,$30-39.99,9,5831,"200,000 - 500,000",350000,-0.1962,60.06,64.08,high,0,0,unverified,,0
2615,496300,Kingdom: New Lands,2016-08-09,"Indie, Simulation, Strategy","Open World, Building, Survival, Base Building, Colony Sim, Simulation, Atmospheric, Roguelite",1499,14.99,$10-14.99,8,11354,"1,000,000 - 2,000,000",1500000,0.1081,59.96,65.63,high,0,0,unverified,,0
2618,342560,Airships: Conquer the Skies,2018-08-16,"Action, Indie, Strategy","Co-op, Online Co-Op, Multiplayer, Competitive, Military, Strategy, RTS, PvP",2499,24.99,$20-29.99,9,5624,"500,000 - 1,000,000",750000,-0.0237,59.94,64.92,high,0,0,unverified,,0
2625,1116960,UNDEFEATED,2019-08-02,"Action, Free To Play, Indie","Online Co-Op, Multiplayer, Sandbox, Open World, Funny, Fighting, Free to Play, Action",0,0.0,free,8,6586,"500,000 - 1,000,000",750000,-0.2521,59.92,63.71,high,0,0,unverified,,0
2629,332950,Dark Deception,2018-09-26,"Action, Adventure, Free To Play, Indie","Multiplayer, Difficult, Survival, Survival Horror, First-Person, Horror, Psychological Horror, Dark Humor",0,0.0,free,8,19545,"1,000,000 - 2,000,000",1500000,0.2995,59.91,66.61,high,0,0,unverified,,0
2639,207230,ArcheBlade™,2014-04-25,"Action, Free To Play, Indie","Co-op, Online Co-Op, Multiplayer, Massively Multiplayer, Team-Based, Hack and Slash, Fighting, Free to Play",0,0.0,free,6,7667,"1,000,000 - 2,000,000",1500000,-0.5983,59.89,61.88,high,0,0,unverified,,0
2686,718670,Cultist Simulator,2018-05-31,"Indie, RPG, Simulation","Difficult, Crafting, Replay Value, Management, Simulation, Horror, Lovecraftian, Roguelite",1999,19.99,$15-19.99,6,11646,"500,000 - 1,000,000",750000,-0.6194,59.67,61.66,high,0,0,unverified,,0
2709,362490,Exanima,2015-04-29,"Action, Adventure, Early Access, Indie, RPG, Simulation","Difficult, Simulation, Horror, Atmospheric, Physics, Souls-like, Dungeon Crawler, Roguelike",1499,14.99,$10-14.99,8,11899,"500,000 - 1,000,000",750000,-0.0438,59.6,64.65,high,0,0,unverified,,0
2721,698670,Scorn,2022-10-14,"Action, Adventure, Indie","Gore, Survival Horror, FPS, First-Person, Horror, Atmospheric, Lovecraftian, Violent",3999,39.99,$30-39.99,6,14164,"500,000 - 1,000,000",750000,-0.5504,59.57,61.97,high,0,0,unverified,,0
2734,986130,Shadows of Doubt,2024-09-26,"Action, Adventure, Indie, RPG","Sandbox, Open World, First-Person, Atmospheric, Voxel, Action, Procedural Generation, Singleplayer",2499,24.99,$20-29.99,8,12904,"200,000 - 500,000",350000,-0.2003,59.52,63.78,high,0,0,unverified,,0
2741,652980,Loading Screen Simulator,2017-07-13,"Casual, Free To Play, Indie, Simulation","Multiplayer, Open World, Difficult, Memes, Funny, First-Person, Simulation, Atmospheric",0,0.0,free,8,8627,"500,000 - 1,000,000",750000,-0.157,59.48,63.99,high,0,0,unverified,,0
2742,435530,The Final Station,2016-08-30,"Action, Adventure, Indie","Great Soundtrack, Survival, Short, Horror, Atmospheric, Resource Management, Post-apocalyptic, Shooter",1499,14.99,$10-14.99,8,8454,"200,000 - 500,000",350000,-0.3493,59.48,62.98,high,0,0,unverified,,0
2759,222730,Reus,2013-05-16,"Indie, Simulation, Strategy","Great Soundtrack, Sandbox, Replay Value, Funny, Addictive, Management, Simulation, Resource Management",999,9.99,$5-9.99,6,5645,"500,000 - 1,000,000",750000,-0.8745,59.43,60.19,high,0,0,unverified,,0
2766,423230,Furi,2016-07-05,"Action, Indie","Great Soundtrack, Difficult, Replay Value, Fast-Paced, Hack and Slash, Atmospheric, Violent, Story Rich",1999,19.99,$15-19.99,8,11751,"200,000 - 500,000",350000,-0.2333,59.39,63.55,high,0,0,unverified,,0
2769,2551020,One-armed robber,2023-12-15,"Action, Free To Play, Indie, Simulation, Strategy","Co-op, Multiplayer, Funny, FPS, First-Person, Simulation, Tactical, Physics",0,0.0,free,8,24958,"0 - 20,000",10000,-0.8316,59.39,60.4,high,0,0,unverified,,0
2789,1206610,Rubber Bandits,2021-12-02,"Action, Casual, Indie","Co-op, Online Co-Op, Multiplayer, Local Co-Op, Funny, Local Multiplayer, 4 Player Local, Party Game",199,1.99,$0.01-4.99,8,6076,"500,000 - 1,000,000",750000,-0.2805,59.29,63.25,high,0,0,unverified,,0
2791,736590,Operation: Harsh Doorstop,2023-02-15,"Action, Casual, Early Access, Free To Play, Indie, Simulation, Strategy","Multiplayer, Moddable, FPS, First-Person, War, Simulation, Tactical, Military",0,0.0,free,6,15626,"2,000,000 - 5,000,000",3500000,-0.1416,59.27,63.97,high,0,0,unverified,,0
2793,1256670,Library Of Ruina,2021-08-10,"Indie, RPG, Strategy","Great Soundtrack, Difficult, Gore, Horror, Psychological Horror, Turn-Based, Strategy, Story Rich",2999,29.99,$20-29.99,8,29181,"500,000 - 1,000,000",750000,0.2723,59.27,66.14,high,0,0,unverified,,0
2801,1937500,Let's School,2023-07-26,"Casual, Indie, Simulation","Sandbox, Open World, Building, Funny, Management, City Builder, Simulation, Comedy",1999,19.99,$15-19.99,8,5728,"200,000 - 500,000",350000,-0.4865,59.24,62.14,high,0,0,unverified,,0
2809,562860,Ion Fury,2019-08-15,"Action, Indie","Great Soundtrack, Gore, FPS, First-Person, Classic, Fast-Paced, Violent, Shooter",2499,24.99,$20-29.99,8,6336,"200,000 - 500,000",350000,-0.4509,59.21,62.31,high,0,0,unverified,,0
2822,558100,Art of War: Red Tides,2016-12-22,"Early Access, Free To Play, Indie, Strategy, Violent","Co-op, Multiplayer, Survival, War, Horror, Violent, Strategy, Free to Play",0,0.0,free,6,6876,"1,000,000 - 2,000,000",1500000,-0.6366,59.17,61.31,high,0,0,unverified,,0
2828,743450,Monster Prom,2018-04-27,"Indie, Simulation","Great Soundtrack, Online Co-Op, Multiplayer, Funny, Local Multiplayer, Simulation, Comedy, Story Rich",1199,11.99,$10-14.99,8,13541,"500,000 - 1,000,000",750000,0.0018,59.14,64.66,high,0,0,unverified,,0
2843,915810,Midnight Ghost Hunt,2024-03-21,"Action, Indie","Co-op, Multiplayer, Team-Based, FPS, First-Person, Horror, Tactical, Comedy",1999,19.99,$15-19.99,6,7230,"200,000 - 500,000",350000,-0.9725,59.1,59.51,high,0,0,unverified,,0
2845,356650,Death's Gambit: Afterlife,,"Action, Adventure, Indie, RPG","Great Soundtrack, Difficult, Replay Value, Atmospheric, Souls-like, Story Rich, Action, Singleplayer",1999,19.99,$15-19.99,8,5069,"200,000 - 500,000",350000,-0.5295,59.09,61.84,high,0,0,unverified,,0
2896,2240530,BABBDI,2022-12-22,"Adventure, Casual, Free To Play","Multiplayer, Sandbox, Open World, First-Person, Short, Horror, Atmospheric, Psychological Horror",0,0.0,free,9,5343,"0 - 20,000",10000,-1.0906,58.94,58.81,high,0,0,unverified,,0
2930,356570,Party Hard,2015-08-25,"Action, Indie, Strategy","Great Soundtrack, Difficult, Gore, Funny, Horror, Comedy, Violent, Dark Humor",999,9.99,$5-9.99,8,10878,"500,000 - 1,000,000",750000,-0.0754,58.82,64.09,high,0,0,unverified,,0
2953,669330,Mechabellum,2024-09-26,"Action, Indie, Massively Multiplayer, Simulation, Strategy","Co-op, Multiplayer, War, Simulation, Tactical, Turn-Based, Strategy, RTS",1499,14.99,$10-14.99,8,10536,"500,000 - 1,000,000",750000,-0.0866,58.74,63.99,high,0,0,unverified,,0
2966,597220,West of Loathing,2017-08-10,"Adventure, Indie, RPG","Great Soundtrack, Open World, Memes, Replay Value, Funny, Comedy, Turn-Based, Character Customization",1099,10.99,$10-14.99,9,9398,"500,000 - 1,000,000",750000,0.1571,58.71,65.26,high,0,0,unverified,,0
2993,214770,Guacamelee! Gold Edition,2013-08-08,"Action, Adventure, Indie","Co-op, Great Soundtrack, Memes, Local Co-Op, Funny, Local Multiplayer, Fighting, Comedy",374,3.74,$0.01-4.99,8,5908,"500,000 - 1,000,000",750000,-0.2904,58.62,62.86,high,0,0,unverified,,0
3027,610080,Realm Grinder,2017-06-15,"Free To Play, RPG, Strategy","Multiplayer, Building, Base Building, Addictive, City Builder, Simulation, Resource Management, Strategy",0,0.0,free,8,6833,"1,000,000 - 2,000,000",1500000,-0.0708,58.53,63.97,high,0,0,unverified,,0
3087,1120810,Eastern Exorcist,2021-07-07,"Action, Adventure, RPG","Difficult, Hack and Slash, Violent, Souls-like, Strategy, Action, Martial Arts, Singleplayer",1799,17.99,$15-19.99,8,6453,"500,000 - 1,000,000",750000,-0.2593,58.34,62.88,high,0,0,unverified,,0
3090,341940,Hatred,2015-06-01,"Action, Indie","Open World, Difficult, Survival, Gore, Horror, Violent, Psychological Horror, Dark Humor",599,5.99,$5-9.99,8,19586,"500,000 - 1,000,000",750000,0.1318,58.31,64.93,high,0,0,unverified,,0
3093,1696440,The Matchless Kungfu,2023-08-29,"Early Access, Indie, RPG, Strategy","Sandbox, Open World, Building, Survival, Base Building, Crafting, Funny, Strategy",1999,19.99,$15-19.99,8,5832,"200,000 - 500,000",350000,-0.4801,58.3,61.7,high,0,0,unverified,,0
3114,215080,WAKFU,2014-09-18,"Action, Adventure, Casual, Free To Play, Indie, Massively Multiplayer, RPG, Strategy","Co-op, Multiplayer, Sandbox, Open World, Massively Multiplayer, Tactical, Turn-Based, Strategy",0,0.0,free,6,10026,"1,000,000 - 2,000,000",1500000,-0.5038,58.24,61.55,high,0,0,unverified,,0
3126,774181,Rhythm Doctor,2021-02-26,"Early Access, Indie","Co-op, Local Co-Op, Funny, Local Multiplayer, Comedy, Level Editor, Music, Story Rich",1599,15.99,$15-19.99,9,20321,"500,000 - 1,000,000",750000,0.4288,58.19,66.43,high,0,0,unverified,,0
3228,558990,Opus Magnum,2017-12-07,"Indie, Simulation","Great Soundtrack, Sandbox, Difficult, Building, Simulation, Automation, Singleplayer, Indie",1999,19.99,$15-19.99,9,5757,"200,000 - 500,000",350000,-0.2007,57.9,62.97,high,0,0,unverified,,0
3239,774861,Project Winter,2019-05-23,"Action, Adventure, Casual, Indie, Strategy","Co-op, Online Co-Op, Multiplayer, Survival, Crafting, Team-Based, Funny, Strategy",999,9.99,$5-9.99,8,18781,"1,000,000 - 2,000,000",1500000,0.2854,57.87,65.51,high,0,0,unverified,,0
3266,31280,Poker Night at the Inventory,2010-11-22,"Casual, Sports","Great Soundtrack, Multiplayer, Memes, Funny, First-Person, Simulation, Comedy, Touch-Friendly",0,0.0,free,8,9332,"1,000,000 - 2,000,000",1500000,0.039,57.81,64.19,high,0,0,unverified,,0
3268,793460,112 Operator,2020-04-23,"Indie, Simulation, Strategy","Moddable, Sandbox, Open World, Management, Simulation, Strategy, Realistic, RTS",2499,24.99,$20-29.99,8,5920,"200,000 - 500,000",350000,-0.4748,57.81,61.49,high,0,0,unverified,,0
3303,792220,Paunch,2019-12-04,"Action, Free To Play, Indie, Massively Multiplayer, RPG, Sports","Multiplayer, Massively Multiplayer, Replay Value, Funny, Simulation, Fighting, Psychological Horror, Physics",0,0.0,free,8,11048,"500,000 - 1,000,000",750000,-0.0699,57.67,63.54,high,0,0,unverified,,0
3315,1571440,Lunch Lady,2021-04-15,"Action, Adventure, Indie","Co-op, Online Co-Op, Multiplayer, Team-Based, Survival Horror, FPS, First-Person, Horror",499,4.99,$0.01-4.99,8,12434,"200,000 - 500,000",350000,-0.2134,57.63,62.77,high,0,0,unverified,,0
3341,1054490,Wingspan,2020-09-17,"Indie, Strategy","Co-op, Multiplayer, Building, Local Co-Op, Local Multiplayer, Resource Management, Strategy, Economy",1999,19.99,$15-19.99,8,9365,"500,000 - 1,000,000",750000,-0.1281,57.55,63.18,high,0,0,unverified,,0
3343,367450,Poly Bridge,2016-07-12,"Indie, Simulation","Great Soundtrack, Sandbox, Difficult, Building, Crafting, Funny, Simulation, Level Editor",999,9.99,$5-9.99,8,17200,"1,000,000 - 2,000,000",1500000,0.2544,57.55,65.19,high,0,0,unverified,,0
3346,300380,Road Redemption,2017-10-04,"Action, Adventure, Indie, Racing, Simulation","Co-op, Multiplayer, Local Co-Op, Gore, Funny, Local Multiplayer, 4 Player Local, Violent",299,2.99,$0.01-4.99,8,12068,"1,000,000 - 2,000,000",1500000,0.1296,57.54,64.53,high,0,0,unverified,,0
3358,692850,Bloodstained: Ritual of the Night,2019-06-18,"Action, Adventure, RPG","Great Soundtrack, Difficult, Crafting, Action, Singleplayer, RPG, Adventure, Metroidvania",3999,39.99,$30-39.99,8,38351,"500,000 - 1,000,000",750000,0.3686,57.53,65.78,high,0,0,unverified,,0
3363,276810,Mordheim: City of the Damned,2015-11-19,"RPG, Strategy","Multiplayer, Competitive, Tactical, Turn-Based, Strategy, Procedural Generation, Perma Death, Singleplayer",1999,19.99,$15-19.99,6,7822,"500,000 - 1,000,000",750000,-0.7596,57.52,59.84,high,0,0,unverified,,0
3373,250520,UnderRail,2015-12-18,"Indie, RPG","Sandbox, Open World, Difficult, Crafting, Atmospheric, Turn-Based, Post-apocalyptic, Isometric",1499,14.99,$10-14.99,8,6147,"200,000 - 500,000",350000,-0.4616,57.49,61.4,high,0,0,unverified,,0
3404,259680,Tales of Maj'Eyal,2013-12-12,"Adventure, Indie, RPG","Moddable, Open World, Difficult, Replay Value, Tactical, Turn-Based, Dungeon Crawler, Roguelike",699,6.99,$5-9.99,9,6454,"1,000,000 - 2,000,000",1500000,0.1931,57.42,64.8,high,0,0,unverified,,0
3409,397340,SimplePlanes,2015-12-17,"Indie, Simulation","Moddable, Sandbox, Open World, Building, Funny, Physics, Military, Strategy",1299,12.99,$10-14.99,8,10186,"500,000 - 1,000,000",750000,-0.0985,57.41,63.26,high,0,0,unverified,,0
3436,2141730,Backrooms: Escape Together,2022-10-18,"Action, Adventure, Casual, Early Access, Indie","Co-op, Online Co-Op, Multiplayer, Survival Horror, First-Person, Horror, Atmospheric, Psychological Horror",799,7.99,$5-9.99,8,5461,"200,000 - 500,000",350000,-0.5033,57.35,61.11,high,0,0,unverified,,0
3449,1158160,Coral Island,2023-11-14,"Adventure, Casual, Indie, RPG, Simulation, Strategy","Sandbox, Open World, Building, Crafting, Simulation, Farming Sim, Agriculture, Character Customization",2999,29.99,$20-29.99,8,18653,"500,000 - 1,000,000",750000,0.1147,57.31,64.34,high,0,0,unverified,,0
3467,593280,Cat Quest,2017-08-08,"Action, Adventure, Casual, Indie, RPG","Co-op, Multiplayer, Open World, Funny, Hack and Slash, Action, Singleplayer, RPG",1299,12.99,$10-14.99,8,9106,"500,000 - 1,000,000",750000,-0.138,57.27,62.99,high,0,0,unverified,,0
3508,1385380,Across the Obelisk,2022-08-16,"Adventure, Indie, RPG, Strategy","Co-op, Online Co-Op, Difficult, Replay Value, Roguelite, Turn-Based, Dungeon Crawler, Procedural Generation",1999,19.99,$15-19.99,8,11000,"500,000 - 1,000,000",750000,-0.0714,57.16,63.28,high,0,0,unverified,,0
3569,1179080,FAITH: The Unholy Trinity,2022-10-21,"Adventure, Indie","Great Soundtrack, Gore, Survival Horror, Classic, Blood, Horror, Atmospheric, Lovecraftian",1499,14.99,$10-14.99,9,6328,"200,000 - 500,000",350000,-0.1674,57.03,62.71,high,0,0,unverified,,0
3587,1241100,POLYGON,2020-03-06,"Action, Early Access, Free To Play, Indie, Massively Multiplayer","Multiplayer, Massively Multiplayer, Team-Based, Competitive, FPS, First-Person, War, Tactical",0,0.0,free,6,32758,"1,000,000 - 2,000,000",1500000,-0.0866,56.98,63.11,high,0,0,unverified,,0
3631,287980,Mini Metro,,"模拟, 独立, 策略","Great Soundtrack, Difficult, Building, Replay Value, Addictive, Management, Simulation, Touch-Friendly",999,9.99,$5-9.99,9,15141,"500,000 - 1,000,000",750000,0.3252,56.87,65.22,high,0,0,unverified,,0
3639,670290,Real Pool 3D - Poolians,2018-01-04,"Action, Casual, Free To Play, Indie, Massively Multiplayer, Simulation, Sports, Strategy","Co-op, Multiplayer, Massively Multiplayer, Funny, FPS, Simulation, Psychological Horror, Strategy",0,0.0,free,6,14390,"500,000 - 1,000,000",750000,-0.5448,56.82,60.62,high,0,0,unverified,,0
3660,360830,Yooka-Laylee,2017-04-11,"Action, Adventure, Indie","Great Soundtrack, Multiplayer, Open World, Funny, Comedy, Action, Singleplayer, Adventure",1999,19.99,$15-19.99,6,5129,"500,000 - 1,000,000",750000,-0.9083,56.76,58.68,high,0,0,unverified,,0
3662,332200,Axiom Verge,2015-05-14,"Action, Adventure, Indie","Great Soundtrack, Difficult, Horror, Atmospheric, Shooter, Story Rich, Action, Singleplayer",1999,19.99,$15-19.99,8,5776,"200,000 - 500,000",350000,-0.4835,56.75,60.91,high,0,0,unverified,,0
3676,1568590,Goose Goose Duck,2021-10-03,"Casual, Free To Play, Indie, Massively Multiplayer, Strategy","Co-op, Online Co-Op, Multiplayer, Massively Multiplayer, Local Co-Op, Funny, Strategy, Free to Play",0,0.0,free,8,67334,"0 - 20,000",10000,-0.4819,56.72,60.9,high,0,0,unverified,,0
3682,2709570,Supermarket Together,2024-08-09,"Casual, Free To Play, Indie, Simulation","Online Co-Op, Multiplayer, Sandbox, Building, First-Person, Management, Simulation, Resource Management",0,0.0,free,8,25071,"0 - 20,000",10000,-0.83,56.71,59.07,high,0,0,unverified,,0
3686,688130,Pogostuck: Rage With Your Friends,2019-02-28,"Action, Adventure, Casual, Indie","Co-op, Multiplayer, Difficult, Replay Value, Funny, Roguelite, Psychological Horror, Action",699,6.99,$5-9.99,8,5940,"200,000 - 500,000",350000,-0.4737,56.7,60.94,high,0,0,unverified,,0
3694,1592190,BONELAB,2022-09-29,"Action, Adventure, Simulation","Sandbox, FPS, First-Person, Atmospheric, Violent, Physics, Shooter, Story Rich",3999,39.99,$30-39.99,6,14965,"500,000 - 1,000,000",750000,-0.531,56.69,60.63,high,0,0,unverified,,0
3695,451020,Battle Chasers: Nightwar,2017-10-03,"Indie, RPG","Great Soundtrack, Open World, Atmospheric, Turn-Based, Dungeon Crawler, Story Rich, Isometric, Singleplayer",2999,29.99,$20-29.99,8,7040,"200,000 - 500,000",350000,-0.4138,56.68,61.24,high,0,0,unverified,,0
3710,666220,CS2D,2017-11-15,"Action, Casual, Free To Play, Indie","Co-op, Multiplayer, Survival, Gore, Funny, Competitive, FPS, Strategy",0,0.0,free,8,9623,"1,000,000 - 2,000,000",1500000,0.0498,56.65,63.66,high,0,0,unverified,,0
3720,464060,RUINER,2017-09-26,"Action, Indie","Great Soundtrack, Open World, Difficult, Gore, Fast-Paced, Hack and Slash, Atmospheric, Violent",399,3.99,$0.01-4.99,8,11264,"500,000 - 1,000,000",750000,-0.0631,56.62,63.06,high,0,0,unverified,,0
3736,407130,Tank Mechanic Simulator,2020-02-20,"Action, Adventure, Casual, Indie, Simulation","Building, Crafting, First-Person, Management, Simulation, Atmospheric, Resource Management, Realistic",1999,19.99,$15-19.99,8,7998,"200,000 - 500,000",350000,-0.3688,56.58,61.43,high,0,0,unverified,,0
3768,293260,Card Hunter,2015-07-13,"Free To Play, RPG, Strategy","Co-op, Multiplayer, Tactical, Comedy, Turn-Based, Dungeon Crawler, Strategy, Free to Play",0,0.0,free,8,5153,"1,000,000 - 2,000,000",1500000,-0.1702,56.51,62.44,high,0,0,unverified,,0
3776,1088150,Scribble It!,2020-10-20,"Casual, Free To Play, Indie","Co-op, Great Soundtrack, Online Co-Op, Multiplayer, Team-Based, Funny, Comedy, Psychological Horror",0,0.0,free,8,7507,"1,000,000 - 2,000,000",1500000,-0.0376,56.49,63.12,high,0,0,unverified,,0
3816,590380,Into the Breach,,"Indie, RPG, Simulation, Strategy","Great Soundtrack, Replay Value, Simulation, Tactical, Roguelite, Turn-Based, Strategy, Roguelike",1499,14.99,$10-14.99,8,19304,"1,000,000 - 2,000,000",1500000,0.2951,56.39,64.82,high,0,0,unverified,,0
3853,458710,Kingdom Rush Frontiers - Tower Defense,2016-07-25,Strategy,"Great Soundtrack, Difficult, Building, Funny, Touch-Friendly, Strategy, RTS, Action",999,9.99,$5-9.99,9,8787,"500,000 - 1,000,000",750000,0.1335,56.33,63.94,high,0,0,unverified,,0
3858,665360,Comedy Night,2017-08-24,"Casual, Indie, RPG, Simulation","Co-op, Online Co-Op, Multiplayer, Memes, Funny, Simulation, Atmospheric, Comedy",499,4.99,$0.01-4.99,6,9004,"500,000 - 1,000,000",750000,-0.71,56.32,59.5,high,0,0,unverified,,0
3872,404410,Endless Sky,2015-10-30,"Action, Adventure, Free To Play, RPG, Simulation","Sandbox, Open World, Simulation, Strategy, Free to Play, Story Rich, Action, Economy",0,0.0,free,8,6399,"500,000 - 1,000,000",750000,-0.2623,56.29,61.84,high,0,0,unverified,,0
3885,240760,Wasteland 2: Director's Cut,2014-09-18,"Adventure, Indie, RPG, Strategy","Open World, Survival, Tactical, Atmospheric, Turn-Based, Strategy, Post-apocalyptic, Isometric",2999,29.99,$20-29.99,8,8027,"500,000 - 1,000,000",750000,-0.1824,56.26,62.25,high,0,0,unverified,,0
3901,1515210,The Past Within,2022-11-02,"Adventure, Indie","Co-op, Online Co-Op, Multiplayer, Local Co-Op, Local Multiplayer, Horror, Atmospheric, Psychological Horror",599,5.99,$5-9.99,8,14129,"1,000,000 - 2,000,000",1500000,0.1851,56.21,64.16,high,0,0,unverified,,0
3937,1178030,Star Fetchers,2020-01-17,"Action, Adventure, Free To Play, Indie","Great Soundtrack, Gore, Funny, Hack and Slash, Atmospheric, Comedy, Violent, Free to Play",0,0.0,free,9,6969,"200,000 - 500,000",350000,-0.1334,56.11,62.43,high,0,0,unverified,,0
3945,428690,Youtubers Life,2017-02-02,"Adventure, Casual, Indie, Simulation, Strategy","Sandbox, Open World, Memes, Funny, Management, Simulation, Comedy, Resource Management",824,8.24,$5-9.99,6,15371,"500,000 - 1,000,000",750000,-0.5216,56.09,60.38,high,0,0,unverified,,0
3957,242680,Nuclear Throne,2015-12-05,"Action, Indie, RPG","Great Soundtrack, Difficult, Local Co-Op, Local Multiplayer, Roguelite, Roguelike, Post-apocalyptic, Shooter",1199,11.99,$10-14.99,9,17569,"500,000 - 1,000,000",750000,0.3776,56.07,65.1,high,0,0,unverified,,0
3969,1342330,Mad Games Tycoon 2,2023-05-31,"Casual, Indie, Simulation, Strategy","Multiplayer, Sandbox, Building, Base Building, Crafting, Management, City Builder, Simulation",1749,17.49,$15-19.99,8,6537,"200,000 - 500,000",350000,-0.4399,56.04,60.78,high,0,0,unverified,,0
3976,913740,WORLD OF HORROR,2023-10-19,"Indie, RPG","Moddable, Survival, Survival Horror, Horror, Atmospheric, Lovecraftian, Roguelite, Psychological Horror",1999,19.99,$15-19.99,8,9082,"200,000 - 500,000",350000,-0.3241,56.03,61.39,high,0,0,unverified,,0
3986,422970,Devil Daggers,2016-02-18,"Action, Indie","Difficult, Survival, Gore, FPS, First-Person, Fast-Paced, Horror, Atmospheric",999,9.99,$5-9.99,9,8840,"200,000 - 500,000",350000,-0.0496,56.0,62.82,high,0,0,unverified,,0
4004,1911390,Knightfall: A Daring Journey,2022-04-01,"Action, Free To Play, Indie, Racing","Co-op, Online Co-Op, Multiplayer, Team-Based, Funny, First-Person, Shooter, Action",0,0.0,free,8,7238,"500,000 - 1,000,000",750000,-0.2189,55.95,61.9,high,0,0,unverified,,0
4024,790740,Tick Tock: A Tale for Two,2019-03-07,"Adventure, Casual, Indie","Co-op, Online Co-Op, Multiplayer, Local Co-Op, Local Multiplayer, Horror, Atmospheric, Psychological Horror",599,5.99,$5-9.99,8,10527,"500,000 - 1,000,000",750000,-0.0869,55.89,62.57,high,0,0,unverified,,0
4029,211400,Deadlight,2012-10-25,"Action, Adventure, Indie","Great Soundtrack, Survival, Short, Horror, Atmospheric, Post-apocalyptic, Story Rich, Action",1499,14.99,$10-14.99,6,12549,"500,000 - 1,000,000",750000,-0.593,55.86,59.89,high,0,0,unverified,,0
4036,41500,Torchlight,2009-10-27,RPG,"Co-op, Great Soundtrack, Moddable, Hack and Slash, Dungeon Crawler, Action, Isometric, Singleplayer",299,2.99,$0.01-4.99,8,6770,"1,000,000 - 2,000,000",1500000,-0.074,55.84,62.61,high,0,0,unverified,,0
4040,1369630,ENDER LILIES: Quietus of the Knights,2021-06-21,"Action, Indie, RPG","Great Soundtrack, Difficult, Atmospheric, Souls-like, Post-apocalyptic, Action, Singleplayer, Dark",2499,24.99,$20-29.99,8,35018,"500,000 - 1,000,000",750000,0.3366,55.83,64.76,high,0,0,unverified,,0
4133,424280,Iron Snout,2016-01-27,"Action, Free To Play, Indie","Co-op, Difficult, Survival, Gore, Funny, Blood, Fast-Paced, Fighting",0,0.0,free,9,17294,"2,000,000 - 5,000,000",3500000,0.7462,55.64,66.82,high,0,0,unverified,,0
4139,909080,Cube Escape: Paradox,2018-09-20,"Adventure, Free To Play, Indie","Co-op, Great Soundtrack, Multiplayer, Horror, Atmospheric, Psychological Horror, Free to Play, Story Rich",0,0.0,free,9,9750,"500,000 - 1,000,000",750000,0.1701,55.63,63.79,high,0,0,unverified,,0
4140,795100,Friday the 13th: Killer Puzzle,2018-04-12,"Casual, Free To Play, Indie, Strategy","Multiplayer, Difficult, Gore, Funny, Blood, Simulation, Horror, Atmospheric",0,0.0,free,8,5960,"500,000 - 1,000,000",750000,-0.2873,55.63,61.38,high,0,0,unverified,,0
4192,1214280,Walking Simulator,2020-03-05,"Adventure, Free To Play, Indie, Simulation","Multiplayer, Open World, Memes, Funny, Simulation, Psychological Horror, Free to Play, Realistic",0,0.0,free,8,9332,"200,000 - 500,000",350000,-0.3145,55.52,61.18,high,0,0,unverified,,0
4213,604240,Shotgun Farmers,2019-03-08,"Action, Indie","Co-op, Online Co-Op, Multiplayer, Team-Based, Funny, FPS, First-Person, Character Customization",999,9.99,$5-9.99,8,9813,"500,000 - 1,000,000",750000,-0.1117,55.48,62.23,high,0,0,unverified,,0
4244,488860,MADNESS: Project Nexus,2021-09-29,"Action, Indie","Co-op, Local Co-Op, Gore, Funny, Blood, Hack and Slash, Atmospheric, Violent",2499,24.99,$20-29.99,9,14899,"500,000 - 1,000,000",750000,0.3195,55.4,64.46,high,0,0,unverified,,0
4248,200900,Cave Story+,2011-11-22,"Action, Adventure, Indie","Great Soundtrack, Difficult, Replay Value, Classic, Shooter, Story Rich, Action, Singleplayer",1499,14.99,$10-14.99,8,7430,"500,000 - 1,000,000",750000,-0.2097,55.39,61.67,high,0,0,unverified,,0
4264,397060,Faeria,2017-03-08,"Adventure, Indie, Massively Multiplayer, RPG, Strategy","Multiplayer, Massively Multiplayer, Survival, Turn-Based, Strategy, Action, Singleplayer, Early Access",1999,19.99,$15-19.99,8,7057,"500,000 - 1,000,000",750000,-0.2278,55.35,61.55,high,0,0,unverified,,0
4266,467960,Home Behind,2016-06-02,"Adventure, Casual, Indie, RPG, Simulation, Strategy","Difficult, Building, Survival, Replay Value, Simulation, Atmospheric, Roguelite, Strategy",599,5.99,$5-9.99,8,5841,"200,000 - 500,000",350000,-0.4796,55.35,60.23,high,0,0,unverified,,0
4294,1079260,Fireworks Mania - An Explosive Simulator,2020-12-17,"Action, Casual, Indie, Simulation","Sandbox, Building, Funny, FPS, First-Person, Simulation, Short, Atmospheric",1199,11.99,$10-14.99,9,5762,"200,000 - 500,000",350000,-0.2004,55.29,61.67,high,0,0,unverified,,0
4319,865360,We Were Here Together,2019-10-10,"Adventure, Casual, Indie","Co-op, Online Co-Op, Multiplayer, First-Person, Horror, Atmospheric, Psychological Horror, Story Rich",1299,12.99,$10-14.99,8,14563,"500,000 - 1,000,000",750000,0.0274,55.22,62.83,high,0,0,unverified,,0
4353,1199030,Tainted Grail: Conquest,2021-05-27,"Action, Indie, RPG","Survival, Base Building, Replay Value, Roguelite, Turn-Based, Roguelike, Story Rich, Action",1999,19.99,$15-19.99,8,7289,"200,000 - 500,000",350000,-0.4016,55.16,60.55,high,0,0,unverified,,0
4376,410340,Liftoff®: FPV Drone Racing,2018-09-13,"Indie, Racing, Simulation, Sports","Multiplayer, Crafting, First-Person, Simulation, Atmospheric, Level Editor, Realistic, Singleplayer",1999,19.99,$15-19.99,8,9633,"500,000 - 1,000,000",750000,-0.1182,55.11,62.01,high,0,0,unverified,,0
4406,250260,Jazzpunk: Director's Cut,2014-02-07,"Adventure, Indie","Great Soundtrack, Memes, Funny, First-Person, Simulation, Short, Comedy, Story Rich",1499,14.99,$10-14.99,8,7330,"200,000 - 500,000",350000,-0.3996,55.06,60.51,high,0,0,unverified,,0
4408,2707930,Palia,2024-03-25,"Adventure, Casual, Free To Play, Indie, RPG, Simulation","Co-op, Online Co-Op, Multiplayer, Building, Crafting, Simulation, Atmospheric, Farming Sim",0,0.0,free,8,16919,"0 - 20,000",10000,-0.9686,55.05,57.51,high,0,0,unverified,,0
4452,257850,Hyper Light Drifter,2016-03-31,"Action, Adventure, Indie, RPG","Great Soundtrack, Difficult, Hack and Slash, Atmospheric, Souls-like, Post-apocalyptic, Action, Singleplayer",1999,19.99,$15-19.99,8,17197,"500,000 - 1,000,000",750000,0.086,54.97,63.01,high,0,0,unverified,,0
4469,272060,Serena,2014-01-30,"Adventure, Indie","Co-op, Multiplayer, First-Person, Short, Horror, Atmospheric, Psychological Horror, Free to Play",0,0.0,free,6,6383,"10,000,000 - 20,000,000",15000000,-0.1035,54.92,61.99,high,0,0,unverified,,0
4481,1034140,Subverse,2021-03-26,"Action, Adventure, Casual, Early Access, RPG, Strategy","Memes, FPS, Comedy, Strategy, Story Rich, Mature, Action, Singleplayer",2999,29.99,$20-29.99,6,11087,"0 - 20,000",10000,-1.6855,54.89,53.66,high,0,0,unverified,,0
4519,589590,Kindergarten,2017-06-15,"Adventure, Indie","Difficult, Memes, Gore, Funny, Blood, Horror, Violent, Psychological Horror",499,4.99,$0.01-4.99,9,8220,"200,000 - 500,000",350000,-0.0752,54.81,62.09,high,0,0,unverified,,0
4521,206190,Gunpoint,2013-06-03,"Action, Indie, Strategy","Great Soundtrack, Funny, Short, Comedy, Level Editor, Strategy, Story Rich, Action",999,9.99,$5-9.99,9,12952,"500,000 - 1,000,000",750000,0.2701,54.81,63.9,high,0,0,unverified,,0
4561,638230,Journey,2020-06-11,"Adventure, Indie","Co-op, Great Soundtrack, Multiplayer, Beautiful, Classic, Atmospheric, Music, Story Rich",1499,14.99,$10-14.99,8,32370,"500,000 - 1,000,000",750000,0.3088,54.71,64.06,high,0,0,unverified,,0
4584,428660,Deliver Us The Moon,2019-10-10,"Action, Adventure, Indie","Survival, First-Person, Simulation, Short, Atmospheric, Story Rich, Action, Singleplayer",2499,24.99,$20-29.99,8,7735,"200,000 - 500,000",350000,-0.3806,54.66,60.41,high,0,0,unverified,,0
4591,2381620,Steam Engine Simulator,2023-06-07,Simulation,"Great Soundtrack, Difficult, Simulation, Psychological Horror, Physics, Souls-like, Free to Play, Realistic",0,0.0,free,9,7379,"0 - 20,000",10000,-0.9769,54.65,57.27,high,0,0,unverified,,0
4603,653530,Return of the Obra Dinn,2018-10-18,"Adventure, Indie","Great Soundtrack, Difficult, First-Person, Horror, Atmospheric, Violent, Historical, Story Rich",1339,13.39,$10-14.99,9,26518,"500,000 - 1,000,000",750000,0.5226,54.62,65.14,high,0,0,unverified,,0
4610,260230,Valiant Hearts: The Great War™ / Soldats Inconnus : Mémoires de la Grande Guerre™,2014-06-25,Adventure,"Great Soundtrack, War, Atmospheric, Historical, Music, Story Rich, Action, Singleplayer",1499,14.99,$10-14.99,9,25204,"500,000 - 1,000,000",750000,0.5047,54.61,65.04,high,0,0,unverified,,0
4620,210970,The Witness,2016-01-26,"Adventure, Indie","Great Soundtrack, Open World, Difficult, First-Person, Beautiful, Atmospheric, Story Rich, Singleplayer",3999,39.99,$30-39.99,8,17863,"1,000,000 - 2,000,000",1500000,0.2678,54.58,63.78,high,0,0,unverified,,0
4628,1266840,The Last Stand: Aftermath,2021-11-16,"Action, Adventure, Indie","Survival, Crafting, Replay Value, Atmospheric, Roguelite, Violent, Post-apocalyptic, Shooter",2499,24.99,$20-29.99,8,5737,"200,000 - 500,000",350000,-0.4859,54.57,59.81,high,0,0,unverified,,0
4662,667530,Drunken Wrestlers 2,2019-04-01,"Action, Casual, Early Access, Free To Play, Indie, Simulation, Sports","Multiplayer, Moddable, Funny, Competitive, Blood, Simulation, Party Game, Fighting",0,0.0,free,8,15928,"500,000 - 1,000,000",750000,0.059,54.5,62.64,high,0,0,unverified,,0
4677,443810,This Is the Police,2016-08-02,"Adventure, Indie, Strategy","Great Soundtrack, Memes, Management, Simulation, Atmospheric, Strategy, Story Rich, Mature",1499,14.99,$10-14.99,8,10361,"500,000 - 1,000,000",750000,-0.0925,54.46,61.82,high,0,0,unverified,,0
4679,207170,Legend of Grimrock,2012-04-11,"Adventure, Indie, RPG","Moddable, Difficult, First-Person, Tactical, Atmospheric, Level Editor, Dungeon Crawler, Character Customization",1499,14.99,$10-14.99,8,6242,"500,000 - 1,000,000",750000,-0.271,54.46,60.88,high,0,0,unverified,,0
4693,295790,Never Alone (Kisima Ingitchuna),2014-11-18,"Action, Adventure, Casual, Indie","Co-op, Great Soundtrack, Local Co-Op, Local Multiplayer, Short, Atmospheric, Story Rich, Action",1499,14.99,$10-14.99,8,8306,"500,000 - 1,000,000",750000,-0.1704,54.43,61.4,high,0,0,unverified,,0
4743,1606180,下一站江湖Ⅱ,2024-04-17,"Action, Adventure, Indie, RPG","Sandbox, Open World, Survival, Strategy, Story Rich, Swordplay, Action, Martial Arts",2499,24.99,$20-29.99,6,6470,"100,000 - 200,000",150000,-1.2174,54.32,55.84,high,0,0,unverified,,0
4751,763890,Wildermyth,,"Инди, Ролевые игры, Стратегии","Moddable, Roguelite, Turn-Based, Strategy, Character Customization, Story Rich, Procedural Generation, Singleplayer",2499,24.99,$20-29.99,8,17001,"500,000 - 1,000,000",750000,0.082,54.3,62.66,high,0,0,unverified,,0
4756,1295920,The Mortuary Assistant,2022-08-02,"Adventure, Indie, Simulation","Multiplayer, First-Person, Simulation, Horror, Atmospheric, Realistic, Singleplayer, Adventure",2499,24.99,$20-29.99,8,6765,"200,000 - 500,000",350000,-0.4278,54.29,59.97,high,0,0,unverified,,0
4780,785740,This Is the Police 2,2018-07-31,"Adventure, Indie, Strategy","Great Soundtrack, Management, Simulation, Tactical, Atmospheric, Turn-Based, Strategy, Story Rich",1499,14.99,$10-14.99,6,5899,"500,000 - 1,000,000",750000,-0.859,54.25,57.69,high,0,0,unverified,,0
4786,607260,McOsu,2017-03-20,Indie,"Great Soundtrack, Multiplayer, Difficult, FPS, Horror, Psychological Horror, Free to Play, Music",0,0.0,free,8,6048,"1,000,000 - 2,000,000",1500000,-0.1138,54.23,61.59,high,0,0,unverified,,0
4828,221260,Little Inferno,2012-11-19,"Adventure, Casual, Indie","Great Soundtrack, Sandbox, Funny, Short, Atmospheric, Comedy, Touch-Friendly, Dark Humor",1499,14.99,$10-14.99,8,12342,"500,000 - 1,000,000",750000,-0.0309,54.17,62.0,high,0,0,unverified,,0
4829,656350,UnderMine,2020-08-06,"Action, Adventure, Indie, RPG","Multiplayer, Funny, Roguelite, Dungeon Crawler, Roguelike, Story Rich, Action, Procedural Generation",1999,19.99,$15-19.99,8,8847,"500,000 - 1,000,000",750000,-0.1482,54.17,61.38,high,0,0,unverified,,0
4863,327890,I Am Bread,2015-04-09,"Action, Adventure, Indie, Simulation","Difficult, Funny, Beautiful, Simulation, Comedy, Physics, Action, Singleplayer",1299,12.99,$10-14.99,6,5832,"500,000 - 1,000,000",750000,-0.863,54.08,57.58,high,0,0,unverified,,0
4874,1253920,Rogue Legacy 2,2022-04-28,"Action, Adventure, Indie, RPG","Great Soundtrack, Difficult, Roguelite, Roguelike, Action, Procedural Generation, Singleplayer, Early Access",2499,24.99,$20-29.99,8,14104,"1,000,000 - 2,000,000",1500000,0.1845,54.05,63.07,high,0,0,unverified,,0
4878,1801110,BOKURA,2023-08-09,"Action, Adventure, Casual, Indie","Co-op, Online Co-Op, Multiplayer, Local Co-Op, Local Multiplayer, Atmospheric, Psychological Horror, Story Rich",549,5.49,$5-9.99,8,7585,"200,000 - 500,000",350000,-0.3875,54.04,60.06,high,0,0,unverified,,0
4879,98800,Dungeons of Dredmor,2011-07-13,"Casual, Indie, RPG","Moddable, Difficult, Crafting, Replay Value, Funny, Comedy, Roguelite, Turn-Based",799,7.99,$5-9.99,8,5239,"200,000 - 500,000",350000,-0.5179,54.04,59.37,high,0,0,unverified,,0
4884,1148650,The Legend of Bum-Bo,2019-11-12,"Adventure, Indie, Strategy","Great Soundtrack, Difficult, Funny, Roguelite, Turn-Based, Strategy, Roguelike, Singleplayer",1499,14.99,$10-14.99,8,5704,"500,000 - 1,000,000",750000,-0.3028,54.03,60.5,high,0,0,unverified,,0
4923,2248760,Car For Sale Simulator 2023,2023-05-18,"Early Access, Indie, Simulation","Multiplayer, Open World, FPS, First-Person, Simulation, Realistic, Singleplayer, Automobile Sim",1799,17.99,$15-19.99,8,14710,"200,000 - 500,000",350000,-0.1542,53.93,61.23,high,0,0,unverified,,0
4966,1618540,Ghost Exorcism INC.,2021-07-15,"Action, Early Access, Indie, Simulation","Online Co-Op, Multiplayer, Survival Horror, Horror, Atmospheric, Realistic, Action, Singleplayer",1199,11.99,$10-14.99,6,5409,"200,000 - 500,000",350000,-1.0747,53.86,56.36,high,0,0,unverified,,0
4971,1123770,Curse of the Dead Gods,2021-02-23,"Action, Adventure","Great Soundtrack, Difficult, Horror, Fighting, Roguelite, Souls-like, Dungeon Crawler, Roguelike",499,4.99,$0.01-4.99,8,8030,"200,000 - 500,000",350000,-0.3674,53.86,60.08,high,0,0,unverified,,0
5000,1563180,Internet Cafe Simulator 2,2022-01-07,"Action, Adventure, Casual, Indie, Simulation, Strategy","Sandbox, Open World, Memes, Funny, First-Person, Management, Simulation, Atmospheric",699,6.99,$5-9.99,6,11710,"200,000 - 500,000",350000,-0.8026,53.79,57.75,high,0,0,unverified,,0
5011,1809540,Nine Sols,,"Action, Adventure, Indie","Difficult, Gore, Atmospheric, Souls-like, Story Rich, Action, Martial Arts, Singleplayer",2999,29.99,$20-29.99,9,14257,"500,000 - 1,000,000",750000,0.304,53.77,63.56,high,0,0,unverified,,0
5017,292910,Deponia: The Complete Journey,2014-07-08,Adventure,"Great Soundtrack, Funny, Classic, Comedy, Story Rich, Singleplayer, Sci-fi, Adventure",2999,29.99,$20-29.99,8,6376,"1,000,000 - 2,000,000",1500000,-0.0952,53.76,61.46,high,0,0,unverified,,0
5036,384190,ABZU,2016-08-02,"Adventure, Casual, Indie, Simulation","Great Soundtrack, Open World, Beautiful, Simulation, Short, Atmospheric, Underwater, Story Rich",1999,19.99,$15-19.99,8,25304,"500,000 - 1,000,000",750000,0.2221,53.72,63.11,high,0,0,unverified,,0
5042,501300,What Remains of Edith Finch,2017-04-24,"Adventure, Indie","Great Soundtrack, First-Person, Short, Horror, Atmospheric, Lovecraftian, Psychological Horror, Story Rich",1999,19.99,$15-19.99,9,41326,"500,000 - 1,000,000",750000,0.6789,53.72,65.51,high,0,0,unverified,,0
5043,1785150,Friends vs Friends,2023-05-30,"Action, Indie","Co-op, Online Co-Op, Multiplayer, Team-Based, FPS, First-Person, Destruction, Shooter",999,9.99,$5-9.99,8,12013,"200,000 - 500,000",350000,-0.2255,53.72,60.75,high,0,0,unverified,,0
5074,231160,The Swapper,2013-05-30,"Action, Adventure, Indie","Great Soundtrack, Difficult, Atmospheric, Psychological Horror, Story Rich, Action, Singleplayer, Sci-fi",1499,14.99,$10-14.99,8,7271,"500,000 - 1,000,000",750000,-0.2173,53.66,60.76,high,0,0,unverified,,0
5097,824600,HROT,2023-05-16,"Action, Indie","Gore, FPS, First-Person, Blood, Horror, Atmospheric, Violent, Shooter",1999,19.99,$15-19.99,9,5190,"200,000 - 500,000",350000,-0.2372,53.62,60.64,high,0,0,unverified,,0
5151,1227890,夏日狂想曲：乡间的难忘回忆,,"冒险, 角色扮演","Memes, Funny, FPS, Simulation, Mature, Singleplayer, RPG, Adventure",1999,19.99,$15-19.99,8,19378,"200,000 - 500,000",350000,-0.0571,53.48,61.52,high,0,0,unverified,,0
5158,335670,LISA: The Painful,2014-12-15,"Adventure, Indie, RPG","Funny, Horror, Atmospheric, Comedy, Psychological Horror, Dark Humor, Post-apocalyptic, Story Rich",1999,19.99,$15-19.99,9,14282,"500,000 - 1,000,000",750000,0.3046,53.47,63.41,high,0,0,unverified,,0
5209,425580,The Room Two,2016-07-05,"Adventure, Indie","Co-op, Great Soundtrack, First-Person, Short, Horror, Atmospheric, Lovecraftian, Psychological Horror",499,4.99,$0.01-4.99,9,18916,"200,000 - 500,000",350000,0.2184,53.38,62.92,high,0,0,unverified,,0
5276,400630,Wuppo: Definitive Edition,2016-09-29,"Action, Adventure, Indie, RPG","Co-op, Great Soundtrack, Difficult, Local Co-Op, Funny, Story Rich, Action, Singleplayer",1499,14.99,$10-14.99,8,5580,"500,000 - 1,000,000",750000,-0.3105,53.25,60.07,high,0,0,unverified,,0
5297,1469280,SuchArt: Creative Space,2021-01-21,"Action, Adventure, Casual, Free To Play, Indie, Simulation","Multiplayer, Sandbox, Funny, First-Person, Management, Simulation, Physics, Resource Management",0,0.0,free,9,6863,"500,000 - 1,000,000",750000,0.0464,53.21,61.93,high,0,0,unverified,,0
5305,1942120,The Complex: Found Footage,2022-08-18,"Adventure, Free To Play, Indie, Simulation","Multiplayer, Open World, First-Person, Horror, Atmospheric, Psychological Horror, Free to Play, Realistic",0,0.0,free,8,8529,"0 - 20,000",10000,-1.2098,53.19,55.31,high,0,0,unverified,,0
5314,368340,CrossCode,2018-09-20,"Action, Adventure, Indie, RPG","Great Soundtrack, Open World, Difficult, Story Rich, Action, Singleplayer, RPG, Sci-fi",1999,19.99,$15-19.99,8,16186,"500,000 - 1,000,000",750000,0.0647,53.18,62.01,high,0,0,unverified,,0
5329,1108370,Ratropolis,2020-12-22,"Casual, Indie, Simulation, Strategy","Difficult, Survival, Replay Value, City Builder, Simulation, Roguelite, Strategy, Roguelike",1799,17.99,$15-19.99,8,5184,"200,000 - 500,000",350000,-0.5216,53.15,58.91,high,0,0,unverified,,0
5342,502520,Ultimate General: Civil War,2017-07-14,"Indie, Simulation, Strategy","Multiplayer, War, Simulation, Tactical, Military, Strategy, Historical, RTS",2999,29.99,$20-29.99,8,7714,"200,000 - 500,000",350000,-0.3816,53.14,59.64,high,0,0,unverified,,0
5373,914710,Cat Quest II,2019-09-24,"Action, Adventure, Indie, RPG","Co-op, Open World, Local Co-Op, Funny, Hack and Slash, Character Customization, Action, RPG",1499,14.99,$10-14.99,9,5835,"200,000 - 500,000",350000,-0.1959,53.08,60.59,high,0,0,unverified,,0
5396,323320,Grow Home,2015-02-04,"Adventure, Casual, Indie","Great Soundtrack, Sandbox, Open World, Funny, Short, Atmospheric, Physics, Singleplayer",799,7.99,$5-9.99,8,5368,"200,000 - 500,000",350000,-0.5093,53.05,58.92,high,0,0,unverified,,0
5398,2445690,Lost Castle 2,2024-07-24,"Action, Adventure, Early Access, Indie, RPG","Co-op, Online Co-Op, Multiplayer, Funny, Roguelite, Action, Singleplayer, Early Access",1499,14.99,$10-14.99,6,5120,"200,000 - 500,000",350000,-1.094,53.05,55.85,high,0,0,unverified,,0
5420,1190970,House Flipper 2,2023-12-14,"Casual, Indie, Simulation","Sandbox, Building, Base Building, Replay Value, First-Person, Management, Simulation, Destruction",3999,39.99,$30-39.99,8,8441,"200,000 - 500,000",350000,-0.3499,53.01,59.74,high,0,0,unverified,,0
5436,1434950,HighFleet,2021-07-27,"Action, Adventure, Indie, Strategy","Building, Simulation, Tactical, Physics, Military, Strategy, Post-apocalyptic, Action",2999,29.99,$20-29.99,8,6182,"500,000 - 1,000,000",750000,-0.2744,52.98,60.12,high,0,0,unverified,,0
5460,236090,Dust: An Elysian Tail,2013-05-24,"Action, Adventure, Indie, RPG","Great Soundtrack, Beautiful, Hack and Slash, Atmospheric, Story Rich, Action, Singleplayer, RPG",1499,14.99,$10-14.99,9,18420,"500,000 - 1,000,000",750000,0.3942,52.93,63.61,high,0,0,unverified,,0
5508,237990,The Banner Saga,2014-01-14,"Indie, RPG, Strategy","Great Soundtrack, Tactical, Atmospheric, Turn-Based, Strategy, Story Rich, Singleplayer, RPG",2499,24.99,$20-29.99,8,15294,"500,000 - 1,000,000",750000,0.0447,52.85,61.74,high,0,0,unverified,,0
5515,323580,Jotun: Valhalla Edition,2015-09-29,"Action, Adventure, Indie","Great Soundtrack, Difficult, Atmospheric, Souls-like, Story Rich, Action, Isometric, Singleplayer",1499,14.99,$10-14.99,6,8349,"2,000,000 - 5,000,000",3500000,-0.3624,52.84,59.59,high,0,0,unverified,,0
5543,1150760,Gloomwood,2022-09-05,"Action, Early Access, Indie","Survival Horror, FPS, First-Person, Atmospheric, Lovecraftian, Physics, Resource Management, Shooter",1999,19.99,$15-19.99,9,5615,"200,000 - 500,000",350000,-0.2095,52.79,60.37,high,0,0,unverified,,0
5560,572890,Pikuniku,2019-01-24,"Action, Adventure, Casual, Indie","Co-op, Great Soundtrack, Multiplayer, Local Co-Op, Funny, Comedy, Action, Singleplayer",324,3.24,$0.01-4.99,9,9273,"500,000 - 1,000,000",750000,0.1524,52.75,62.25,high,0,0,unverified,,0
5586,960690,One Step From Eden,2020-03-26,"Action, Adventure, Indie, Strategy","Difficult, Local Co-Op, Replay Value, Hack and Slash, Roguelite, Strategy, Roguelike, Action",1999,19.99,$15-19.99,8,7292,"200,000 - 500,000",350000,-0.4014,52.71,59.32,high,0,0,unverified,,0
5592,1061090,Jump King,2019-05-03,"Action, Adventure, Indie","Difficult, Funny, Horror, Atmospheric, Psychological Horror, Souls-like, Dark Humor, Action",1299,12.99,$10-14.99,8,11450,"500,000 - 1,000,000",750000,-0.0573,52.7,61.13,high,0,0,unverified,,0
5626,297130,Titan Souls,,"Инди, Приключенческие игры, Экшены","Great Soundtrack, Difficult, Short, Atmospheric, Souls-like, Strategy, Action, Singleplayer",1499,14.99,$10-14.99,6,12655,"500,000 - 1,000,000",750000,-0.5901,52.65,58.3,high,0,0,unverified,,0
5638,1009560,The Tenants,2022-10-20,"Casual, Indie, Simulation","Sandbox, Building, Base Building, Replay Value, Management, City Builder, Simulation, Strategy",1999,19.99,$15-19.99,8,6656,"500,000 - 1,000,000",750000,-0.2484,52.62,60.08,high,0,0,unverified,,0
5653,1049890,Little Witch Nobeta,2022-09-28,"Action, Indie","Difficult, Funny, Psychological Horror, Souls-like, Action, Singleplayer, Early Access, RPG",2499,24.99,$20-29.99,8,9680,"500,000 - 1,000,000",750000,-0.1164,52.6,60.77,high,0,0,unverified,,0
5680,1276790,Ruined King: A League of Legends Story™,2021-11-16,"Indie, RPG","Great Soundtrack, Horror, Turn-Based, Story Rich, Action, Isometric, Singleplayer, RPG",2999,29.99,$20-29.99,8,10499,"200,000 - 500,000",350000,-0.273,52.55,59.92,high,0,0,unverified,,0
5682,1220010,Home Behind 2,2022-02-16,"Adventure, Indie, RPG, Simulation, Strategy","Survival, Simulation, Tactical, Roguelite, Turn-Based, Strategy, Roguelike, Character Customization",1999,19.99,$15-19.99,8,6802,"200,000 - 500,000",350000,-0.4259,52.55,59.11,high,0,0,unverified,,0
5743,405640,Pony Island,2016-01-04,Indie,"Great Soundtrack, Memes, Gore, Funny, Short, Horror, Atmospheric, Psychological Horror",499,4.99,$0.01-4.99,9,16350,"500,000 - 1,000,000",750000,0.3522,52.43,63.14,high,0,0,unverified,,0
5752,375950,Viridi,2015-08-19,"Casual, Free To Play, Indie, Simulation","Great Soundtrack, Multiplayer, Sandbox, Replay Value, Simulation, Atmospheric, Agriculture, Free to Play",0,0.0,free,8,9145,"500,000 - 1,000,000",750000,-0.1365,52.42,60.57,high,0,0,unverified,,0
5833,356670,Spooky's Jump Scare Mansion,,"Action, Adventure, Free To Play, Indie","Survival, Funny, Survival Horror, First-Person, Horror, Atmospheric, Comedy, Psychological Horror",0,0.0,free,8,14728,"1,000,000 - 2,000,000",1500000,0.1998,52.29,62.27,high,0,0,unverified,,0
5868,891040,Pool 2D - Poolians,2019-12-10,"Casual, Free To Play, Indie, Massively Multiplayer, Simulation, Sports","Co-op, Multiplayer, Massively Multiplayer, Local Co-Op, Funny, Simulation, Psychological Horror, Free to Play",0,0.0,free,8,8684,"500,000 - 1,000,000",750000,-0.1547,52.24,60.38,high,0,0,unverified,,0
5929,445220,Avorion,2020-03-09,"Action, Indie, Simulation","Sandbox, Open World, Building, Management, Simulation, Voxel, Economy, Space Sim",2499,24.99,$20-29.99,8,13068,"500,000 - 1,000,000",750000,-0.0107,52.14,61.09,high,0,0,unverified,,0
5933,300550,Shadowrun: Dragonfall - Director's Cut,2014-09-18,"Adventure, Indie, RPG, Strategy","Moddable, Tactical, Atmospheric, Touch-Friendly, Turn-Based, Strategy, Story Rich, Isometric",1499,14.99,$10-14.99,8,6171,"500,000 - 1,000,000",750000,-0.2751,52.13,59.7,high,0,0,unverified,,0
5987,219890,Antichamber,2013-01-31,"Adventure, Indie","Great Soundtrack, Difficult, Replay Value, First-Person, Atmospheric, Singleplayer, Sci-fi, Adventure",1999,19.99,$15-19.99,9,16762,"1,000,000 - 2,000,000",1500000,0.5294,52.04,63.88,high,0,0,unverified,,0
6043,1961460,PROJECT: PLAYTIME,2022-12-12,"Action, Early Access, Free To Play, Indie","Online Co-Op, Multiplayer, Team-Based, Survival Horror, First-Person, Horror, Atmospheric, Psychological Horror",0,0.0,free,6,45179,"0 - 20,000",10000,-1.1905,51.96,54.8,high,0,0,unverified,,0
6045,1140270,Monster Prom 2: Monster Camp,2020-10-23,"Indie, Simulation","Online Co-Op, Multiplayer, Funny, Simulation, Comedy, Story Rich, Dating Sim, Singleplayer",1199,11.99,$10-14.99,9,5772,"200,000 - 500,000",350000,-0.1998,51.96,60.01,high,0,0,unverified,,0
6122,530890,Haydee,2016-09-26,"Action, Indie","Difficult, Memes, Survival, Horror, Shooter, Mature, Action, Singleplayer",1499,14.99,$10-14.99,8,6366,"100,000 - 200,000",150000,-0.6551,51.86,57.56,high,0,0,unverified,,0
6170,1525700,Tavern Master,2021-11-16,"Simulation, Strategy","Building, Crafting, Management, City Builder, Simulation, Atmospheric, Resource Management, Strategy",1499,14.99,$10-14.99,8,9544,"200,000 - 500,000",350000,-0.3066,51.79,59.36,high,0,0,unverified,,0
6186,1104450,Bombergrounds: Reborn,2022-10-06,"Action, Adventure, Free To Play, Indie, Massively Multiplayer, Strategy","Co-op, Online Co-Op, Multiplayer, Massively Multiplayer, Funny, Comedy, Strategy, Free to Play",0,0.0,free,8,8444,"1,000,000 - 2,000,000",1500000,0.0038,51.75,60.97,high,0,0,unverified,,0
6207,2162800,shapez 2,2024-08-15,"Casual, Early Access, Indie, Simulation, Strategy","Sandbox, Building, Base Building, Crafting, Management, Simulation, Strategy, Automation",2499,24.99,$20-29.99,9,7704,"200,000 - 500,000",350000,-0.098,51.71,60.42,high,0,0,unverified,,0
6219,1349230,5D Chess With Multiverse Time Travel,2020-07-22,Indie,"Multiplayer, Difficult, Gore, Survival Horror, Strategy, Dating Sim, Singleplayer, Sci-fi",1199,11.99,$10-14.99,9,7537,"500,000 - 1,000,000",750000,0.0794,51.69,61.34,high,0,0,unverified,,0
6233,824270,KovaaK's,2018-04-03,"Action, Indie, Simulation","Multiplayer, FPS, First-Person, Simulation, Shooter, Action, Singleplayer, Indie",999,9.99,$5-9.99,8,32859,"200,000 - 500,000",350000,0.129,51.67,61.59,high,0,0,unverified,,0
6338,12900,AudioSurf,2008-02-15,Indie,"Co-op, Great Soundtrack, Local Co-Op, Replay Value, Addictive, Fast-Paced, Local Multiplayer, Music",999,9.99,$5-9.99,9,10874,"1,000,000 - 2,000,000",1500000,0.3769,51.51,62.81,high,0,0,unverified,,0
6420,432350,Epic Battle Fantasy 5,2018-11-30,"Adventure, RPG, Strategy","Funny, Comedy, Turn-Based, Strategy, Story Rich, Singleplayer, RPG, Adventure",2499,24.99,$20-29.99,9,5269,"200,000 - 500,000",350000,-0.2319,51.39,59.55,high,0,0,unverified,,0
6443,70400,Recettear: An Item Shop's Tale,2010-09-10,"Indie, RPG","Management, Simulation, Hack and Slash, Comedy, Dungeon Crawler, Strategy, Action, Singleplayer",1999,19.99,$15-19.99,9,7090,"500,000 - 1,000,000",750000,0.0579,51.36,61.06,high,0,0,unverified,,0
6493,564710,Soda Dungeon,2017-02-06,"Casual, Free To Play, RPG","Great Soundtrack, Multiplayer, Comedy, Turn-Based, Dungeon Crawler, Strategy, Free to Play, Action",0,0.0,free,8,6094,"500,000 - 1,000,000",750000,-0.2795,51.3,59.26,high,0,0,unverified,,0
6540,1188930,Chrono Ark,2024-05-02,"Adventure, Indie, RPG, Strategy","Difficult, Roguelite, Turn-Based, Strategy, Roguelike, Story Rich, Singleplayer, Early Access",2499,24.99,$20-29.99,8,10462,"100,000 - 200,000",150000,-0.4801,51.22,58.16,high,0,0,unverified,,0
6553,1210320,Potion Craft: Alchemist Simulator,2022-12-13,"Indie, Simulation","Sandbox, Crafting, Management, Simulation, Farming Sim, Resource Management, Historical, Singleplayer",1999,19.99,$15-19.99,8,31904,"500,000 - 1,000,000",750000,0.3037,51.2,62.27,high,0,0,unverified,,0
6591,1229240,Chained Echoes,,"Indie, Rollenspiel","Great Soundtrack, Open World, Turn-Based, Character Customization, Story Rich, Singleplayer, RPG, Adventure",2499,24.99,$20-29.99,8,6255,"200,000 - 500,000",350000,-0.4555,51.15,58.26,high,0,0,unverified,,0
6596,677160,We Were Here Too,2018-02-02,"Adventure, Casual, Indie","Co-op, Online Co-Op, Multiplayer, First-Person, Horror, Atmospheric, Psychological Horror, Adventure",999,9.99,$5-9.99,8,8933,"200,000 - 500,000",350000,-0.3299,51.14,58.91,high,0,0,unverified,,0
6628,256290,Child of Light,2014-04-29,RPG,"Great Soundtrack, Local Co-Op, Beautiful, Atmospheric, Turn-Based, Story Rich, Action, Singleplayer",449,4.49,$0.01-4.99,8,13066,"500,000 - 1,000,000",750000,-0.0108,51.09,60.57,high,0,0,unverified,,0
6638,102600,Orcs Must Die!,2011-10-11,"Action, Indie, Strategy","Great Soundtrack, Multiplayer, Funny, Addictive, Comedy, Strategy, Shooter, Action",299,2.99,$0.01-4.99,9,7897,"500,000 - 1,000,000",750000,0.0958,51.07,61.12,high,0,0,unverified,,0
6668,34900,Bad Rats: the Rats' Revenge,2009-07-20,Indie,"Co-op, Replay Value, Gore, Beautiful, Addictive, Blood, Violent, Physics",59,0.59,$0.01-4.99,6,14894,"200,000 - 500,000",350000,-0.7179,51.03,56.82,high,0,0,unverified,,0
6698,2138710,Sifu,2023-03-28,"Action, Indie","Difficult, Blood, War, Hack and Slash, Fighting, Souls-like, Swordplay, Action",3999,39.99,$30-39.99,8,15959,"500,000 - 1,000,000",750000,0.0597,50.98,60.88,high,0,0,unverified,,0
6713,1082710,Bug Fables: The Everlasting Sapling,2019-11-21,"Action, Adventure, Indie, RPG","Great Soundtrack, Funny, Comedy, Turn-Based, Story Rich, Action, Singleplayer, RPG",1999,19.99,$15-19.99,9,5111,"100,000 - 200,000",150000,-0.4484,50.96,58.2,high,0,0,unverified,,0
6716,264200,One Finger Death Punch,2014-03-03,"Action, Casual, Indie","Great Soundtrack, Difficult, Gore, Funny, Addictive, Blood, Fast-Paced, Fighting",124,1.24,$0.01-4.99,9,16239,"500,000 - 1,000,000",750000,0.3498,50.95,62.39,high,0,0,unverified,,0
6744,980610,Quaver,2022-08-19,"Casual, Free To Play, Indie","Great Soundtrack, Multiplayer, Difficult, Competitive, Level Editor, Psychological Horror, Free to Play, Music",0,0.0,free,8,14831,"200,000 - 500,000",350000,-0.1513,50.92,59.74,high,0,0,unverified,,0
6745,1526490,Fear Surrounds,2021-10-19,"Casual, Free To Play, Indie, RPG","Co-op, Online Co-Op, Multiplayer, Survival, Funny, First-Person, Horror, Psychological Horror",0,0.0,free,8,10847,"500,000 - 1,000,000",750000,-0.0763,50.92,60.14,high,0,0,unverified,,0
6751,2142790,Fields of Mistria,2024-08-05,"Early Access, Indie, RPG, Simulation","Sandbox, Open World, Building, Crafting, Simulation, Farming Sim, Agriculture, Dating Sim",1399,13.99,$10-14.99,9,10306,"200,000 - 500,000",350000,0.0045,50.91,60.56,high,0,0,unverified,,0
6762,437920,Tricky Towers,2016-08-02,"Casual, Indie","Online Co-Op, Multiplayer, Building, Local Co-Op, Funny, Local Multiplayer, 4 Player Local, Party Game",1499,14.99,$10-14.99,8,15036,"1,000,000 - 2,000,000",1500000,0.2071,50.88,61.61,high,0,0,unverified,,0
6793,2194530,Yog-Sothoth’s Yard,2023-10-19,"Indie, RPG, Simulation","Building, Base Building, City Builder, Simulation, Horror, Roguelite, Strategy, Story Rich",1099,10.99,$10-14.99,8,9067,"200,000 - 500,000",350000,-0.3247,50.82,58.78,high,0,0,unverified,,0
6823,474750,Reigns,2016-08-11,"Adventure, Indie, RPG, Simulation","Great Soundtrack, Difficult, Funny, Simulation, Comedy, Dark Humor, Strategy, Story Rich",149,1.49,$0.01-4.99,8,7829,"500,000 - 1,000,000",750000,-0.1912,50.79,59.47,high,0,0,unverified,,0
6857,410110,12 is Better Than 6,2015-11-20,"Action, Indie","Great Soundtrack, Difficult, Gore, Funny, Blood, Atmospheric, Violent, Dark Humor",999,9.99,$5-9.99,8,6944,"500,000 - 1,000,000",750000,-0.2335,50.73,59.21,high,0,0,unverified,,0
6896,234650,Shadowrun Returns,2013-07-25,"Adventure, Indie, RPG, Strategy","Moddable, Tactical, Atmospheric, Turn-Based, Strategy, Story Rich, Isometric, Singleplayer",1499,14.99,$10-14.99,8,13193,"2,000,000 - 5,000,000",3500000,0.3668,50.67,62.34,high,0,0,unverified,,0
6905,1043810,Tactical Breach Wizards,2024-08-22,"Adventure, Indie, RPG, Strategy","Funny, Tactical, Comedy, Turn-Based, Military, Strategy, Story Rich, Isometric",1999,19.99,$15-19.99,9,6022,"200,000 - 500,000",350000,-0.1848,50.65,59.43,high,0,0,unverified,,0
7029,275390,Guacamelee! Super Turbo Championship Edition,2014-08-21,"Action, Adventure, Indie","Co-op, Difficult, Local Co-Op, Funny, 4 Player Local, Action, Singleplayer, Adventure",1499,14.99,$10-14.99,8,6605,"5,000,000 - 10,000,000",7500000,0.3082,50.46,61.93,high,0,0,unverified,,0
7068,629820,Maneater,2021-05-25,"Action, Adventure, Indie, RPG","Open World, Gore, Simulation, Hack and Slash, Atmospheric, Violent, Dark Humor, Underwater",999,9.99,$5-9.99,8,15776,"500,000 - 1,000,000",750000,0.0556,50.39,60.56,high,0,0,unverified,,0
7076,1272160,The Life and Suffering of Sir Brante,2021-03-04,"Adventure, Indie, RPG, Simulation, Strategy","Replay Value, Management, Simulation, Atmospheric, Violent, Strategy, Story Rich, Singleplayer",1999,19.99,$15-19.99,8,7632,"200,000 - 500,000",350000,-0.3854,50.38,58.24,high,0,0,unverified,,0
7175,1461810,《蜀山：初章》买断版,2022-11-17,Massively Multiplayer,"Sandbox, Open World, Massively Multiplayer, Roguelike, Character Customization, Procedural Generation, RPG, Adventure",2499,24.99,$20-29.99,6,5993,"200,000 - 500,000",350000,-1.0386,50.27,54.75,high,0,0,unverified,,0
7256,1811990,Wildfrost,2023-04-12,"Indie, Strategy","Difficult, Base Building, Replay Value, Roguelite, Turn-Based, Strategy, Roguelike, Procedural Generation",1999,19.99,$15-19.99,8,7524,"200,000 - 500,000",350000,-0.3904,50.14,58.09,high,0,0,unverified,,0
7257,1321440,Cassette Beasts,2023-04-26,"Indie, RPG","Co-op, Sandbox, Open World, Local Co-Op, Comedy, Singleplayer, RPG, Adventure",1999,19.99,$15-19.99,9,7575,"0 - 20,000",10000,-0.9676,50.14,55.06,high,0,0,unverified,,0
7274,1341290,We Were Here Forever,2022-05-10,"Adventure, Casual, Indie","Co-op, Online Co-Op, Multiplayer, First-Person, Atmospheric, Psychological Horror, Story Rich, Adventure",1799,17.99,$15-19.99,8,14210,"500,000 - 1,000,000",750000,0.0188,50.12,60.24,high,0,0,unverified,,0
7279,1119980,In Sound Mind,2021-09-28,"Action, Indie","FPS, First-Person, Horror, Atmospheric, Psychological Horror, Music, Shooter, Story Rich",3499,34.99,$30-39.99,9,5129,"20,000 - 50,000",35000,-0.8007,50.11,55.92,high,0,0,unverified,,0
7283,1522820,Orcs Must Die! 3,2021-07-23,"Action, Adventure, Indie, Strategy","Co-op, Online Co-Op, Multiplayer, Funny, Comedy, Physics, Strategy, Action",1049,10.49,$10-14.99,8,13040,"1,000,000 - 2,000,000",1500000,0.1569,50.11,60.96,high,0,0,unverified,,0
7284,456670,Hand of Fate 2,,"Инди, Ролевые игры, Экшены","Hack and Slash, Atmospheric, Roguelite, Dungeon Crawler, Strategy, Roguelike, Action, Singleplayer",599,5.99,$5-9.99,8,5592,"200,000 - 500,000",350000,-0.4949,50.11,57.53,high,0,0,unverified,,0
7286,49600,Beat Hazard,2010-04-15,"Action, Casual, Indie","Co-op, Multiplayer, Local Co-Op, Replay Value, Atmospheric, Music, Shooter, Rhythm",999,9.99,$5-9.99,8,7335,"500,000 - 1,000,000",750000,-0.2142,50.11,59.01,high,0,0,unverified,,0
7361,252410,SteamWorld Dig,2013-12-05,"Action, Adventure, Indie","Great Soundtrack, Sandbox, Short, Action, Singleplayer, RPG, Sci-fi, Adventure",999,9.99,$5-9.99,8,7729,"500,000 - 1,000,000",750000,-0.1958,50.01,59.05,high,0,0,unverified,,0
7394,250760,Shovel Knight: Treasure Trove,2014-06-26,"Action, Adventure, Indie","Great Soundtrack, Difficult, Funny, Comedy, Action, Singleplayer, RPG, Adventure",3999,39.99,$30-39.99,9,15782,"500,000 - 1,000,000",750000,0.3398,49.96,61.84,high,0,0,unverified,,0
7483,268130,Heat Signature,2017-09-21,"Action, Adventure, Indie, Strategy","Open World, Tactical, Roguelite, Strategy, Roguelike, Action, Procedural Generation, Perma Death",1499,14.99,$10-14.99,8,7013,"500,000 - 1,000,000",750000,-0.23,49.83,58.78,high,0,0,unverified,,0
7491,439190,Stories: The Path of Destinies,2016-04-12,"Action, Adventure, Indie, RPG","Great Soundtrack, Funny, Hack and Slash, Comedy, Story Rich, Swordplay, Action, Isometric",1499,14.99,$10-14.99,8,6450,"2,000,000 - 5,000,000",3500000,0.1147,49.81,60.59,high,0,0,unverified,,0
7628,426000,HunieCam Studio,2016-04-04,"Indie, Simulation","Memes, Replay Value, Funny, Management, Simulation, Comedy, Strategy, Mature",699,6.99,$5-9.99,8,6362,"500,000 - 1,000,000",750000,-0.2643,49.64,58.51,high,0,0,unverified,,0
7660,813630,Supraland,2019-04-05,"Action, Adventure, Indie, RPG","Open World, Funny, FPS, First-Person, Physics, Shooter, Action, Singleplayer",1999,19.99,$15-19.99,9,12403,"1,000,000 - 2,000,000",1500000,0.4233,49.59,62.1,high,0,0,unverified,,0
7698,845070,The Awesome Adventures of Captain Spirit,2018-06-25,"Adventure, Free To Play","Great Soundtrack, Memes, Short, Atmospheric, Free to Play, Story Rich, Action, Singleplayer",0,0.0,free,8,13833,"2,000,000 - 5,000,000",3500000,0.3835,49.54,61.86,high,0,0,unverified,,0
7718,1361320,The Room 4: Old Sins,2021-02-11,Adventure,"Multiplayer, First-Person, Horror, Atmospheric, Lovecraftian, Story Rich, Singleplayer, Adventure",899,8.99,$5-9.99,9,15120,"200,000 - 500,000",350000,0.1395,49.5,60.56,high,0,0,unverified,,0
7744,1213740,She Will Punish Them,2020-04-29,"Action, Early Access, Indie, RPG","Difficult, Gore, Hack and Slash, Violent, Souls-like, Character Customization, Mature, Action",1599,15.99,$15-19.99,8,18037,"500,000 - 1,000,000",750000,0.1028,49.48,60.36,high,0,0,unverified,,0
7768,1859910,Legend of Mortal,2024-06-14,"Adventure, Indie, RPG, Strategy","Replay Value, Funny, Atmospheric, Strategy, Action, Dating Sim, Martial Arts, Singleplayer",1999,19.99,$15-19.99,6,27834,"500,000 - 1,000,000",750000,-0.3124,49.45,58.16,high,0,0,unverified,,0
7793,799640,Dungeon Munchies,2022-07-27,"Action, Adventure, Indie, RPG","Difficult, Funny, Comedy, Post-apocalyptic, Action, Singleplayer, Early Access, RPG",1999,19.99,$15-19.99,9,6606,"100,000 - 200,000",150000,-0.358,49.42,57.9,high,0,0,unverified,,0
7822,1421250,Tiny Bunny,2021-04-16,"Adventure, Early Access, Indie","Great Soundtrack, Gore, Horror, Atmospheric, Violent, Psychological Horror, Story Rich, Mature",1299,12.99,$10-14.99,9,18662,"500,000 - 1,000,000",750000,0.3988,49.37,61.86,high,0,0,unverified,,0
7848,2250040,Crosshair V2,2023-01-26,Utilities,"Multiplayer, Competitive, FPS, Tactical, Free to Play, Shooter, Action, Early Access",0,0.0,free,8,5456,"0 - 20,000",10000,-1.3672,49.34,52.56,high,0,0,unverified,,0
7871,860950,Mark of the Ninja: Remastered,2018-10-09,"Action, Indie","Gore, Atmospheric, Violent, Story Rich, Action, Singleplayer, Stealth, Adventure",1999,19.99,$15-19.99,9,5811,"200,000 - 500,000",350000,-0.1974,49.32,58.7,high,0,0,unverified,,0
7906,648390,Marie's Room,2018-04-13,"Adventure, Casual, Free To Play, Indie","Great Soundtrack, Multiplayer, First-Person, Short, Horror, Atmospheric, Psychological Horror, Free to Play",0,0.0,free,8,6354,"100,000 - 200,000",150000,-0.6558,49.28,56.27,high,0,0,unverified,,0
7922,1948980,Hero's Adventure: Road to Passion,2023-11-15,"Adventure, Indie, RPG, Simulation","Open World, Simulation, Turn-Based, Strategy, Mature, Martial Arts, Singleplayer, Stealth",1799,17.99,$15-19.99,8,19578,"500,000 - 1,000,000",750000,0.1317,49.25,60.39,high,0,0,unverified,,0
7933,2504480,Indigo Park: Chapter 1,2024-05-18,"Action, Adventure, Casual, Free To Play, Indie","Great Soundtrack, Gore, Funny, Survival Horror, First-Person, Horror, Atmospheric, Psychological Horror",0,0.0,free,9,18170,"0 - 20,000",10000,-0.6594,49.23,56.23,high,0,0,unverified,,0
7961,1002300,Fear & Hunger,2019-01-21,"Adventure, Indie, RPG","Difficult, Gore, Horror, Atmospheric, Lovecraftian, Violent, Psychological Horror, Dungeon Crawler",799,7.99,$5-9.99,8,13502,"0 - 20,000",10000,-1.048,49.19,54.16,high,0,0,unverified,,0
8053,1812820,Bitburner,2021-12-10,Free To Play,"Sandbox, Simulation, Psychological Horror, Strategy, Free to Play, Character Customization, Automation, Singleplayer",0,0.0,free,9,6249,"0 - 20,000",10000,-1.0354,49.08,54.17,high,0,0,unverified,,0
8064,1139980,Travellers Rest,,"Abenteuer, Early Access, Gelegenheitsspiele, Indie, Rollenspiel, Simulationen","Building, Crafting, Management, Simulation, Farming Sim, Resource Management, Isometric, Singleplayer",1349,13.49,$10-14.99,8,11244,"500,000 - 1,000,000",750000,-0.0637,49.07,59.28,high,0,0,unverified,,0
8131,1874490,Potionomics,2022-10-17,"Indie, RPG, Simulation, Strategy","Crafting, Management, Simulation, Resource Management, Strategy, Dating Sim, Singleplayer, RPG",2499,24.99,$20-29.99,8,5701,"200,000 - 500,000",350000,-0.4881,48.99,57.01,high,0,0,unverified,,0
8163,1105670,The Last Spell,2023-03-09,"Action, Indie, RPG, Strategy","Base Building, Tactical, Roguelite, Turn-Based, Strategy, Roguelike, Post-apocalyptic, Perma Death",2499,24.99,$20-29.99,8,10660,"500,000 - 1,000,000",750000,-0.0825,48.95,59.12,high,0,0,unverified,,0
8186,1625450,Muck,2021-06-05,"Action, Adventure, Free To Play, Indie","Multiplayer, Open World, Building, Survival, Base Building, Crafting, First-Person, Free to Play",0,0.0,free,8,169479,"0 - 20,000",10000,-0.1567,48.92,58.71,high,0,0,unverified,,0
8199,503560,911 Operator,2017-02-24,"Casual, Indie, Simulation, Strategy","Moddable, Addictive, Management, Simulation, Tactical, Atmospheric, Strategy, Realistic",1499,14.99,$10-14.99,8,16138,"500,000 - 1,000,000",750000,0.0636,48.91,59.87,high,0,0,unverified,,0
8329,362680,Fran Bow,2015-08-27,"Adventure, Indie","Great Soundtrack, Gore, Horror, Atmospheric, Psychological Horror, Story Rich, Singleplayer, Adventure",1499,14.99,$10-14.99,9,17348,"500,000 - 1,000,000",750000,0.3731,48.73,61.4,high,0,0,unverified,,0
8330,648100,Raging Loop,2017-08-23,"Adventure, Indie","Gore, Horror, Atmospheric, Violent, Psychological Horror, Story Rich, Singleplayer, Adventure",2999,29.99,$20-29.99,9,6347,"100,000 - 200,000",150000,-0.3721,48.73,57.49,high,0,0,unverified,,0
8369,1275890,Baldi's Basics Plus,2020-06-11,"Action, Early Access, Indie, Strategy","Funny, Survival Horror, First-Person, Horror, Roguelite, Strategy, Roguelike, Action",999,9.99,$5-9.99,9,5885,"200,000 - 500,000",350000,-0.1929,48.67,58.4,high,0,0,unverified,,0
8429,236110,Dungeon Defenders II,2017-06-20,"Action, Free To Play, Indie, RPG, Strategy","Online Co-Op, Multiplayer, Building, Survival, Team-Based, Tactical, Character Customization, Singleplayer",0,0.0,free,6,21507,"2,000,000 - 5,000,000",3500000,-0.029,48.59,59.22,high,0,0,unverified,,0
8473,363930,Dead Age,2016-11-04,"Action, Adventure, Casual, Indie, RPG, Simulation, Strategy","Survival, Crafting, Simulation, Roguelite, Turn-Based, Dungeon Crawler, Strategy, Roguelike",119,1.19,$0.01-4.99,8,5396,"200,000 - 500,000",350000,-0.5075,48.54,56.68,high,0,0,unverified,,0
8484,382490,Relic Hunters Zero: Remix,2015-08-18,"Action, Free To Play, Indie","Co-op, Multiplayer, Local Co-Op, Free to Play, Roguelike, Shooter, Action, Singleplayer",0,0.0,free,8,6786,"1,000,000 - 2,000,000",1500000,-0.0732,48.52,58.95,high,0,0,unverified,,0
8565,1067310,Gravitas,2019-08-23,"Action, Adventure, Free To Play, Indie","Co-op, Funny, First-Person, Short, Comedy, Physics, Dark Humor, Free to Play",0,0.0,free,9,6696,"200,000 - 500,000",350000,-0.1474,48.42,58.51,high,0,0,unverified,,0
8608,1070330,Russian Life Simulator,2019-05-17,"Action, Indie, Simulation, Sports, Strategy","Multiplayer, Memes, Simulation, Atmospheric, Strategy, Story Rich, Action, Economy",99,0.99,$0.01-4.99,8,7571,"500,000 - 1,000,000",750000,-0.203,48.37,58.19,high,0,0,unverified,,0
8612,375480,Chronicon,2020-08-21,"Action, Adventure, Indie, RPG","Local Co-Op, Crafting, 4 Player Local, Hack and Slash, Dungeon Crawler, Action, Procedural Generation, Singleplayer",1399,13.99,$10-14.99,8,9110,"500,000 - 1,000,000",750000,-0.1378,48.36,58.53,high,0,0,unverified,,0
8672,343780,Cat Goes Fishing,2015-01-19,"Casual, Indie, Simulation","Multiplayer, Difficult, Funny, Simulation, Psychological Horror, Underwater, Action, Singleplayer",699,6.99,$5-9.99,8,12554,"500,000 - 1,000,000",750000,-0.0249,48.29,59.09,high,0,0,unverified,,0
8695,269770,Secrets of Grindea,2024-02-29,"Action, Adventure, Indie, RPG","Multiplayer, Funny, Hack and Slash, Character Customization, Story Rich, Action, Singleplayer, RPG",1499,14.99,$10-14.99,8,7755,"200,000 - 500,000",350000,-0.3797,48.26,57.21,high,0,0,unverified,,0
8766,456750,The Room Three,2018-11-13,"Adventure, Indie","Multiplayer, First-Person, Short, Horror, Atmospheric, Lovecraftian, Psychological Horror, Story Rich",599,5.99,$5-9.99,9,11347,"200,000 - 500,000",350000,0.0384,48.17,59.36,high,0,0,unverified,,0
8784,361280,Turmoil,2016-06-02,"Indie, Simulation, Strategy","Multiplayer, Management, Simulation, Resource Management, Strategy, Historical, Economy, Singleplayer",649,6.49,$5-9.99,8,13981,"1,000,000 - 2,000,000",1500000,0.1814,48.15,60.11,high,0,0,unverified,,0
8785,1186640,Pumpkin Jack,2020-10-23,"Action, Adventure, Indie","Great Soundtrack, Funny, Atmospheric, Comedy, Action, Singleplayer, Adventure, Indie",2999,29.99,$20-29.99,8,7021,"500,000 - 1,000,000",750000,-0.2296,48.15,57.95,high,0,0,unverified,,0
8805,2427700,Backpack Battles,2024-03-08,"Early Access, Strategy","Multiplayer, Replay Value, Tactical, Turn-Based, Strategy, Roguelike, Early Access, PvP",1299,12.99,$10-14.99,8,11018,"500,000 - 1,000,000",750000,-0.0708,48.13,58.77,high,0,0,unverified,,0
8815,246420,Kingdom Rush  - Tower Defense,2014-01-06,Strategy,"Difficult, Funny, Tactical, Comedy, Touch-Friendly, Strategy, Action, Singleplayer",999,9.99,$5-9.99,9,13893,"1,000,000 - 2,000,000",1500000,0.4632,48.12,61.57,high,0,0,unverified,,0
8830,2849080,Kingdom Rush 5: Alliance TD,2024-07-25,"Indie, Strategy","Building, Funny, Comedy, Strategy, Action, Singleplayer, Adventure, Dark",1999,19.99,$15-19.99,8,6029,"500,000 - 1,000,000",750000,-0.2833,48.1,57.64,high,0,0,unverified,,0
9022,814370,Monster Sanctuary,2020-12-08,"Action, Adventure, Indie, RPG, Strategy","Difficult, Turn-Based, Strategy, Story Rich, Singleplayer, RPG, Adventure, PvP",1999,19.99,$15-19.99,8,10607,"500,000 - 1,000,000",750000,-0.0842,47.89,58.58,high,0,0,unverified,,0
9034,1876890,Wandering Sword,2023-09-14,"Adventure, Indie, RPG, Strategy","Open World, Tactical, Turn-Based, Strategy, Story Rich, Swordplay, Martial Arts, Singleplayer",2499,24.99,$20-29.99,8,19877,"200,000 - 500,000",350000,-0.0481,47.87,58.76,high,0,0,unverified,,0
9126,1055540,A Short Hike,2019-07-30,"Adventure, Indie","Great Soundtrack, Open World, Funny, Beautiful, Short, Singleplayer, Adventure, Indie",799,7.99,$5-9.99,9,17323,"200,000 - 500,000",350000,0.1874,47.75,59.94,high,0,0,unverified,,0
9128,1000010,Crown Trick,2020-10-16,"Adventure, Indie, RPG, Strategy","Difficult, Replay Value, Tactical, Roguelite, Turn-Based, Dungeon Crawler, Strategy, Roguelike",1999,19.99,$15-19.99,8,5150,"500,000 - 1,000,000",750000,-0.3388,47.75,57.17,high,0,0,unverified,,0
9198,815780,PIPE by BMX Streets,2018-03-15,"Indie, Simulation, Sports","Multiplayer, Open World, Mod, Simulation, Singleplayer, Indie",999,9.99,$5-9.99,8,6172,"200,000 - 500,000",350000,-0.4601,47.67,56.49,high,0,0,unverified,,0
9265,1941780,Zumbi Blocks 2 Open Alpha,2023-04-15,"Action, Free To Play, Indie","Multiplayer, Open World, Survival, FPS, First-Person, Souls-like, Free to Play, Post-apocalyptic",0,0.0,free,8,6855,"0 - 20,000",10000,-1.2868,47.6,52.11,high,0,0,unverified,,0
9307,274500,Brigador: Up-Armored Edition,2016-06-02,"Action, Indie","Difficult, Atmospheric, Roguelite, Destruction, Shooter, Action, Isometric, Sci-fi",2499,24.99,$20-29.99,8,5302,"200,000 - 500,000",350000,-0.5137,47.56,56.16,high,0,0,unverified,,0
9311,977880,Eastward,2021-09-16,"Action, Adventure, Indie, RPG","Atmospheric, Comedy, Post-apocalyptic, Story Rich, Mature, Action, Singleplayer, RPG",2499,24.99,$20-29.99,8,15361,"500,000 - 1,000,000",750000,0.0462,47.55,59.1,high,0,0,unverified,,0
9390,1227690,Severed Steel,2021-09-17,"Action, Indie","FPS, First-Person, Level Editor, Violent, Destruction, Shooter, Voxel, Mature",2499,24.99,$20-29.99,9,5848,"500,000 - 1,000,000",750000,-0.01,47.46,58.75,high,0,0,unverified,,0
9396,861540,Dicey Dungeons,2019-08-13,"Indie, Strategy","Great Soundtrack, Replay Value, Roguelite, Turn-Based, Dungeon Crawler, Strategy, Roguelike, Procedural Generation",1499,14.99,$10-14.99,8,10685,"200,000 - 500,000",350000,-0.2668,47.45,57.4,high,0,0,unverified,,0
9441,1476970,IdleOn - The Idle RPG,2021-04-02,"Casual, Early Access, Free To Play, Indie, Massively Multiplayer, RPG, Simulation","Multiplayer, Sandbox, Massively Multiplayer, Crafting, Management, Simulation, Resource Management, Free to Play",0,0.0,free,6,18046,"1,000,000 - 2,000,000",1500000,-0.2967,47.4,57.22,high,0,0,unverified,,0
9461,555220,Detention,2017-01-12,"Adventure, Indie","Great Soundtrack, Gore, Survival Horror, Horror, Atmospheric, Violent, Psychological Horror, Story Rich",1199,11.99,$10-14.99,9,11023,"500,000 - 1,000,000",750000,0.2133,47.37,59.88,high,0,0,unverified,,0
9463,918570,Century: Age of Ashes,2021-12-02,"Action, Free To Play, Indie, Racing","Online Co-Op, Multiplayer, Team-Based, Free to Play, Character Customization, Shooter, Action, Early Access",0,0.0,free,6,17335,"2,000,000 - 5,000,000",3500000,-0.105,47.37,58.21,high,0,0,unverified,,0
9500,1562700,SANABI,2023-11-08,"Action, Adventure, Indie","Great Soundtrack, Difficult, Atmospheric, Story Rich, Action, Singleplayer, Sci-fi, Adventure",1499,14.99,$10-14.99,9,30102,"500,000 - 1,000,000",750000,0.5673,47.34,61.73,high,0,0,unverified,,0
9501,814540,Changed,2018-04-04,"Adventure, Indie, RPG","Great Soundtrack, Difficult, Survival Horror, Horror, Psychological Horror, Story Rich, Action, Singleplayer",499,4.99,$0.01-4.99,8,16428,"500,000 - 1,000,000",750000,0.0699,47.34,59.11,high,0,0,unverified,,0
9511,714120,Little Misfortune,2019-09-18,"Adventure, Casual, Indie","Great Soundtrack, Funny, Horror, Atmospheric, Psychological Horror, Dark Humor, Story Rich, Singleplayer",1999,19.99,$15-19.99,8,10999,"200,000 - 500,000",350000,-0.2566,47.33,57.39,high,0,0,unverified,,0
9533,303210,The Beginner's Guide,2015-10-01,"Adventure, Indie","Great Soundtrack, First-Person, Short, Atmospheric, Psychological Horror, Story Rich, Singleplayer, Adventure",999,9.99,$5-9.99,8,21206,"500,000 - 1,000,000",750000,0.1598,47.31,59.57,high,0,0,unverified,,0
9536,314650,SpaceEngine,2019-06-11,"Casual, Early Access, Indie, Simulation","Sandbox, Open World, Simulation, Atmospheric, Realistic, Procedural Generation, Singleplayer, Early Access",2999,29.99,$20-29.99,9,11118,"500,000 - 1,000,000",750000,0.2163,47.3,59.86,high,0,0,unverified,,0
9543,1970580,Backpack Hero,2023-11-14,"Adventure, Casual, Indie, RPG, Strategy","Moddable, Building, Replay Value, Roguelite, Turn-Based, Strategy, Roguelike, Procedural Generation",1999,19.99,$15-19.99,8,7109,"500,000 - 1,000,000",750000,-0.2252,47.3,57.54,high,0,0,unverified,,0
9551,1021950,When the Darkness comes,2019-03-01,"Adventure, Free To Play, Indie","Co-op, First-Person, Horror, Atmospheric, Psychological Horror, Free to Play, Story Rich, Perma Death",0,0.0,free,8,8231,"200,000 - 500,000",350000,-0.3587,47.29,56.84,high,0,0,unverified,,0
9569,582550,Passpartout: The Starving Artist,2017-06-06,"Casual, Indie, Simulation","Great Soundtrack, Multiplayer, Memes, Funny, Simulation, Strategy, Action, Singleplayer",999,9.99,$5-9.99,8,6614,"200,000 - 500,000",350000,-0.4358,47.28,56.43,high,0,0,unverified,,0
9614,894940,Littlewood,2020-08-04,"Adventure, Casual, Indie, RPG, Simulation","Sandbox, Open World, Building, Crafting, City Builder, Simulation, Farming Sim, Agriculture",749,7.49,$5-9.99,8,6528,"200,000 - 500,000",350000,-0.4404,47.22,56.37,high,0,0,unverified,,0
9684,1003590,Tetris® Effect: Connected,2021-08-17,"Casual, Indie","Online Co-Op, Multiplayer, Local Co-Op, Competitive, Local Multiplayer, Atmospheric, Music, Singleplayer",3999,39.99,$30-39.99,9,7232,"500,000 - 1,000,000",750000,0.0648,47.16,59.0,high,0,0,unverified,,0
9703,1203630,Record of Lodoss War-Deedlit in Wonder Labyrinth-,2021-03-27,"Action, Indie","Great Soundtrack, Action, Singleplayer, Early Access, RPG, Adventure, Metroidvania, Indie",1999,19.99,$15-19.99,8,6382,"500,000 - 1,000,000",750000,-0.2632,47.14,57.26,high,0,0,unverified,,0
9731,1356670,Sakuna: Of Rice and Ruin,2020-11-10,"Action, Indie","Difficult, Crafting, Simulation, Farming Sim, Agriculture, Story Rich, Action, Singleplayer",2999,29.99,$20-29.99,8,5192,"200,000 - 500,000",350000,-0.5211,47.12,55.9,high,0,0,unverified,,0
9742,115800,Owlboy,2016-11-01,"Action, Adventure, Indie","Great Soundtrack, Funny, Atmospheric, Story Rich, Action, Singleplayer, Adventure, Metroidvania",1999,19.99,$15-19.99,8,5746,"500,000 - 1,000,000",750000,-0.3002,47.11,57.05,high,0,0,unverified,,0
9771,389140,Horizon Chase Turbo,2018-05-15,"Action, Casual, Indie, Racing, Sports","Great Soundtrack, Multiplayer, Local Co-Op, Local Multiplayer, 4 Player Local, Split Screen, Action, Singleplayer",1999,19.99,$15-19.99,8,5475,"200,000 - 500,000",350000,-0.5024,47.08,55.98,high,0,0,unverified,,0
9786,874260,The Forgotten City,2021-07-28,"Adventure, Indie, RPG","Great Soundtrack, Open World, First-Person, Atmospheric, Story Rich, RPG, Adventure, Indie",874,8.74,$5-9.99,9,10449,"500,000 - 1,000,000",750000,0.1945,47.06,59.63,high,0,0,unverified,,0
9811,406970,The Uncertain: Last Quiet Day,2016-09-22,"Adventure, Indie","Great Soundtrack, Short, Horror, Atmospheric, Post-apocalyptic, Story Rich, Singleplayer, Sci-fi",999,9.99,$5-9.99,6,5709,"500,000 - 1,000,000",750000,-0.8705,47.04,54.02,high,0,0,unverified,,0
9861,360740,Downwell,2015-10-15,"Action, Adventure, Indie","Great Soundtrack, Difficult, Replay Value, Fast-Paced, Roguelite, Roguelike, Action, Procedural Generation",299,2.99,$0.01-4.99,9,7967,"200,000 - 500,000",350000,-0.0862,46.98,58.11,high,0,0,unverified,,0
9928,388880,Oxenfree,2016-01-14,"Adventure, Indie","Great Soundtrack, Short, Horror, Atmospheric, Lovecraftian, Psychological Horror, Story Rich, Singleplayer",999,9.99,$5-9.99,8,11488,"500,000 - 1,000,000",750000,-0.0561,46.91,58.24,high,0,0,unverified,,0
9936,807120,Iratus: Lord of the Dead,2020-04-23,"Indie, RPG, Strategy","Difficult, Replay Value, Gore, Lovecraftian, Roguelite, Violent, Turn-Based, Dungeon Crawler",299,2.99,$0.01-4.99,8,7475,"500,000 - 1,000,000",750000,-0.2075,46.9,57.44,high,0,0,unverified,,0
10086,385770,Time Clickers,2015-07-23,"Action, Casual, Free To Play, Indie","Multiplayer, FPS, First-Person, Simulation, Strategy, Free to Play, Shooter, Voxel",0,0.0,free,8,5034,"500,000 - 1,000,000",750000,-0.3468,46.76,56.63,high,0,0,unverified,,0
10184,2638370,Five Nights at Freddy's: Into the Pit,2024-08-07,"Action, Adventure, Indie","Survival Horror, Horror, Atmospheric, Psychological Horror, Story Rich, Action, Singleplayer, Adventure",1999,19.99,$15-19.99,9,7857,"100,000 - 200,000",150000,-0.2969,46.66,56.85,high,0,0,unverified,,0
10263,619150,while True: learn(),2019-01-17,"Indie, Simulation","Sandbox, Building, Simulation, Singleplayer, Science, Indie, 2D, Education",1299,12.99,$10-14.99,8,7056,"500,000 - 1,000,000",750000,-0.2279,46.59,57.17,high,0,0,unverified,,0
10264,1674170,Sprocket,2021-08-26,"Action, Early Access, Indie, Simulation","Sandbox, Building, War, Physics, Military, Character Customization, Action, Early Access",1999,19.99,$15-19.99,8,9608,"200,000 - 500,000",350000,-0.3042,46.59,56.77,high,0,0,unverified,,0
10310,398850,Epistory - Typing Chronicles,2016-03-30,"Action, Adventure, Indie","Great Soundtrack, Moddable, Open World, Atmospheric, Story Rich, Action, Isometric, Singleplayer",449,4.49,$0.01-4.99,8,6452,"500,000 - 1,000,000",750000,-0.2594,46.55,56.99,high,0,0,unverified,,0
10345,461560,MANDAGON,2016-08-03,"Adventure, Free To Play, Indie","Great Soundtrack, Multiplayer, Short, Atmospheric, Free to Play, Story Rich, Singleplayer, Adventure",0,0.0,free,9,5610,"200,000 - 500,000",350000,-0.2098,46.51,57.23,high,0,0,unverified,,0
10445,1147550,Not For Broadcast,2022-01-25,"Adventure, Indie, Simulation","First-Person, Management, Simulation, Atmospheric, Story Rich, Singleplayer, Adventure, Indie",2499,24.99,$20-29.99,8,10968,"1,000,000 - 2,000,000",1500000,0.0959,46.41,58.79,high,0,0,unverified,,0
10507,1218210,Coromon,2022-03-31,"Adventure, Indie, RPG, Strategy","Multiplayer, Difficult, Turn-Based, Strategy, Character Customization, Story Rich, RPG, Adventure",1999,19.99,$15-19.99,8,5619,"500,000 - 1,000,000",750000,-0.3081,46.33,56.62,high,0,0,unverified,,0
10518,1372810,Teamfight Manager,2021-03-01,"Indie, Simulation, Sports","Multiplayer, Management, Simulation, Resource Management, Strategy, Singleplayer, Indie, 2D",999,9.99,$5-9.99,8,5414,"500,000 - 1,000,000",750000,-0.3212,46.31,56.54,high,0,0,unverified,,0
10564,1059990,Trombone Champ,2022-09-15,"Casual, Indie","Moddable, Difficult, Memes, Funny, Horror, Comedy, Souls-like, Music",1499,14.99,$10-14.99,9,9231,"200,000 - 500,000",350000,-0.0343,46.26,58.03,high,0,0,unverified,,0
10631,96100,Defy Gravity Extended,2016-03-18,"Action, Casual, Indie","Great Soundtrack, Multiplayer, Difficult, Funny, Physics, Shooter, Action, Singleplayer",55,0.55,$0.01-4.99,8,8576,"500,000 - 1,000,000",750000,-0.1591,46.2,57.34,high,0,0,unverified,,0
10649,690040,SUPERHOT: MIND CONTROL DELETE,2020-07-16,"Action, Indie","Difficult, FPS, First-Person, Beautiful, Atmospheric, Shooter, Action, Singleplayer",2499,24.99,$20-29.99,8,11609,"1,000,000 - 2,000,000",1500000,0.1159,46.18,58.78,high,0,0,unverified,,0
10837,2429860,Living With Sister: Monochrome Fantasy,2024-03-22,Indie,"Funny, FPS, Simulation, Psychological Horror, Souls-like, Mature, Dating Sim, Singleplayer",1299,12.99,$10-14.99,9,6906,"200,000 - 500,000",350000,-0.1366,45.96,57.34,high,0,0,unverified,,0
10896,286100,You Have to Win the Game,2014-05-06,"Action, Indie","Great Soundtrack, Open World, Difficult, Classic, Free to Play, Action, Singleplayer, Adventure",0,0.0,free,8,5648,"200,000 - 500,000",350000,-0.4914,45.91,55.45,high,0,0,unverified,,0
11007,1740720,Have a Nice Death,2023-03-22,"Action, Indie","Funny, Hack and Slash, Comedy, Roguelite, Dark Humor, Roguelike, Action, Singleplayer",2499,24.99,$20-29.99,8,9455,"200,000 - 500,000",350000,-0.3099,45.85,56.37,high,0,0,unverified,,0
11072,1205450,Turnip Boy Commits Tax Evasion,2021-04-22,"Action, Adventure, Casual, Indie","Great Soundtrack, Memes, Funny, Comedy, Psychological Horror, Story Rich, Action, Singleplayer",509,5.09,$5-9.99,8,11984,"200,000 - 500,000",350000,-0.2264,45.8,56.79,high,0,0,unverified,,0
11078,930210,HuniePop 2: Double Date,2021-02-08,"Indie, RPG, Simulation, Strategy","Funny, Simulation, Strategy, Story Rich, Mature, Dating Sim, Singleplayer, RPG",1999,19.99,$15-19.99,8,9140,"0 - 20,000",10000,-1.1855,45.79,51.74,high,0,0,unverified,,0
11115,858210,Nova Drift,2024-08-12,"Action, Indie","Great Soundtrack, Replay Value, Roguelite, Roguelike, Shooter, Action, Singleplayer, Early Access",1799,17.99,$15-19.99,9,12772,"100,000 - 200,000",150000,-0.1258,45.76,57.3,high,0,0,unverified,,0
11135,1283410,Tails of Iron,2021-09-17,"Action, Adventure, Indie","Difficult, Atmospheric, Souls-like, Character Customization, Story Rich, Swordplay, Action, Singleplayer",2499,24.99,$20-29.99,8,10597,"200,000 - 500,000",350000,-0.2697,45.73,56.52,high,0,0,unverified,,0
11211,247000,Talisman: Digital Edition,2014-02-25,"Free To Play, Indie, RPG, Strategy","Multiplayer, Local Co-Op, Local Multiplayer, Touch-Friendly, Turn-Based, Strategy, Singleplayer, RPG",0,0.0,free,6,9374,"500,000 - 1,000,000",750000,-0.6958,45.65,54.24,high,0,0,unverified,,0
11215,1126320,Being a DIK - Season 1,2020-02-13,Indie,"Replay Value, Funny, Comedy, Violent, Realistic, Story Rich, Mature, Dating Sim",1399,13.99,$10-14.99,9,11026,"0 - 20,000",10000,-0.8354,45.65,53.51,high,0,0,unverified,,0
11264,559210,Rakuen,2017-05-10,,"Funny, Horror, Psychological Horror, Story Rich, Singleplayer, RPG, Adventure, Indie",1499,14.99,$10-14.99,9,5770,"200,000 - 500,000",350000,-0.1999,45.6,56.83,high,0,0,unverified,,0
11345,699170,Fell Seal: Arbiter's Mark,2019-04-30,"Indie, RPG, Strategy","Tactical, Turn-Based, Strategy, Character Customization, Story Rich, Isometric, Singleplayer, RPG",2999,29.99,$20-29.99,8,5759,"200,000 - 500,000",350000,-0.4845,45.53,55.29,high,0,0,unverified,,0
11377,1066890,Automobilista 2,2020-06-30,"Action, Indie, Racing, Simulation, Sports","Multiplayer, Simulation, Realistic, Action, Automobile Sim, Driving, Indie",3999,39.99,$30-39.99,8,9112,"200,000 - 500,000",350000,-0.3229,45.51,56.13,high,0,0,unverified,,0
11458,1276390,Bloons TD Battles 2,2021-11-30,"Action, Casual, Free To Play, Indie, Strategy","Multiplayer, Sandbox, Difficult, Funny, Competitive, Tactical, Strategy, Free to Play",0,0.0,free,8,30836,"0 - 20,000",10000,-0.7571,45.42,53.81,high,0,0,unverified,,0
11530,1097200,Twelve Minutes,2021-08-19,"Adventure, Indie","Great Soundtrack, Gore, Atmospheric, Violent, Story Rich, Singleplayer, Adventure, Indie",2499,24.99,$20-29.99,6,7107,"500,000 - 1,000,000",750000,-0.7933,45.36,53.59,high,0,0,unverified,,0
11554,609320,FAR: Lone Sails,2018-05-17,"Action, Adventure, Indie","Survival, Short, Atmospheric, Post-apocalyptic, Story Rich, Action, Singleplayer, Adventure",1499,14.99,$10-14.99,8,19532,"500,000 - 1,000,000",750000,0.1309,45.34,58.44,high,0,0,unverified,,0
11574,1331550,Big Ambitions,2023-03-10,"Early Access, Indie, Simulation","Sandbox, Open World, Management, Simulation, Resource Management, Economy, Singleplayer, Early Access",2299,22.99,$20-29.99,8,9180,"500,000 - 1,000,000",750000,-0.1351,45.32,57.03,high,0,0,unverified,,0
11657,764790,The Messenger,2018-08-30,"Action, Indie","Great Soundtrack, Difficult, Funny, Beautiful, Comedy, Action, Singleplayer, Adventure",399,3.99,$0.01-4.99,8,10967,"500,000 - 1,000,000",750000,-0.0725,45.24,57.32,high,0,0,unverified,,0
11735,310080,Hatoful Boyfriend,2014-09-04,"Casual, Indie, Simulation","Great Soundtrack, Memes, Funny, Simulation, Comedy, Story Rich, Dating Sim, Singleplayer",999,9.99,$5-9.99,8,7339,"200,000 - 500,000",350000,-0.3991,45.17,55.56,high,0,0,unverified,,0
11776,431730,Aseprite,2016-02-22,"Animation & Modeling, Design & Illustration, Game Development","Difficult, Souls-like, Dating Sim, Singleplayer, Indie, 2D",1999,19.99,$15-19.99,9,19334,"1,000,000 - 2,000,000",1500000,0.5797,45.14,60.7,high,0,0,unverified,,0
11892,2273430,BlazBlue Entropy Effect,2024-02-14,"Action, Adventure, Indie","Replay Value, Hack and Slash, Post-apocalyptic, Story Rich, Action, Procedural Generation, Singleplayer, Adventure",1999,19.99,$15-19.99,8,23190,"200,000 - 500,000",350000,0.0062,45.05,57.63,high,0,0,unverified,,0
11909,250600,The Plan,2014-02-14,"Casual, Free To Play, Indie","Great Soundtrack, Funny, Beautiful, Simulation, Short, Atmospheric, Free to Play, Music",0,0.0,free,8,22878,"500,000 - 1,000,000",750000,0.1866,45.03,58.57,high,0,0,unverified,,0
11929,1123050,GRIME,2021-08-02,"Action, Indie, RPG","Difficult, Atmospheric, Souls-like, Action, Singleplayer, Adventure, Dark, Metroidvania",2499,24.99,$20-29.99,8,5285,"200,000 - 500,000",350000,-0.5148,45.02,54.88,high,0,0,unverified,,0
11971,1388770,Cruelty Squad,2021-06-15,"Action, Indie, Simulation","FPS, First-Person, Simulation, Tactical, Psychological Horror, Dark Humor, Post-apocalyptic, Shooter",1999,19.99,$15-19.99,9,18538,"1,000,000 - 2,000,000",1500000,0.5648,44.99,60.54,high,0,0,unverified,,0
12034,658850,Do Not Feed the Monkeys,2018-10-23,"Indie, Simulation, Strategy","Funny, Management, Simulation, Atmospheric, Dark Humor, Resource Management, Strategy, Story Rich",319,3.19,$0.01-4.99,8,10225,"500,000 - 1,000,000",750000,-0.0972,44.93,57.03,high,0,0,unverified,,0
12054,1344350,SUCCUBUS: Prologue,2020-07-24,"Action, Adventure, Free To Play, Indie","Multiplayer, Gore, First-Person, Horror, Violent, Free to Play, Character Customization, Mature",0,0.0,free,8,5441,"200,000 - 500,000",350000,-0.5046,44.91,54.88,high,0,0,unverified,,0
12096,736260,Baba Is You,2019-03-13,Indie,"Great Soundtrack, Difficult, Funny, Atmospheric, Level Editor, Strategy, Singleplayer, Indie",1499,14.99,$10-14.99,9,20757,"500,000 - 1,000,000",750000,0.4363,44.87,59.81,high,0,0,unverified,,0
12101,232790,Broken Age,2014-01-28,"Adventure, Casual, Indie","Great Soundtrack, Funny, Classic, Short, Comedy, Story Rich, Singleplayer, Sci-fi",1499,14.99,$10-14.99,8,7906,"500,000 - 1,000,000",750000,-0.1878,44.86,56.52,high,0,0,unverified,,0
12142,449960,Book of Demons,2018-12-13,"Action, Adventure, Casual, Indie, RPG","Hack and Slash, Atmospheric, Roguelite, Dungeon Crawler, Roguelike, Action, Isometric, Singleplayer",2499,24.99,$20-29.99,8,9540,"500,000 - 1,000,000",750000,-0.1216,44.84,56.86,high,0,0,unverified,,0
12144,1703340,The Stanley Parable: Ultra Deluxe,2022-04-27,"Adventure, Casual, Indie","Funny, First-Person, Horror, Atmospheric, Comedy, Psychological Horror, Dark Humor, Story Rich",2499,24.99,$20-29.99,8,28048,"500,000 - 1,000,000",750000,0.2584,44.83,58.85,high,0,0,unverified,,0
12156,523780,Emily is Away Too,2017-05-26,"Adventure, Casual, Indie, RPG, Simulation","Great Soundtrack, Memes, Funny, Simulation, Atmospheric, Psychological Horror, Story Rich, Dating Sim",499,4.99,$0.01-4.99,8,5806,"200,000 - 500,000",350000,-0.4817,44.82,54.95,high,0,0,unverified,,0
12159,1533420,Neon White,2022-06-16,"Action, Adventure, Indie","FPS, First-Person, Fast-Paced, Comedy, Shooter, Story Rich, Action, Dating Sim",2499,24.99,$20-29.99,9,16019,"200,000 - 500,000",350000,0.1599,44.82,58.33,high,0,0,unverified,,0
12174,288160,The Room,2014-07-28,"Adventure, Indie","First-Person, Beautiful, Short, Horror, Atmospheric, Lovecraftian, Psychological Horror, Touch-Friendly",499,4.99,$0.01-4.99,9,27490,"500,000 - 1,000,000",750000,0.5353,44.81,60.3,high,0,0,unverified,,0
12253,2291760,Papa's Freezeria Deluxe,2023-03-31,"Action, Casual, Indie, Simulation, Strategy","Funny, Classic, Management, Simulation, Psychological Horror, Strategy, Character Customization, Action",599,5.99,$5-9.99,9,9608,"100,000 - 200,000",150000,-0.226,44.72,56.25,high,0,0,unverified,,0
12328,1280770,Redmatch 2,2021-06-24,"Action, Free To Play, Indie","Multiplayer, Moddable, FPS, First-Person, Fast-Paced, Free to Play, Character Customization, Shooter",0,0.0,free,8,15976,"0 - 20,000",10000,-0.9888,44.64,52.2,high,0,0,unverified,,0
12424,1127500,Mini Motorways,2021-07-20,"Casual, Indie, Simulation, Strategy","Great Soundtrack, Building, Beautiful, Management, City Builder, Simulation, Touch-Friendly, Resource Management",999,9.99,$5-9.99,9,19938,"500,000 - 1,000,000",750000,0.4221,44.56,59.58,high,0,0,unverified,,0
12438,1424330,Wobbledogs,2022-03-15,"Casual, Indie, Simulation","Great Soundtrack, Sandbox, Funny, Simulation, Physics, Procedural Generation, Singleplayer, Early Access",1999,19.99,$15-19.99,9,10735,"200,000 - 500,000",350000,0.0188,44.55,57.45,high,0,0,unverified,,0
12451,981430,Gordian Quest,,"Adventure, Indie, RPG, Strategy","Replay Value, Tactical, Turn-Based, Strategy, Roguelike, Procedural Generation, RPG, Adventure",1999,19.99,$15-19.99,8,5622,"200,000 - 500,000",350000,-0.493,44.54,54.76,high,0,0,unverified,,0
12564,70300,VVVVVV,2010-09-07,"Action, Indie","Great Soundtrack, Open World, Difficult, Short, Action, Singleplayer, Sci-fi, Adventure",169,1.69,$0.01-4.99,9,9793,"500,000 - 1,000,000",750000,0.1717,44.46,58.21,high,0,0,unverified,,0
12568,575640,Zup! 3,2017-01-12,"Casual, Indie","Co-op, Sandbox, Funny, Fast-Paced, Short, Physics, Strategy, Free to Play",199,1.99,$0.01-4.99,8,5447,"200,000 - 500,000",350000,-0.5042,44.46,54.66,high,0,0,unverified,,0
12653,1170880,Grimm's Hollow,2019-10-30,"Adventure, Free To Play, Indie, RPG","Great Soundtrack, Short, Horror, Atmospheric, Turn-Based, Free to Play, Story Rich, Singleplayer",0,0.0,free,9,13455,"500,000 - 1,000,000",750000,0.2835,44.4,58.77,high,0,0,unverified,,0
12717,1281800,Samsara Room,2020-04-29,"Adventure, Free To Play, Indie","Multiplayer, Short, Horror, Atmospheric, Psychological Horror, Free to Play, Story Rich, Singleplayer",0,0.0,free,9,8643,"500,000 - 1,000,000",750000,0.1276,44.34,57.92,high,0,0,unverified,,0
12780,1887840,Another Crab's Treasure,2024-04-25,"Action, Adventure, Indie","Open World, Funny, Atmospheric, Souls-like, Dark Humor, Underwater, Story Rich, Action",2999,29.99,$20-29.99,8,11759,"200,000 - 500,000",350000,-0.2331,44.29,56.0,high,0,0,unverified,,0
12803,597760,Yuppie Psycho: Executive Edition,2019-04-25,"Adventure, Indie","Survival Horror, Blood, Horror, Psychological Horror, Dark Humor, Story Rich, Singleplayer, Stealth",1699,16.99,$15-19.99,9,7698,"500,000 - 1,000,000",750000,0.0869,44.27,57.67,high,0,0,unverified,,0
12806,1594940,Little Witch in the Woods,2022-05-16,"Adventure, Casual, Early Access, Indie, RPG, Simulation","Open World, Crafting, Management, Simulation, Farming Sim, Story Rich, Early Access, RPG",1599,15.99,$15-19.99,8,7607,"500,000 - 1,000,000",750000,-0.2014,44.27,56.15,high,0,0,unverified,,0
12832,2289970,In Sink: A Co-Op Escape Prologue,2023-02-25,"Adventure, Casual, Free To Play, Indie","Co-op, Online Co-Op, Multiplayer, First-Person, Atmospheric, Strategy, Free to Play, Adventure",0,0.0,free,8,5647,"0 - 20,000",10000,-1.3551,44.24,50.07,high,0,0,unverified,,0
13022,18500,Defense Grid: The Awakening,2008-12-08,"Indie, Strategy","Replay Value, Addictive, Touch-Friendly, Strategy, Action, Singleplayer, Sci-fi, Adventure",999,9.99,$5-9.99,9,5022,"500,000 - 1,000,000",750000,-0.0636,44.09,56.79,high,0,0,unverified,,0
13076,893680,Project Warlock,2018-12-06,"Action, Indie","FPS, First-Person, Blood, Fast-Paced, Horror, Roguelike, Shooter, Action",1200,12.0,$10-14.99,8,5023,"200,000 - 500,000",350000,-0.5327,44.05,54.3,high,0,0,unverified,,0
13135,1240210,There Is No Game: Wrong Dimension,2020-08-06,"Adventure, Casual, Indie","Great Soundtrack, Funny, Simulation, Comedy, Story Rich, Action, Singleplayer, RPG",1299,12.99,$10-14.99,9,22272,"500,000 - 1,000,000",750000,0.4611,43.99,59.5,high,0,0,unverified,,0
13329,241600,Rogue Legacy,2013-06-27,"Action, Adventure, Indie, RPG","Addictive, Roguelite, Roguelike, Action, Singleplayer, RPG, Adventure, Action Roguelike",1499,14.99,$10-14.99,8,18349,"200,000 - 500,000",350000,-0.0763,43.85,56.6,high,0,0,unverified,,0
13394,232770,POSTAL,1997-11-14,"Action, Indie","Difficult, Horror, Atmospheric, Comedy, Level Editor, Psychological Horror, Dark Humor, Shooter",6795,67.95,$40+,8,9663,"5,000,000 - 10,000,000",7500000,0.4423,43.81,59.31,high,0,0,unverified,,0
13403,1432860,Sun Haven,2023-03-10,"Adventure, Casual, Indie, RPG, Simulation","Multiplayer, Crafting, Simulation, Farming Sim, Agriculture, Character Customization, Dating Sim, Singleplayer",1249,12.49,$10-14.99,8,19709,"500,000 - 1,000,000",750000,0.134,43.81,57.69,high,0,0,unverified,,0
13409,232430,Gone Home,2013-08-15,"Adventure, Indie","Great Soundtrack, First-Person, Short, Atmospheric, Story Rich, Singleplayer, Adventure, Indie",1499,14.99,$10-14.99,6,17625,"500,000 - 1,000,000",750000,-0.4734,43.8,54.49,high,0,0,unverified,,0
13426,266510,Hand of Fate,2015-02-17,"Action, Indie, RPG","Difficult, Hack and Slash, Atmospheric, Roguelite, Roguelike, Action, Singleplayer, RPG",399,3.99,$0.01-4.99,8,10465,"500,000 - 1,000,000",750000,-0.089,43.79,56.5,high,0,0,unverified,,0
13470,1045520,Acting Lessons,2019-07-25,Indie,"Replay Value, Gore, Funny, Comedy, Violent, Realistic, Story Rich, Mature",999,9.99,$5-9.99,9,5057,"0 - 20,000",10000,-1.11,43.76,51.12,high,0,0,unverified,,0
13570,598700,The Vagrant,2018-07-13,"Action, Adventure, Indie, RPG","Great Soundtrack, Classic, Hack and Slash, Story Rich, Action, Singleplayer, RPG, Adventure",79,0.79,$0.01-4.99,8,8015,"200,000 - 500,000",350000,-0.3681,43.68,54.98,high,0,0,unverified,,0
13577,1306630,Lost Ruins,2021-05-13,"Action, Adventure, Indie","Survival, Hack and Slash, Horror, Character Customization, Action, Singleplayer, Sci-fi, Adventure",1999,19.99,$15-19.99,8,5178,"100,000 - 200,000",150000,-0.7279,43.67,53.08,high,0,0,unverified,,0
13640,2666510,Rusty's Retirement,,"Casual, Indie, Simulation, Strategy","Building, Base Building, Management, Simulation, Farming Sim, Resource Management, Strategy, Post-apocalyptic",699,6.99,$5-9.99,9,8068,"200,000 - 500,000",350000,-0.0818,43.62,56.46,high,0,0,unverified,,0
13692,1404850,Luck be a Landlord,2023-01-06,"Indie, Simulation, Strategy","Management, Simulation, Roguelite, Resource Management, Strategy, Roguelike, Procedural Generation, Singleplayer",999,9.99,$5-9.99,8,9990,"200,000 - 500,000",350000,-0.2905,43.58,55.34,high,0,0,unverified,,0
13710,1727650,死寂（Deathly Stillness）,2021-09-04,"Action, Adventure, Casual, Free To Play, Indie","Multiplayer, Survival, Gore, FPS, Horror, Violent, Free to Play, Action",0,0.0,free,9,20835,"0 - 20,000",10000,-0.6112,43.57,53.65,high,0,0,unverified,,0
13768,404680,Hob,2017-09-26,"Action, Adventure, Indie","Great Soundtrack, Open World, Hack and Slash, Atmospheric, Action, Singleplayer, RPG, Adventure",399,3.99,$0.01-4.99,8,5101,"200,000 - 500,000",350000,-0.5273,43.53,54.07,high,0,0,unverified,,0
13841,1637320,Dome Keeper,2022-09-27,"Action, Adventure, Indie, Simulation","Replay Value, Tactical, Atmospheric, Physics, Resource Management, Roguelike, Post-apocalyptic, Action",899,8.99,$5-9.99,8,13532,"2,000,000 - 5,000,000",3500000,0.3758,43.47,58.79,high,0,0,unverified,,0
13892,1361510,Teenage Mutant Ninja Turtles: Shredder's Revenge,,"Action, Adventure, Casual, Indie","Multiplayer, Local Co-Op, Atmospheric, Action, Martial Arts, Singleplayer, Adventure, Indie",2499,24.99,$20-29.99,8,13209,"200,000 - 500,000",350000,-0.1921,43.43,55.78,high,0,0,unverified,,0
13991,384300,CPUCores :: Maximize Your FPS,2015-07-06,"Design & Illustration, Utilities","FPS, Mod, Action, Singleplayer, Indie",749,7.49,$5-9.99,6,10667,"500,000 - 1,000,000",750000,-0.6503,43.36,53.34,high,0,0,unverified,,0
14053,462770,Pyre,2017-07-25,"Action, Indie, RPG","Great Soundtrack, Local Multiplayer, Atmospheric, Music, Story Rich, Action, Singleplayer, RPG",1999,19.99,$15-19.99,8,8858,"500,000 - 1,000,000",750000,-0.1477,43.32,55.96,high,0,0,unverified,,0
14100,571310,SteamWorld Dig 2,2017-09-22,"Action, Adventure, Indie","Great Soundtrack, Action, Singleplayer, RPG, Adventure, Metroidvania, Indie, Platformer",1999,19.99,$15-19.99,9,7084,"200,000 - 500,000",350000,-0.1276,43.29,56.05,high,0,0,unverified,,0
14193,761620,Beholder 2,2018-12-04,"Adventure, Indie, Simulation, Strategy","Addictive, Simulation, Atmospheric, Violent, Psychological Horror, Strategy, Story Rich, Singleplayer",359,3.59,$0.01-4.99,8,6630,"500,000 - 1,000,000",750000,-0.2498,43.21,55.37,high,0,0,unverified,,0
14387,1497440,COCOON,2023-09-29,"Adventure, Indie","Great Soundtrack, Beautiful, Atmospheric, Isometric, Singleplayer, Sci-fi, Adventure, Indie",2499,24.99,$20-29.99,9,6250,"200,000 - 500,000",350000,-0.1717,43.08,55.71,high,0,0,unverified,,0
14431,1948280,Stacklands,2022-04-08,"Casual, Indie, Simulation","Building, Survival, Management, City Builder, Simulation, Roguelite, Strategy, Singleplayer",799,7.99,$5-9.99,9,24557,"500,000 - 1,000,000",750000,0.4955,43.05,59.21,high,0,0,unverified,,0
14504,1520370,Mon Bazou,2021-12-16,"Adventure, Casual, Early Access, Indie, Racing, Simulation","Sandbox, Open World, Building, Crafting, First-Person, Physics, Automobile Sim, Early Access",1599,15.99,$15-19.99,9,13093,"200,000 - 500,000",350000,0.0888,43.0,57.04,high,0,0,unverified,,0
14579,555150,The First Tree,2017-09-14,"Adventure, Indie","Great Soundtrack, Open World, Short, Atmospheric, Story Rich, Singleplayer, Adventure, Indie",999,9.99,$5-9.99,6,5434,"200,000 - 500,000",350000,-1.0731,42.94,50.9,high,0,0,unverified,,0
14661,520720,Dear Esther: Landmark Edition,,"Adventure, Casual, Indie","Great Soundtrack, First-Person, Short, Horror, Atmospheric, Story Rich, Singleplayer, Adventure",999,9.99,$5-9.99,6,6470,"200,000 - 500,000",350000,-1.0116,42.89,51.2,high,0,0,unverified,,0
14759,674140,Bugsnax,2022-04-28,"Action, Adventure, Casual, Indie","Sandbox, First-Person, Comedy, Physics, Story Rich, Action, Singleplayer, Adventure",2499,24.99,$20-29.99,9,6083,"200,000 - 500,000",350000,-0.1812,42.82,55.53,high,0,0,unverified,,0
14775,1129540,Orc Massage,2022-02-08,"Action, Casual, Early Access, RPG, Simulation, Sports, Strategy","Simulation, Atmospheric, Strategy, Mature, Action, Dating Sim, Singleplayer, Early Access",1499,14.99,$10-14.99,8,7353,"0 - 20,000",10000,-1.2621,42.81,49.85,high,0,0,unverified,,0
14791,1138660,Black Book,2021-08-10,"Adventure, Indie, RPG, Strategy","Open World, Roguelite, Turn-Based, Dungeon Crawler, Strategy, Roguelike, Story Rich, RPG",2499,24.99,$20-29.99,8,5632,"200,000 - 500,000",350000,-0.4924,42.8,53.89,high,0,0,unverified,,0
14894,1296610,Peglin,2024-08-27,"Casual, Indie, RPG, Strategy","Replay Value, Roguelite, Turn-Based, Physics, Strategy, Roguelike, Perma Death, Singleplayer",1999,19.99,$15-19.99,8,12451,"200,000 - 500,000",350000,-0.2129,42.74,55.33,high,0,0,unverified,,0
14915,813230,ANIMAL WELL,2024-05-09,"Action, Adventure, Indie","Horror, Atmospheric, Action, Singleplayer, Adventure, Metroidvania, Indie, Platformer",2499,24.99,$20-29.99,9,13990,"200,000 - 500,000",350000,0.1122,42.72,57.03,high,0,0,unverified,,0
14947,2532550,LIZARDS MUST DIE,2023-09-27,"Action, Adventure, Indie, Massively Multiplayer","Open World, Difficult, Hack and Slash, Atmospheric, Souls-like, Realistic, Historical, Action",199,1.99,$0.01-4.99,9,25278,"500,000 - 1,000,000",750000,0.5057,42.7,59.09,high,0,0,unverified,,0
15028,1701520,Afterimage,2023-04-24,"Action, Adventure, Indie","Open World, Difficult, Hack and Slash, Souls-like, Story Rich, RPG, Metroidvania, Platformer",2499,24.99,$20-29.99,6,7096,"200,000 - 500,000",350000,-0.9791,42.65,51.25,high,0,0,unverified,,0
15133,522470,The House of Da Vinci,2017-11-24,"Adventure, Indie, Strategy","First-Person, Atmospheric, Strategy, Singleplayer, Adventure, Indie",1999,19.99,$15-19.99,8,5856,"200,000 - 500,000",350000,-0.4787,42.57,53.85,high,0,0,unverified,,0
15154,643270,OLDTV,2017-07-15,"Free To Play, Indie","Great Soundtrack, Difficult, Memes, Fast-Paced, Atmospheric, Psychological Horror, Free to Play, Singleplayer",0,0.0,free,8,5427,"500,000 - 1,000,000",750000,-0.3203,42.55,54.67,high,0,0,unverified,,0
15227,1712830,Baldi's Basics Classic Remastered,2022-10-21,"Action, Indie, Strategy","Replay Value, Funny, Survival Horror, FPS, First-Person, Horror, Action, Singleplayer",0,0.0,free,8,10201,"0 - 20,000",10000,-1.1468,42.5,50.3,high,0,0,unverified,,0
15242,398710,Timberman,2015-09-18,"Action, Casual, Indie","Multiplayer, Difficult, Funny, Fast-Paced, Local Multiplayer, 4 Player Local, Action, Singleplayer",50,0.5,$0.01-4.99,8,11329,"500,000 - 1,000,000",750000,-0.061,42.5,56.01,high,0,0,unverified,,0
15272,757320,Atomicrops,2020-09-17,"Action, Indie","Open World, Survival, Simulation, Roguelite, Farming Sim, Agriculture, Roguelike, Action",449,4.49,$0.01-4.99,8,5223,"200,000 - 500,000",350000,-0.519,42.47,53.58,high,0,0,unverified,,0
15311,483980,Mad Father,2016-09-22,"Adventure, Indie","Survival Horror, Horror, Atmospheric, Violent, Psychological Horror, Story Rich, Singleplayer, Adventure",999,9.99,$5-9.99,9,5145,"200,000 - 500,000",350000,-0.2403,42.44,55.03,high,0,0,unverified,,0
15335,1989270,Slay the Princess,2023-10-23,"Adventure, Indie, RPG, Simulation","First-Person, Simulation, Horror, Psychological Horror, Souls-like, Dark Humor, Story Rich, Dating Sim",1799,17.99,$15-19.99,9,15240,"500,000 - 1,000,000",750000,0.3274,42.42,58.01,high,0,0,unverified,,0
15361,851100,Touhou Luna Nights,2019-02-25,"Action, Adventure, Indie","Great Soundtrack, Action, Singleplayer, Adventure, Metroidvania, Indie, Platformer, Exploration",1799,17.99,$15-19.99,9,13543,"500,000 - 1,000,000",750000,0.2859,42.4,57.78,high,0,0,unverified,,0
15469,1585220,Melatonin,2022-12-15,"Action, Indie","Great Soundtrack, Difficult, Comedy, Music, Rhythm, Action, Singleplayer, Indie",1499,14.99,$10-14.99,9,6209,"200,000 - 500,000",350000,-0.174,42.32,55.32,high,0,0,unverified,,0
15474,233470,Evoland,2013-04-04,"Adventure, Indie, RPG","Great Soundtrack, Funny, Short, Comedy, Action, Singleplayer, RPG, Adventure",999,9.99,$5-9.99,8,5814,"200,000 - 500,000",350000,-0.4812,42.32,53.71,high,0,0,unverified,,0
15546,1069740,Seen,2019-06-20,"Action, Adventure, Early Access, Indie","Great Soundtrack, Atmospheric, Psychological Horror, Story Rich, Action, Singleplayer, Early Access, Sci-fi",299,2.99,$0.01-4.99,8,9550,"200,000 - 500,000",350000,-0.3064,42.27,54.6,high,0,0,unverified,,0
15671,654880,Dream Daddy: A Dad Dating Simulator,2017-07-20,"Casual, Indie, Simulation","Memes, Funny, Simulation, Comedy, Character Customization, Story Rich, Mature, Dating Sim",1499,14.99,$10-14.99,8,5887,"1,000,000 - 2,000,000",1500000,-0.1233,42.19,55.52,high,0,0,unverified,,0
15683,214340,Deponia,2012-08-06,"Adventure, Indie","Great Soundtrack, Funny, Classic, Comedy, Dark Humor, Story Rich, Singleplayer, Sci-fi",299,2.99,$0.01-4.99,8,11795,"1,000,000 - 2,000,000",1500000,0.1215,42.19,56.81,high,0,0,unverified,,0
15729,1410710,Democracy 4,2022-01-13,"Indie, Simulation, Strategy","Management, Simulation, Strategy, Realistic, Economy, Indie, 2D, Education",2699,26.99,$20-29.99,8,5452,"200,000 - 500,000",350000,-0.5039,42.15,53.5,high,0,0,unverified,,0
15819,495890,Montaro,2016-07-25,"Casual, Indie","Great Soundtrack, Memes, Funny, Atmospheric, Comedy, Story Rich, Action, Singleplayer",99,0.99,$0.01-4.99,9,12156,"200,000 - 500,000",350000,0.0626,42.1,56.46,high,0,0,unverified,,0
15901,812810,missed messages.,2019-05-30,"Casual, Free To Play, Indie, Simulation","Great Soundtrack, Memes, Simulation, Horror, Atmospheric, Psychological Horror, Free to Play, Story Rich",0,0.0,free,9,14929,"500,000 - 1,000,000",750000,0.3202,42.04,57.78,high,0,0,unverified,,0
15971,251990,Long Live The Queen,2013-11-08,"Indie, RPG, Simulation, Strategy","Difficult, Simulation, Strategy, Character Customization, Story Rich, Singleplayer, RPG, Medieval",999,9.99,$5-9.99,8,6962,"200,000 - 500,000",350000,-0.4177,42.0,53.88,high,0,0,unverified,,0
16006,602520,NEKOPARA Vol. 3,2017-05-25,"Casual, Indie","Great Soundtrack, Replay Value, Funny, Atmospheric, Story Rich, Dating Sim, Singleplayer, Adventure",999,9.99,$5-9.99,9,11832,"500,000 - 1,000,000",750000,0.2383,41.98,57.32,high,0,0,unverified,,0
16023,584980,Late Shift,2017-04-18,"Adventure, Indie","Simulation, Horror, Atmospheric, Violent, Realistic, Story Rich, Singleplayer, Adventure",1499,14.99,$10-14.99,8,8651,"200,000 - 500,000",350000,-0.3412,41.96,54.26,high,0,0,unverified,,0
16078,938560,INMOST,2020-08-21,"Adventure, Indie","Horror, Atmospheric, Psychological Horror, Story Rich, Action, Singleplayer, Adventure, Dark",1499,14.99,$10-14.99,8,6168,"200,000 - 500,000",350000,-0.4604,41.92,53.62,high,0,0,unverified,,0
16144,1216710,Cyber Manhunt,2021-02-02,"Indie, RPG, Simulation","Simulation, Atmospheric, Psychological Horror, Story Rich, Singleplayer, Early Access, RPG, Crime",999,9.99,$5-9.99,8,14120,"500,000 - 1,000,000",750000,0.0165,41.88,56.1,high,0,0,unverified,,0
16167,1397920,Mr.Mine,2020-09-30,"Adventure, Casual, Free To Play, Indie, RPG, Simulation, Strategy","Building, Crafting, Management, Simulation, Comedy, Resource Management, Strategy, Free to Play",0,0.0,free,8,15962,"500,000 - 1,000,000",750000,0.0597,41.87,56.33,high,0,0,unverified,,0
16295,263980,Out There Somewhere,2016-03-14,"Action, Adventure, Indie","Great Soundtrack, Difficult, Short, Shooter, Action, Singleplayer, Sci-fi, Adventure",99,0.99,$0.01-4.99,8,6913,"200,000 - 500,000",350000,-0.4202,41.78,53.76,high,0,0,unverified,,0
16325,606150,Moonlighter,2018-05-29,"Action, Adventure, Indie","Management, Simulation, Hack and Slash, Roguelite, Dungeon Crawler, Roguelike, Action, Procedural Generation",499,4.99,$0.01-4.99,8,18707,"2,000,000 - 5,000,000",3500000,0.4899,41.76,58.53,high,0,0,unverified,,0
16436,1364960,Hello Neighbor 2 Alpha 1.5,2020-07-23,"Adventure, Indie, Strategy","Multiplayer, Survival, Survival Horror, First-Person, Horror, Atmospheric, Singleplayer, Stealth",0,0.0,free,8,5738,"100,000 - 200,000",150000,-0.6917,41.68,52.28,high,0,0,unverified,,0
16438,224460,Contrast,2013-11-15,"Adventure, Indie","Great Soundtrack, Short, Atmospheric, Story Rich, Singleplayer, Adventure, Indie, Platformer",999,9.99,$5-9.99,8,5384,"200,000 - 500,000",350000,-0.5083,41.68,53.24,high,0,0,unverified,,0
16521,313340,Mountain,2014-08-18,"Casual, Indie, RPG, Simulation","Great Soundtrack, Funny, Beautiful, Simulation, Realistic, Music, Procedural Generation, Singleplayer",79,0.79,$0.01-4.99,8,16227,"500,000 - 1,000,000",750000,0.0655,41.63,56.24,high,0,0,unverified,,0
16540,508900,Zup! X,2018-05-17,"Casual, Indie","Great Soundtrack, Difficult, Funny, Fast-Paced, Short, Psychological Horror, Physics, Story Rich",199,1.99,$0.01-4.99,9,6515,"200,000 - 500,000",350000,-0.1571,41.62,55.06,high,0,0,unverified,,0
16574,816340,Kingdom Rush Origins - Tower Defense,2018-10-17,"Indie, Strategy","Difficult, Building, Tactical, Strategy, Action, Singleplayer, RPG, Adventure",1499,14.99,$10-14.99,9,6668,"200,000 - 500,000",350000,-0.1489,41.6,55.09,high,0,0,unverified,,0
16588,491950,Orwell: Keeping an Eye On You,2016-10-27,"Adventure, Indie, Simulation","Great Soundtrack, Simulation, Atmospheric, Story Rich, Singleplayer, Adventure, Indie, Mystery",999,9.99,$5-9.99,8,14634,"1,000,000 - 2,000,000",1500000,0.1975,41.59,56.91,high,0,0,unverified,,0
16591,1745510,Lunacid,2023-10-30,"Indie, RPG","Open World, Gore, First-Person, Horror, Atmospheric, Violent, Souls-like, Dungeon Crawler",1399,13.99,$10-14.99,8,7363,"200,000 - 500,000",350000,-0.398,41.59,53.78,high,0,0,unverified,,0
16618,778700,Amorous,2018-04-13,"Free To Play, Indie, Simulation","Memes, First-Person, Simulation, Atmospheric, Free to Play, Character Customization, Story Rich, Mature",0,0.0,free,8,10770,"200,000 - 500,000",350000,-0.264,41.57,54.47,high,0,0,unverified,,0
16648,2653790,The Exit 8,2023-11-29,"Adventure, Indie, Simulation","Funny, First-Person, Simulation, Horror, Atmospheric, Psychological Horror, Realistic, Singleplayer",399,3.99,$0.01-4.99,8,7074,"200,000 - 500,000",350000,-0.4121,41.55,53.69,high,0,0,unverified,,0
16761,1468720,Ultimate Epic Battle Simulator 2,2023-07-21,"Action, Adventure, Casual, Indie, Simulation, Strategy","Sandbox, First-Person, Simulation, Hack and Slash, Strategy, Realistic, RTS, Action",1999,19.99,$15-19.99,8,5638,"200,000 - 500,000",350000,-0.492,41.47,53.23,high,0,0,unverified,,0
16837,589780,The Red Strings Club,2018-01-22,"Adventure, Indie","Great Soundtrack, Atmospheric, Violent, Story Rich, Singleplayer, Sci-fi, Adventure, Indie",1499,14.99,$10-14.99,8,11909,"200,000 - 500,000",350000,-0.2286,41.42,54.59,high,0,0,unverified,,0
16867,943700,Monster Girl Island: Prologue,2019-06-19,"Adventure, Free To Play, Indie","Open World, FPS, First-Person, Psychological Horror, Free to Play, Story Rich, Mature, Dating Sim",0,0.0,free,9,17158,"0 - 20,000",10000,-0.6796,41.41,52.21,high,0,0,unverified,,0
16881,2027330,GoreBox,2023-07-21,"Action, Casual, Indie, Simulation","Sandbox, Gore, FPS, First-Person, Atmospheric, Level Editor, Violent, Physics",799,7.99,$5-9.99,8,9939,"500,000 - 1,000,000",750000,-0.1071,41.4,55.21,high,0,0,unverified,,0
16937,562220,Zup! 2,2016-12-05,"Casual, Indie","Great Soundtrack, Open World, Fast-Paced, Short, Horror, Physics, Free to Play, Action",199,1.99,$0.01-4.99,9,6703,"200,000 - 500,000",350000,-0.1471,41.36,54.98,high,0,0,unverified,,0
16966,40700,Machinarium,2009-10-16,"Adventure, Indie","Great Soundtrack, Atmospheric, Touch-Friendly, Story Rich, Singleplayer, Sci-fi, Adventure, Indie",1999,19.99,$15-19.99,9,15264,"1,000,000 - 2,000,000",1500000,0.4964,41.34,58.36,high,0,0,unverified,,0
17063,1275670,Outcore: Desktop Adventure,2022-09-26,"Action, Adventure, Free To Play, Indie, RPG, Simulation","Funny, Comedy, Psychological Horror, Free to Play, Story Rich, Action, Singleplayer, RPG",0,0.0,free,9,13520,"200,000 - 500,000",350000,0.1001,41.28,56.24,high,0,0,unverified,,0
17098,1229380,Everhood,2021-03-04,"Action, Adventure, Indie, RPG","Great Soundtrack, Level Editor, Music, Story Rich, Rhythm, Action, Singleplayer, RPG",999,9.99,$5-9.99,9,12458,"200,000 - 500,000",350000,0.0713,41.26,56.08,high,0,0,unverified,,0
17176,1111460,小白兔电商~Bunny e-Shop,2021-11-11,"Adventure, Indie, Simulation","Management, Simulation, Tactical, Story Rich, Dating Sim, Singleplayer, RPG, Adventure",1099,10.99,$10-14.99,8,10052,"500,000 - 1,000,000",750000,-0.1032,41.21,55.14,high,0,0,unverified,,0
17419,313740,Sakura Spirit,2014-07-09,Indie,"Memes, Beautiful, Simulation, Short, Comedy, Mature, Dating Sim, Singleplayer",999,9.99,$5-9.99,6,7025,"200,000 - 500,000",350000,-0.9826,41.08,50.45,high,0,0,unverified,,0
17556,1843760,Rogue Tower,2022-01-28,"Casual, Strategy","Building, Base Building, Roguelite, Strategy, Roguelike, Procedural Generation, Isometric, Singleplayer",1499,14.99,$10-14.99,8,5383,"500,000 - 1,000,000",750000,-0.3232,41.0,53.88,high,0,0,unverified,,0
17596,1064610,Neon Beats,2019-05-03,"Free To Play, Indie","Great Soundtrack, Difficult, Replay Value, Short, Free to Play, Music, Rhythm, Singleplayer",0,0.0,free,9,6449,"500,000 - 1,000,000",750000,0.0245,40.98,55.7,high,0,0,unverified,,0
17685,1292940,Cube Escape Collection,2020-10-14,,"Short, Horror, Atmospheric, Psychological Horror, Story Rich, Singleplayer, Adventure, Dark",499,4.99,$0.01-4.99,9,6210,"200,000 - 500,000",350000,-0.174,40.91,54.62,high,0,0,unverified,,0
17819,1122720,Sayonara Wild Hearts,2019-12-12,"Action, Casual","Great Soundtrack, Beautiful, Short, Atmospheric, Music, Story Rich, Rhythm, Action",1299,12.99,$10-14.99,9,8033,"200,000 - 500,000",350000,-0.0833,40.83,55.05,high,0,0,unverified,,0
17848,2163330,Yet Another Zombie Survivors,2023-07-13,"Action, Casual, Early Access, Indie, RPG","Survival, Gore, Team-Based, Horror, Roguelite, Post-apocalyptic, Action, Isometric",999,9.99,$5-9.99,8,9263,"500,000 - 1,000,000",750000,-0.132,40.82,54.79,high,0,0,unverified,,0
17939,900270,Reventure,2019-06-04,"Adventure, Indie","Great Soundtrack, Comedy, Violent, Dark Humor, Singleplayer, Adventure, Metroidvania, Indie",799,7.99,$5-9.99,8,8882,"500,000 - 1,000,000",750000,-0.1468,40.76,54.69,high,0,0,unverified,,0
18025,359050,Shower With Your Dad Simulator 2015: Do You Still Shower With Your Dad,2015-09-02,"Action, Indie, Simulation","Memes, Funny, Simulation, Comedy, Realistic, Story Rich, Action, Singleplayer",99,0.99,$0.01-4.99,9,9846,"500,000 - 1,000,000",750000,0.1735,40.71,56.34,high,0,0,unverified,,0
18065,1958220,WitchSpring R,2023-09-25,"Adventure, Indie, RPG","Crafting, Funny, Turn-Based, Character Customization, Story Rich, Singleplayer, RPG, Adventure",3499,34.99,$30-39.99,9,5768,"100,000 - 200,000",150000,-0.4058,40.69,53.29,high,0,0,unverified,,0
18079,2306590,Apewar,2023-03-24,"Action, Casual, Early Access, Indie, Massively Multiplayer, Strategy","Multiplayer, Massively Multiplayer, FPS, First-Person, Psychological Horror, Strategy, Shooter, Action",49,0.49,$0.01-4.99,8,6306,"100,000 - 200,000",150000,-0.6584,40.69,51.96,high,0,0,unverified,,0
18139,320040,Moon Hunters,2016-03-10,"Adventure, Indie, RPG","Local Co-Op, Hack and Slash, Roguelite, Dungeon Crawler, Roguelike, Story Rich, Procedural Generation, RPG",1499,14.99,$10-14.99,6,5003,"500,000 - 1,000,000",750000,-0.917,40.65,50.58,high,0,0,unverified,,0
18221,1046030,ISLANDERS,2019-04-04,"Casual, Indie, Strategy","Multiplayer, Building, Replay Value, Colony Sim, Beautiful, Addictive, City Builder, Atmospheric",499,4.99,$0.01-4.99,8,15864,"500,000 - 1,000,000",750000,0.0576,40.6,55.68,high,0,0,unverified,,0
18283,2198150,Tiny Glade,,"Casual, Indie, Simulation","Sandbox, Building, First-Person, Simulation, Atmospheric, Procedural Generation, Singleplayer, Medieval",1499,14.99,$10-14.99,9,8626,"200,000 - 500,000",350000,-0.0582,40.56,55.05,high,0,0,unverified,,0
18377,461950,Beat Cop,2017-03-30,"Adventure, Indie, Simulation","Great Soundtrack, Simulation, Comedy, Violent, Story Rich, Singleplayer, Adventure, Crime",344,3.44,$0.01-4.99,8,5363,"200,000 - 500,000",350000,-0.5096,40.51,52.65,high,0,0,unverified,,0
18613,214560,Mark of the Ninja,,"Action, Adventure, Indie","Replay Value, Short, Atmospheric, Strategy, Story Rich, Action, Singleplayer, Stealth",499,4.99,$0.01-4.99,9,15803,"1,000,000 - 2,000,000",1500000,0.5086,40.37,57.94,high,0,0,unverified,,0
18622,1227530,Partisans 1941,2020-10-14,"Indie, Strategy","Difficult, War, Tactical, Atmospheric, Strategy, Historical, Character Customization, Action",449,4.49,$0.01-4.99,8,7783,"500,000 - 1,000,000",750000,-0.1933,40.36,54.24,high,0,0,unverified,,0
18731,2187290,Wall World,2023-04-05,"Action, Adventure, Indie, Strategy","Difficult, Management, Roguelite, Resource Management, Strategy, Roguelike, Action, Procedural Generation",699,6.99,$5-9.99,8,8257,"500,000 - 1,000,000",750000,-0.1725,40.31,54.33,high,0,0,unverified,,0
18763,230050,DLC Quest,2013-03-18,Indie,"Memes, Funny, Short, Comedy, Action, Singleplayer, Adventure, Metroidvania",299,2.99,$0.01-4.99,8,6254,"100,000 - 200,000",150000,-0.6613,40.29,51.75,high,0,0,unverified,,0
18805,1488200,Symphony of War: The Nephilim Saga,2022-06-10,"Adventure, Indie, RPG, Strategy","Tactical, Strategy, Story Rich, Singleplayer, RPG, Adventure, Party-Based RPG, Indie",1999,19.99,$15-19.99,8,11867,"500,000 - 1,000,000",750000,-0.0447,40.26,54.97,high,0,0,unverified,,0
18828,2171440,Fear & Hunger 2: Termina,2022-12-09,"Indie, RPG","Survival Horror, Horror, Atmospheric, Lovecraftian, Psychological Horror, Souls-like, Dungeon Crawler, RPG",1199,11.99,$10-14.99,9,8962,"0 - 20,000",10000,-0.9084,40.25,50.43,high,0,0,unverified,,0
18843,253030,Race The Sun,2013-12-09,"Action, Indie, Racing","Difficult, Survival, First-Person, Atmospheric, Level Editor, Post-apocalyptic, Action, Procedural Generation",999,9.99,$5-9.99,8,6283,"100,000 - 200,000",150000,-0.6597,40.24,51.73,high,0,0,unverified,,0
19069,1671340,Fears to Fathom - Home Alone,2021-07-02,"Adventure, Casual, Free To Play, Indie","Multiplayer, First-Person, Horror, Atmospheric, Psychological Horror, Free to Play, Realistic, Singleplayer",0,0.0,free,8,7253,"0 - 20,000",10000,-1.267,40.12,48.48,high,0,0,unverified,,0
19325,617830,SUPERHOT VR,2017-05-25,"Action, Indie","FPS, First-Person, Atmospheric, Shooter, Action, Singleplayer, Sci-fi, Adventure",2499,24.99,$20-29.99,8,8705,"1,000,000 - 2,000,000",1500000,0.0145,39.98,55.14,high,0,0,unverified,,0
19386,1306580,Left on Read,2020-05-19,"Adventure, Casual, Free To Play, Indie, RPG, Simulation","Memes, Funny, Simulation, Short, Horror, Psychological Horror, Free to Play, Story Rich",0,0.0,free,8,5345,"200,000 - 500,000",350000,-0.5108,39.95,52.37,high,0,0,unverified,,0
19458,433950,Bit Blaster XL,2016-01-22,"Action, Casual, Indie","Great Soundtrack, Difficult, Survival, Replay Value, Shooter, Action, Singleplayer, Sci-fi",99,0.99,$0.01-4.99,9,6143,"200,000 - 500,000",350000,-0.1778,39.9,54.09,high,0,0,unverified,,0
19540,234270,Ken Follett's The Pillars of the Earth,2017-08-15,"Adventure, Casual, Indie","Great Soundtrack, Atmospheric, Violent, Historical, Story Rich, Singleplayer, RPG, Adventure",1999,19.99,$15-19.99,8,6738,"200,000 - 500,000",350000,-0.4292,39.86,52.75,high,0,0,unverified,,0
19578,78000,Bejeweled® 3,2010-12-07,"Casual, Strategy","Great Soundtrack, Addictive, Classic, Touch-Friendly, Strategy, Singleplayer, Indie, Family Friendly",499,4.99,$0.01-4.99,9,6750,"500,000 - 1,000,000",750000,0.0405,39.83,55.21,high,0,0,unverified,,0
19595,1189630,Path Of Wuxia,2022-11-14,"Indie, RPG","Simulation, Turn-Based, Character Customization, Story Rich, Dating Sim, Martial Arts, Early Access, RPG",3499,34.99,$30-39.99,6,30091,"500,000 - 1,000,000",750000,-0.2849,39.82,53.49,high,0,0,unverified,,0
19712,1166290,Death and Taxes,2020-02-20,"Adventure, Casual, Indie, Simulation, Strategy","Replay Value, Simulation, Atmospheric, Strategy, Character Customization, Story Rich, Singleplayer, Adventure",1299,12.99,$10-14.99,8,6015,"200,000 - 500,000",350000,-0.4692,39.76,52.49,high,0,0,unverified,,0
19726,1931770,Chants of Sennaar,2023-09-05,"Adventure, Indie","Great Soundtrack, Difficult, Atmospheric, Story Rich, Singleplayer, Stealth, Adventure, Mythology",1299,12.99,$10-14.99,9,17036,"200,000 - 500,000",350000,0.1816,39.76,55.91,high,0,0,unverified,,0
19759,1147690,NGU IDLE,2019-10-01,"Adventure, Free To Play, Indie, Simulation","Funny, Simulation, Psychological Horror, Free to Play, Story Rich, Singleplayer, RPG, Adventure",0,0.0,free,9,11498,"500,000 - 1,000,000",750000,0.2282,39.74,56.15,high,0,0,unverified,,0
19954,421040,Plantera,2016-01-28,"Casual, Indie, Simulation","Sandbox, Building, Funny, Simulation, Farming Sim, Agriculture, Automation, Singleplayer",299,2.99,$0.01-4.99,8,5607,"100,000 - 200,000",150000,-0.6998,39.64,51.22,high,0,0,unverified,,0
20012,435120,Rusty Lake Hotel,2016-01-29,"Adventure, Indie","Gore, Short, Horror, Atmospheric, Psychological Horror, Dark Humor, Story Rich, Singleplayer",199,1.99,$0.01-4.99,9,8503,"500,000 - 1,000,000",750000,0.1219,39.61,55.52,high,0,0,unverified,,0
20103,745920,Temtem,,"Aventura, Indie, Multijugador masivo, Rol","Co-op, Multiplayer, Character Customization, Story Rich, RPG, Adventure, PvP, Exploration",4499,44.99,$40+,8,38583,"500,000 - 1,000,000",750000,0.3707,39.56,56.81,high,0,0,unverified,,0
20138,473950,Manifold Garden,2020-10-20,"Adventure, Indie","Difficult, First-Person, Atmospheric, Singleplayer, Adventure, Indie, Exploration, Mystery",1999,19.99,$15-19.99,9,6439,"200,000 - 500,000",350000,-0.1612,39.53,53.99,high,0,0,unverified,,0
20211,1940340,Darkest Dungeon® II,2023-05-08,"Indie, RPG, Strategy","Lovecraftian, Roguelite, Turn-Based, Dungeon Crawler, Roguelike, Story Rich, Procedural Generation, Perma Death",3999,39.99,$30-39.99,6,17309,"500,000 - 1,000,000",750000,-0.4797,39.5,52.3,high,0,0,unverified,,0
20287,1195290,Moncage,2021-11-15,"Adventure, Casual, Indie, Simulation, Strategy","Sandbox, First-Person, Simulation, Atmospheric, Dungeon Crawler, Singleplayer, Adventure, Indie",1499,14.99,$10-14.99,8,5080,"200,000 - 500,000",350000,-0.5288,39.46,52.03,high,0,0,unverified,,0
20480,617670,Zup! S,2018-11-15,"Casual, Indie","Difficult, Beautiful, Fast-Paced, Short, Horror, Psychological Horror, Physics, Strategy",199,1.99,$0.01-4.99,9,14235,"200,000 - 500,000",350000,0.1183,39.35,55.37,high,0,0,unverified,,0
20513,1473350,(the) Gnorp Apologue,2023-12-14,"Casual, Indie, Simulation, Strategy","Building, Management, Simulation, Roguelite, Resource Management, Strategy, Roguelike, Economy",699,6.99,$5-9.99,9,5861,"200,000 - 500,000",350000,-0.1943,39.33,53.72,high,0,0,unverified,,0
20585,3146520,WEBFISHING,2024-10-11,"Casual, Indie, Massively Multiplayer","Co-op, Online Co-Op, Multiplayer, Sandbox, Character Customization, Singleplayer, Indie, Third Person",499,4.99,$0.01-4.99,9,7252,"200,000 - 500,000",350000,-0.1193,39.29,54.09,high,0,0,unverified,,0
20747,627690,Idle Champions of the Forgotten Realms,2020-03-25,"Action, Adventure, Free To Play, Indie, Strategy","Funny, Management, Dungeon Crawler, Strategy, Free to Play, Action, Singleplayer, RPG",0,0.0,free,6,13958,"1,000,000 - 2,000,000",1500000,-0.3872,39.21,52.65,high,0,0,unverified,,0
20769,224760,FEZ,2013-05-01,Indie,"Great Soundtrack, Beautiful, Atmospheric, Singleplayer, Adventure, Metroidvania, Indie, Platformer",999,9.99,$5-9.99,8,14967,"1,000,000 - 2,000,000",1500000,0.2054,39.2,55.76,high,0,0,unverified,,0
20899,1458100,Cozy Grove,2021-04-07,"Casual, Indie","Crafting, Funny, Management, Atmospheric, Character Customization, Story Rich, Procedural Generation, Singleplayer",1499,14.99,$10-14.99,8,7632,"200,000 - 500,000",350000,-0.3854,39.14,52.62,high,0,0,unverified,,0
21031,2303350,Sticky Business,2023-07-17,"Casual, Simulation","Sandbox, Simulation, Atmospheric, Economy, Singleplayer, Indie, Family Friendly, 2D",999,9.99,$5-9.99,9,5115,"100,000 - 200,000",150000,-0.4482,39.07,52.26,high,0,0,unverified,,0
21076,2324650,The Murder of Sonic the Hedgehog,2023-03-31,"Casual, Free To Play, Indie, Simulation","Great Soundtrack, Funny, Simulation, Comedy, Psychological Horror, Free to Play, Isometric, Singleplayer",0,0.0,free,9,21815,"0 - 20,000",10000,-0.595,39.05,51.47,high,0,0,unverified,,0
21088,1337010,Alba: A Wildlife Adventure,2020-12-11,"Adventure, Casual","Open World, Funny, Story Rich, Singleplayer, Adventure, Indie, Family Friendly, Exploration",1699,16.99,$15-19.99,9,6007,"100,000 - 200,000",150000,-0.3915,39.04,52.54,high,0,0,unverified,,0
21103,1806040,Snake Force,2021-11-18,"Action, Free To Play, Indie","Multiplayer, Funny, FPS, Tactical, Comedy, Military, Dark Humor, Free to Play",0,0.0,free,9,5426,"0 - 20,000",10000,-1.0852,39.03,48.89,high,0,0,unverified,,0
21271,1846170,Iron Lung,2022-03-09,"Adventure, Indie, Simulation","First-Person, Short, Horror, Atmospheric, Psychological Horror, Underwater, Sci-fi, Adventure",799,7.99,$5-9.99,8,7785,"200,000 - 500,000",350000,-0.3784,38.93,52.55,high,0,0,unverified,,0
21293,1466640,Road 96 🛣️,2021-08-16,"Action, Adventure, Indie","First-Person, Atmospheric, Story Rich, Action, Procedural Generation, Singleplayer, Adventure, Exploration",1996,19.96,$15-19.99,8,19103,"1,000,000 - 2,000,000",1500000,0.2914,38.93,56.07,high,0,0,unverified,,0
21295,1732180,Kaiju Princess,2022-06-21,"Casual, Indie, RPG, Simulation, Strategy","Funny, Simulation, Resource Management, Strategy, Mature, Singleplayer, RPG, Sci-fi",1099,10.99,$10-14.99,9,5529,"0 - 20,000",10000,-1.0785,38.93,48.87,high,0,0,unverified,,0
21311,1244090,Sea of Stars,2023-08-28,"Adventure, Indie, RPG","Funny, Comedy, Turn-Based, Story Rich, Singleplayer, RPG, Adventure, Indie",3499,34.99,$30-39.99,8,10857,"200,000 - 500,000",350000,-0.2612,38.92,53.16,high,0,0,unverified,,0
21323,1274290,Kidnapped Girl,2020-06-15,"Adventure, Casual, Free To Play, Indie, Simulation","Great Soundtrack, First-Person, Simulation, Comedy, Violent, Free to Play, Story Rich, Mature",0,0.0,free,8,6340,"200,000 - 500,000",350000,-0.4507,38.91,52.16,high,0,0,unverified,,0
21430,1350650,FreshWomen - Season 1,2022-08-19,"Adventure, Indie","Replay Value, Comedy, Realistic, Story Rich, Mature, Dating Sim, Singleplayer, Adventure",1399,13.99,$10-14.99,9,16769,"0 - 20,000",10000,-0.6877,38.86,50.89,high,0,0,unverified,,0
21435,368360,60 Seconds!,2015-05-25,"Adventure, Casual, Indie, Simulation, Strategy","Difficult, Survival, Funny, Management, Dark Humor, Strategy, Post-apocalyptic, Story Rich",899,8.99,$5-9.99,8,11409,"100,000 - 200,000",150000,-0.4495,38.86,52.14,high,0,0,unverified,,0
21622,611790,House Party,2022-07-15,"Adventure, Casual, Indie, RPG, Simulation","Sandbox, Simulation, Comedy, Story Rich, Mature, Singleplayer, Adventure",2499,24.99,$20-29.99,8,14595,"1,000,000 - 2,000,000",1500000,0.1966,38.77,55.5,high,0,0,unverified,,0
21678,1161770,Breeders of the Nephelym: Alpha,2019-10-18,"Adventure, Early Access, Free To Play, Indie","Open World, Psychological Horror, Free to Play, Character Customization, Story Rich, Mature, Singleplayer, Early Access",0,0.0,free,8,9716,"0 - 20,000",10000,-1.164,38.74,48.33,high,0,0,unverified,,0
21829,1139890,Dictators:No Peace Countryballs,2020-01-01,"Casual, Indie, Simulation, Strategy","Multiplayer, Memes, War, Simulation, Strategy, Indie, 2D",99,0.99,$0.01-4.99,8,5954,"50,000 - 100,000",75000,-0.847,38.67,49.96,high,0,0,unverified,,0
21949,952040,MUSYNX,2018-12-04,"Indie, Simulation","Difficult, FPS, First-Person, Simulation, Music, Mature, Rhythm, Action",399,3.99,$0.01-4.99,8,5868,"200,000 - 500,000",350000,-0.4779,38.6,51.86,high,0,0,unverified,,0
22128,589870,Learn to Fly 3,2017-05-12,"Action, Adventure, Casual, Free To Play, Indie, Simulation, Strategy","Sandbox, Management, Simulation, Physics, Strategy, Free to Play, Character Customization, Singleplayer",0,0.0,free,8,9705,"1,000,000 - 2,000,000",1500000,0.0528,38.51,54.61,high,0,0,unverified,,0
22175,327410,A Bird Story,,"RPG, アドベンチャー, インディー","Great Soundtrack, Short, Atmospheric, Story Rich, Singleplayer, RPG, Adventure, Indie",399,3.99,$0.01-4.99,8,9956,"200,000 - 500,000",350000,-0.2917,38.48,52.78,high,0,0,unverified,,0
22239,1590320,Bro Falls,2021-12-30,"Action, Casual, Free To Play, Indie, Massively Multiplayer, Racing","Multiplayer, Massively Multiplayer, Survival, Team-Based, First-Person, Free to Play, Action, Platformer",0,0.0,free,6,19906,"0 - 20,000",10000,-1.4793,38.45,46.52,high,0,0,unverified,,0
22246,351940,The Descendant,2016-03-24,"Adventure, Casual, Indie","Horror, Atmospheric, Free to Play, Post-apocalyptic, Story Rich, Singleplayer, Sci-fi, Adventure",1499,14.99,$10-14.99,8,6931,"2,000,000 - 5,000,000",3500000,0.1401,38.44,55.03,high,0,0,unverified,,0
22332,420110,NEKOPARA Vol. 2,2016-02-19,"Casual, Indie","Great Soundtrack, Atmospheric, Comedy, Story Rich, Dating Sim, Singleplayer, Adventure, Indie",999,9.99,$5-9.99,9,12487,"500,000 - 1,000,000",750000,0.2573,38.4,55.63,high,0,0,unverified,,0
22452,435400,Hidden Folks,2017-02-15,"Adventure, Casual, Indie","Great Soundtrack, Funny, Short, Touch-Friendly, Isometric, Singleplayer, Adventure, Indie",1499,14.99,$10-14.99,9,9091,"200,000 - 500,000",350000,-0.0397,38.34,54.04,high,0,0,unverified,,0
22485,465520,PRICE,2016-09-15,"Adventure, Casual, Indie","Great Soundtrack, Short, Horror, Atmospheric, Psychological Horror, Free to Play, Story Rich, Singleplayer",0,0.0,free,8,5045,"200,000 - 500,000",350000,-0.5312,38.33,51.45,high,0,0,unverified,,0
22768,1049590,Eternal Return,2023-07-19,"Free To Play, Indie, Strategy","Multiplayer, Survival, Crafting, Tactical, Strategy, Free to Play, Character Customization, Action",0,0.0,free,6,60133,"5,000,000 - 10,000,000",7500000,0.5183,38.19,56.9,high,0,0,unverified,,0
22794,1506980,葬花·暗黑桃花源,,"休闲, 冒险, 独立, 角色扮演","Story Rich, Mature, Dating Sim, Singleplayer, Adventure, Dark, Indie, Mystery",1399,13.99,$10-14.99,9,5927,"200,000 - 500,000",350000,-0.1904,38.18,53.17,high,0,0,unverified,,0
22888,1070580,Drift86,2019-11-19,"Casual, Indie, Racing","Great Soundtrack, Multiplayer, Local Multiplayer, Simulation, Short, Action, Singleplayer, Automobile Sim",199,1.99,$0.01-4.99,8,5926,"100,000 - 200,000",150000,-0.6803,38.13,50.57,high,0,0,unverified,,0
22904,2325290,Sky: Children of the Light,2024-04-10,"Adventure, Casual, Early Access, Free To Play, Indie, Massively Multiplayer, RPG","Online Co-Op, Multiplayer, Massively Multiplayer, Atmospheric, Character Customization, Early Access, RPG, Adventure",0,0.0,free,8,8583,"0 - 20,000",10000,-1.2076,38.13,47.79,high,0,0,unverified,,0
23054,1328840,Lost in Play,2022-08-10,"Adventure, Indie","Funny, Atmospheric, Comedy, Story Rich, Singleplayer, Adventure, Indie, Family Friendly",1999,19.99,$15-19.99,9,5997,"100,000 - 200,000",150000,-0.3921,38.04,52.04,high,0,0,unverified,,0
23138,532110,Rusty Lake: Roots,2016-10-20,"Adventure, Indie","Gore, Horror, Atmospheric, Lovecraftian, Psychological Horror, Story Rich, Singleplayer, Adventure",399,3.99,$0.01-4.99,9,7132,"200,000 - 500,000",350000,-0.1252,38.0,53.42,high,0,0,unverified,,0
23257,266010,LYNE,2014-03-17,"Casual, Indie","Great Soundtrack, Difficult, Atmospheric, Touch-Friendly, Strategy, Action, Procedural Generation, Singleplayer",299,2.99,$0.01-4.99,9,8146,"200,000 - 500,000",350000,-0.0784,37.94,53.64,high,0,0,unverified,,0
23437,769560,月圆之夜 (Night of Full Moon),2019-07-25,"Adventure, Free To Play, Indie, Strategy","Roguelite, Turn-Based, Strategy, Free to Play, Roguelike, Singleplayer, RPG, Adventure",0,0.0,free,8,9897,"500,000 - 1,000,000",750000,-0.1086,37.86,53.44,high,0,0,unverified,,0
23765,351640,Eternal Senia,2015-06-18,"Action, Free To Play, Indie, RPG","Great Soundtrack, Free to Play, Story Rich, Action, Singleplayer, RPG, Indie, Action RPG",0,0.0,free,9,11895,"500,000 - 1,000,000",750000,0.2402,37.71,55.2,high,0,0,unverified,,0
23889,331870,AER Memories of Old,2017-10-25,"Adventure, Indie","Great Soundtrack, Open World, Atmospheric, Story Rich, Singleplayer, Adventure, Indie, Third Person",149,1.49,$0.01-4.99,8,7132,"200,000 - 500,000",350000,-0.4092,37.65,51.75,high,0,0,unverified,,0
24045,744190,Rusty Lake Paradise,2018-01-11,"Adventure, Indie","Gore, Horror, Atmospheric, Psychological Horror, Story Rich, Singleplayer, Adventure, Dark",399,3.99,$0.01-4.99,9,5198,"200,000 - 500,000",350000,-0.2367,37.58,52.62,high,0,0,unverified,,0
24066,395170,DISTRAINT: Deluxe Edition,2015-10-21,"Adventure, Casual, Indie","Gore, Short, Horror, Atmospheric, Psychological Horror, Dark Humor, Story Rich, Singleplayer",499,4.99,$0.01-4.99,8,11758,"2,000,000 - 5,000,000",3500000,0.3263,37.57,55.58,high,0,0,unverified,,0
24118,1615290,Ravenous Devils,2022-04-29,"Casual, Indie, Simulation","Gore, Management, Simulation, Horror, Violent, Farming Sim, Dark Humor, Resource Management",499,4.99,$0.01-4.99,8,7763,"200,000 - 500,000",350000,-0.3794,37.55,51.86,high,0,0,unverified,,0
24148,820520,Deceive Inc.,2023-03-21,"Action, Indie, Strategy","Team-Based, First-Person, Strategy, Shooter, Action, Stealth, PvP",1999,19.99,$15-19.99,8,7365,"200,000 - 500,000",350000,-0.3979,37.54,51.76,high,0,0,unverified,,0
24169,1202900,Assemble with Care,2020-03-26,"Casual, Indie","Great Soundtrack, Beautiful, Simulation, Short, Atmospheric, Story Rich, Singleplayer, Indie",799,7.99,$5-9.99,8,7085,"200,000 - 500,000",350000,-0.4116,37.53,51.68,high,0,0,unverified,,0
24262,946050,Soda Dungeon 2,2020-07-09,"Casual, Free To Play, Indie, RPG","Simulation, Comedy, Turn-Based, Dungeon Crawler, Strategy, Free to Play, Action, Singleplayer",0,0.0,free,8,5295,"500,000 - 1,000,000",750000,-0.329,37.48,52.09,high,0,0,unverified,,0
24398,2132850,Rabbit and Steel,2024-05-09,"Action, Adventure, Indie, RPG","Co-op, Difficult, Roguelike, Action, RPG, Adventure, Action Roguelike, Loot",1499,14.99,$10-14.99,9,6377,"200,000 - 500,000",350000,-0.1646,37.43,52.93,high,0,0,unverified,,0
24476,430960,Lucy -The Eternity She Wished For-,2016-02-28,"Adventure, Casual, Indie, Simulation","Great Soundtrack, Simulation, Story Rich, Dating Sim, Singleplayer, Sci-fi, Adventure, Science",999,9.99,$5-9.99,9,7932,"200,000 - 500,000",350000,-0.0878,37.39,53.31,high,0,0,unverified,,0
24498,1677770,The Case of the Golden Idol,2022-10-13,"Adventure, Indie","Atmospheric, Historical, Story Rich, Singleplayer, Adventure, Dark, Crime, Exploration",1799,17.99,$15-19.99,9,7143,"500,000 - 1,000,000",750000,0.0605,37.38,54.09,high,0,0,unverified,,0
24519,1574580,Strange Horticulture,2022-01-21,"Adventure, Indie, Simulation","Simulation, Atmospheric, Lovecraftian, Story Rich, Adventure, Dark, Exploration, Mystery",1599,15.99,$15-19.99,9,11234,"200,000 - 500,000",350000,0.0348,37.37,53.95,high,0,0,unverified,,0
24586,731040,The Invincible,2023-11-06,"Action, Adventure, Indie","First-Person, Story Rich, Singleplayer, Sci-fi, Adventure, Science, Robots, Mystery",1979,19.79,$15-19.99,8,5024,"500,000 - 1,000,000",750000,-0.3475,37.34,51.92,high,0,0,unverified,,0
24814,394310,Punch Club,2016-01-08,"Indie, RPG, Strategy","Funny, Management, Simulation, Atmospheric, Fighting, Story Rich, Action, RPG",999,9.99,$5-9.99,8,14278,"1,000,000 - 2,000,000",1500000,0.1889,37.24,54.69,high,0,0,unverified,,0
25003,673130,AMID EVIL,2019-06-20,"Action, Adventure, Indie","FPS, First-Person, Atmospheric, Shooter, Action, Singleplayer, Sci-fi, Adventure",1999,19.99,$15-19.99,8,6849,"1,000,000 - 2,000,000",1500000,-0.07,37.16,53.29,high,0,0,unverified,,0
25051,1949740,Banana Shooter,2022-05-01,"Action, Casual, Free To Play, Indie","Multiplayer, FPS, Horror, Psychological Horror, Souls-like, Free to Play, Shooter, Action",0,0.0,free,8,15268,"0 - 20,000",10000,-1.0047,37.14,48.36,high,0,0,unverified,,0
25122,2114740,Blasphemous 2,2023-08-24,"Action, Adventure, Indie","Difficult, Hack and Slash, Horror, Souls-like, Story Rich, Adventure, Metroidvania, Platformer",2999,29.99,$20-29.99,8,11227,"500,000 - 1,000,000",750000,-0.0642,37.11,53.29,high,0,0,unverified,,0
25124,1012880,60 Seconds! Reatomized,2019-07-25,"Adventure, Casual, Indie, Simulation, Strategy","Difficult, Funny, Management, Horror, Dark Humor, Strategy, Post-apocalyptic, Story Rich",999,9.99,$5-9.99,8,15326,"1,000,000 - 2,000,000",1500000,0.2138,37.11,54.76,high,0,0,unverified,,0
25252,774801,Crab Champions,2023-04-01,"Action, Adventure, Casual, Early Access, Indie","Co-op, Multiplayer, Memes, Roguelike, Shooter, Action, Perma Death, Early Access",999,9.99,$5-9.99,9,23847,"500,000 - 1,000,000",750000,0.4852,37.05,56.15,high,0,0,unverified,,0
25294,758190,Dragon Cliff,2018-05-11,"Adventure, Casual, Indie, RPG, Simulation, Strategy","Management, Simulation, Hack and Slash, Turn-Based, Dungeon Crawler, Strategy, Singleplayer, RPG",199,1.99,$0.01-4.99,8,7475,"500,000 - 1,000,000",750000,-0.2075,37.03,52.5,high,0,0,unverified,,0
25308,2334730,Death Must Die,2023-11-14,"Action, Casual, Early Access, Indie, RPG","Hack and Slash, Roguelite, Roguelike, Action, Procedural Generation, Isometric, Singleplayer, Early Access",699,6.99,$5-9.99,8,18091,"500,000 - 1,000,000",750000,0.1039,37.03,54.14,high,0,0,unverified,,0
25436,1684930,CULTIC,2022-10-13,"Action, Indie","Gore, FPS, First-Person, Horror, Lovecraftian, Violent, Physics, Shooter",999,9.99,$5-9.99,9,6268,"100,000 - 200,000",150000,-0.3766,36.97,51.58,high,0,0,unverified,,0
25499,2181930,DR LIVESEY ROM AND DEATH EDITION,2023-02-13,"Action, Adventure, Indie, RPG, Simulation","Difficult, Atmospheric, Comedy, Dungeon Crawler, Roguelike, Action, Procedural Generation, Singleplayer",99,0.99,$0.01-4.99,8,13045,"500,000 - 1,000,000",750000,-0.0113,36.94,53.49,high,0,0,unverified,,0
25582,732430,Superflight,2017-11-08,"Action, Casual, Indie, Racing, Sports","Open World, Difficult, Fast-Paced, Simulation, Atmospheric, Physics, Action, Procedural Generation",299,2.99,$0.01-4.99,9,11059,"500,000 - 1,000,000",750000,0.2145,36.9,54.66,high,0,0,unverified,,0
25921,1000360,Hellish Quart,2021-02-16,"Action, Early Access, Indie","Local Multiplayer, Fighting, Physics, Realistic, Historical, Character Customization, Swordplay, Action",1699,16.99,$15-19.99,8,6712,"500,000 - 1,000,000",750000,-0.2455,36.77,52.17,high,0,0,unverified,,0
26218,406150,Refunct,2015-10-16,"Adventure, Casual, Indie","Great Soundtrack, Open World, First-Person, Beautiful, Short, Atmospheric, Singleplayer, Adventure",299,2.99,$0.01-4.99,9,17257,"200,000 - 500,000",350000,0.1861,36.65,54.38,high,0,0,unverified,,0
26291,994730,Banner of the Maid,2019-05-27,"Indie, RPG, Strategy","Turn-Based, Strategy, Historical, Mature, Isometric, RPG, Indie, 2D",1699,16.99,$15-19.99,8,7562,"200,000 - 500,000",350000,-0.3886,36.62,51.34,high,0,0,unverified,,0
26294,447530,VA-11 Hall-A: Cyberpunk Bartender Action,2016-06-21,"Adventure, Indie, Simulation","Memes, Funny, Simulation, Story Rich, Sci-fi, Adventure, Cyberpunk, 2D",1499,14.99,$10-14.99,9,34897,"500,000 - 1,000,000",750000,0.6193,36.61,56.64,high,0,0,unverified,,0
26474,893850,THE LONGING,2020-03-05,"Adventure, Indie, RPG","Atmospheric, Story Rich, Singleplayer, RPG, Adventure, Dark, Indie, Exploration",1499,14.99,$10-14.99,8,6251,"200,000 - 500,000",350000,-0.4557,36.53,50.95,high,0,0,unverified,,0
26486,383270,Hue,2016-08-30,"Adventure, Indie","Great Soundtrack, Story Rich, Singleplayer, Adventure, Metroidvania, Indie, Platformer, 2D",1499,14.99,$10-14.99,8,9845,"200,000 - 500,000",350000,-0.2956,36.53,51.79,high,0,0,unverified,,0
26632,2780980,LOCKDOWN Protocol,2024-07-22,"Action, Casual, Early Access, Indie, Strategy","Multiplayer, Team-Based, FPS, First-Person, Strategy, Action, Perma Death, Early Access",999,9.99,$5-9.99,8,5948,"200,000 - 500,000",350000,-0.4732,36.47,50.82,high,0,0,unverified,,0
26828,2066020,Soulstone Survivors,2022-11-07,"Action, Early Access, Indie, RPG","Crafting, Hack and Slash, Roguelite, Roguelike, Character Customization, Action, Procedural Generation, Singleplayer",999,9.99,$5-9.99,8,19630,"500,000 - 1,000,000",750000,0.1326,36.39,53.97,high,0,0,unverified,,0
27041,262410,World of Guns: Gun Disassembly,2014-05-21,"Action, Casual, Free To Play, Indie, Simulation, Strategy","Funny, First-Person, Simulation, Military, Free to Play, Realistic, Historical, Singleplayer",0,0.0,free,8,18860,"2,000,000 - 5,000,000",3500000,0.4928,36.31,55.82,high,0,0,unverified,,0
27086,588040,WILL: A Wonderful World / WILL：美好世界,2017-06-06,"Adventure, Casual, Indie","Great Soundtrack, Atmospheric, Story Rich, Singleplayer, Sci-fi, Adventure, Indie, Mystery",1499,14.99,$10-14.99,8,5324,"100,000 - 200,000",150000,-0.7181,36.29,49.45,high,0,0,unverified,,0
27150,1578650,Citizen Sleeper,2022-05-05,"Adventure, Indie, RPG","Atmospheric, Story Rich, RPG, Sci-fi, Adventure, Indie, Cyberpunk, Exploration",1999,19.99,$15-19.99,8,6334,"500,000 - 1,000,000",750000,-0.2659,36.26,51.81,high,0,0,unverified,,0
27223,1316680,VLADiK BRUTAL,2024-08-09,"Action, Adventure, Casual, Indie","FPS, First-Person, Beautiful, Horror, Realistic, Shooter, Action, Stealth",1199,11.99,$10-14.99,8,5824,"200,000 - 500,000",350000,-0.4806,36.23,50.67,high,0,0,unverified,,0
27232,2378620,Anomaly Agent,2024-01-24,"Action, Adventure, Indie","Hack and Slash, Roguelite, Souls-like, Roguelike, Story Rich, Action, Action Roguelike, Platformer",1199,11.99,$10-14.99,9,6898,"200,000 - 500,000",350000,-0.137,36.22,52.47,high,0,0,unverified,,0
27248,1382070,Viewfinder,2023-07-18,"Adventure, Indie","First-Person, Atmospheric, Physics, Dark Humor, Story Rich, Singleplayer, Adventure, Platformer",2499,24.99,$20-29.99,8,6812,"100,000 - 200,000",150000,-0.6312,36.21,49.86,high,0,0,unverified,,0
27300,1285670,Post Void,2020-08-06,"Action, Indie","Difficult, FPS, First-Person, Fast-Paced, Violent, Shooter, Action, Procedural Generation",239,2.39,$0.01-4.99,9,10313,"500,000 - 1,000,000",750000,0.1899,36.19,54.17,high,0,0,unverified,,0
27312,702670,Donut County,2018-08-28,"Adventure, Casual, Indie","Great Soundtrack, Funny, Short, Comedy, Physics, Music, Story Rich, Singleplayer",1299,12.99,$10-14.99,8,9707,"200,000 - 500,000",350000,-0.3006,36.19,51.59,high,0,0,unverified,,0
27390,385800,NEKOPARA Vol. 0,2015-08-17,"Casual, Indie","Great Soundtrack, Funny, First-Person, Story Rich, Mature, Dating Sim, Singleplayer, Indie",299,2.99,$0.01-4.99,8,17388,"500,000 - 1,000,000",750000,0.0899,36.16,53.63,high,0,0,unverified,,0
27708,639790,DEEP SPACE WAIFU,2017-05-31,"Action, Casual, Indie","Great Soundtrack, Funny, Atmospheric, Story Rich, Mature, Action, Dating Sim, Singleplayer",499,4.99,$0.01-4.99,9,8349,"200,000 - 500,000",350000,-0.0697,36.03,52.73,high,0,0,unverified,,0
27748,801480,Agent A: A puzzle in disguise,2019-08-29,"Adventure, Indie","Funny, Story Rich, Singleplayer, Adventure, Family Friendly, Exploration, Mystery, Controller",1999,19.99,$15-19.99,9,5142,"200,000 - 500,000",350000,-0.2405,36.01,51.82,high,0,0,unverified,,0
27884,1504500,OPUS: Echo of Starsong - Full Bloom Edition,2021-08-31,"Adventure, Indie","Atmospheric, Story Rich, Singleplayer, Sci-fi, Adventure, Indie, Exploration, 2D",2499,24.99,$20-29.99,9,8345,"200,000 - 500,000",350000,-0.0699,35.95,52.68,high,0,0,unverified,,0
27922,544810,KARDS - The WW2 Card Game,2020-04-15,"Casual, Free To Play, Indie, Strategy","Multiplayer, War, Military, Strategy, Free to Play, Realistic, Historical, Singleplayer",0,0.0,free,6,32118,"2,000,000 - 5,000,000",3500000,0.1123,35.93,53.63,high,0,0,unverified,,0
28086,1746030,Murders on the Yangtze River,2024-01-30,"Adventure, Indie, RPG","First-Person, Historical, Story Rich, Singleplayer, RPG, Adventure, Indie, Exploration",1199,11.99,$10-14.99,9,13627,"200,000 - 500,000",350000,0.1029,35.87,53.55,high,0,0,unverified,,0
28287,397740,Hylics,2015-10-02,"Indie, RPG","Great Soundtrack, Atmospheric, Turn-Based, Singleplayer, RPG, Adventure, Indie, Exploration",299,2.99,$0.01-4.99,9,5299,"100,000 - 200,000",150000,-0.4357,35.79,50.68,high,0,0,unverified,,0
28329,367580,Hook,2015-07-06,"Casual, Indie","Great Soundtrack, Difficult, Short, Atmospheric, Touch-Friendly, Singleplayer, Indie, Family Friendly",199,1.99,$0.01-4.99,9,8828,"200,000 - 500,000",350000,-0.0501,35.78,52.7,high,0,0,unverified,,0
28347,1955830,Touhou Hero of Ice Fairy,2024-04-03,"Action, Adventure, Indie, RPG","Replay Value, Roguelite, Shooter, Story Rich, Action, Singleplayer, RPG, Adventure",699,6.99,$5-9.99,9,5095,"100,000 - 200,000",150000,-0.4495,35.77,50.6,high,0,0,unverified,,0
28357,400910,Rabi-Ribi,2016-01-28,"Action, Adventure, Casual, Indie","Difficult, Action, Singleplayer, Adventure, Metroidvania, Indie, Platformer, Exploration",1799,17.99,$15-19.99,9,11614,"100,000 - 200,000",150000,-0.1593,35.77,52.12,high,0,0,unverified,,0
28359,1742020,Idol Showdown,2023-05-05,"Action, Indie","Multiplayer, Local Multiplayer, Fighting, Psychological Horror, Free to Play, Action, Singleplayer, PvP",0,0.0,free,8,5435,"0 - 20,000",10000,-1.3686,35.77,45.77,high,0,0,unverified,,0
28480,1655140,Alpaca Stacka,2021-07-29,"Adventure, Casual, Free To Play, Indie","Open World, Funny, Short, Comedy, Free to Play, Singleplayer, Adventure, Indie",0,0.0,free,9,5571,"0 - 20,000",10000,-1.0759,35.72,47.28,high,0,0,unverified,,0
28563,1103210,We Become What We Behold [Fan-Made Port],2019-07-09,"Casual, Indie","Gore, Funny, Short, Violent, Psychological Horror, Free to Play, Singleplayer, Indie",0,0.0,free,9,5267,"200,000 - 500,000",350000,-0.232,35.69,51.7,high,0,0,unverified,,0
28749,1048540,Kao the Kangaroo: Round 2 (2003 re-release),2019-05-31,"Action, Adventure, Casual, Racing","Funny, Classic, Action, Singleplayer, Adventure, Indie, Platformer, Family Friendly",199,1.99,$0.01-4.99,8,7786,"500,000 - 1,000,000",750000,-0.1932,35.62,51.87,high,0,0,unverified,,0
28827,998930,Seek Girl,2019-03-14,"Action, Casual, Indie","Great Soundtrack, Funny, FPS, Shooter, Mature, Action, Singleplayer, Indie",0,0.0,free,6,5042,"200,000 - 500,000",350000,-1.0994,35.58,47.09,high,0,0,unverified,,0
29073,1368030,ANNO: Mutationem,,"Action, Adventure, Indie, RPG","Story Rich, Action, Singleplayer, RPG, Sci-fi, Adventure, Indie, Cyberpunk",2499,24.99,$20-29.99,8,5434,"200,000 - 500,000",350000,-0.505,35.48,50.16,high,0,0,unverified,,0
29517,605740,"Flashing Lights - Police, Firefighting, Emergency Services (EMS) Simulator",2023-05-15,"Action, Indie, Massively Multiplayer, RPG, Simulation",,2499,24.99,$20-29.99,8,15777,"500,000 - 1,000,000",750000,0.0556,35.32,53.03,high,0,0,unverified,,0
29628,1740100,At Home Alone Final,2021-12-31,"Adventure, Casual, Free To Play, Indie, RPG, Simulation, Strategy","Simulation, Horror, Psychological Horror, Strategy, Free to Play, Story Rich, Singleplayer, RPG",0,0.0,free,9,6716,"0 - 20,000",10000,-1.0101,35.27,47.4,high,0,0,unverified,,0
29658,265890,Hexcells,2014-02-19,"Casual, Indie, Strategy","Great Soundtrack, Difficult, Short, Touch-Friendly, Strategy, Singleplayer, Indie, 2D",299,2.99,$0.01-4.99,9,5569,"200,000 - 500,000",350000,-0.2124,35.26,51.59,high,0,0,unverified,,0
29722,290340,Armello,2015-09-01,"Adventure, Indie, RPG, Strategy","Atmospheric, Turn-Based, Strategy, RPG, Adventure, PvP, 2D, Dark Fantasy",2499,24.99,$20-29.99,8,15561,"1,000,000 - 2,000,000",1500000,0.2192,35.23,53.84,high,0,0,unverified,,0
29845,557600,Gorogoa,2017-12-14,"Adventure, Casual, Indie","Great Soundtrack, Beautiful, Short, Atmospheric, Story Rich, Singleplayer, Adventure, Indie",1499,14.99,$10-14.99,9,16770,"200,000 - 500,000",350000,0.176,35.19,53.6,high,0,0,unverified,,0
29940,1239690,Retrowave,2022-05-06,"Action, Casual, Indie, Racing, Simulation","Great Soundtrack, Addictive, Simulation, Atmospheric, Music, Action, Singleplayer, Indie",299,2.99,$0.01-4.99,9,15033,"200,000 - 500,000",350000,0.1375,35.15,53.38,high,0,0,unverified,,0
30025,931690,Himno,2019-04-26,"Adventure, Casual, Free To Play, Indie","Multiplayer, Roguelite, Free to Play, Roguelike, Action, Procedural Generation, Singleplayer, RPG",0,0.0,free,8,5698,"1,000,000 - 2,000,000",1500000,-0.1348,35.12,51.93,high,0,0,unverified,,0
30173,2239150,Thronefall,2024-10-11,"Action, Indie, Strategy","Building, Base Building, City Builder, Hack and Slash, Strategy, Action, Isometric, Singleplayer",974,9.74,$5-9.99,9,16228,"500,000 - 1,000,000",750000,0.3496,35.06,54.45,high,0,0,unverified,,0
30219,2088570,Tiny Rogues,2022-09-23,"Action, Adventure, Early Access, Indie, RPG","Difficult, Replay Value, Roguelite, Dungeon Crawler, Roguelike, Singleplayer, Early Access, RPG",999,9.99,$5-9.99,9,8709,"500,000 - 1,000,000",750000,0.1303,35.05,53.29,high,0,0,unverified,,0
30703,1647160,Deepest Sword,2021-06-09,Indie,"Funny, Physics, Free to Play, Swordplay, Action, Singleplayer, Medieval, Indie",0,0.0,free,8,10051,"0 - 20,000",10000,-1.152,34.87,46.46,high,0,0,unverified,,0
30709,1182620,Impostor Factory,2021-09-30,"Adventure, Casual, Indie, RPG","Funny, Atmospheric, Lovecraftian, Comedy, Psychological Horror, Story Rich, Singleplayer, RPG",999,9.99,$5-9.99,9,11116,"500,000 - 1,000,000",750000,0.2163,34.87,53.65,high,0,0,unverified,,0
30942,253110,The Cat Lady,2013-12-04,"Adventure, Indie","Horror, Atmospheric, Psychological Horror, Story Rich, Mature, Singleplayer, Adventure, Dark",999,9.99,$5-9.99,8,5441,"200,000 - 500,000",350000,-0.5046,34.79,49.82,high,0,0,unverified,,0
31084,470310,TROUBLESHOOTER: Abandoned Children,2020-04-23,"Casual, Indie, RPG, Strategy","Atmospheric, Turn-Based, Strategy, Story Rich, RPG, Party-Based RPG, CRPG, Wargame",2499,24.99,$20-29.99,8,8741,"500,000 - 1,000,000",750000,-0.1524,34.74,51.65,high,0,0,unverified,,0
31115,1954200,Kena: Bridge of Spirits,2022-09-26,"Action, Adventure, Indie","Atmospheric, Souls-like, Story Rich, Action, Singleplayer, Adventure, Indie, Third Person",3999,39.99,$30-39.99,8,13752,"500,000 - 1,000,000",750000,0.0072,34.72,52.48,high,0,0,unverified,,0
31361,1093910,Tales of the Black Forest,2019-09-25,"Adventure, Indie, RPG","Horror, Atmospheric, Psychological Horror, Story Rich, Singleplayer, RPG, Adventure, Indie",399,3.99,$0.01-4.99,9,12994,"200,000 - 500,000",350000,0.0861,34.63,52.84,high,0,0,unverified,,0
31532,1985690,The Looker,2022-06-17,Indie,"Open World, Funny, First-Person, Atmospheric, Comedy, Free to Play, Singleplayer, Adventure",0,0.0,free,9,13867,"0 - 20,000",10000,-0.7546,34.56,48.39,high,0,0,unverified,,0
31703,937170,Otaku's Adventure,2019-05-20,"Adventure, Indie, RPG","Funny, Comedy, Story Rich, Dating Sim, Singleplayer, RPG, Adventure, Indie",699,6.99,$5-9.99,8,8059,"200,000 - 500,000",350000,-0.3662,34.5,50.4,high,0,0,unverified,,0
31959,1250760,Far Away,2021-08-17,"Adventure, Casual, Indie, RPG","Replay Value, Comedy, Dark Humor, Story Rich, Singleplayer, Adventure, Crime, Indie",1299,12.99,$10-14.99,9,6593,"200,000 - 500,000",350000,-0.1529,34.41,51.48,high,0,0,unverified,,0
32385,1604000,Milk outside a bag of milk outside a bag of milk,2021-12-16,"Casual, Indie","Great Soundtrack, Horror, Psychological Horror, Story Rich, Singleplayer, Indie, Psychological, 2D",899,8.99,$5-9.99,9,15928,"200,000 - 500,000",350000,0.1579,34.26,53.04,high,0,0,unverified,,0
32458,1126290,Lost,2019-09-30,"Action, Adventure, Casual, Indie, RPG, Strategy","FPS, Psychological Horror, Strategy, Shooter, Mature, Action, Singleplayer, RPG",199,1.99,$0.01-4.99,8,7676,"200,000 - 500,000",350000,-0.3833,34.23,50.18,high,0,0,unverified,,0
32497,533300,Zup!,2016-10-04,"Casual, Indie","Memes, Funny, Fast-Paced, Short, Psychological Horror, Physics, Strategy, Action",199,1.99,$0.01-4.99,8,8684,"200,000 - 500,000",350000,-0.3399,34.22,50.4,high,0,0,unverified,,0
32753,1146630,Yokai's Secret,2020-02-06,"Action, Casual, Indie, RPG","Great Soundtrack, Memes, FPS, Mature, Action, RPG, Indie",199,1.99,$0.01-4.99,8,6855,"200,000 - 500,000",350000,-0.4232,34.13,49.92,high,0,0,unverified,,0
32837,1388880,Doki Doki Literature Club Plus!,2021-06-30,"Casual, Indie","Gore, Violent, Psychological Horror, Dark Humor, Story Rich, Dating Sim, Singleplayer, Indie",1499,14.99,$10-14.99,9,24814,"500,000 - 1,000,000",750000,0.4992,34.1,54.75,high,0,0,unverified,,0
32873,1708150,Juice Galaxy,2023-11-22,"Early Access, Free To Play, Indie, RPG","Sandbox, Hack and Slash, Atmospheric, Physics, Souls-like, Story Rich, Singleplayer, Early Access",0,0.0,free,9,6142,"0 - 20,000",10000,-1.0415,34.08,46.64,high,0,0,unverified,,0
32885,2218750,Halls of Torment,2024-09-24,"Action, Indie, RPG","Hack and Slash, Atmospheric, Roguelite, Roguelike, Action, Singleplayer, RPG, Action Roguelike",499,4.99,$0.01-4.99,9,24864,"500,000 - 1,000,000",750000,0.4999,34.08,54.75,high,0,0,unverified,,0
32943,1135690,Unpacking,2021-11-01,"Casual, Indie, Simulation","Simulation, Atmospheric, Story Rich, Isometric, Singleplayer, Indie, Family Friendly, 2D",1999,19.99,$15-19.99,8,32385,"500,000 - 1,000,000",750000,0.309,34.06,53.73,high,0,0,unverified,,0
33088,1443200,Class of '09,2021-06-10,"Casual, Indie, RPG, Simulation","Simulation, Comedy, Psychological Horror, Story Rich, Singleplayer, RPG, Indie, Third Person",999,9.99,$5-9.99,9,5481,"200,000 - 500,000",350000,-0.218,34.01,50.94,high,0,0,unverified,,0
33284,1282200,The Test: Hypothesis Rising,2020-04-27,"Adventure, Casual, Indie, RPG, Simulation","Simulation, Horror, Atmospheric, Comedy, Psychological Horror, Story Rich, Singleplayer, RPG",199,1.99,$0.01-4.99,9,5796,"200,000 - 500,000",350000,-0.1983,33.95,51.01,high,0,0,unverified,,0
33319,1920960,VPet-Simulator,2023-08-13,"Casual, Free To Play, Indie, RPG, Simulation","Moddable, Funny, Simulation, Free to Play, Mature, Singleplayer, RPG, Indie",0,0.0,free,9,42540,"0 - 20,000",10000,-0.3597,33.93,50.15,high,0,0,unverified,,0
33556,383080,Sakura Clicker,2015-07-29,"Casual, Free To Play, Indie","Memes, Funny, Free to Play, Mature, Dating Sim, Singleplayer, RPG, Adventure",0,0.0,free,8,14646,"1,000,000 - 2,000,000",1500000,0.1978,33.85,53.04,high,0,0,unverified,,0
33689,2901520,An alt girl for skoof,2024-04-21,"Casual, Indie","Memes, Horror, Comedy, Psychological Horror, Souls-like, Story Rich, Mature, Singleplayer",499,4.99,$0.01-4.99,8,7220,"100,000 - 200,000",150000,-0.6108,33.81,48.77,high,0,0,unverified,,0
34064,1593030,Terra Nil,2023-03-28,"Casual, Indie, Strategy","City Builder, Atmospheric, Resource Management, Strategy, Post-apocalyptic, Procedural Generation, Isometric, Singleplayer",2499,24.99,$20-29.99,8,5879,"200,000 - 500,000",350000,-0.4773,33.68,49.41,high,0,0,unverified,,0
34134,1145960,The White Door,2020-01-09,"Adventure, Indie","Short, Atmospheric, Psychological Horror, Story Rich, Singleplayer, Adventure, Indie, Mystery",399,3.99,$0.01-4.99,8,5657,"200,000 - 500,000",350000,-0.4908,33.66,49.33,high,0,0,unverified,,0
34667,1161170,The Rewinder,2021-09-09,"Adventure, Casual, Indie","Horror, Atmospheric, Comedy, Historical, Story Rich, Singleplayer, Adventure, Mythology",1499,14.99,$10-14.99,9,6531,"200,000 - 500,000",350000,-0.1562,33.48,51.0,high,0,0,unverified,,0
34724,878750,Hentai Girl,2018-08-17,"Casual, Indie, RPG, Simulation","Gore, First-Person, Horror, Strategy, Mature, Dating Sim, Singleplayer, Indie",69,0.69,$0.01-4.99,8,14321,"200,000 - 500,000",350000,-0.1636,33.46,50.95,high,0,0,unverified,,0
34733,1201270,A Space for the Unbound,2023-01-19,"Adventure, Indie","Atmospheric, Story Rich, Singleplayer, Adventure, Psychological, Exploration, Mystery, 2D",1999,19.99,$15-19.99,9,5114,"100,000 - 200,000",150000,-0.4482,33.46,49.45,high,0,0,unverified,,0
34743,978460,Emily is Away <3,2021-04-16,"Adventure, Casual, Indie, RPG, Simulation","Simulation, Horror, Story Rich, Dating Sim, Singleplayer, RPG, Adventure, Indie",999,9.99,$5-9.99,8,5661,"200,000 - 500,000",350000,-0.4906,33.46,49.23,high,0,0,unverified,,0
34760,1241510,The Test,2020-02-24,"Adventure, Casual, Indie, RPG, Simulation","Survival Horror, Simulation, Horror, Atmospheric, Psychological Horror, Story Rich, Singleplayer, RPG",199,1.99,$0.01-4.99,9,19646,"500,000 - 1,000,000",750000,0.4169,33.45,53.99,high,0,0,unverified,,0
35173,2784840,Egg,2024-02-03,"Action, Adventure, Casual, Free To Play, Indie, Simulation","Funny, Simulation, Tactical, Atmospheric, Psychological Horror, Action, Adventure, Family Friendly",0,0.0,free,8,9407,"0 - 20,000",10000,-1.1753,33.3,45.55,high,0,0,unverified,,0
35315,601840,Griftlands,2021-06-01,Indie,"Roguelite, Turn-Based, Dark Humor, Strategy, Roguelike, Story Rich, Singleplayer, RPG",0,0.0,free,8,13628,"500,000 - 1,000,000",750000,0.0041,33.26,51.73,high,0,0,unverified,,0
35336,734750,PickCrafter,2017-12-14,"Adventure, Casual, Free To Play, Indie, RPG, Simulation, Strategy","Crafting, Simulation, Farming Sim, Resource Management, Free to Play, Singleplayer, RPG, Indie",0,0.0,free,8,6652,"500,000 - 1,000,000",750000,-0.2486,33.25,50.4,high,0,0,unverified,,0
35422,423880,Carpe Diem,2015-11-30,"Casual, Free To Play, Indie","Memes, Short, Psychological Horror, Free to Play, Story Rich, Mature, Dating Sim, Singleplayer",0,0.0,free,8,8504,"200,000 - 500,000",350000,-0.3472,33.22,49.86,high,0,0,unverified,,0
35475,1475380,TheDawn,2020-12-11,"Action, Adventure, Free To Play, Indie","Tactical, Atmospheric, Free to Play, Shooter, Action, Singleplayer, Adventure, Dark",0,0.0,free,8,8599,"500,000 - 1,000,000",750000,-0.1582,33.2,50.85,high,0,0,unverified,,0
35732,2056220,Bloody Hell,2023-01-27,"Action, Adventure, Free To Play, Indie","Gore, Funny, Souls-like, Free to Play, Action, Singleplayer, Adventure, Metroidvania",0,0.0,free,9,5282,"0 - 20,000",10000,-1.0946,33.12,45.88,high,0,0,unverified,,0
35846,337340,Finding Paradise,2017-12-14,"Adventure, Indie, RPG","Funny, Atmospheric, Comedy, Story Rich, Singleplayer, RPG, Adventure, Psychological",999,9.99,$5-9.99,9,17896,"500,000 - 1,000,000",750000,0.3841,33.08,53.64,high,0,0,unverified,,0
36109,1173370,Slapshot: Rebound,2024-04-11,"Action, Casual, Free To Play, Indie, Sports","Multiplayer, Team-Based, Funny, Competitive, Physics, Character Customization, Action, PvP",0,0.0,free,8,10908,"500,000 - 1,000,000",750000,-0.0744,33.0,51.19,high,0,0,unverified,,0
36163,1948800,Yi Xian: The Cultivation Card Game,2024-01-21,"Casual, Free To Play, Indie, Strategy","Multiplayer, Strategy, Free to Play, Martial Arts, Singleplayer, PvP, Indie, Card Battler",0,0.0,free,6,5479,"200,000 - 500,000",350000,-1.0702,32.98,45.94,high,0,0,unverified,,0
36251,1330470,F.I.S.T.: Forged In Shadow Torch,2021-10-02,"Action, Adventure, Indie, RPG, Simulation, Sports","Simulation, Story Rich, Action, Singleplayer, Adventure, Metroidvania, Indie, Platformer",2999,29.99,$20-29.99,8,6201,"500,000 - 1,000,000",750000,-0.2734,32.94,50.11,high,0,0,unverified,,0
36537,1241700,There Is No Game: Jam Edition 2015,2020-03-18,"Adventure, Casual, Free To Play, Indie","Funny, Short, Comedy, Psychological Horror, Free to Play, Singleplayer, Adventure, Indie",0,0.0,free,9,6752,"200,000 - 500,000",350000,-0.1445,32.86,50.75,high,0,0,unverified,,0
36821,428550,Momodora: Reverie Under The Moonlight,2016-03-04,"Action, Adventure, Indie","Difficult, Atmospheric, Souls-like, Action, Metroidvania, Platformer, Exploration, Controller",999,9.99,$5-9.99,8,10983,"500,000 - 1,000,000",750000,-0.072,32.78,51.09,high,0,0,unverified,,0
36938,650700,Yume Nikki,2018-01-09,"Adventure, Casual, Free To Play, Indie","Horror, Atmospheric, Psychological Horror, Free to Play, Singleplayer, Adventure, Dark, Indie",0,0.0,free,8,7681,"500,000 - 1,000,000",750000,-0.198,32.74,50.41,high,0,0,unverified,,0
37155,1705180,"Gunner, HEAT, PC!",2022-09-06,"Action, Early Access, Indie, Simulation",,2999,29.99,$20-29.99,8,5041,"200,000 - 500,000",350000,-0.5314,32.67,48.62,high,0,0,unverified,,0
37168,777130,Blush Blush,2020-04-22,"Casual, Free To Play, Indie, Simulation","Funny, Simulation, Resource Management, Free to Play, Mature, Dating Sim, Singleplayer, Early Access",0,0.0,free,8,6862,"500,000 - 1,000,000",750000,-0.2377,32.66,50.16,high,0,0,unverified,,0
37265,844930,Fox Hime Zero,2018-05-23,"Adventure, Casual, Indie, RPG","Great Soundtrack, Psychological Horror, Story Rich, Mature, Dating Sim, Singleplayer, Adventure, Indie",59,0.59,$0.01-4.99,9,5446,"200,000 - 500,000",350000,-0.2202,32.63,50.23,high,0,0,unverified,,0
37381,1271710,LEWDAPOCALYPSE Hentai Evil,2020-04-30,"Action, Adventure, Casual, Indie","Gore, Comedy, Violent, Shooter, Mature, Action, Singleplayer, Adventure",99,0.99,$0.01-4.99,8,7229,"0 - 20,000",10000,-1.2681,32.59,44.7,high,0,0,unverified,,0
37777,1406990,NEKOPARA Vol. 4,2020-11-26,"Adventure, Casual, Indie","First-Person, Comedy, Souls-like, Story Rich, Mature, Dating Sim, Singleplayer, Adventure",999,9.99,$5-9.99,9,8457,"200,000 - 500,000",350000,-0.0652,32.47,50.97,high,0,0,unverified,,0
37905,511470,Glass Masquerade,2016-11-18,"Casual, Indie","Great Soundtrack, Beautiful, Atmospheric, Singleplayer, Indie, 2D",499,4.99,$0.01-4.99,9,6390,"500,000 - 1,000,000",750000,0.0212,32.44,51.41,high,0,0,unverified,,0
38041,2113850,Spirit City: Lofi Sessions,2024-04-08,"Casual, Indie, Simulation","Simulation, Atmospheric, Character Customization, Music, Singleplayer, Family Friendly",1199,11.99,$10-14.99,9,6439,"100,000 - 200,000",150000,-0.3671,32.39,49.34,high,0,0,unverified,,0
38481,757310,Sable,2021-09-23,"Adventure, Indie, RPG","Open World, Atmospheric, Story Rich, Singleplayer, RPG, Sci-fi, Adventure, Platformer",999,9.99,$5-9.99,8,5187,"200,000 - 500,000",350000,-0.5214,32.26,48.47,high,0,0,unverified,,0
38558,2551500,巫兎 - KANNAGI USAGI -,2023-11-02,"Action, Indie","Difficult, Funny, Souls-like, Free to Play, Swordplay, Action, Singleplayer, Indie",0,0.0,free,9,5876,"0 - 20,000",10000,-1.0571,32.24,45.64,high,0,0,unverified,,0
38604,2593370,The Hungry Lamb: Traveling in the Late Ming Dynasty,2024-04-22,"Adventure, Indie, RPG","Psychological Horror, Historical, Story Rich, Dating Sim, Singleplayer, RPG, Adventure, Dark",749,7.49,$5-9.99,9,38601,"500,000 - 1,000,000",750000,0.6549,32.22,54.63,high,0,0,unverified,,0
38670,894020,Death's Door,,"Action, Adventure, Indie, RPG","Hack and Slash, Souls-like, Dungeon Crawler, Action, Isometric, RPG, Adventure, Metroidvania",1999,19.99,$15-19.99,8,17163,"500,000 - 1,000,000",750000,0.0853,32.21,51.63,high,0,0,unverified,,0
39504,429790,AdventureQuest 3D,2022-10-28,"Action, Adventure, Casual, Free To Play, Indie, Massively Multiplayer, RPG","Open World, Funny, Hack and Slash, Character Customization, Story Rich, Action, RPG, PvP",0,0.0,free,8,9050,"200,000 - 500,000",350000,-0.3253,31.95,49.34,high,0,0,unverified,,0
39969,1353230,Bomb Rush Cyberfunk,,"Action, Adventure, Indie","Great Soundtrack, Action, Singleplayer, Adventure, Parkour, Indie, Cyberpunk, Walking Simulator",3999,39.99,$30-39.99,9,11433,"200,000 - 500,000",350000,0.041,31.83,51.21,high,0,0,unverified,,0
40322,1568400,Sheepy: A Short Adventure,2024-02-06,"Adventure, Casual, Free To Play, Indie","Short, Atmospheric, Lovecraftian, Free to Play, Post-apocalyptic, Singleplayer, Adventure, Indie",0,0.0,free,9,11751,"0 - 20,000",10000,-0.813,31.71,46.66,high,0,0,unverified,,0
40518,1865370,The one who pulls out the sword will be crowned king,2022-03-28,"Adventure, Casual, Free To Play, Indie","Simulation, Short, Atmospheric, Free to Play, Historical, Singleplayer, Adventure, Medieval",0,0.0,free,8,8431,"0 - 20,000",10000,-1.2139,31.67,44.53,high,0,0,unverified,,0
40755,1782210,Crab Game,2021-10-29,"Action, Casual, Free To Play, Indie, Racing","Multiplayer, FPS, First-Person, Psychological Horror, Physics, Free to Play, Action, Sci-fi",0,0.0,free,8,151393,"0 - 20,000",10000,-0.1964,31.6,49.84,high,0,0,unverified,,0
41595,243970,"Invisible, Inc.",2015-05-12,"Action, Indie, Strategy",,1999,19.99,$15-19.99,8,5528,"100,000 - 200,000",150000,-0.7048,31.34,47.04,high,0,0,unverified,,0
42052,1137460,ALTF4,2021-11-12,"Action, Adventure, Indie","Survival, Psychological Horror, Physics, Roguelike, Action, Singleplayer, Adventure, Action Roguelike",299,2.99,$0.01-4.99,6,10667,"500,000 - 1,000,000",750000,-0.6503,31.21,47.26,high,0,0,unverified,,0
42194,914800,Coffee Talk,2020-01-29,"Adventure, Casual, Indie","Crafting, Simulation, Atmospheric, Story Rich, Singleplayer, Indie",1299,12.99,$10-14.99,9,10410,"200,000 - 500,000",350000,0.008,31.17,50.7,high,0,0,unverified,,0
42404,2068280,Nordic Ashes: Survivors of Ragnarok,2024-04-26,"Action, Adventure, Casual, Indie, RPG, Strategy","Roguelite, Strategy, Roguelike, Action, Procedural Generation, Perma Death, Early Access, RPG",899,8.99,$5-9.99,8,5179,"200,000 - 500,000",350000,-0.522,31.11,47.89,high,0,0,unverified,,0
42713,1481400,Dagon: by H. P. Lovecraft,2021-09-24,"Adventure, Casual, Free To Play, Indie","First-Person, Horror, Atmospheric, Lovecraftian, Psychological Horror, Realistic, Story Rich, Adventure",0,0.0,free,9,11102,"0 - 20,000",10000,-0.833,31.02,46.21,high,0,0,unverified,,0
43047,2291850,Underground Blossom,2023-09-27,"Adventure, Indie","Horror, Story Rich, Singleplayer, Adventure, Indie, Mystery",499,4.99,$0.01-4.99,9,5626,"200,000 - 500,000",350000,-0.2088,30.93,49.44,high,0,0,unverified,,0
43344,1891700,Tap Ninja - Idle game,2022-03-17,"Action, Casual, Free To Play, Indie, RPG","Hack and Slash, Free to Play, Roguelike, Action, Singleplayer, RPG, Adventure, Medieval",0,0.0,free,8,7790,"0 - 20,000",10000,-1.2418,30.84,43.97,high,0,0,unverified,,0
43630,369990,"Gremlins, Inc.",2016-03-10,"Indie, Strategy",,1999,19.99,$15-19.99,8,7906,"200,000 - 500,000",350000,-0.3729,30.76,48.5,high,0,0,unverified,,0
43719,1535560,Farmer Against Potatoes Idle,2024-09-05,"Casual, Free To Play, Indie, RPG, Simulation","Funny, Simulation, Agriculture, Resource Management, Free to Play, RPG, Indie, CRPG",0,0.0,free,9,5959,"0 - 20,000",10000,-1.0522,30.73,44.91,high,0,0,unverified,,0
46706,1177980,"Little Kitty, Big City",2024-05-09,"Adventure, Casual, Indie, Simulation",,2499,24.99,$20-29.99,9,7206,"200,000 - 500,000",350000,-0.1216,29.92,49.4,high,0,0,unverified,,0
47255,347620,Gaokao.Love.100Days,2015-05-30,"Adventure, Casual, Indie, Simulation","Simulation, Psychological Horror, Mature, Dating Sim, Adventure, Indie",999,9.99,$5-9.99,8,7477,"100,000 - 200,000",150000,-0.5984,29.77,46.82,high,0,0,unverified,,0
47658,2075070,KinitoPET,2024-01-09,"Casual, Indie, Simulation","Simulation, Horror, Psychological Horror, Story Rich, Singleplayer, Indie, Psychological, 2D",599,5.99,$5-9.99,8,9756,"200,000 - 500,000",350000,-0.2989,29.68,48.35,high,0,0,unverified,,0
48429,1353300,Idle Slayer,2020-12-21,"Casual, Free To Play, Indie, Strategy","Multiplayer, Strategy, Free to Play, Procedural Generation, Singleplayer, RPG, Medieval, Indie",0,0.0,free,8,7484,"200,000 - 500,000",350000,-0.3922,29.44,47.74,high,0,0,unverified,,0
48800,1485080,Just Act Natural,2022-03-25,"Action, Casual, Free To Play, Indie","Multiplayer, First-Person, Comedy, Free to Play, Shooter, Action, Stealth, Early Access",0,0.0,free,8,5418,"0 - 20,000",10000,-1.3697,29.35,42.55,high,0,0,unverified,,0
48850,1288310,Firework,2021-02-03,Indie,"Horror, Atmospheric, Psychological Horror, Singleplayer, RPG, Indie, Mystery, 2D",999,9.99,$5-9.99,9,39637,"500,000 - 1,000,000",750000,0.6642,29.35,53.24,high,0,0,unverified,,0
49253,1710930,Bubble People,2021-10-12,"Indie, Simulation","Simulation, Short, Free to Play, Singleplayer, Indie, 2D",0,0.0,free,8,5768,"0 - 20,000",10000,-1.3476,29.24,42.61,high,0,0,unverified,,0
49421,1307580,TOEM: A Photo Adventure,2021-09-17,"Adventure, Casual, Indie","Funny, Atmospheric, Music, Singleplayer, Adventure, Family Friendly, Exploration",1999,19.99,$15-19.99,9,6964,"100,000 - 200,000",150000,-0.3394,29.19,47.89,high,0,0,unverified,,0
49510,1593310,NEKOPARA - Catboys Paradise,2021-07-15,"Adventure, Casual, Indie","Memes, Free to Play, Story Rich, Mature, Dating Sim, Singleplayer, Adventure, Indie",0,0.0,free,8,5194,"0 - 20,000",10000,-1.3846,29.17,42.38,high,0,0,unverified,,0
49861,1629520,A Little to the Left,2022-11-08,"Casual, Indie","Funny, Psychological Horror, Singleplayer, Indie, Family Friendly, 2D",1499,14.99,$10-14.99,8,11060,"200,000 - 500,000",350000,-0.2547,29.07,48.27,high,0,0,unverified,,0
49885,1714320,Find Love or Die Trying,2021-09-16,"Casual, Indie","Horror, Comedy, Psychological Horror, Free to Play, Story Rich, Mature, Dating Sim, Singleplayer",499,4.99,$0.01-4.99,9,11915,"200,000 - 500,000",350000,0.0556,29.07,49.9,high,0,0,unverified,,0
50250,1820170,The Two of Us,2021-12-18,"Casual, Free To Play, Indie, Strategy","Online Co-Op, Multiplayer, Tactical, Strategy, Free to Play, Indie, Platformer, 2D",0,0.0,free,8,5474,"0 - 20,000",10000,-1.3661,28.98,42.38,high,0,0,unverified,,0
50255,2005010,"Warhammer 40,000: Boltgun",2023-05-23,"Action, Indie",,1429,14.29,$10-14.99,8,13592,"200,000 - 500,000",350000,-0.182,28.98,48.61,high,0,0,unverified,,0
50696,1369320,Virtual Cottage,2020-10-07,"Casual, Free To Play, Indie, Simulation","Simulation, Atmospheric, Free to Play, Music, Singleplayer, Indie, Family Friendly",0,0.0,free,9,9734,"200,000 - 500,000",350000,-0.0156,28.86,49.43,high,0,0,unverified,,0
50828,1109570,Word Game,2022-01-21,"Adventure, Indie, RPG, Strategy","Atmospheric, Strategy, Story Rich, RPG, Adventure, Exploration, 2D",3499,34.99,$30-39.99,8,5697,"200,000 - 500,000",350000,-0.4884,28.83,46.92,high,0,0,unverified,,0
52185,1634150,Behind the Frame: The Finest Scenery,2021-08-25,"Adventure, Casual, Indie","First-Person, Atmospheric, Story Rich, Singleplayer, RPG, Exploration",1299,12.99,$10-14.99,8,6381,"200,000 - 500,000",350000,-0.4484,28.47,46.95,high,0,0,unverified,,0
52566,1944570,Boneraiser Minions,2023-03-09,"Action, Casual, Indie, RPG","Local Co-Op, Roguelite, Roguelike, Action, Singleplayer, RPG, Action Roguelike, Indie",499,4.99,$0.01-4.99,9,5001,"200,000 - 500,000",350000,-0.2503,28.38,47.95,high,0,0,unverified,,0
52883,247020,"Cook, Serve, Delicious!",2013-10-08,"Action, Indie, Simulation, Strategy",,999,9.99,$5-9.99,8,5525,"500,000 - 1,000,000",750000,-0.314,28.29,47.57,high,0,0,unverified,,0
52914,527430,"Warhammer 40,000: Inquisitor - Martyr",2018-06-05,"Action, Adventure, Indie, RPG",,4999,49.99,$40+,6,19963,"1,000,000 - 2,000,000",1500000,-0.2611,28.28,47.84,high,0,0,unverified,,0
53654,2095300,Breakout 13,2023-01-08,"Adventure, Indie, RPG","Horror, Psychological Horror, Realistic, Story Rich, RTS, RPG, Exploration",999,9.99,$5-9.99,8,6956,"500,000 - 1,000,000",750000,-0.2329,28.13,47.92,high,0,0,unverified,,0
54265,1392820,Milk inside a bag of milk inside a bag of milk,2020-08-26,"Adventure, Indie","Horror, Psychological Horror, Story Rich, Perma Death, Singleplayer, Adventure, Indie, Psychological",149,1.49,$0.01-4.99,9,26566,"500,000 - 1,000,000",750000,0.5232,27.97,51.81,high,0,0,unverified,,0
54538,601220,Zup! F,2019-12-11,"Casual, Indie","Fast-Paced, Short, Atmospheric, Fighting, Physics, Singleplayer, Indie, Family Friendly",199,1.99,$0.01-4.99,9,8251,"200,000 - 500,000",350000,-0.0739,27.89,48.63,high,0,0,unverified,,0
54729,1207650,Suzerain,2020-12-04,"Adventure, Indie, RPG","Story Rich, Singleplayer, RPG, Adventure",1999,19.99,$15-19.99,8,7898,"500,000 - 1,000,000",750000,-0.1881,27.83,48.0,high,0,0,unverified,,0
54752,368370,Her Story,2015-06-24,"Adventure, Casual, Indie, Simulation","Simulation, Psychological Horror, Realistic, Story Rich, Singleplayer, Crime, Exploration",999,9.99,$5-9.99,8,9316,"1,000,000 - 2,000,000",1500000,0.0384,27.82,49.19,high,0,0,unverified,,0
55646,1463120,College Kings - The Complete Season,2021-03-05,"Adventure, Casual, Free To Play, Indie","Funny, First-Person, Free to Play, Realistic, Story Rich, Dating Sim, Singleplayer, 2D",0,0.0,free,8,9178,"0 - 20,000",10000,-1.184,27.58,42.64,high,0,0,unverified,,0
55867,1129190,Our Life: Beginnings & Always,2020-11-16,"Casual, Free To Play, Indie","Replay Value, Funny, Comedy, Free to Play, Character Customization, Dating Sim, Singleplayer, Indie",0,0.0,free,9,11616,"200,000 - 500,000",350000,0.0466,27.53,49.09,high,0,0,unverified,,0
56097,2212330,Your Only Move Is HUSTLE,2023-02-02,"Action, Indie, Simulation, Strategy","Sandbox, Simulation, Strategy, Action, 2D, 2D Fighter",499,4.99,$0.01-4.99,9,25746,"500,000 - 1,000,000",750000,0.5122,27.47,51.51,high,0,0,unverified,,0
56243,2786680,"Knowledge, or know Lady",2024-03-28,"Adventure, Indie, RPG, Simulation, Strategy",,629,6.29,$5-9.99,9,6898,"200,000 - 500,000",350000,-0.137,27.44,48.08,high,0,0,unverified,,0
56496,1708870,第七号列车 - Train No. 7,2021-08-13,"Casual, Free To Play, Indie, RPG","First-Person, Free to Play, Story Rich, Singleplayer, RPG, Adventure, 2D",0,0.0,free,9,6516,"0 - 20,000",10000,-1.0207,27.36,43.39,high,0,0,unverified,,0
56620,1390350,Webbed,2021-09-09,"Action, Adventure, Indie","Atmospheric, Physics, Action, Indie, Platformer, Family Friendly, Exploration, 2D",999,9.99,$5-9.99,9,13123,"500,000 - 1,000,000",750000,0.2748,27.33,50.19,high,0,0,unverified,,0
57978,207690,Botanicula,2012-05-07,"Adventure, Casual, Indie","Funny, Atmospheric, Comedy, Story Rich, Singleplayer, Adventure, Family Friendly, Exploration",1499,14.99,$10-14.99,9,5969,"200,000 - 500,000",350000,-0.1879,27.05,47.61,high,0,0,unverified,,0
58495,2109460,VillageRhapsody,2023-04-26,"Casual, Indie, RPG, Simulation","Simulation, Farming Sim, Story Rich, Mature, Dating Sim, Singleplayer, RPG, Exploration",299,2.99,$0.01-4.99,9,15234,"500,000 - 1,000,000",750000,0.3273,26.9,50.25,high,0,0,unverified,,0
58713,990630,The Last Campfire,2021-10-07,"Adventure, Indie","Atmospheric, Story Rich, Singleplayer, Adventure, Dark, Indie, Family Friendly, Controller",149,1.49,$0.01-4.99,9,11065,"500,000 - 1,000,000",750000,0.2147,26.84,49.63,high,0,0,unverified,,0
58922,220780,Thomas Was Alone,2012-11-12,Indie,"Atmospheric, Physics, Story Rich, Singleplayer, Sci-fi, Indie, Platformer, Family Friendly",499,4.99,$0.01-4.99,8,9143,"500,000 - 1,000,000",750000,-0.1366,26.78,47.75,high,0,0,unverified,,0
60813,1749630,Chill Corner,2021-12-17,"Casual, Free To Play, Indie, Simulation","Management, Simulation, Atmospheric, Free to Play, Music, Singleplayer, Indie",0,0.0,free,8,9209,"0 - 20,000",10000,-1.1828,26.3,42.01,high,0,0,unverified,,0
61204,1070710,Kind Words (lo fi chill beats to write to),2019-09-12,"Casual, Indie","Multiplayer, Memes, Funny, Atmospheric, Music, Indie, Psychological",499,4.99,$0.01-4.99,9,8829,"200,000 - 500,000",350000,-0.05,26.19,47.91,high,0,0,unverified,,0
61558,1082430,Before Your Eyes,2021-04-08,"Adventure, Indie","First-Person, Story Rich, Singleplayer, Adventure, Indie, Family Friendly, Psychological, Mystery",999,9.99,$5-9.99,9,14900,"200,000 - 500,000",350000,0.1343,26.1,48.83,high,0,0,unverified,,0
63318,1172450,Carto,2020-10-27,"Adventure, Casual, Indie, RPG","Open World, Funny, Atmospheric, Story Rich, Singleplayer, Adventure, Indie, Family Friendly",0,0.0,free,9,7896,"200,000 - 500,000",350000,-0.0894,25.61,47.41,high,0,0,unverified,,0
64323,2415010,A Date with Death,2023-12-07,"Free To Play, Indie, Simulation","Funny, Comedy, Character Customization, Story Rich, Dating Sim, Dark Fantasy",0,0.0,free,9,7110,"0 - 20,000",10000,-0.99,25.33,42.54,high,0,0,unverified,,0
64428,352520,The Silent Age,2015-05-29,"Adventure, Casual, Indie","Psychological Horror, Post-apocalyptic, Story Rich, Singleplayer, Sci-fi, Adventure, Exploration, 2D",999,9.99,$5-9.99,8,7020,"200,000 - 500,000",350000,-0.4148,25.3,45.55,high,0,0,unverified,,0
64552,1972440,Shotgun King: The Final Checkmate,2022-05-12,"Action, Indie, Strategy","Atmospheric, Roguelite, Strategy, Roguelike, Shooter, Action, Action Roguelike, 2D",999,9.99,$5-9.99,8,5824,"200,000 - 500,000",350000,-0.4806,25.26,45.18,high,0,0,unverified,,0
65087,2263010,Pineapple on pizza,2023-03-28,"Casual, Free To Play, Indie","Funny, First-Person, Short, Atmospheric, Psychological Horror, Dark Humor, Free to Play, Singleplayer",0,0.0,free,9,22878,"0 - 20,000",10000,-0.5782,25.13,44.6,high,0,0,unverified,,0
65616,1880330,Sanfu,2023-07-27,"Adventure, Indie, RPG","Atmospheric, Story Rich, RPG, Adventure, Crime, Mystery, 2D",1099,10.99,$10-14.99,8,15929,"200,000 - 500,000",350000,-0.1261,24.97,46.9,high,0,0,unverified,,0
68096,2166060,Amanda the Adventurer,,Indie,"First-Person, Horror, Atmospheric, Psychological Horror, Story Rich, Adventure, Dark, Psychological",899,8.99,$5-9.99,8,5581,"200,000 - 500,000",350000,-0.4956,24.22,44.58,high,0,0,unverified,,0
68930,533540,MONMUSU,2018-05-11,"Casual, Free To Play, Indie","Psychological Horror, Free to Play, Mature, Singleplayer, Indie",0,0.0,free,8,5251,"500,000 - 1,000,000",750000,-0.3319,23.98,45.32,high,0,0,unverified,,0
69814,17570,"Pirates, Vikings, and Knights II",2010-02-12,"Action, Free To Play, Indie",,0,0.0,free,8,5855,"1,000,000 - 2,000,000",1500000,-0.1252,23.7,46.27,high,0,0,unverified,,0
70133,897330,Coloring Pixels,2018-08-17,"Casual, Free To Play, Indie","Addictive, Free to Play, Singleplayer, Indie, Family Friendly, 2D",0,0.0,free,9,7374,"500,000 - 1,000,000",750000,0.0717,23.59,47.25,high,0,0,unverified,,0
70413,1267910,Melvor Idle,2021-11-18,"Adventure, Casual, Indie, RPG","Crafting, Automation, Singleplayer, Early Access, RPG, Adventure, Indie, 2D",999,9.99,$5-9.99,8,12973,"500,000 - 1,000,000",750000,-0.0133,23.5,46.76,high,0,0,unverified,,0
71574,409160,"Dr. Langeskov, The Tiger, and The Terribly Cursed Emerald: A Whirlwind Heist",2015-12-04,"Free To Play, Indie",,0,0.0,free,8,9619,"500,000 - 1,000,000",750000,-0.1187,23.12,46.01,high,0,0,unverified,,0
71632,2795000,The WereCleaner,2024-05-07,"Action, Casual, Free To Play, Indie, Strategy","Tactical, Comedy, Dark Humor, Strategy, Free to Play, Action, Singleplayer, Stealth",0,0.0,free,9,6160,"0 - 20,000",10000,-1.0405,23.1,41.16,high,0,0,unverified,,0
71859,2365810,Pseudoregalia,,"Action, Adventure, Indie","Souls-like, Singleplayer, Adventure, Metroidvania, Parkour, Platformer, Third Person, Exploration",599,5.99,$5-9.99,9,11908,"200,000 - 500,000",350000,0.0554,23.01,46.87,high,0,0,unverified,,0
72258,2420510,HoloCure - Save the Fans!,2023-08-16,"Action, Adventure, Casual, Indie","Base Building, Comedy, Roguelite, Action, Singleplayer, Action Roguelike, 2D",0,0.0,free,9,31373,"0 - 20,000",10000,-0.467,22.95,44.1,high,0,0,unverified,,0
73157,1102130,Florence,,"Adventure, Casual, Indie","Short, Music, Story Rich, Dating Sim, Singleplayer, Adventure, Indie, Family Friendly",599,5.99,$5-9.99,8,12982,"200,000 - 500,000",350000,-0.1982,22.64,45.36,high,0,0,unverified,,0
73314,615530,"Love, Money, Rock'n'Roll",2022-08-04,"Adventure, Casual, Indie",,999,9.99,$5-9.99,8,6568,"200,000 - 500,000",350000,-0.4382,22.6,44.07,high,0,0,unverified,,0
73403,3107330,Nodebuster,2024-08-13,"Casual, Indie, Simulation, Strategy","Management, Simulation, Strategy, Singleplayer, Indie, 2D",299,2.99,$0.01-4.99,9,5300,"100,000 - 200,000",150000,-0.4356,22.56,44.07,high,0,0,unverified,,0
73776,2570630,20 Small Mazes,2024-02-16,"Adventure, Casual, Indie","Psychological Horror, Free to Play, Singleplayer, Adventure, Indie, Family Friendly, 2D",0,0.0,free,9,5919,"0 - 20,000",10000,-1.0545,22.46,40.76,high,0,0,unverified,,0
75714,1334590,Furry Love,2020-07-10,"Action, Adventure, Casual, Indie, RPG, Simulation","Simulation, Psychological Horror, Action, Singleplayer, RPG, Adventure, 2D",99,0.99,$0.01-4.99,8,7719,"200,000 - 500,000",350000,-0.3814,21.69,43.92,high,0,0,unverified,,0
76980,1584090,Touhou Mystia's Izakaya,2021-10-01,"Casual, Indie, RPG, Simulation","Simulation, Comedy, Story Rich, Economy, RPG, 2D",479,4.79,$0.01-4.99,9,23399,"500,000 - 1,000,000",750000,0.4785,21.13,48.16,high,0,0,unverified,,0
77558,1121910,"I Love You, Colonel Sanders! A Finger Lickin’ Good Dating Simulator",2019-09-24,"Casual, Indie, Simulation",,0,0.0,free,8,12511,"500,000 - 1,000,000",750000,-0.0261,20.84,45.36,high,0,0,unverified,,0
78428,2667970,100 Asian Cats,2023-12-17,"Action, Adventure, Casual, Free To Play, Indie, RPG, Simulation, Sports, Strategy","Free to Play, Singleplayer, Indie, Exploration",0,0.0,free,9,6138,"0 - 20,000",10000,-1.0418,20.37,39.78,high,0,0,unverified,,0
80204,96000,The Tiny Bang Story,2011-04-22,"Adventure, Casual, Indie","Atmospheric, Story Rich, Singleplayer, Adventure, Indie, Family Friendly, 2D",499,4.99,$0.01-4.99,8,6360,"5,000,000 - 10,000,000",7500000,0.2949,19.66,46.46,high,0,0,unverified,,0
80332,354240,"Please, Don’t Touch Anything",2015-03-26,"Casual, Indie",,499,4.99,$0.01-4.99,8,5114,"200,000 - 500,000",350000,-0.5264,19.61,42.11,high,0,0,unverified,,0
81062,1997680,REFLEXIA Prototype ver.,2022-08-31,"Casual, Free To Play, Indie","Funny, Comedy, Psychological Horror, Story Rich, Dating Sim, Dark, Psychological, 2D",0,0.0,free,9,6110,"0 - 20,000",10000,-1.0434,19.17,39.18,high,0,0,unverified,,0
81902,2313250,Cats Hidden in Paris,2023-07-16,"Casual, Free To Play, Indie","Free to Play, Singleplayer, Indie, Exploration, Controller",0,0.0,free,9,16552,"0 - 20,000",10000,-0.6922,18.56,40.72,high,0,0,unverified,,0
81903,2608050,Cats Hidden in Jingle Jam,2023-12-01,"Casual, Free To Play, Indie","Free to Play, Singleplayer, Indie, Exploration, Controller",0,0.0,free,9,9233,"0 - 20,000",10000,-0.8979,18.56,39.64,high,0,0,unverified,,0
83420,1290490,UNBEATABLE [white label],2021-05-07,"Action, Adventure, Indie","Story Rich, Rhythm, Action, Adventure, Exploration, Controller, 2D",0,0.0,free,9,8096,"0 - 20,000",10000,-0.9442,16.7,38.46,high,0,0,unverified,,0
83436,1806840,100 hidden frogs,2021-11-15,"Adventure, Casual, Free To Play, Indie","Free to Play, Singleplayer, Adventure, Indie, Family Friendly, Exploration, 2D",0,0.0,free,9,5885,"0 - 20,000",10000,-1.0566,16.66,37.85,high,0,0,unverified,,0
84355,1377360,Vampires' Melody,2020-10-02,"Adventure, Casual, Indie, RPG","Funny, Dating Sim, Adventure, 2D",79,0.79,$0.01-4.99,9,5020,"200,000 - 500,000",350000,-0.2489,14.95,41.24,high,0,0,unverified,,0
84536,2495980,Arrow a Row,2023-08-20,"Casual, Free To Play, Indie, Strategy","Roguelite, Strategy, Free to Play, Roguelike, Swordplay, Loot, Deckbuilding",0,0.0,free,9,15290,"0 - 20,000",10000,-0.7202,14.43,38.51,high,0,0,unverified,,0
84595,2368470,An Arcade Full of Cats,2023-11-16,"Casual, Free To Play, Indie","Singleplayer, Adventure, Family Friendly",0,0.0,free,9,6180,"0 - 20,000",10000,-1.0393,14.3,36.76,high,0,0,unverified,,0
