app_id,name,developer,publisher,composite_score,tier,proven_pct,scarcity_pct,fit_pct,cheap_pct,review_total,review_positive_ratio,review_score_bucket,owners_range,owners_mid,price_usd,is_indie,has_coop,has_multiplayer,has_singleplayer,release_year,genres,tags,screen_review_total_ge_50,screen_quality_ge_0.70,screen_owners_le_750k,screen_monetisation_paid,screen_gamepass_availability
1289640,The Confession,Randumb Studios,Randumb Studios,0.8339,Low-cost option,0.7728,0.7921,0.8715,0.8992,997,0.9579,Overwhelmingly Positive,"0 .. 20,000",10000.0,1.99,False,False,False,True,2020,Casual|RPG|Simulation,Atmospheric|Casual|Choices Matter|Choose Your Own Adventure|Comedy|Dark Humor|Experimental|Funny|God Game|Horror|Immersive Sim|Interactive Fiction|Life Sim|Multiple Endings|Psychological,PASS,PASS,PASS,PASS,PENDING_EXTERNAL_CHECK
1241520,The Horrorscope,Randumb Studios,Randumb Studios,0.8295,Anchor,0.7843,0.7921,0.8423,0.8992,1086,0.942,Very Positive,"0 .. 20,000",10000.0,1.99,True,False,False,True,2020,Adventure|Casual|Indie|RPG|Simulation,Adventure|Atmospheric|Choices Matter|Choose Your Own Adventure|Dark|Horror|Immersive Sim|Interactive Fiction|Life Sim|Multiple Endings|Open World|Psychological|Psychological Horror|RPG|Simulation,PASS,PASS,PASS,PASS,PENDING_EXTERNAL_CHECK
1755350,BBQ Simulator: The Squad,CubeCube Sports Ltd.,CubeCube Sports Ltd.,0.8194,Anchor,0.7748,0.7921,0.9112,0.7993,1014,0.8333,Very Positive,"0 .. 20,000",10000.0,3.99,True,True,True,True,2022,Casual|Indie|Simulation,3D|Casual|Character Customization|Comedy|Controller|Cooking|Exploration|Family Friendly|First-Person|Funny|Life Sim|Memes|Multiplayer|Online Co-Op|Physics,PASS,PASS,PASS,PASS,PENDING_EXTERNAL_CHECK
2689230,FURRY BACKROOMS,,,0.8064,Low-cost option,0.5786,0.7921,0.9233,0.9318,351,0.7123,Mostly Positive,"0 .. 20,000",10000.0,1.0816,True,True,True,True,2024,Action|Adventure|Casual|Indie|Massively Multiplayer|Simulation,3D|Action|Action-Adventure|Adventure|Casual|Co-op|Dungeon Crawler|Early Access|Escape Room|Exploration|First-Person|Horror|Indie|Multiplayer|Online Co-Op,PASS,PASS,PASS,PASS,PENDING_EXTERNAL_CHECK
2551170,Cats Hidden in Maple Hollow 🍂,,,0.7979,Anchor,0.7755,0.7921,0.6367,0.9874,1020,0.9784,Overwhelmingly Positive,"0 .. 20,000",10000.0,0.7696000000000001,True,False,False,True,2023,Casual|Indie,Cartoony|Casual|Cats|Collectathon|Controller|Cozy|Creature Collector|Cute|Exploration|Hand-drawn|Hidden Object|Indie|Minimalist|Point & Click|Puzzle,PASS,PASS,PASS,PASS,PENDING_EXTERNAL_CHECK
2755330,Chushpan Simulator,Sebasa Games,Sebasa Games,0.797,Anchor,0.8295,0.4783,0.894,0.9863,1533,0.8356,Very Positive,"20,000 .. 50,000",35000.0,0.79,False,False,False,True,2024,Action|Adventure|RPG|Simulation,Action|Adventure|Atmospheric|Boxing|Choices Matter|Combat|Comedy|Dark Humor|Emotional|First-Person|Funny|Life Sim|Memes|Open World|PvE,PASS,PASS,PASS,PASS,PENDING_EXTERNAL_CHECK
448020,Share,HFM Games,HFM Games,0.797,Low-cost option,0.5656,0.7921,0.8345,0.9957,330,0.7152,Mostly Positive,"0 .. 20,000",10000.0,0.49,True,False,False,True,2016,Action|Indie,Action|Action-Adventure|Adventure|Atmospheric|Comedy|Exploration|FPS|First-Person|Horror|Indie|Multiplayer|Open World|Physics|Psychedelic|Puzzle,PASS,PASS,PASS,PASS,PENDING_EXTERNAL_CHECK
658600,Lawnmower Game,"Tero Lunkka, Mikko Seppälä",Tero Lunkka,0.7968,Low-cost option,0.6473,0.7921,0.7899,0.9579,483,0.8075,Very Positive,"0 .. 20,000",10000.0,0.99,True,False,False,True,2017,Indie|Simulation,Agriculture|Anime|Automobile Sim|Dark Humor|Dating Sim|Difficult|Exploration|Funny|Hidden Object|Horror|Illuminati|Life Sim|Linear|Memes|Multiple Endings,PASS,PASS,PASS,PASS,PENDING_EXTERNAL_CHECK
1379020,The Horrorscope: Fatal Awakening,Randumb Studios,Randumb Studios,0.7925,Low-cost option,0.6106,0.7921,0.8682,0.8992,406,0.9286,Very Positive,"0 .. 20,000",10000.0,1.99,False,False,False,True,2020,Casual|RPG|Simulation,Atmospheric|Casual|Choices Matter|Choose Your Own Adventure|Conspiracy|Horror|Immersive Sim|Interactive Fiction|Life Sim|Multiple Endings|Open World|Psychological|Psychological Horror|RPG|Simulation,PASS,PASS,PASS,PASS,PENDING_EXTERNAL_CHECK
1048100,Peekaboo,"Redaster Studio, Ember Light Games",Redaster Studio,0.7904,Anchor,0.9104,0.3062,0.9589,0.9863,3316,0.7928,Mostly Positive,"50,000 .. 100,000",75000.0,0.79,True,True,True,False,2019,Action|Adventure|Casual|Indie|Massively Multiplayer|RPG|Simulation,Action|Action RPG|Atmospheric|Cartoon|Casual|Co-op|Exploration|Family Friendly|Funny|Hidden Object|Indie|Massively Multiplayer|Multiplayer|Online Co-Op|Physics,PASS,PASS,PASS,PASS,PENDING_EXTERNAL_CHECK
1268530,Outside The Grid,GidAzGames,GidAzGames,0.7858,Low-cost option,0.4632,0.7921,0.93,0.9579,213,0.7465,Mostly Positive,"0 .. 20,000",10000.0,0.99,True,True,True,False,2020,Action|Indie|Simulation,6DOF|Action|Atmospheric|Choose Your Own Adventure|Co-op|Comedy|Crime|Fighting|First-Person|Hidden Object|Indie|Local Multiplayer|Multiplayer|Mystery|Online Co-Op,PASS,PASS,PASS,PASS,PENDING_EXTERNAL_CHECK
2252820,Locked In Mind,"Bendegúz Anisics, András Nemes",Bendixer Softwares,0.7844,Low-cost option,0.6208,0.7921,0.8254,0.8992,423,0.8534,Very Positive,"0 .. 20,000",10000.0,1.99,True,False,False,True,2023,Adventure|Casual|Early Access|Free To Play|Indie,3D|Adventure|Atmospheric|Casual|Detective|Early Access|Escape Room|Exploration|Family Friendly|First-Person|Indie|Investigation|Linear|Logic|Multiplayer,PASS,PASS,PASS,PASS,PENDING_EXTERNAL_CHECK
1073900,Brukel,Bob De Schutter,Lifelong Games,0.7816,Low-cost option,0.4746,0.7921,0.9304,0.9292,223,0.8969,Very Positive,"0 .. 20,000",10000.0,1.24,True,False,False,True,2019,Indie,Adventure|Atmospheric|Dark|Documentary|Drama|Education|Exploration|Female Protagonist|First-Person|Historical|Horror|Narration|Psychological Horror|Realistic|Short,PASS,PASS,PASS,PASS,PENDING_EXTERNAL_CHECK
924070,Arboria,Dreamplant,"All in! Games, Untold Tales",0.7782,Low-cost option,0.7214,0.7921,0.7999,0.7993,722,0.7839,Mostly Positive,"0 .. 20,000",10000.0,3.99,True,False,False,True,2021,Action|Adventure|Indie|RPG,Action|Action RPG|Action Roguelike|Atmospheric|Dark Fantasy|Difficult|Dungeon Crawler|Early Access|Fantasy|Indie|Mystery|Mythology|Procedural Generation|RPG|Replay Value,PASS,PASS,PASS,PASS,PENDING_EXTERNAL_CHECK
676500,Time Warpers,Proton Studio Inc,Proton Studio Inc,0.7779,Low-cost option,0.6649,0.7921,0.9296,0.7249,525,0.8438,Very Positive,"0 .. 20,000",10000.0,4.99,True,True,True,True,2020,Action|Adventure|Casual|Indie|RPG|Simulation|Strategy,Action|Action RPG|Adventure|Atmospheric|Casual|Clicker|Co-op|FPS|First-Person|Gun Customization|Indie|Multiplayer|Online Co-Op|RPG|Simulation,PASS,PASS,PASS,PASS,PENDING_EXTERNAL_CHECK
2119590,Deducto 2,Red Fox Studios,Red Fox Studios,0.7761,Low-cost option,0.6197,0.7921,0.9675,0.7249,421,0.9121,Very Positive,"0 .. 20,000",10000.0,4.99,True,True,True,True,2023,Casual|Indie|Simulation|Strategy,Action|Cartoon|Casual|Character Customization|Co-op|Conversation|FPS|First-Person|Funny|Memes|Minigames|Multiplayer|Online Co-Op|Party Game|PvP,PASS,PASS,PASS,PASS,PENDING_EXTERNAL_CHECK
1166990,Kukoro: Stream chat games,HeyNau,HeyNau,0.7707,Low-cost option,0.7532,0.7921,0.8126,0.7249,874,0.9794,Overwhelmingly Positive,"0 .. 20,000",10000.0,4.99,True,True,True,True,2024,Casual|Indie|Massively Multiplayer,2D|Battle Royale|Casual|Character Customization|Collectathon|Experimental|Idler|Indie|Massively Multiplayer|Memes|Minigames|Multiplayer|Online Co-Op|Parody|Party Game,PASS,PASS,PASS,PASS,PENDING_EXTERNAL_CHECK
1101930,Monsters of Little Haven,Nikita Kaf,Missing Calm,0.7703,Low-cost option,0.5875,0.7921,0.8546,0.8471,367,0.8801,Very Positive,"0 .. 20,000",10000.0,2.99,True,False,False,True,2019,Adventure|Indie,Adventure|Atmospheric|Casual|Choices Matter|Cinematic|Dark|Drama|Emotional|Hand-drawn|Horror|Indie|Interactive Fiction|Multiple Endings|Narration|Nonlinear,PASS,PASS,PASS,PASS,PENDING_EXTERNAL_CHECK
777200,KOEWOTAYORINI SP / 声之寄托SP,あみそ組,"Pujia8 Studio, Gamera Game",0.77,Low-cost option,0.4771,0.7921,0.9117,0.8992,225,0.9467,Very Positive,"0 .. 20,000",10000.0,1.99,True,False,False,True,2018,Adventure|Indie|RPG,Adventure|Anime|Atmospheric|Dark|Dark Comedy|Funny|Gore|Horror|Indie|Memes|Multiple Endings|Mystery|Psychological Horror|Puzzle|RPG,PASS,PASS,PASS,PASS,PENDING_EXTERNAL_CHECK
3144640,Skoof Simulator,PropilGames,"PropilGames, VD Games",0.7693,Low-cost option,0.5835,0.7921,0.7101,0.9914,360,0.8444,Very Positive,"0 .. 20,000",10000.0,0.59,True,False,False,True,2024,Action|Adventure|Casual|Indie|RPG|Simulation,Action|Adventure|Choose Your Own Adventure|Combat|Cute|Dark Humor|Exploration|First-Person|Funny|Indie|Life Sim|Memes|Multiple Endings|RPG|Relaxing,PASS,PASS,PASS,PASS,PENDING_EXTERNAL_CHECK
1587090,The Journey - Episode 1: Whatever This Is,Randumb Studios,Randumb Studios,0.7658,Low-cost option,0.5334,0.7921,0.8384,0.8992,285,0.9789,Very Positive,"0 .. 20,000",10000.0,1.99,False,False,False,True,2021,Adventure|Casual|Simulation,Adventure|Anime|Atmospheric|Casual|Choices Matter|Choose Your Own Adventure|Education|Emotional|Fantasy|Immersive Sim|Life Sim|Lore-Rich|Multiple Endings|Philosophical|Psychological,PASS,PASS,PASS,PASS,PENDING_EXTERNAL_CHECK
1273440,OverDrift Festival,OverDrift Crew,OverDrift Crew,0.7658,Anchor,0.785,0.7921,0.848,0.6381,1090,0.8073,Very Positive,"0 .. 20,000",10000.0,6.29,False,False,True,True,2022,Massively Multiplayer|Racing|Simulation|Sports,3D|6DOF|Action|Automobile Sim|Choose Your Own Adventure|Co-op|Driving|Indie|Massively Multiplayer|Multiplayer|Online Co-Op|Open World|Physics|PvP|Racing,PASS,PASS,PASS,PASS,PENDING_EXTERNAL_CHECK
629000,Lydia,Platonic Partnership,"Platonic Partnership, Nakana.io",0.7652,Low-cost option,0.6823,0.7921,0.7872,0.7993,577,0.8891,Very Positive,"0 .. 20,000",10000.0,3.99,False,False,False,True,2017,Adventure,2D|Adventure|Atmospheric|Dark|Emotional|Female Protagonist|Great Soundtrack|Hand-drawn|Horror|Indie|Mature|Mystery|Point & Click|Psychological|Psychological Horror,PASS,PASS,PASS,PASS,PENDING_EXTERNAL_CHECK
472870,Higurashi When They Cry Hou - Ch.3 Tatarigoroshi,07th Expansion,MangaGamer,0.7649,Low-cost option,0.7497,0.7921,0.7187,0.7993,850,0.98,Overwhelmingly Positive,"0 .. 20,000",10000.0,3.99,False,False,False,True,2016,Adventure,2D|Adventure|Anime|Atmospheric|Classic|Cult Classic|Cute|Dark|Gore|Great Soundtrack|Indie|Linear|Mystery|Psychological|Singleplayer,PASS,PASS,PASS,PASS,PENDING_EXTERNAL_CHECK
1577250,The Chant,Brass Token,Prime Matter,0.7649,Low-cost option,0.7479,0.7921,0.7947,0.7249,843,0.7972,Mostly Positive,"0 .. 20,000",10000.0,4.99,False,False,False,True,2022,Action|Adventure,3D|Action|Action-Adventure|Adventure|Atmospheric|Drama|Emotional|Exploration|Female Protagonist|Horror|Mystery|Open World|Psychological Horror|PvE|Realistic,PASS,PASS,PASS,PASS,PENDING_EXTERNAL_CHECK
1585440,They Always Run,Alawar,Alawar,0.7649,Low-cost option,0.7362,0.7921,0.7087,0.8225,789,0.8124,Very Positive,"0 .. 20,000",10000.0,3.29,False,False,False,True,2021,Action|Adventure,2D|2D Platformer|Action|Action-Adventure|Adventure|Atmospheric|Combat|Crime|Fast-Paced|Hack and Slash|Hand-drawn|Indie|Ninja|Platformer|Sci-fi,PASS,PASS,PASS,PASS,PENDING_EXTERNAL_CHECK
1640720,WTF Is Wrong With You?,Randumb Studios,Randumb Studios,0.7639,Low-cost option,0.5771,0.7921,0.7871,0.8992,349,0.9341,Very Positive,"0 .. 20,000",10000.0,1.99,False,False,False,True,2021,Adventure|Casual|Simulation,Artificial Intelligence|Choices Matter|Choose Your Own Adventure|Comedy|Dark Comedy|Dark Humor|Education|Funny|Immersive Sim|Interactive Fiction|LGBTQ+|Life Sim|Memes|Multiple Endings|Parody,PASS,PASS,PASS,PASS,PENDING_EXTERNAL_CHECK
415610,Red Comrades Save the Galaxy: Reloaded,Buka Development,ESDigital Games,0.7613,Low-cost option,0.7395,0.4783,0.841,0.9863,805,0.9317,Very Positive,"20,000 .. 50,000",35000.0,0.79,False,False,False,True,2016,Adventure,2D|Adventure|Atmospheric|Cartoon|Cartoony|Classic|Comedy|Conversation|Dark Humor|Dynamic Narration|Funny|Hidden Object|Point & Click|Politics|Puzzle,PASS,PASS,PASS,PASS,PENDING_EXTERNAL_CHECK
638850,Animallica,Animallica Games Studio,Fareed Flgaming,0.7598,Low-cost option,0.7577,0.7921,0.7645,0.7249,900,0.7067,Mostly Positive,"0 .. 20,000",10000.0,4.99,True,False,False,True,2022,Action|Adventure|Indie|Simulation,Action|Adventure|Base Building|Building|Cats|Crafting|Early Access|Female Protagonist|First-Person|Horses|Hunting|Indie|Nature|Open World|Open World Survival Craft,PASS,PASS,PASS,PASS,PENDING_EXTERNAL_CHECK
1035050,Alt-Frequencies,"Accidental Queens, ARTE France",PID Games,0.7587,Low-cost option,0.4645,0.7921,0.7919,0.9863,214,0.8645,Very Positive,"0 .. 20,000",10000.0,0.79,True,False,False,True,2019,Indie,Adventure|Conspiracy|Detective|Experimental|Great Soundtrack|Indie|Interactive Fiction|Investigation|Narration|Political|Politics|Sci-fi|Short|Singleplayer|Story Rich,PASS,PASS,PASS,PASS,PENDING_EXTERNAL_CHECK
2001570,Yakiniku simulator,"SECRET CHARACTER, Napas Torteeka, REBUILD GAMES","SECRET CHARACTER, Flyhigh Works",0.7587,Low-cost option,0.6005,0.7921,0.9172,0.7249,388,0.933,Very Positive,"0 .. 20,000",10000.0,4.99,True,False,False,True,2022,Casual|Indie|Simulation,Atmospheric|Casual|Clicker|Colorful|Controller|Cooking|Funny|Life Sim|Management|Memes|Multiplayer|Puzzle|Realistic|Rhythm|Simulation,PASS,PASS,PASS,PASS,PENDING_EXTERNAL_CHECK
1524250,Survivor Dieland,Randumb Studios,Randumb Studios,0.758,Low-cost option,0.4759,0.7921,0.8649,0.8992,224,0.9509,Very Positive,"0 .. 20,000",10000.0,1.99,False,False,False,True,2021,Adventure|Simulation,Adventure|Choices Matter|Choose Your Own Adventure|Comedy|Dark Comedy|Dark Humor|Experimental|Funny|Immersive Sim|Interactive Fiction|Life Sim|Lore-Rich|Multiple Endings|Parody|Post-apocalyptic,PASS,PASS,PASS,PASS,PENDING_EXTERNAL_CHECK
1771180,No Fair Play,Self MADev,Self MADev,0.7579,Low-cost option,0.5739,0.7921,0.8186,0.8471,344,0.8895,Very Positive,"0 .. 20,000",10000.0,2.99,True,True,True,True,2023,Action|Indie|Simulation|Sports,3D|3D Fighter|Action|Collectathon|Combat|Destruction|Football (Soccer)|Funny|Martial Arts|Multiplayer|Online Co-Op|Parkour|Physics|Puzzle Platformer|PvP,PASS,PASS,PASS,PASS,PENDING_EXTERNAL_CHECK
1221240,Tavern Cards,Vadd Games,gigantumgames,0.7576,Low-cost option,0.3913,0.7921,0.8484,0.9987,160,0.7562,Mostly Positive,"0 .. 20,000",10000.0,0.38,False,False,False,True,2020,Action|Adventure|Simulation|Strategy,3D|Action|Adventure|Card Battler|Card Game|Choices Matter|Dark Fantasy|Demons|Female Protagonist|First-Person|Hand-drawn|Indie|RPG|Roguelike|Roguelite,PASS,PASS,PASS,PASS,PENDING_EXTERNAL_CHECK
1848960,Medieval Fantasy Survival Simulator,Randumb Studios,Randumb Studios,0.7574,Low-cost option,0.4988,0.7921,0.8395,0.8992,246,0.9675,Very Positive,"0 .. 20,000",10000.0,1.99,False,False,False,True,2022,Adventure|RPG|Simulation,Anime|Choices Matter|Choose Your Own Adventure|Cute|Dragons|Economy|Education|Historical|Horror|Immersive Sim|Life Sim|Multiple Endings|Psychological|RPG|Simulation,PASS,PASS,PASS,PASS,PENDING_EXTERNAL_CHECK
1895890,9 Childs Street,"N4bA, SsmA",N4bA,0.7552,Depth,0.6818,0.7921,0.9295,0.6174,576,0.9184,Very Positive,"0 .. 20,000",10000.0,6.99,True,False,False,True,2023,Indie,3D|Adventure|Atmospheric|Dark|First-Person|Horror|Indie|Linear|Multiplayer|Mystery|Psychological|Psychological Horror|Realistic|Singleplayer|Story Rich,PASS,PASS,PASS,PASS,PENDING_EXTERNAL_CHECK
665120,Jetman Go,Linkflag Studio,Linkflag Studio,0.754,Low-cost option,0.4148,0.7921,0.9099,0.8992,175,0.8,Very Positive,"0 .. 20,000",10000.0,1.99,True,True,True,True,2017,Action|Casual|Indie|Simulation|Sports,Action|Adventure|Arena Shooter|Atmospheric|Casual|Co-op|Crafting|Difficult|FPS|Free to Play|Funny|Indie|Jet|Memes|Multiplayer,PASS,PASS,PASS,PASS,PENDING_EXTERNAL_CHECK
668350,Higurashi When They Cry Hou - Ch.6 Tsumihoroboshi,07th Expansion,MangaGamer,0.7535,Depth,0.6939,0.7921,0.8551,0.6729,616,0.9886,Overwhelmingly Positive,"0 .. 20,000",10000.0,5.19,False,False,False,True,2018,Adventure,Adventure|Anime|Atmospheric|Cute|Dark|Female Protagonist|Gore|Great Soundtrack|Horror|Indie|Linear|Mystery|Psychological Horror|Singleplayer|Story Rich,PASS,PASS,PASS,PASS,PENDING_EXTERNAL_CHECK
1889640,The Backrooms: Survival,RE:CODE,RE:CODE,0.7533,Anchor,0.7875,0.7921,0.9585,0.4752,1110,0.8405,Very Positive,"0 .. 20,000",10000.0,9.99,True,True,True,True,2023,Action|Adventure|Indie|Massively Multiplayer|Simulation,Adventure|Co-op|Dark|Dungeon Crawler|First-Person|Horror|Memes|Multiplayer|Mystery Dungeon|Online Co-Op|Psychedelic|Psychological|Psychological Horror|PvP|Retro,PASS,PASS,PASS,PASS,PENDING_EXTERNAL_CHECK
1397030,Survive or Thrive,Randumb Studios,Randumb Studios,0.7509,Low-cost option,0.4771,0.7921,0.8351,0.8992,225,0.9822,Very Positive,"0 .. 20,000",10000.0,1.99,False,False,False,True,2020,RPG|Simulation,Artificial Intelligence|Choices Matter|Choose Your Own Adventure|Dinosaurs|Fishing|Horror|Hunting|Immersive Sim|Interactive Fiction|Life Sim|Multiple Endings|Open World|RPG|Simulation|Stealth,PASS,PASS,PASS,PASS,PENDING_EXTERNAL_CHECK
1688580,A YEAR OF SPRINGS,npckc,npckc,0.7504,Low-cost option,0.7109,0.7921,0.7736,0.7249,679,0.9867,Overwhelmingly Positive,"0 .. 20,000",10000.0,4.99,True,False,False,True,2021,Casual|Indie|Simulation,2D|Anime|Atmospheric|Casual|Choices Matter|Choose Your Own Adventure|Cute|Emotional|Female Protagonist|Interactive Fiction|LGBTQ+|Multiple Endings|Music|Relaxing|Romance,PASS,PASS,PASS,PASS,PENDING_EXTERNAL_CHECK
577480,Higurashi When They Cry Hou - Ch. 5 Meakashi,07th Expansion,MangaGamer,0.7499,Depth,0.7091,0.7921,0.8255,0.6729,673,0.9733,Overwhelmingly Positive,"0 .. 20,000",10000.0,5.19,False,False,False,True,2017,Adventure,2D|Adventure|Anime|Atmospheric|Casual|Cute|Dark|Female Protagonist|Gore|Great Soundtrack|Horror|Indie|Linear|Mystery|Psychological,PASS,PASS,PASS,PASS,PENDING_EXTERNAL_CHECK
465020,Sector Six,V3663L,V3663L,0.7472,Low-cost option,0.506,0.7921,0.769,0.9217,254,0.937,Very Positive,"0 .. 20,000",10000.0,1.8,True,False,False,True,2018,Action|Indie|RPG,Action RPG|Atmospheric|Building|Character Customization|Dark|Dystopian|Gun Customization|Loot|Looter Shooter|Military|Procedural Generation|RPG|Real-Time|Sci-fi|Shoot 'Em Up,PASS,PASS,PASS,PASS,PENDING_EXTERNAL_CHECK
1004490,Tools Up!,The Knights of Unity,"Untold Tales, Gamersky Games",0.7471,Low-cost option,0.7707,0.4783,0.94,0.7993,986,0.7799,Mostly Positive,"20,000 .. 50,000",35000.0,3.99,True,True,True,True,2019,Action|Adventure|Casual|Indie|Simulation,4 Player Local|Action|Adventure|Casual|Co-op|Co-op Campaign|Colorful|Cute|Difficult|Family Friendly|Funny|Great Soundtrack|Indie|Local Co-Op|Local Multiplayer,PASS,PASS,PASS,PASS,PENDING_EXTERNAL_CHECK
3024830,Chushpan Simulator 2,Sebasa Games,Sebasa Games,0.7468,Low-cost option,0.4191,0.7921,0.8505,0.9255,178,0.764,Mostly Positive,"0 .. 20,000",10000.0,1.49,True,False,False,True,2024,Action|Adventure|Indie|RPG|Simulation,Action|Adventure|Atmospheric|Boxing|Choices Matter|Combat|Comedy|Dark Humor|Emotional|First-Person|Funny|Indie|Life Sim|Memes|Open World,PASS,PASS,PASS,PASS,PENDING_EXTERNAL_CHECK
1141120,Scarlet Hood and the Wicked Wood,Devespresso Games,Headup,0.7465,Low-cost option,0.4885,0.7921,0.7747,0.9305,237,0.8692,Very Positive,"0 .. 20,000",10000.0,1.19,True,False,False,True,2021,Adventure|Indie,2D|Adventure|Anime|Cartoon|Choices Matter|Comic Book|Female Protagonist|Indie|Interactive Fiction|Investigation|Multiple Endings|Puzzle|Puzzle Platformer|Side Scroller|Singleplayer,PASS,PASS,PASS,PASS,PENDING_EXTERNAL_CHECK
1916970,Tree Simulator 2023,Revmatek,Remvatek,0.746,Depth,0.7269,0.7921,0.8876,0.5776,748,0.9599,Overwhelmingly Positive,"0 .. 20,000",10000.0,7.99,True,True,True,True,2022,Action|Adventure|Casual|Indie|Simulation,3D|Action-Adventure|Adventure|Atmospheric|Casual|Character Customization|Co-op|Colorful|Comedy|Emotional|Exploration|Funny|Life Sim|Multiplayer|Nature,PASS,PASS,PASS,PASS,PENDING_EXTERNAL_CHECK
496650,Antihorror,HFM Games,HFM Games,0.7449,Low-cost option,0.4677,0.7921,0.7619,0.9579,217,0.7281,Mostly Positive,"0 .. 20,000",10000.0,0.99,True,False,False,True,2016,Action|Indie,Action|Action-Adventure|Adventure|Aliens|Atmospheric|Comedy|Dark Comedy|Dark Humor|Exploration|FMV|First-Person|Funny|Hidden Object|Horror|Indie,PASS,PASS,PASS,PASS,PENDING_EXTERNAL_CHECK
1913490,Adorable Witch 3,Lovely Games,Lovely Games,0.7433,Low-cost option,0.6728,0.7921,0.6612,0.8471,546,0.8553,Very Positive,"0 .. 20,000",10000.0,2.99,False,False,False,True,2022,,2D|2D Platformer|Anime|Atmospheric|Cartoon|Casual|Cute|Dating Sim|Exploration|Female Protagonist|Funny|Idler|Indie|Puzzle|RPG,PASS,PASS,PASS,PASS,PENDING_EXTERNAL_CHECK
2472390,A Technician's Nightmare,Luzh.,Luzh.,0.7432,Low-cost option,0.3511,0.7921,0.9306,0.8992,139,0.8129,Very Positive,"0 .. 20,000",10000.0,1.99,True,True,True,True,2024,Indie|Simulation,4 Player Local|Co-op|First-Person|Hidden Object|Horror|Indie|Life Sim|Multiplayer|Online Co-Op|Psychedelic|Psychological Horror|Quick-Time Events|Simulation|Singleplayer|Survival Horror,PASS,PASS,PASS,PASS,PENDING_EXTERNAL_CHECK
1333800,Villa's Blinds,"Çamlıca GameLab, Neuron Entertainment",Neuron Entertainment,0.7427,Low-cost option,0.4617,0.7921,0.9377,0.7791,212,0.8066,Very Positive,"0 .. 20,000",10000.0,4.49,True,False,False,True,2022,Casual|Indie|Simulation|Strategy,Adventure|Casual|Choices Matter|Early Access|Economy|FPS|First-Person|Game Development|Immersive Sim|Indie|Management|Multiplayer|Realistic|Resource Management|Sandbox,PASS,PASS,PASS,PASS,PENDING_EXTERNAL_CHECK
327560,Near Death,Orthogonal Games,Orthogonal Games,0.7418,Anchor,0.7739,0.7921,0.8237,0.5776,1005,0.9124,Very Positive,"0 .. 20,000",10000.0,7.99,True,False,False,True,2016,Action|Adventure|Indie|Simulation,Action|Action-Adventure|Adventure|Atmospheric|Controller|Dark|Difficult|Exploration|Female Protagonist|First-Person|Indie|Open World|Psychological Horror|Simulation|Singleplayer,PASS,PASS,PASS,PASS,PENDING_EXTERNAL_CHECK
1428310,The Test: Final Revelation,Randumb Studios,Randumb Studios,0.7418,Anchor,0.9455,0.1884,0.934,0.8992,5280,0.9805,Overwhelmingly Positive,"100,000 .. 200,000",150000.0,1.99,False,False,False,True,2020,RPG|Simulation,Anime|Atmospheric|Choices Matter|Choose Your Own Adventure|Detective|Horror|Immersive Sim|Interactive Fiction|Investigation|Life Sim|Multiple Endings|Mystery|Psychological|Psychological Horror|RPG,PASS,PASS,PASS,PASS,PENDING_EXTERNAL_CHECK
787070,Super Ledgehop: Double Laser,LAME Dimension,LAME Dimension,0.7411,Low-cost option,0.7156,0.4783,0.8128,0.9579,698,0.9713,Overwhelmingly Positive,"20,000 .. 50,000",35000.0,0.99,True,False,False,True,2018,Action|Adventure|Indie,Action|Adventure|Anime|Bullet Hell|Comedy|Crime|Cute|Faith|Female Protagonist|Funny|Indie|Memes|Pixel Graphics|Rhythm|Shoot 'Em Up,PASS,PASS,PASS,PASS,PENDING_EXTERNAL_CHECK
1116580,Shady Part of Me,Douze Dixièmes,Focus Entertainment,0.7409,Anchor,0.8741,0.3062,0.9075,0.8759,2279,0.9469,Very Positive,"50,000 .. 100,000",75000.0,2.24,True,False,False,True,2020,Indie,3D Platformer|Adventure|Atmospheric|Casual|Dark|Female Protagonist|Great Soundtrack|Horror|Indie|Linear|Physics|Platformer|Psychological|Psychological Horror|Puzzle,PASS,PASS,PASS,PASS,PENDING_EXTERNAL_CHECK
2475460,SOS OPS!,ArtDock,ArtDock,0.7406,Depth,0.6875,0.7921,0.8281,0.6546,595,0.8067,Very Positive,"0 .. 20,000",10000.0,5.99,False,True,True,True,2023,,3D|3D Platformer|Action-Adventure|Adventure|Cartoon|Character Customization|Co-op|Colorful|Cute|Funny|Logic|Multiplayer|Online Co-Op|Parkour|Parody,PASS,PASS,PASS,PASS,PENDING_EXTERNAL_CHECK
1594400,GAI Stops Auto: Right Version Simulator,"Axyos Games, Feas",Axyos Games,0.739,Low-cost option,0.5682,0.7921,0.6122,0.9835,334,0.8533,Very Positive,"0 .. 20,000",10000.0,0.89,True,False,False,True,2021,Action|Adventure|Casual|Indie|RPG|Simulation,3D|Action|Action-Adventure|Adventure|Automobile Sim|Casual|Choose Your Own Adventure|Comedy|Conversation|Funny|Horror|Idler|Life Sim|Memes|Open World,PASS,PASS,PASS,PASS,PENDING_EXTERNAL_CHECK
1526180,Hide and Seek,Lucky Dog,Lucky Dog,0.7388,Low-cost option,0.3249,0.7921,0.991,0.8471,127,0.7638,Mostly Positive,"0 .. 20,000",10000.0,2.99,True,True,True,False,2021,Adventure|Indie|Massively Multiplayer|RPG,Action|Adventure|Atmospheric|Beautiful|Family Friendly|Funny|Horror|Indie|Local Multiplayer|Massively Multiplayer|Multiplayer|Online Co-Op|Puzzle|RPG|Replay Value,PASS,PASS,PASS,PASS,PENDING_EXTERNAL_CHECK
2485180,Cats Hidden in Georgia,Travellin Cats,Travellin Cats,0.7387,Low-cost option,0.6895,0.7921,0.4847,0.9887,601,0.9235,Very Positive,"0 .. 20,000",10000.0,0.74,True,False,False,True,2024,Casual|Indie,Cartoony|Casual|Cats|Collectathon|Controller|Cozy|Creature Collector|Cute|Exploration|Hand-drawn|Hidden Object|Indie|Minimalist|Point & Click|Puzzle,PASS,PASS,PASS,PASS,PENDING_EXTERNAL_CHECK
2707940,FPV Kamikaze Drone,HFM Games,HFM Games,0.7387,Anchor,0.9523,0.1884,0.9148,0.8992,5878,0.8862,Very Positive,"100,000 .. 200,000",150000.0,1.99,False,True,True,True,2023,Action|Early Access|Massively Multiplayer|Simulation,Action|Combat|Early Access|First-Person|Flight|Massively Multiplayer|Multiplayer|Shooter|Simulation|Singleplayer|War,PASS,PASS,PASS,PASS,PENDING_EXTERNAL_CHECK
765410,Bean Battles,Gupa Games,Gupa Games,0.7376,Anchor,0.9755,0.09,0.9269,0.9579,9610,0.9389,Very Positive,"200,000 .. 500,000",350000.0,0.99,True,False,True,False,2018,Action|Indie,Action|Atmospheric|Battle Royale|Dating Sim|Difficult|Epic|FPS|Family Friendly|Funny|God Game|Great Soundtrack|Horror|Indie|Memes|Multiplayer,PASS,PASS,PASS,PASS,PENDING_EXTERNAL_CHECK
1060310,Great Toilet Simulator,Kiddy,Kiddy,0.7375,Low-cost option,0.6518,0.7921,0.5482,0.9579,493,0.8134,Very Positive,"0 .. 20,000",10000.0,0.99,True,False,False,True,2019,Action|Adventure|Indie|Simulation,Action|Adventure|Atmospheric|Comedy|First-Person|Funny|Horror|Indie|Psychological Horror|Simulation|Singleplayer|Survival,PASS,PASS,PASS,PASS,PENDING_EXTERNAL_CHECK
2205190,Clown Of Duty,RIVERSIDE SPORTS,RIVERSIDE SPORTS,0.7367,Low-cost option,0.3076,0.7921,0.8513,0.9957,120,0.725,Mostly Positive,"0 .. 20,000",10000.0,0.49,False,False,True,True,2022,Action,3D|Action|Arena Shooter|Atmospheric|Character Customization|Combat|FPS|First-Person|Immersive Sim|Military|Multiplayer|PvE|PvP|Shoot 'Em Up|Shooter,PASS,PASS,PASS,PASS,PENDING_EXTERNAL_CHECK
1572810,МЕМОЛОГИЯ,Boom Games,Boom Games,0.7366,Low-cost option,0.6626,0.7921,0.4962,0.9957,520,0.8577,Very Positive,"0 .. 20,000",10000.0,0.49,True,False,False,True,2021,Action|Adventure|Casual|Indie|RPG|Simulation,Action|Adventure|Anime|Casual|Cats|Choices Matter|Clicker|Comedy|Dark Comedy|Dark Fantasy|Indie|LGBTQ+|Memes|Parody|Puzzle,PASS,PASS,PASS,PASS,PENDING_EXTERNAL_CHECK
952200,stikir,Bilge Kaan,Bilge Kaan,0.7366,Low-cost option,0.527,0.7921,0.7803,0.8471,277,0.852,Very Positive,"0 .. 20,000",10000.0,2.99,True,False,False,True,2019,Action|Adventure|Indie,Abstract|Action-Adventure|Adventure|Atmospheric|Comedy|Experimental|Exploration|Funny|Game Development|Mystery|Philosophical|Pixel Graphics|Psychedelic|Psychological|Side Scroller,PASS,PASS,PASS,PASS,PENDING_EXTERNAL_CHECK
1111380,ROBOTICS;NOTES ELITE,MAGES. Inc.,"Spike Chunsoft Co., Ltd.",0.7366,Depth,0.6435,0.7921,0.8932,0.6174,474,0.9135,Very Positive,"0 .. 20,000",10000.0,6.99,False,False,False,True,2020,Adventure,Adventure|Anime|Atmospheric|Choices Matter|Conspiracy|Great Soundtrack|Mechs|Multiple Endings|Mystery|Robots|Sci-fi|Science|Singleplayer|Story Rich|Visual Novel,PASS,PASS,PASS,PASS,PENDING_EXTERNAL_CHECK
1532510,Purrfect Apawcalypse: Love at Furst Bite,"Denny Truong, Andy Schneider",90% Studios,0.7365,Low-cost option,0.7099,0.7921,0.7191,0.7249,675,0.9881,Overwhelmingly Positive,"0 .. 20,000",10000.0,4.99,True,False,False,True,2021,Adventure|Indie|RPG,Adventure|Cartoon|Cats|Choices Matter|Choose Your Own Adventure|Cute|Dark Comedy|Dating Sim|Demons|Dog|Horror|Interactive Fiction|LGBTQ+|Magic|Multiple Endings,PASS,PASS,PASS,PASS,PENDING_EXTERNAL_CHECK
1283500,Euphoria: Supreme Mechanics,Whale Rock Games,Whale Rock Games,0.7364,Low-cost option,0.2973,0.7921,0.8649,0.9914,116,0.7931,Mostly Positive,"0 .. 20,000",10000.0,0.59,True,False,False,True,2020,Adventure|Indie|Simulation|Strategy,Action|Action-Adventure|Adventure|Atmospheric|Cyberpunk|Difficult|Exploration|First-Person|Great Soundtrack|Indie|Mystery|Nonlinear|Philosophical|Puzzle|Robots,PASS,PASS,PASS,PASS,PENDING_EXTERNAL_CHECK
1146940,I will eat you,Butengo entertainment,Butengo entertainment,0.7352,Low-cost option,0.5402,0.7921,0.8837,0.7249,293,0.7782,Mostly Positive,"0 .. 20,000",10000.0,4.99,True,True,True,False,2019,Action|Adventure|Casual|Indie|Massively Multiplayer|RPG,Action|Addictive|Adventure|Atmospheric|Beautiful|Casual|Co-op|Family Friendly|Fantasy|Funny|Indie|Massively Multiplayer|Multiplayer|Online Co-Op|Psychological Horror,PASS,PASS,PASS,PASS,PENDING_EXTERNAL_CHECK
2601030,Exanimum: The Silent Call,Perspektik,Perspektik,0.7349,Low-cost option,0.5006,0.7921,0.8475,0.7993,248,0.8508,Very Positive,"0 .. 20,000",10000.0,3.99,True,False,False,True,2024,Indie,Atmospheric|Dark|First-Person|Horror|Indie|Multiplayer|Psychological Horror|Realistic|Singleplayer|Story Rich|Thriller,PASS,PASS,PASS,PASS,PENDING_EXTERNAL_CHECK
2310300,THE MEME HUNTER,Performance Artist,Performance Artist,0.7346,Low-cost option,0.444,0.7921,0.7068,0.9957,198,0.7374,Mostly Positive,"0 .. 20,000",10000.0,0.49,True,False,False,True,2023,Action|Adventure|Casual|Indie|RPG|Simulation,Action|Adventure|Arena Shooter|Atmospheric|Cats|Emotional|FPS|First-Person|Funny|Immersive Sim|Memes|Open World|Psychological Horror|RPG|Realistic,PASS,PASS,PASS,PASS,PENDING_EXTERNAL_CHECK
2591910,My Furry Protogen 2 🐾,,,0.7337,Low-cost option,0.5756,0.7921,0.7474,0.8196,347,0.9654,Very Positive,"0 .. 20,000",10000.0,3.6296000000000004,True,False,False,True,2024,Adventure|Casual|Indie,Action|Adventure|Atmospheric|Casual|Choose Your Own Adventure|Cute|Cyberpunk|Dating Sim|Drama|Funny|NSFW|Relaxing|Robots|Romance|Sci-fi,PASS,PASS,PASS,PASS,PENDING_EXTERNAL_CHECK
1520380,HALF DEAD 3,Room710Games,Room710Games,0.7336,Low-cost option,0.6756,0.4783,0.9073,0.8733,554,0.7635,Mostly Positive,"20,000 .. 50,000",35000.0,2.49,False,True,True,True,2022,Action|Adventure|Massively Multiplayer,3D|Action|Action-Adventure|Adventure|Character Customization|Co-op|Exploration|First-Person|Gore|Horror|Local Co-Op|Local Multiplayer|Massively Multiplayer|Multiplayer|Online Co-Op,PASS,PASS,PASS,PASS,PENDING_EXTERNAL_CHECK
401680,POSTAL Redux,Running With Scissors,Running With Scissors,0.733,Anchor,0.9548,0.4783,0.9491,0.5498,6116,0.9192,Very Positive,"20,000 .. 50,000",35000.0,8.99,True,True,True,True,2016,Action|Indie,Action|Co-op|Co-op Campaign|Dark Comedy|Dark Humor|Fast-Paced|Gore|Horror|Isometric|Multiplayer|Online Co-Op|Pixel Graphics|Psychological Horror|Shooter|Singleplayer,PASS,PASS,PASS,PASS,PENDING_EXTERNAL_CHECK
2072640,Inout,Gample,Gample,0.7313,Low-cost option,0.4514,0.7921,0.9566,0.7249,204,0.7108,Mostly Positive,"0 .. 20,000",10000.0,4.99,True,True,True,True,2023,Action|Early Access|Indie,Action|Atmospheric|Cinematic|Co-op|Controller|Dark|Difficult|Early Access|First-Person|Gore|Horror|Multiplayer|Online Co-Op|Psychological Horror|Puzzle,PASS,PASS,PASS,PASS,PENDING_EXTERNAL_CHECK
2444000,Ramen Oil Pecking Simulator,Penguin Gamers,Penguin Gamers,0.7313,Low-cost option,0.4413,0.7921,0.7338,0.9579,196,0.8367,Very Positive,"0 .. 20,000",10000.0,0.99,True,False,False,True,2023,Casual|Indie|Simulation,Atmospheric|Casual|Clicker|Controller|Cooking|First-Person|Immersive Sim|Indie|Memes|Minimalist|Modern|Mouse only|Physics|Relaxing|Short,PASS,PASS,PASS,PASS,PENDING_EXTERNAL_CHECK
1198860,Snowballs,Funny Games,Funny Games,0.731,Low-cost option,0.353,0.7921,0.8212,0.9579,140,0.8571,Very Positive,"0 .. 20,000",10000.0,0.99,True,True,True,True,2020,Action|Casual|Indie|Massively Multiplayer,Action|Atmospheric|Beautiful|Cartoony|Casual|Early Access|Family Friendly|Fantasy|Fast-Paced|Funny|Indie|Local Multiplayer|Massively Multiplayer|Multiplayer|Online Co-Op,PASS,PASS,PASS,PASS,PENDING_EXTERNAL_CHECK
2018640,My Cat Girl Lover,"琉璃花糖制作组, Garakowa Marshmallow","WindField Games, 琉璃花糖制作组, Garakowa Marshmallow",0.7309,Low-cost option,0.4918,0.7921,0.7928,0.8471,240,0.9125,Very Positive,"0 .. 20,000",10000.0,2.99,True,False,False,True,2022,Casual|Indie|RPG,2D|2D Platformer|Anime|Casual|Comedy|Cute|Dating Sim|Female Protagonist|First-Person|Funny|Interactive Fiction|JRPG|LGBTQ+|Multiple Endings|RPG,PASS,PASS,PASS,PASS,PENDING_EXTERNAL_CHECK
2125160,Prison Life 2,AO Games,AO Games,0.7306,Low-cost option,0.4759,0.7921,0.9294,0.7249,224,0.8304,Very Positive,"0 .. 20,000",10000.0,4.99,True,True,True,True,2023,Casual|Indie|RPG|Simulation|Strategy,Casual|Choose Your Own Adventure|Co-op|Cute|Detective|First-Person|Indie|Local Multiplayer|Multiplayer|Online Co-Op|PvP|Quick-Time Events|RPG|Simulation|Singleplayer,PASS,PASS,PASS,PASS,PENDING_EXTERNAL_CHECK
564310,Serious Sam Fusion 2017 (beta),Croteam,"Devolver Digital, Croteam",0.7305,Anchor,0.9393,0.09,0.967,0.9255,4763,0.9297,Very Positive,"200,000 .. 500,000",350000.0,1.49,True,True,True,True,,Action|Indie,Action|Arena Shooter|Boomer Shooter|Classic|Co-op|Comedy|Difficult|FPS|First-Person|Funny|Gore|Great Soundtrack|Indie|Local Co-Op|Multiplayer,PASS,PASS,PASS,PASS,PENDING_EXTERNAL_CHECK
8000,Tomb Raider: Anniversary,Crystal Dynamics,Crystal Dynamics,0.7303,Anchor,0.9575,0.0215,0.9601,0.982,6385,0.8235,Very Positive,"500,000 .. 1,000,000",750000.0,0.98,False,False,False,True,2007,Action|Adventure,3D Platformer|3D Vision|Action|Action-Adventure|Adventure|Atmospheric|Classic|Dinosaurs|Exploration|Female Protagonist|Multiplayer|Parkour|Platformer|Puzzle|Remake,PASS,PASS,PASS,PASS,PENDING_EXTERNAL_CHECK
39530,Painkiller: Black Edition,People Can Fly,Prime Matter,0.7302,Anchor,0.8562,0.1884,0.977,0.8992,1918,0.8926,Very Positive,"100,000 .. 200,000",150000.0,1.99,False,False,False,False,2007,Action,Action|Arena Shooter|Atmospheric|Boomer Shooter|Classic|Cult Classic|Dark|Demons|FPS|Fast-Paced|First-Person|Gore|Gothic|Great Soundtrack|Horror,PASS,PASS,PASS,PASS,PENDING_EXTERNAL_CHECK
1726730,You Must,Thin Line,Thin Line,0.7302,Low-cost option,0.6116,0.7921,0.618,0.8992,408,0.7672,Mostly Positive,"0 .. 20,000",10000.0,1.99,True,False,False,True,2021,Indie|Simulation,3D|3D Platformer|Atmospheric|Dark|Exploration|First-Person|Horror|Indie|Logic|Mystery|Old School|Psychological|Psychological Horror|PvE|Retro,PASS,PASS,PASS,PASS,PENDING_EXTERNAL_CHECK
405010,Bitardia,varlamov5264,varlamov5264,0.7301,Depth,0.747,0.7921,0.7266,0.6546,839,0.8856,Very Positive,"0 .. 20,000",10000.0,5.99,True,False,False,True,2021,Action|Adventure|Indie,Abstract|Action|Action-Adventure|Adventure|Atmospheric|Dystopian|Early Access|FPS|First-Person|Gore|Horror|Indie|Memes|Open World|Psychological Horror,PASS,PASS,PASS,PASS,PENDING_EXTERNAL_CHECK
330820,2064: Read Only Memories,"MidBoss, LLC.",Chorus Worldwide Games,0.73,Anchor,0.837,0.7921,0.8158,0.4752,1621,0.7946,Mostly Positive,"0 .. 20,000",10000.0,9.99,True,False,False,True,2015,Adventure|Indie,2D|Adventure|Atmospheric|Choices Matter|Comic Book|Conversation|Cyberpunk|Emotional|Futuristic|Interactive Fiction|LGBTQ+|Multiple Endings|Noir|Pixel Graphics|Point & Click,PASS,PASS,PASS,PASS,PENDING_EXTERNAL_CHECK
1259380,Submarine Titans,Ellipse Studios,Strategy First,0.73,Low-cost option,0.5423,0.7921,0.8606,0.7249,296,0.8649,Very Positive,"0 .. 20,000",10000.0,4.99,False,False,False,True,2020,Simulation|Strategy,Atmospheric|Classic|Crafting|Cult Classic|Local Multiplayer|Naval|Naval Combat|RTS|Real-Time|Replay Value|Retro|Sci-fi|Simulation|Singleplayer|Story Rich,PASS,PASS,PASS,PASS,PENDING_EXTERNAL_CHECK
546220,Red Comrades 3: Return of Alaska. Reloaded,"Buka Development, Saturn Plus",ESDigital Games,0.7296,Low-cost option,0.6023,0.4783,0.8494,0.9887,391,0.8107,Very Positive,"20,000 .. 50,000",35000.0,0.74,False,False,False,True,2017,Adventure,2D|Adventure|Atmospheric|Cartoony|Classic|Comedy|Cult Classic|Dark Humor|Funny|Great Soundtrack|Hand-drawn|Hidden Object|Point & Click|Puzzle|Remake,PASS,PASS,PASS,PASS,PENDING_EXTERNAL_CHECK
1025410,Metamorphosis,Ovid Works,Untold Tales,0.7296,Low-cost option,0.6794,0.7921,0.722,0.7249,567,0.8589,Very Positive,"0 .. 20,000",10000.0,4.99,True,False,False,True,2020,Action|Adventure|Indie,3D|3D Platformer|Adventure|Atmospheric|Beautiful|Dark|Detective|Exploration|First-Person|Great Soundtrack|Indie|Mystery|Noir|Philosophical|Puzzle,PASS,PASS,PASS,PASS,PENDING_EXTERNAL_CHECK
8140,Tomb Raider: Underworld,Crystal Dynamics,Crystal Dynamics,0.7291,Anchor,0.9527,0.0215,0.9601,0.982,5899,0.7662,Mostly Positive,"500,000 .. 1,000,000",750000.0,0.98,False,False,False,True,2008,Action|Adventure,3D Platformer|3D Vision|Action|Action-Adventure|Adventure|Atmospheric|Classic|Exploration|Female Protagonist|Multiplayer|Open World|Parkour|Platformer|Puzzle|Shooter,PASS,PASS,PASS,PASS,PENDING_EXTERNAL_CHECK
347600,Total Miner,SamplerState Games LLC,SamplerState Games LLC,0.7289,Low-cost option,0.716,0.4783,0.8742,0.8471,701,0.7789,Mostly Positive,"20,000 .. 50,000",35000.0,2.99,True,True,True,True,2017,Action|Adventure|Early Access|Indie|RPG,Action|Adventure|Building|Crafting|Early Access|First-Person|Indie|Multiplayer|Open World|Pixel Graphics|RPG|Replay Value|Sandbox|Singleplayer|Survival,PASS,PASS,PASS,PASS,PENDING_EXTERNAL_CHECK
1835810,Amelie,Two and a Half Studios,Two and a Half Studios,0.7289,Low-cost option,0.5646,0.7921,0.7596,0.7993,328,0.9329,Very Positive,"0 .. 20,000",10000.0,3.99,True,False,False,True,2021,Indie|Simulation,2D|Anime|Atmospheric|Choose Your Own Adventure|Dark|Female Protagonist|Horror|Indie|LGBTQ+|Linear|Multiple Endings|Mystery|Psychological|Psychological Horror|Short,PASS,PASS,PASS,PASS,PENDING_EXTERNAL_CHECK
526490,Higurashi When They Cry Hou - Ch.4 Himatsubushi,07th Expansion,MangaGamer,0.7283,Low-cost option,0.6864,0.7921,0.5878,0.8471,592,0.978,Overwhelmingly Positive,"0 .. 20,000",10000.0,2.99,True,False,False,True,2016,Adventure|Casual|Indie,2D|Adventure|Anime|Atmospheric|Casual|Cult Classic|Cute|Dark|Great Soundtrack|Horror|Indie|Linear|Mystery|Psychological|Psychological Horror,PASS,PASS,PASS,PASS,PENDING_EXTERNAL_CHECK
2214950,cat and rat,undownsidable,undownsidable,0.728,Low-cost option,0.4253,0.7921,0.7022,0.9925,183,0.9235,Very Positive,"0 .. 20,000",10000.0,0.55,True,False,True,True,2022,Casual|Indie|Strategy,2D|Cartoon|Casual|Cats|Cute|Free to Play|Funny|Gore|Horror|Idler|Indie|Local Multiplayer|Memes|Multiplayer|PvP,PASS,PASS,PASS,PASS,PENDING_EXTERNAL_CHECK
1640,Disciples II: Gallean's Return,Strategy First,Strategy First,0.728,Anchor,0.8232,0.3062,0.8521,0.9305,1446,0.8292,Very Positive,"50,000 .. 100,000",75000.0,1.19,False,True,True,True,2006,Strategy,Atmospheric|Classic|Dark Fantasy|Fantasy|Gothic|Great Soundtrack|Isometric|Multiplayer|Nostalgia|RPG|Singleplayer|Strategy|Tactical|Turn-Based|Turn-Based Strategy,PASS,PASS,PASS,PASS,PENDING_EXTERNAL_CHECK
1500740,Snail Simulator,Small Solar Sloth Studios,Small Solar Sloth Studios,0.7278,Low-cost option,0.7307,0.4783,0.9029,0.7993,766,0.9909,Overwhelmingly Positive,"20,000 .. 50,000",35000.0,3.99,True,True,True,True,2023,Action|Adventure|Casual|Indie|Massively Multiplayer|Simulation,Action|Action-Adventure|Atmospheric|Casual|Comedy|Cute|Exploration|Immersive Sim|Linear|Massively Multiplayer|Multiplayer|Psychological Horror|RPG|Realistic|Relaxing,PASS,PASS,PASS,PASS,PENDING_EXTERNAL_CHECK
489610,Chicken Assassin: Reloaded,OneShark,Akupara Games,0.7276,Low-cost option,0.7662,0.7921,0.627,0.7249,954,0.9256,Very Positive,"0 .. 20,000",10000.0,4.99,True,False,False,True,2016,Action|Casual|Indie|RPG,2D|Action|Action-Adventure|Beat 'em up|Cartoony|Casual|Clicker|Comic Book|Cyberpunk|Dark Comedy|Dark Humor|Fighting|Funny|Great Soundtrack|Idler,PASS,PASS,PASS,PASS,PENDING_EXTERNAL_CHECK
1333490,Dead Event,MrSpartano,,0.7269,Low-cost option,0.4085,0.7921,0.8079,0.8992,171,0.8129,Very Positive,"0 .. 20,000",10000.0,1.99,True,True,True,False,2023,Action|Adventure|Indie|Massively Multiplayer|RPG|Simulation,Action|Action RPG|Class-Based|Creature Collector|Dinosaurs|Early Access|Exploration|First-Person|Idler|Immersive Sim|Indie|Life Sim|MMORPG|Massively Multiplayer|Open World,PASS,PASS,PASS,PASS,PENDING_EXTERNAL_CHECK
1572420,Leenie Boog,Alexander Bazhenov,AB Developer,0.7269,Low-cost option,0.5148,0.7921,0.8759,0.7249,264,0.803,Very Positive,"0 .. 20,000",10000.0,4.99,True,False,False,True,2021,Action|Adventure|Indie|Simulation,1980s|Action|Action-Adventure|Adventure|Atmospheric|Dark|Difficult|First-Person|Horror|Indie|Lore-Rich|Mystery|Physics|Psychological Horror|Simulation,PASS,PASS,PASS,PASS,PENDING_EXTERNAL_CHECK
249950,Forge Quest,,Open Realms LLC,0.7264,Low-cost option,0.6741,0.4783,0.7955,0.9579,550,0.8,Very Positive,"20,000 .. 50,000",35000.0,0.99,True,True,True,True,2015,Action|Adventure|Indie|RPG,Action|Action RPG|Adventure|Co-op|Dungeon Crawler|Indie|Multiplayer|RPG|Voxel,PASS,PASS,PASS,PASS,PENDING_EXTERNAL_CHECK
2216360,Disaster Band,PRODUKTIVKELLER Studios,SunDust,0.7263,Low-cost option,0.6909,0.4783,0.9129,0.8232,606,0.8317,Very Positive,"20,000 .. 50,000",35000.0,3.14,True,True,True,True,2022,Casual|Indie,Cartoon|Casual|Comedy|Controller|Cute|Funny|Indie|Multiplayer|Music|Online Co-Op|Rhythm|Singleplayer|Stylized,PASS,PASS,PASS,PASS,PENDING_EXTERNAL_CHECK
696220,Folklore Hunter,Liquid Donkey Games,Liquid Donkey Games,0.726,Anchor,0.7927,0.7921,0.9302,0.3892,1154,0.7574,Mostly Positive,"0 .. 20,000",10000.0,11.99,True,True,True,True,2020,Action|Early Access|Indie,Action|Action-Adventure|Atmospheric|Co-op|Early Access|FPS|First-Person|Horror|Hunting|Multiplayer|Mythology|Online Co-Op|Open World|Psychological Horror|Shooter,PASS,PASS,PASS,PASS,PENDING_EXTERNAL_CHECK
916180,Doodle Derby,Studio Erikson,Headup,0.7257,Low-cost option,0.2178,0.7921,0.9079,0.9848,91,0.7033,Mostly Positive,"0 .. 20,000",10000.0,0.83,True,False,True,True,2020,Indie|Racing|Simulation,2D|4 Player Local|Action|Arcade|Co-op|Competitive|Controller|Fast-Paced|Funny|Great Soundtrack|Indie|Level Editor|Local Co-Op|Local Multiplayer|Multiplayer,PASS,PASS,PASS,PASS,PENDING_EXTERNAL_CHECK
2663530,POOLS,,,0.7254,Anchor,0.906,0.7921,0.7932,0.4105,3124,0.9465,Very Positive,"0 .. 20,000",10000.0,10.14,False,False,False,True,2024,Adventure,3D|Adventure|Atmospheric|Dark|Escape Room|Exploration|First-Person|Immersive|Indie|Investigation|Minimalist|Mystery|Nonlinear|Psychological Horror|Realistic,PASS,PASS,PASS,PASS,PENDING_EXTERNAL_CHECK
6220,FlatOut,"Bugbear Entertainment, ZOOM Platform Media, Jordan Freeman Group",Strategy First,0.7251,Anchor,0.9428,0.09,0.942,0.9255,5070,0.9209,Very Positive,"200,000 .. 500,000",350000.0,1.49,False,False,True,True,2007,Action|Racing|Simulation,Action|Arcade|Automobile Sim|Combat Racing|Controller|Destruction|Difficult|Driving|Funny|Minigames|Multiplayer|Offroad|Old School|Physics|PvP,PASS,PASS,PASS,PASS,PENDING_EXTERNAL_CHECK
805940,RUSSIA BATTLEGROUNDS,Agafonoff,Agafonoff,0.725,Anchor,0.9325,0.09,0.9195,0.9579,4344,0.7733,Mostly Positive,"200,000 .. 500,000",350000.0,0.99,True,False,True,True,2018,Action|Adventure|Indie|Massively Multiplayer|RPG,Action|Action RPG|Adventure|Atmospheric|Battle Royale|FPS|Fast-Paced|First-Person|Funny|Gore|Great Soundtrack|Indie|Massively Multiplayer|Memes|Multiplayer,PASS,PASS,PASS,PASS,PENDING_EXTERNAL_CHECK
35000,Mini Ninjas,IO Interactive,Square Enix,0.7248,Anchor,0.9329,0.09,0.9506,0.9255,4362,0.8936,Very Positive,"200,000 .. 500,000",350000.0,1.49,False,False,False,True,2009,Action|Adventure,3D Platformer|Action|Adventure|Anime|Beautiful|Casual|Controller|Cute|Family Friendly|Funny|Great Soundtrack|Hack and Slash|Multiplayer|Ninja|Open World,PASS,PASS,PASS,PASS,PENDING_EXTERNAL_CHECK
1272840,Dordogne,"UN JE NE SAIS QUOI, UMANIMATION",Focus Entertainment,0.7244,Depth,0.7109,0.7921,0.7969,0.5978,679,0.9529,Overwhelmingly Positive,"0 .. 20,000",10000.0,7.49,True,False,False,True,2023,Adventure|Indie,Adventure|Atmospheric|Casual|Collectathon|Colorful|Cute|Emotional|Exploration|Family Friendly|Female Protagonist|Hand-drawn|Indie|Linear|Narrative|Nature,PASS,PASS,PASS,PASS,PENDING_EXTERNAL_CHECK
881920,Depression The Game,DeepWorks Studios,DeepWorks Studios,0.7244,Low-cost option,0.5489,0.7921,0.6572,0.8992,305,0.7148,Mostly Positive,"0 .. 20,000",10000.0,1.99,True,False,False,True,,Indie|Simulation,3D|Atmospheric|Choices Matter|Dynamic Narration|Emotional|First-Person|Historical|Horror|Immersive Sim|Interactive Fiction|Life Sim|Multiple Endings|Physics|Psychological|Psychological Horror,PASS,PASS,PASS,PASS,PENDING_EXTERNAL_CHECK
1956370,WTF Do You Know?,Randumb Studios,Randumb Studios,0.7241,Low-cost option,0.349,0.7921,0.8562,0.8992,138,0.9493,Very Positive,"0 .. 20,000",10000.0,1.99,True,False,False,True,2022,Indie|RPG|Simulation,Anime|Choices Matter|Choose Your Own Adventure|Comedy|Dark Comedy|Dark Humor|Education|Funny|Immersive Sim|JRPG|LGBTQ+|Logic|Memes|Multiple Endings|Psychological Horror,PASS,PASS,PASS,PASS,PENDING_EXTERNAL_CHECK
2171440,Fear & Hunger 2: Termina,Miro Haverinen,Miro Haverinen,0.7239,Anchor,0.9729,0.7921,0.7416,0.3892,8962,0.9746,Overwhelmingly Positive,"0 .. 20,000",10000.0,11.99,True,False,False,True,2022,Indie|RPG,2D|Anime|Atmospheric|CRPG|Dark Fantasy|Dungeon Crawler|Gothic|Horror|JRPG|Lovecraftian|Multiple Endings|Nonlinear|Party-Based RPG|Pixel Graphics|Psychological Horror,PASS,PASS,PASS,PASS,PENDING_EXTERNAL_CHECK
1684100,Halluci-Sabbat of Koishi,地霊研究院,"地霊研究院, ZRIGN",0.7239,Depth,0.6689,0.7921,0.8572,0.5776,534,0.9251,Very Positive,"0 .. 20,000",10000.0,7.99,True,False,False,True,2024,Action|Adventure|Indie|RPG,2D Fighter|Action|Action RPG|Action-Adventure|Adventure|Anime|Beat 'em up|Cute|Difficult|Faith|Female Protagonist|Indie|LGBTQ+|Multiple Endings|Psychological Horror,PASS,PASS,PASS,PASS,PENDING_EXTERNAL_CHECK
1350350,Touhou Gensokyo Visitor,GameGate,69Gate,0.7231,Low-cost option,0.5252,0.7921,0.7759,0.7993,275,0.9527,Very Positive,"0 .. 20,000",10000.0,3.99,True,False,False,True,2020,Adventure|Casual|Indie|RPG|Simulation,2D|Adventure|Anime|Atmospheric|Casual|Comedy|Cute|Dating Sim|Faith|Fantasy|Funny|Indie|Linear|Magic|Romance,PASS,PASS,PASS,PASS,PENDING_EXTERNAL_CHECK
1779460,My Name is Mayo 3,Green Lava Studios,Green Lava Studios,0.723,Low-cost option,0.424,0.7921,0.7768,0.8992,182,0.9396,Very Positive,"0 .. 20,000",10000.0,1.99,False,False,False,True,2022,Adventure|Simulation,Action-Adventure|Adventure|Cartoony|Clicker|Comic Book|Dark Comedy|Dark Humor|Drama|Emotional|Life Sim|Narration|Psychedelic|Short|Simulation|Singleplayer,PASS,PASS,PASS,PASS,PENDING_EXTERNAL_CHECK
2701910,Ancient Russian Life Simulator,GosDev Production,GosDev Production,0.7225,Low-cost option,0.537,0.7921,0.6032,0.9579,289,0.9308,Very Positive,"0 .. 20,000",10000.0,0.99,True,False,False,True,2023,Casual|Indie|Simulation,Alternate History|Atmospheric|Casual|Clicker|Colorful|Combat|Comedy|Dinosaurs|Economy|Family Friendly|Funny|Historical|Life Sim|Lore-Rich|Memes,PASS,PASS,PASS,PASS,PENDING_EXTERNAL_CHECK
951430,Dead Age 2: The Zombie Survival RPG,Silent Dreams,Headup,0.7223,Anchor,0.7991,0.3062,0.8619,0.922,1208,0.769,Mostly Positive,"50,000 .. 100,000",75000.0,1.79,True,False,False,True,2021,Action|Adventure|Casual|Indie|RPG|Simulation|Strategy,Adventure|Atmospheric|Casual|Choices Matter|Horror|Indie|Party-Based RPG|Post-apocalyptic|RPG|Retro|Roguelike|Roguelite|Singleplayer|Story Rich|Strategy,PASS,PASS,PASS,PASS,PENDING_EXTERNAL_CHECK
684410,Bridge Constructor Portal,ClockStone,Headup,0.7222,Anchor,0.9558,0.09,0.8852,0.9579,6214,0.917,Very Positive,"200,000 .. 500,000",350000.0,0.99,False,False,False,True,2017,Simulation|Strategy,2.5D|2D|Building|Casual|Co-op|Comedy|Difficult|Education|Family Friendly|Funny|Indie|Level Editor|Physics|Puzzle|Sandbox,PASS,PASS,PASS,PASS,PENDING_EXTERNAL_CHECK
1331670,International Space Banana,Cool Scooter Software,PQube,0.722,Low-cost option,0.248,0.7921,0.8902,0.9579,100,0.96,Very Positive,"0 .. 20,000",10000.0,0.99,True,True,True,True,2021,Casual|Indie|Simulation,2D|Adventure|Cartoony|Casual|Co-op|Colorful|Difficult|Dynamic Narration|Funny|Immersive Sim|Intentionally Awkward Controls|Memes|Multiplayer|Narration|Philosophical,PASS,PASS,PASS,PASS,PENDING_EXTERNAL_CHECK
1993030,Clown For Speed,RIVERSIDE SPORTS,RIVERSIDE SPORTS,0.722,Low-cost option,0.2281,0.7921,0.872,0.9957,94,0.8404,Very Positive,"0 .. 20,000",10000.0,0.49,False,False,True,True,2022,Racing|Simulation,3D|Atmospheric|Automobile Sim|Controller|Driving|First-Person|Immersive|Immersive Sim|Multiplayer|Physics|Racing|Realistic|Sandbox|Simulation|Singleplayer,PASS,PASS,PASS,PASS,PENDING_EXTERNAL_CHECK
1358710,Battle Cry of Freedom,Flying Squirrel Entertainment,Flying Squirrel Entertainment,0.7219,Anchor,0.878,0.3062,0.829,0.8746,2361,0.737,Mostly Positive,"50,000 .. 100,000",75000.0,2.4,True,False,True,False,2022,Action|Indie|Massively Multiplayer|RPG|Simulation|Strategy,3D|Action|America|Combat|FPS|First-Person|Historical|Indie|Massively Multiplayer|Military|Moddable|Multiplayer|Real Time Tactics|Shooter|Simulation,PASS,PASS,PASS,PASS,PENDING_EXTERNAL_CHECK
2229990,DARK NIGHT WITH FLOPPA,BLOCK 211,BLOCK 211,0.7219,Low-cost option,0.6486,0.7921,0.4891,0.9579,486,0.9033,Very Positive,"0 .. 20,000",10000.0,0.99,True,False,False,True,2023,Action|Adventure|Indie|Simulation,3D|Action|Adventure|Comedy|Dark|Dark Humor|Emotional|First-Person|Funny|Horror|Immersive Sim|Indie|Memes|Psychological Horror|Realistic,PASS,PASS,PASS,PASS,PENDING_EXTERNAL_CHECK
1599250,BORIS RUSSIAN BEAR,Guilty Pleasure Games,Guilty Pleasure Games,0.7217,Low-cost option,0.6082,0.7921,0.4907,0.9957,402,0.8607,Very Positive,"0 .. 20,000",10000.0,0.49,True,False,False,True,2021,Action|Adventure|Casual|Indie|RPG|Simulation,Action|Action-Adventure|Adventure|Arena Shooter|Atmospheric|Casual|Colorful|Funny|Hero Shooter|Indie|Open World|RPG|Sandbox|Shooter|Simulation,PASS,PASS,PASS,PASS,PENDING_EXTERNAL_CHECK
975470,Silver Chains,Cracked Heads Games,Headup,0.7214,Anchor,0.7825,0.1884,0.9854,0.9292,1075,0.706,Mostly Positive,"100,000 .. 200,000",150000.0,1.24,True,False,False,True,2019,Adventure|Indie,Adventure|Atmospheric|Demons|Exploration|First-Person|Gore|Horror|Indie|Mature|Multiplayer|Mystery|Narration|Psychological|Psychological Horror|Puzzle,PASS,PASS,PASS,PASS,PENDING_EXTERNAL_CHECK
445110,Tasty Planet: Back for Seconds,Dingo Games,Dingo Games,0.7212,Depth,0.6644,0.7921,0.8509,0.5776,524,0.9294,Very Positive,"0 .. 20,000",10000.0,7.99,True,True,True,True,2016,Action|Adventure|Casual|Indie,2D|Action|Adventure|Casual|Co-op|Comedy|Cute|Destruction|Dinosaurs|Free to Play|Funny|Indie|Local Co-Op|Local Multiplayer|Multiplayer,PASS,PASS,PASS,PASS,PENDING_EXTERNAL_CHECK
1544510,Симулятор Сидения на Крыше,"ТЯН ТЯН ТЯН ЛАМПОВАЯ ТЯН INDUSTRIES, Kazakhstan Sila Games",Kavkaz Sila Games,0.7208,Low-cost option,0.1575,0.7921,0.9381,0.9957,76,0.8289,Very Positive,"0 .. 20,000",10000.0,0.49,False,False,False,True,2021,Simulation,1990's|Anime|Atmospheric|Comedy|Cute|Dark Humor|Emotional|Experimental|First-Person|Funny|Immersive Sim|Life Sim|Memes|Modern|Philosophical,PASS,PASS,PASS,PASS,PENDING_EXTERNAL_CHECK
588730,Majotori,Majorariatto,Majorariatto,0.7208,Anchor,0.8475,0.7921,0.5889,0.6546,1785,0.9681,Overwhelmingly Positive,"0 .. 20,000",10000.0,5.99,True,False,False,True,2017,Adventure|Casual|Indie,Adventure|Anime|Casual|Choices Matter|Choose Your Own Adventure|Cute|Dark Humor|Fantasy|Female Protagonist|Indie|Interactive Fiction|LGBTQ+|Memes|Multiple Endings|Nonlinear,PASS,PASS,PASS,PASS,PENDING_EXTERNAL_CHECK
584640,SUPER CHICKEN JUMPER,"Sewer Cat, Heavy Sheep",Sewer Cat,0.7207,Anchor,0.9368,0.1884,0.7687,0.9887,4614,0.9625,Overwhelmingly Positive,"100,000 .. 200,000",150000.0,0.74,True,True,True,True,2021,Action|Adventure|Casual|Indie|Racing,2D|Action|Action-Adventure|Adventure|Anime|Arcade|Atmospheric|Co-op|Colorful|Cute|Difficult|Funny|Indie|Local Multiplayer|Multiplayer,PASS,PASS,PASS,PASS,PENDING_EXTERNAL_CHECK
982270,Dealer's Life,Abyte Entertainment,Abyte Entertainment,0.7207,Anchor,0.8015,0.7921,0.5641,0.7249,1228,0.9308,Very Positive,"0 .. 20,000",10000.0,4.99,True,False,False,True,2019,Casual|Indie|Simulation,2D|Capitalism|Cartoony|Casual|Choices Matter|Economy|Funny|Hobby Sim|Immersive Sim|Indie|Job Simulator|Management|Memes|Old School|Procedural Generation,PASS,PASS,PASS,PASS,PENDING_EXTERNAL_CHECK
2608040,Cats Hidden in China,Travellin Cats,Travellin Cats,0.7205,Low-cost option,0.6166,0.7921,0.4847,0.9887,416,0.9856,Very Positive,"0 .. 20,000",10000.0,0.74,True,False,False,True,2024,Casual|Indie,Cartoony|Casual|Cats|Collectathon|Controller|Cozy|Creature Collector|Cute|Exploration|Hand-drawn|Hidden Object|Indie|Minimalist|Point & Click|Puzzle,PASS,PASS,PASS,PASS,PENDING_EXTERNAL_CHECK
1287310,Juiced!,Timothy van der Hoeven,Timothy van der Hoeven,0.7204,Low-cost option,0.3585,0.7921,0.8316,0.8992,143,0.9371,Very Positive,"0 .. 20,000",10000.0,1.99,True,True,True,True,2020,Action|Adventure|Indie,1990's|2D|2D Platformer|Action|Action-Adventure|Adventure|Aliens|Cartoony|Character Customization|Cute|Free to Play|Funny|Indie|Multiplayer|Old School,PASS,PASS,PASS,PASS,PENDING_EXTERNAL_CHECK
434730,Half Dead,Room710Games,Room710Games,0.7203,Anchor,0.9099,0.09,0.982,0.8992,3300,0.7824,Mostly Positive,"200,000 .. 500,000",350000.0,1.99,False,True,True,True,2016,Action|Adventure,Action|Adventure|Atmospheric|Co-op|Early Access|First-Person|Funny|Gore|Horror|Indie|Multiplayer|Online Co-Op|Open World|Puzzle|Sci-fi,PASS,PASS,PASS,PASS,PENDING_EXTERNAL_CHECK
756600,Trianga's Project: Battle Splash 2.0,Dranya Studio,Dranya Studio,0.7203,Low-cost option,0.2805,0.7921,0.8507,0.9579,110,0.8636,Very Positive,"0 .. 20,000",10000.0,0.99,True,True,True,True,2023,Action|Casual|Indie,Action|Anime|Arcade|Arena Shooter|Class-Based|Co-op|Cute|FPS|Family Friendly|Fast-Paced|Female Protagonist|Hero Shooter|Multiplayer|PvE|PvP,PASS,PASS,PASS,PASS,PENDING_EXTERNAL_CHECK
2515240,Welcome to Kowloon,"a1esska, Notex, N4bA, Admia","N4bA, Notex, a1esska, Admia",0.7198,Anchor,0.8182,0.4783,0.9655,0.6174,1383,0.8178,Very Positive,"20,000 .. 50,000",35000.0,6.99,True,False,False,True,2023,Adventure|Indie,3D|Adventure|Atmospheric|Co-op|Dark|First-Person|Gore|Horror|Indie|Multiplayer|Multiple Endings|Mystery|Psychological Horror|Realistic|Singleplayer,PASS,PASS,PASS,PASS,PENDING_EXTERNAL_CHECK
760410,Don't Be Afraid,"Limo Games, Broken Arrow Games","Eneida Games, Untold Tales",0.7198,Low-cost option,0.693,0.3062,0.9223,0.9579,613,0.8467,Very Positive,"50,000 .. 100,000",75000.0,0.99,True,False,False,True,2020,Action|Adventure|Indie|Simulation,Action|Adventure|Atmospheric|Exploration|First-Person|Gore|Great Soundtrack|Horror|Indie|Inventory Management|Psychological Horror|Realistic|Simulation|Singleplayer|Story Rich,PASS,PASS,PASS,PASS,PENDING_EXTERNAL_CHECK
826600,I am not a Monster: First Contact,Cheerdealers,Alawar,0.7193,Anchor,0.8027,0.1884,0.9629,0.923,1237,0.7728,Mostly Positive,"100,000 .. 200,000",150000.0,1.64,True,True,True,True,2018,Indie|Massively Multiplayer|RPG|Strategy,1980s|Atmospheric|Co-op|Indie|Isometric|Multiplayer|Online Co-Op|PvP|Real Time Tactics|Retro|Sci-fi|Singleplayer|Space|Strategy|Stylized,PASS,PASS,PASS,PASS,PENDING_EXTERNAL_CHECK
2681180,MULTIPLAYER CAVEMEN,Archor Wright,Archor Games,0.7192,Low-cost option,0.3788,0.7921,0.7479,0.9579,153,0.7647,Mostly Positive,"0 .. 20,000",10000.0,0.99,True,True,True,True,2023,Indie,3D|Action-Adventure|Co-op|Dinosaurs|Exploration|Indie|Multiplayer|Online Co-Op|PvP|RPG|Singleplayer|Survival,PASS,PASS,PASS,PASS,PENDING_EXTERNAL_CHECK
2555320,Summon,Goosix Games,Goosix Games,0.7182,Anchor,0.892,0.4783,0.5124,0.99,2699,0.9355,Very Positive,"20,000 .. 50,000",35000.0,0.69,True,False,False,True,2023,Action|Adventure|Indie|Simulation,3D|Action|Atmospheric|Choices Matter|Comedy|Exploration|First-Person|Funny|Hidden Object|Horror|Life Sim|Logic|Loot|Lore-Rich|Memes,PASS,PASS,PASS,PASS,PENDING_EXTERNAL_CHECK
512160,Volleying,Gestalt Development Studio,Gestalt Development Studio,0.718,Low-cost option,0.5887,0.7921,0.5335,0.9579,369,0.7127,Mostly Positive,"0 .. 20,000",10000.0,0.99,True,True,True,True,2018,Casual|Indie|Sports,3D|Arcade|Casual|Character Customization|Co-op|Cute|Family Friendly|Funny|Indie|Local Co-Op|Local Multiplayer|Minimalist|Multiplayer|Online Co-Op|Physics,PASS,PASS,PASS,PASS,PENDING_EXTERNAL_CHECK
720030,Indecision.,Bilge Kaan,Bilge Kaan,0.7179,Low-cost option,0.6939,0.7921,0.5385,0.8471,616,0.849,Very Positive,"0 .. 20,000",10000.0,2.99,True,False,False,True,2018,Casual|Indie,2D|Adventure|Atmospheric|Casual|Character Customization|Choose Your Own Adventure|Dark Humor|Emotional|Experience|Experimental|Exploration|Interactive Fiction|Mystery|Pixel Graphics|Psychological,PASS,PASS,PASS,PASS,PENDING_EXTERNAL_CHECK
39190,Dungeon Siege,Gas Powered Games,Square Enix,0.7176,Anchor,0.9213,0.0215,0.9453,0.9824,3787,0.8138,Very Positive,"500,000 .. 1,000,000",750000.0,0.97,False,False,False,True,,RPG,Action|Action RPG|Adventure|Character Customization|Classic|Co-op|Dungeon Crawler|Fantasy|Female Protagonist|Great Soundtrack|Hack and Slash|Isometric|Loot|Multiplayer|Old School,PASS,PASS,PASS,PASS,PENDING_EXTERNAL_CHECK
2131350,My Coworker is an Idiot,Manic Hyena,Manic Hyena,0.7176,Low-cost option,0.5633,0.7921,0.6157,0.8992,326,0.8344,Very Positive,"0 .. 20,000",10000.0,1.99,True,True,True,True,2022,Action|Casual|Indie|Simulation,3D|Action|Action-Adventure|Cartoon|Casual|Co-op|Colorful|Comedy|Destruction|Family Friendly|Funny|Indie|Local Co-Op|Local Multiplayer|Multiplayer,PASS,PASS,PASS,PASS,PENDING_EXTERNAL_CHECK
3191050,BRAZILIAN DRUG DEALER 3: I OPENED A PORTAL TO HELL IN THE FAVELA TRYING TO REVIVE MIT AIA I NEED TO CLOSE IT,Joeveno,Joeveno,0.7171,Low-cost option,0.5875,0.7921,0.6418,0.8471,367,0.9918,Very Positive,"0 .. 20,000",10000.0,2.99,True,True,True,True,2024,Action|Adventure|Early Access|Indie,3D|Action|Boomer Shooter|Co-op|Comedy|Cyberpunk|Dark Comedy|Dark Humor|Demons|Early Access|FPS|First-Person|Funny|Lore-Rich|Post-apocalyptic,PASS,PASS,PASS,PASS,PENDING_EXTERNAL_CHECK
2347910,Seal: WHAT the FUN,PLAYWITH GAMES Inc.,PLAYWITH KOREA Inc.,0.7171,Low-cost option,0.622,0.7921,0.6072,0.8471,426,0.9225,Very Positive,"0 .. 20,000",10000.0,2.99,False,True,True,False,2024,Action|Adventure|Casual|Early Access|Racing|Sports|Strategy,3D|3D Platformer|Action|Battle Royale|Casual|Co-op|Colorful|Controller|Cute|Early Access|Family Friendly|Funny|Massively Multiplayer|Multiplayer|Online Co-Op,PASS,PASS,PASS,PASS,PENDING_EXTERNAL_CHECK
2571350,Soul of War: Legions,Fantasy War Studio,Fantasy War Studio,0.7167,Low-cost option,0.3879,0.7921,0.7878,0.8992,158,0.7342,Mostly Positive,"0 .. 20,000",10000.0,1.99,True,True,True,False,2023,Casual|Indie|Strategy,Auto Battler|Card Battler|Card Game|Cartoony|Casual|Co-op|Deckbuilding|Early Access|Free to Play|Indie|MOBA|Multiplayer|Online Co-Op|PvP|Roguelite,PASS,PASS,PASS,PASS,PENDING_EXTERNAL_CHECK
1783800,Crossroad OS,"Guy, Daisy Games",Daisy Games,0.7164,Low-cost option,0.4759,0.7921,0.8727,0.7249,224,0.9866,Very Positive,"0 .. 20,000",10000.0,4.99,False,False,False,True,2023,Adventure,Adventure|Cinematic|Cute|Dark|Dark Humor|Experimental|Exploration|First-Person|Funny|Hidden Object|Horror|Indie|Mystery|Nonlinear|Pixel Graphics,PASS,PASS,PASS,PASS,PENDING_EXTERNAL_CHECK
362930,Garfield Kart,Artefacts Studio,Microids,0.7163,Anchor,0.9872,0.1884,0.9645,0.7249,14014,0.8773,Very Positive,"100,000 .. 200,000",150000.0,4.99,False,False,False,True,,Racing,Action|Aliens|Beautiful|Capitalism|Casual|Classic|Co-op|Combat Racing|Comedy|Competitive|Cult Classic|Cute|Family Friendly|Multiplayer|Platformer,PASS,PASS,PASS,PASS,PENDING_EXTERNAL_CHECK
749840,The Boogie Man,Uri Games,PLAYISM,0.7162,Low-cost option,0.4812,0.7921,0.7443,0.8471,229,0.8079,Very Positive,"0 .. 20,000",10000.0,2.99,True,False,False,True,2018,Adventure|Casual|Indie,2D|Action-Adventure|Adventure|Anime|Atmospheric|Casual|Controller|Dark|Dark Fantasy|Detective|Exploration|Horror|Indie|Pixel Graphics|RPG,PASS,PASS,PASS,PASS,PENDING_EXTERNAL_CHECK
1066900,qomp,"Stuffed Wombat, Britt Brady, Miroko, Clovelt",Atari,0.7161,Low-cost option,0.6334,0.7921,0.6156,0.8232,453,0.9713,Very Positive,"0 .. 20,000",10000.0,3.14,False,False,False,True,2021,Adventure,2D|2D Platformer|Action-Adventure|Adventure|Atmospheric|Colorful|Controller|Dark|Emotional|Exploration|Linear|Metroidvania|Pixel Graphics|Platformer|Precision Platformer,PASS,PASS,PASS,PASS,PENDING_EXTERNAL_CHECK
1015130,Wounded - The Beginning,Workbench Entertainment,indie.io,0.7159,Depth,0.5172,0.7921,0.9369,0.6174,267,0.7416,Mostly Positive,"0 .. 20,000",10000.0,6.99,True,False,False,True,2019,Action|Adventure|Indie,3D|Action|Adventure|Atmospheric|Blood|Dark|Detective|First-Person|Gore|Horror|Indie|Multiplayer|Multiple Endings|Mystery|Singleplayer,PASS,PASS,PASS,PASS,PENDING_EXTERNAL_CHECK
2587770,The Stalked,Korvinrular,Korvinrular,0.7153,Low-cost option,0.458,0.7921,0.7643,0.8471,209,0.9234,Very Positive,"0 .. 20,000",10000.0,2.99,True,False,False,True,2024,Adventure|Indie,3D|Adventure|Atmospheric|Dark|Emotional|Exploration|First-Person|Horror|Immersive|Indie|Linear|Multiplayer|Mystery|Psychological|Psychological Horror,PASS,PASS,PASS,PASS,PENDING_EXTERNAL_CHECK
1826570,First Class Escape 2: Head in the Clouds,0 Deer Soft,0 Deer Soft Partnership,0.7153,Depth,0.4746,0.7921,0.9215,0.6729,223,0.8475,Very Positive,"0 .. 20,000",10000.0,5.19,True,True,True,True,2022,Adventure|Casual|Indie,Adventure|Atmospheric|Casual|Co-op|Co-op Campaign|Detective|Escape Room|Exploration|First-Person|Hidden Object|Investigation|Linear|Logic|Multiplayer|Mystery,PASS,PASS,PASS,PASS,PENDING_EXTERNAL_CHECK
1538850,Grotto,Brainwash Gang,Digerati,0.7152,Low-cost option,0.4964,0.7921,0.6438,0.9286,244,0.9139,Very Positive,"0 .. 20,000",10000.0,1.29,True,False,False,True,2021,Adventure|Indie,2D|Adventure|Atmospheric|Choices Matter|Choose Your Own Adventure|Colorful|Exploration|First-Person|Immersive Sim|Indie|Interactive Fiction|LGBTQ+|Multiple Endings|Psychological|Replay Value,PASS,PASS,PASS,PASS,PENDING_EXTERNAL_CHECK
1600900,怕不怕趴喵霸霸 Ghost Party Nyanbaba,冷笑黑妖,冷笑黑妖,0.7152,Low-cost option,0.5617,0.7921,0.5493,0.9579,324,0.9753,Very Positive,"0 .. 20,000",10000.0,0.99,True,False,False,True,2022,Casual|Indie,Anime|Cartoon|Casual|Clicker|Comedy|Comic Book|Cute|Family Friendly|Female Protagonist|Funny|Hidden Object|Immersive Sim|Magic|Point & Click|Psychedelic,PASS,PASS,PASS,PASS,PENDING_EXTERNAL_CHECK
643200,Keep in Mind: Remastered,"Little Moth Games, Akupara Games",Akupara Games,0.7146,Low-cost option,0.6658,0.4783,0.8152,0.8992,527,0.7533,Mostly Positive,"20,000 .. 50,000",35000.0,1.99,True,False,False,True,2018,Adventure|Indie,Adventure|Atmospheric|Dark|Dynamic Narration|Emotional|Exploration|Great Soundtrack|Horror|Indie|Mystery|Philosophical|Pixel Graphics|Psychological|Psychological Horror|Retro,PASS,PASS,PASS,PASS,PENDING_EXTERNAL_CHECK
1731460,LEGO® Brawls,Red Games Co.,LEGO® Games,0.7146,Depth,0.6476,0.7921,0.9435,0.4752,484,0.7831,Mostly Positive,"0 .. 20,000",10000.0,9.99,False,True,True,True,2022,Action|Casual,2D|2D Fighter|2D Platformer|Action|Battle Royale|Building|Cartoony|Casual|Character Customization|Competitive|Controller|Family Friendly|Funny|LEGO|Local Multiplayer,PASS,PASS,PASS,PASS,PENDING_EXTERNAL_CHECK
2099220,Mobmania,"azndesserts, justjayem, wolfbyte131",azndesserts,0.7144,Low-cost option,0.5778,0.7921,0.7629,0.7249,350,0.8743,Very Positive,"0 .. 20,000",10000.0,4.99,True,True,True,True,2022,Action|Casual|Early Access|Indie|Strategy,2D|Action|Action RPG|Action Roguelike|Anime|Arcade|Bullet Hell|Casual|Co-op|Combat|Controller|Early Access|Fantasy|Indie|Multiplayer,PASS,PASS,PASS,PASS,PENDING_EXTERNAL_CHECK
1437340,My Name is Mayo 2,Green Lava Studios,Green Lava Studios,0.7142,Low-cost option,0.6029,0.7921,0.5042,0.9579,392,0.9745,Very Positive,"0 .. 20,000",10000.0,0.99,False,False,False,True,2020,Simulation,Clicker|Comic Book|Funny|Hand-drawn|Life Sim|Linear|Memes|Narration|Simulation|Singleplayer|Stylized,PASS,PASS,PASS,PASS,PENDING_EXTERNAL_CHECK
323720,Decay: The Mare,Shining Gate Software,Daedalic Entertainment,0.7141,Anchor,0.8542,0.09,0.9236,0.9887,1890,0.7624,Mostly Positive,"200,000 .. 500,000",350000.0,0.74,True,False,False,True,2015,Adventure|Indie,Adventure|Atmospheric|Dark|Escape Room|First-Person|Horror|Indie|Multiplayer|Point & Click|Psychological|Psychological Horror|Puzzle|Singleplayer|Story Rich,PASS,PASS,PASS,PASS,PENDING_EXTERNAL_CHECK
1747890,Demon Turf: Neon Splash,Fabraz,Playtonic Friends,0.7141,Low-cost option,0.4148,0.7921,0.827,0.8226,175,0.9543,Very Positive,"0 .. 20,000",10000.0,3.24,True,False,False,True,2022,Adventure|Indie|Simulation,3D Platformer|Action-Adventure|Adventure|Anime|Collectathon|Colorful|Comedy|Cute|Demons|Exploration|Female Protagonist|Funny|Indie|Pixel Graphics|Platformer,PASS,PASS,PASS,PASS,PENDING_EXTERNAL_CHECK
540840,Lara Croft GO,Square Enix Montréal,Crystal Dynamics,0.7141,Anchor,0.9166,0.09,0.9241,0.9255,3592,0.9276,Very Positive,"200,000 .. 500,000",350000.0,1.49,False,False,False,True,2016,Adventure,Adventure|Anime|Atmospheric|Board Game|Casual|Crime|Female Protagonist|Grid-Based Movement|Horror|Illuminati|Indie|Isometric|Memes|Parkour|Platformer,PASS,PASS,PASS,PASS,PENDING_EXTERNAL_CHECK
2431100,That Which Gave Chase,Aslak Karlsen Hauglid,Fremmed,0.7138,Low-cost option,0.6203,0.7921,0.7178,0.7249,422,0.9242,Very Positive,"0 .. 20,000",10000.0,4.99,True,False,False,True,2023,Action|Adventure|Indie,3D|Action|Action-Adventure|Adventure|Atmospheric|Cinematic|Dark|Dog|First-Person|Horror|Indie|Linear|Minimalist|Mystery|Physics,PASS,PASS,PASS,PASS,PENDING_EXTERNAL_CHECK
254200,FortressCraft Evolved!,ProjectorGames,Digital Tribe,0.7136,Anchor,0.9015,0.09,0.9415,0.9213,2963,0.7236,Mostly Positive,"200,000 .. 500,000",350000.0,1.94,True,True,True,True,2015,Adventure|Casual|Indie|RPG|Simulation|Strategy,Adventure|Automation|Base Building|Building|Casual|Crafting|Indie|Mining|Multiplayer|Open World|Open World Survival Craft|RPG|Sandbox|Sci-fi|Simulation,PASS,PASS,PASS,PASS,PENDING_EXTERNAL_CHECK
2675630,Cats Huddled Together 挤在一起的猫猫们,,,0.7136,Low-cost option,0.5006,0.7921,0.6381,0.9236,248,0.8629,Very Positive,"0 .. 20,000",10000.0,1.5496,True,False,False,True,2023,Casual|Indie|Simulation,2D|Atmospheric|Casual|Cats|Clicker|Cute|Funny|Hand-drawn|Immersive Sim|Indie|Life Sim|Point & Click|Puzzle|Puzzle Platformer|Relaxing,PASS,PASS,PASS,PASS,PENDING_EXTERNAL_CHECK
2725200,Prisoners,Brave Cat Games,Brave Cat Games,0.7132,Low-cost option,0.5905,0.7921,0.7454,0.7249,371,0.7628,Mostly Positive,"0 .. 20,000",10000.0,4.99,True,True,True,False,2024,Action|Casual|Indie|Strategy,3D|Action|Battle Royale|Casual|Co-op|Conversation|FPS|First-Person|Funny|Minigames|Multiplayer|Online Co-Op|Party Game|Psychological|PvP,PASS,PASS,PASS,PASS,PENDING_EXTERNAL_CHECK
651380,BANG! BANG! Totally Accurate Redneck Simulator,DEKLAZON,DEKLAZON,0.7129,Low-cost option,0.5103,0.7921,0.5916,0.9579,258,0.9341,Very Positive,"0 .. 20,000",10000.0,0.99,True,False,False,True,2020,Action|Casual|Indie,Action|Adventure|Casual|Co-op|Comedy|Funny|Indie|Local Multiplayer|Multiplayer|Online Co-Op|Open World|Parkour|Physics|Puzzle|Puzzle Platformer,PASS,PASS,PASS,PASS,PENDING_EXTERNAL_CHECK
1403310,Garden Simulator,PRODUKTIVKELLER Studios,SunDust,0.7128,Low-cost option,0.5431,0.7921,0.6974,0.8187,297,0.8552,Very Positive,"0 .. 20,000",10000.0,3.74,False,False,False,True,2022,Casual|Simulation,3D|Agriculture|Atmospheric|Building|Cats|Colorful|Crafting|Family Friendly|Farming Sim|First-Person|Immersive Sim|Management|Nature|Physics|Realistic,PASS,PASS,PASS,PASS,PENDING_EXTERNAL_CHECK
2215690,Click Real Fast,,,0.7122,Low-cost option,0.3198,0.7921,0.8602,0.8769,125,0.88,Very Positive,"0 .. 20,000",10000.0,2.0696,True,True,True,True,2022,Action|Casual|Indie|Strategy,2D|Action|Arcade|Atmospheric|Casual|Choices Matter|Clicker|Co-op|Comedy|Controller|Futuristic|Indie|Local Multiplayer|Multiplayer|Point & Click,PASS,PASS,PASS,PASS,PENDING_EXTERNAL_CHECK
1362310,Zombie Simulator,ZHANG FAN,SHEN JIAWEI,0.7122,Low-cost option,0.3198,0.7921,0.779,0.9579,125,0.792,Mostly Positive,"0 .. 20,000",10000.0,0.99,True,False,False,True,2021,Action|Indie|Simulation,Action|Dark Humor|Destruction|Experimental|Gore|Hack and Slash|Hunting|Indie|Minimalist|Outbreak Sim|Post-apocalyptic|Runner|Simulation|Singleplayer|Stylized,PASS,PASS,PASS,PASS,PENDING_EXTERNAL_CHECK
2976400,Fork Road,Simon Au Yeung,Simon Au Yeung,0.7121,Low-cost option,0.6494,0.7921,0.6076,0.7993,488,0.7766,Mostly Positive,"0 .. 20,000",10000.0,3.99,True,False,False,True,2024,Adventure|Indie|Simulation,3D|Adventure|Atmospheric|Casual|Exploration|First-Person|Horror|Immersive Sim|Indie|Jump Scare|Linear|Psychological|Puzzle|Simulation|Singleplayer,PASS,PASS,PASS,PASS,PENDING_EXTERNAL_CHECK
1506230,Bigfoot Forest,Kiddy,Kiddy,0.7114,Low-cost option,0.4071,0.7921,0.6507,0.9957,170,0.7706,Mostly Positive,"0 .. 20,000",10000.0,0.49,True,False,False,True,2021,Action|Adventure|Indie,3D|Action|Adventure|Atmospheric|First-Person|Horror|Hunting|Idler|Indie|Multiplayer|Multiple Endings|Open World|Psychological Horror|Singleplayer|Stealth,PASS,PASS,PASS,PASS,PENDING_EXTERNAL_CHECK
2484160,It was a human.,Loser/s,GAMER Plan,0.7111,Low-cost option,0.5826,0.7921,0.745,0.7249,359,0.805,Very Positive,"0 .. 20,000",10000.0,4.99,True,False,False,True,2024,Indie|RPG,2D|Adventure|Anime|Choices Matter|Choose Your Own Adventure|Cute|Dark|Detective|Drama|Gore|Horror|Multiple Endings|Mystery|Pixel Graphics|Sci-fi,PASS,PASS,PASS,PASS,PENDING_EXTERNAL_CHECK
2738080,Ignited in Cavern,伤官制作组,伤官制作组,0.711,Low-cost option,0.6728,0.7921,0.4798,0.8992,546,0.9597,Overwhelmingly Positive,"0 .. 20,000",10000.0,1.99,True,False,False,True,2024,Indie,2D|2D Platformer|Choices Matter|Drama|Emotional|Female Protagonist|Gore|Historical|Indie|Interactive Fiction|LGBTQ+|Medieval|Multiple Endings|Psychological|RPG,PASS,PASS,PASS,PASS,PENDING_EXTERNAL_CHECK
252970,McDROID,Elefantopia,Elefantopia,0.7108,Low-cost option,0.4617,0.7921,0.8646,0.7249,212,0.7311,Mostly Positive,"0 .. 20,000",10000.0,4.99,True,False,False,True,2014,Action|Indie|Strategy,3D|Action|Adventure|Aliens|Base Building|Cartoony|Character Customization|Co-op|Funny|Indie|Multiplayer|RTS|Robots|Shooter|Singleplayer,PASS,PASS,PASS,PASS,PENDING_EXTERNAL_CHECK
968970,Lumberjack's Dynasty,UMEO Studios,Toplitz Productions,0.7101,Anchor,0.8851,0.3062,0.9944,0.6546,2524,0.708,Mostly Positive,"50,000 .. 100,000",75000.0,5.99,False,False,False,True,2021,Simulation,Adventure|Atmospheric|Automobile Sim|Building|Casual|Crafting|Driving|Early Access|Exploration|Family Friendly|First-Person|Life Sim|Multiplayer|Nature|Open World,PASS,PASS,PASS,PASS,PENDING_EXTERNAL_CHECK
1719180,Gobby McGobblenutz Presents - The Questionably Quirky Quiz Show,Randumb Studios,Randumb Studios,0.71,Low-cost option,0.343,0.7921,0.8056,0.8992,135,0.9852,Very Positive,"0 .. 20,000",10000.0,1.99,True,False,False,True,2021,Adventure|Indie|Simulation,Adventure|Atmospheric|Choices Matter|Choose Your Own Adventure|Comedy|Conspiracy|Dark Comedy|Dark Fantasy|Horror|Immersive Sim|Interactive Fiction|Life Sim|Memes|Multiple Endings|Pixel Graphics,PASS,PASS,PASS,PASS,PENDING_EXTERNAL_CHECK
2432000,Inside the Labs,Chreseeba Games,Chreseeba Games,0.71,Low-cost option,0.3643,0.7921,0.8842,0.7993,146,0.8425,Very Positive,"0 .. 20,000",10000.0,3.99,True,True,True,True,2024,Action|Adventure|Indie,Action|Action-Adventure|Adventure|Dark|Early Access|Exploration|First-Person|Gore|Horror|Indie|Multiplayer|Online Co-Op|Psychological Horror|Singleplayer|Survival Horror,PASS,PASS,PASS,PASS,PENDING_EXTERNAL_CHECK
1477060,Among Ass,Volens Nolens Games,Volens Nolens Games,0.7098,Low-cost option,0.6653,0.7921,0.6569,0.7249,526,0.8023,Very Positive,"0 .. 20,000",10000.0,4.99,True,True,True,True,2020,Action|Casual|Indie|Sports,2D|4 Player Local|Action|Arcade|Battle Royale|Casual|Character Action Game|Comedy|Funny|Horror|LGBTQ+|Local Multiplayer|Memes|Multiplayer|Political Sim,PASS,PASS,PASS,PASS,PENDING_EXTERNAL_CHECK
722960,CASE 2: Animatronics Survival,Walnut LLC,Walnut LLC,0.7093,Anchor,0.9017,0.4783,0.9821,0.4752,2971,0.828,Very Positive,"20,000 .. 50,000",35000.0,9.99,True,True,True,True,2019,Action|Adventure|Indie|Massively Multiplayer|Simulation,Action|Action-Adventure|Adventure|Atmospheric|Co-op|Difficult|FPS|First-Person|Horror|Massively Multiplayer|Multiplayer|Psychological Horror|PvP|Robots|Simulation,PASS,PASS,PASS,PASS,PENDING_EXTERNAL_CHECK
1349960,[Chilla's Art] The Ghost Train | 幽霊列車,Chilla's Art,Chilla's Art,0.7088,Low-cost option,0.6809,0.7921,0.515,0.8471,572,0.7972,Mostly Positive,"0 .. 20,000",10000.0,2.99,True,False,False,True,2020,Action|Adventure|Casual|Indie|Simulation,Artificial Intelligence|Casual|Crime|Cute|Detective|Driving|First-Person|Funny|Hidden Object|Historical|Horror|Immersive Sim|Nature|Programming|Psychological Horror,PASS,PASS,PASS,PASS,PENDING_EXTERNAL_CHECK
459940,Deer Man,"Red Mount Media, Antarsoft",Red Mount Media,0.7086,Low-cost option,0.564,0.7921,0.5206,0.9579,327,0.7187,Mostly Positive,"0 .. 20,000",10000.0,0.99,True,False,False,True,2016,Adventure|Casual|Indie,3D|Adventure|Atmospheric|Casual|Choose Your Own Adventure|Exploration|First-Person|Great Soundtrack|Horror|Indie|Minimalist|NSFW|Psychological Horror|Short|Singleplayer,PASS,PASS,PASS,PASS,PENDING_EXTERNAL_CHECK
2961990,Dünnes Eis - Das Spiel zum Song,"Baumann Bergmann Pokinsson, Jan Baumann","Lorke Records, Inh. Anne Baumann",0.7084,Low-cost option,0.6093,0.7921,0.6329,0.7993,404,0.9901,Very Positive,"0 .. 20,000",10000.0,3.99,True,False,False,True,2024,Adventure|Indie,Adventure|Atmospheric|Cartoon|Cinematic|Colorful|Comedy|Dark Humor|Emotional|Funny|Hand-drawn|Indie|Point & Click|Puzzle|Relaxing|Retro,PASS,PASS,PASS,PASS,PENDING_EXTERNAL_CHECK
1232180,Sakuya Izayoi Gives You Advice And Dabs,Sigyaad Team,Sigyaad Team,0.7081,Anchor,0.8708,0.4783,0.5256,0.9579,2201,0.9764,Overwhelmingly Positive,"20,000 .. 50,000",35000.0,0.99,False,False,False,True,2020,Casual,Anime|Beautiful|Casual|Cold War|Cute|Emotional|Faith|Family Friendly|Memes|Psychological Horror|Relaxing|Short|Story Rich|Visual Novel,PASS,PASS,PASS,PASS,PENDING_EXTERNAL_CHECK
2928650,Only Up: SKIBIDI TOGETHER,"Grand Technology Associates, Rosa Special Studio","Rosa Special Studio, Grand Technology Associates",0.7081,Low-cost option,0.5263,0.4783,0.9546,0.8733,276,0.8043,Very Positive,"20,000 .. 50,000",35000.0,2.49,False,True,True,True,2024,Adventure|Casual|Massively Multiplayer|Simulation,3D Platformer|Adventure|Arcade|Atmospheric|Bullet Time|Casual|Cinematic|Difficult|Exploration|Massively Multiplayer|Multiplayer|Open World|Parkour|Physics|Platformer,PASS,PASS,PASS,PASS,PENDING_EXTERNAL_CHECK
701380,El Tango de la Muerte,"Hernán Smicht, YIRA::",Hernán Smicht,0.7079,Low-cost option,0.5311,0.7921,0.7834,0.7249,282,0.961,Very Positive,"0 .. 20,000",10000.0,4.99,False,False,False,True,2018,,2D|Atmospheric|Casual|Cats|Comedy|Crime|Drama|Funny|Great Soundtrack|Indie|Music|Narration|Retro|Rhythm|Romance,PASS,PASS,PASS,PASS,PENDING_EXTERNAL_CHECK
1595710,Chased by Darkness,South Blue Moon,South Blue Moon,0.7077,Low-cost option,0.5912,0.4783,0.9622,0.7993,372,0.7258,Mostly Positive,"20,000 .. 50,000",35000.0,3.99,True,True,True,True,2021,Action|Indie,Action|Co-op|Controller|Demons|Difficult|FPS|First-Person|Gore|Horror|Indie|Multiplayer|Mystery|Online Co-Op|Psychological Horror|PvE,PASS,PASS,PASS,PASS,PENDING_EXTERNAL_CHECK
582270,Everything,David OReilly,"David OReilly, PLAYISM (Japan)",0.7072,Anchor,0.9178,0.1884,0.9041,0.8187,3637,0.8306,Very Positive,"100,000 .. 200,000",150000.0,3.74,True,False,False,True,,Casual|Indie|RPG|Simulation,Adventure|Atmospheric|Casual|Experience|Experimental|Exploration|Family Friendly|Funny|God Game|Great Soundtrack|Indie|Open World|Philosophical|Procedural Generation|RPG,PASS,PASS,PASS,PASS,PENDING_EXTERNAL_CHECK
1070330,Russian Life Simulator,GosDev Production,"Abama Entertainment, GosDev Production",0.7072,Anchor,0.9656,0.0215,0.8839,0.9579,7571,0.8894,Very Positive,"500,000 .. 1,000,000",750000.0,0.99,True,False,True,True,2019,Action|Indie|Simulation|Sports|Strategy,2D|Action|Adventure|Atmospheric|Capitalism|Casual|Clicker|Economy|Family Friendly|Indie|Life Sim|Lore-Rich|Memes|Multiplayer|Relaxing,PASS,PASS,PASS,PASS,PENDING_EXTERNAL_CHECK
1302800,Chair F*cking Simulator,SoSorrySoft,SoSorrySoft,0.707,Low-cost option,0.7369,0.4783,0.7136,0.8992,793,0.9433,Very Positive,"20,000 .. 50,000",35000.0,1.99,True,False,False,True,2020,Casual|Indie|Simulation,Clicker|Comic Book|Creature Collector|Dark Comedy|Dark Humor|Dating Sim|Funny|Horror|LGBTQ+|Memes|Parody|Post-apocalyptic|Psychological Horror|Rhythm|Romance,PASS,PASS,PASS,PASS,PENDING_EXTERNAL_CHECK
1944240,Touch Some Grass,jpm_games,jpm_games,0.707,Low-cost option,0.7546,0.4783,0.6957,0.8992,882,0.9512,Overwhelmingly Positive,"20,000 .. 50,000",35000.0,1.99,False,False,False,True,2022,Casual|Simulation,3D|Agriculture|America|Atmospheric|Casual|Clicker|Comedy|Emotional|First-Person|Funny|Idler|Memes|Nature|Parody|Point & Click,PASS,PASS,PASS,PASS,PENDING_EXTERNAL_CHECK
654850,Masked Forces: Zombie Survival,FreezeNova,FreezeNova,0.7068,Low-cost option,0.6056,0.3062,0.9577,0.9579,397,0.7204,Mostly Positive,"50,000 .. 100,000",75000.0,0.99,True,True,True,True,2017,Action|Indie,Action|Action Roguelike|Arena Shooter|Blood|Co-op|FPS|First-Person|Gore|Horror|Indie|Multiplayer|Online Co-Op|PvP|Shoot 'Em Up|Shooter,PASS,PASS,PASS,PASS,PENDING_EXTERNAL_CHECK
1323900,Scrapnaut,SpiffyBit,RockGame S.A.,0.7068,Low-cost option,0.7229,0.3062,0.9769,0.8211,729,0.7064,Mostly Positive,"50,000 .. 100,000",75000.0,3.49,True,True,True,True,2021,Indie,Adventure|Atmospheric|Base Building|Building|Co-op|Crafting|Exploration|Indie|Multiplayer|Mystery|Online Co-Op|Open World|Open World Survival Craft|Post-apocalyptic|Robots,PASS,PASS,PASS,PASS,PENDING_EXTERNAL_CHECK
556050,Hyper Jam,Bit Dragon,Bit Dragon,0.706,Low-cost option,0.649,0.4783,0.825,0.8718,487,0.9384,Very Positive,"20,000 .. 50,000",35000.0,2.59,True,False,True,False,2019,Action|Indie,1980s|4 Player Local|Action|Competitive|Cyberpunk|Fast-Paced|Fighting|Gore|Great Soundtrack|Indie|Local Multiplayer|Multiplayer|PvP|Replay Value|Retro,PASS,PASS,PASS,PASS,PENDING_EXTERNAL_CHECK
809870,Ninjin: Clash of Carrots,Pocket Trap,Maximum Entertainment,0.706,Depth,0.5905,0.7921,0.9661,0.4752,371,0.9191,Very Positive,"0 .. 20,000",10000.0,9.99,True,True,True,True,2018,Action|Adventure|Indie|RPG,Action|Adventure|Anime|Arcade|Beat 'em up|Bullet Hell|Character Customization|Co-op|Difficult|Funny|Local Co-Op|Local Multiplayer|Multiplayer|Ninja|Online Co-Op,PASS,PASS,PASS,PASS,PENDING_EXTERNAL_CHECK
1321230,Angels of Death Episode.Eddie,"Vaka Game Magazine, Makoto Sanada",Vaka Game Magazine,0.7059,Depth,0.6056,0.7921,0.8087,0.6174,397,0.8992,Very Positive,"0 .. 20,000",10000.0,6.99,True,False,False,True,2020,Adventure|Indie|RPG,2D|Adventure|Anime|Atmospheric|Cute|Dark|Fantasy|Horror|Indie|Pixel Graphics|Psychological Horror|Puzzle|RPG|RPGMaker|Retro,PASS,PASS,PASS,PASS,PENDING_EXTERNAL_CHECK
1361110,Karen: An Outrage Simulator,Vagabond Dog,Vagabond Dog,0.7045,Low-cost option,0.4632,0.7921,0.7156,0.8471,213,0.9437,Very Positive,"0 .. 20,000",10000.0,2.99,True,False,False,True,2020,Indie,2D|America|Capitalism|Cartoony|Choices Matter|Choose Your Own Adventure|Comedy|Conversation|Diplomacy|Funny|Indie|Memes|Parody|Pixel Graphics|RPG,PASS,PASS,PASS,PASS,PENDING_EXTERNAL_CHECK
1282200,The Test: Hypothesis Rising,Randumb Studios,Randumb Studios,0.7045,Anchor,0.951,0.09,0.8775,0.8992,5796,0.9777,Overwhelmingly Positive,"200,000 .. 500,000",350000.0,1.99,True,False,False,True,2020,Adventure|Casual|Indie|RPG|Simulation,Adventure|Anime|Atmospheric|Casual|Choices Matter|Choose Your Own Adventure|Comedy|Detective|Horror|Immersive Sim|Investigation|Multiple Endings|Mystery|Psychological|Psychological Horror,PASS,PASS,PASS,PASS,PENDING_EXTERNAL_CHECK
2431070,98xx,JacksonG13,JacksonGameStudios,0.7043,Low-cost option,0.4894,0.7921,0.6889,0.8471,238,0.8025,Very Positive,"0 .. 20,000",10000.0,2.99,True,False,False,True,2023,Indie|Simulation,2D Platformer|Abstract|Dark|Horror|Indie|Lore-Rich|Multiple Endings|Mystery|Point & Click|Psychedelic|Psychological|Psychological Horror|Puzzle|Short|Simulation,PASS,PASS,PASS,PASS,PENDING_EXTERNAL_CHECK
1237730,Catlateral Damage: Remeowstered,"Manekoware, Fire Hose Games",Manekoware,0.7042,Low-cost option,0.4977,0.7921,0.7082,0.8187,245,0.9959,Very Positive,"0 .. 20,000",10000.0,3.74,True,False,False,True,2021,Action|Adventure|Casual|Indie|Simulation,Action|Action-Adventure|Casual|Cats|Collectathon|Colorful|Comedy|Cute|Destruction|Exploration|Family Friendly|First-Person|Funny|Indie|Physics,PASS,PASS,PASS,PASS,PENDING_EXTERNAL_CHECK
2536530,The Pony Factory,"David Szymanski, John Szymanski",David Szymanski,0.7039,Low-cost option,0.6734,0.4783,0.8646,0.7993,548,0.927,Very Positive,"20,000 .. 50,000",35000.0,3.99,False,False,False,True,2024,Action,3D|Action|Atmospheric|Combat|Comedy|Dark|Dark Humor|FPS|First-Person|Funny|Horror|Horses|Linear|Noir|Resource Management,PASS,PASS,PASS,PASS,PENDING_EXTERNAL_CHECK
1178200,Somewhere inside,Funny Games,Funny Games,0.7033,Low-cost option,0.1078,0.7921,0.9555,0.9579,66,0.7121,Mostly Positive,"0 .. 20,000",10000.0,0.99,True,True,True,True,2019,Action|Adventure|Indie|Massively Multiplayer|RPG,Action|Adventure|Atmospheric|Beautiful|Cartoony|Co-op|Fast-Paced|Funny|Horror|Indie|Local Co-Op|Local Multiplayer|Massively Multiplayer|Multiplayer|Online Co-Op,PASS,PASS,PASS,PASS,PENDING_EXTERNAL_CHECK
1150620,Bed Lying Simulator 2020,Oblomov Industries,Kavkaz Sila Games,0.7031,Low-cost option,0.3381,0.7921,0.6864,0.9957,133,0.7895,Mostly Positive,"0 .. 20,000",10000.0,0.49,False,False,False,True,2020,Action|Casual|Simulation,3D|Abstract|Action|Atmospheric|Casual|Comedy|Dark|Dark Comedy|Dark Humor|First-Person|Funny|Great Soundtrack|Psychological|Psychological Horror|Realistic,PASS,PASS,PASS,PASS,PENDING_EXTERNAL_CHECK
2158650,I Did Not Buy This Ticket,"Tiago Rech, Time Galleon",Time Galleon,0.7028,Depth,0.5183,0.7921,0.9232,0.5776,268,0.8806,Very Positive,"0 .. 20,000",10000.0,7.99,True,False,False,True,2023,Adventure|Indie,Adventure|Atmospheric|Choices Matter|Conversation|Dark|Emotional|Experimental|Female Protagonist|Horror|Indie|Interactive Fiction|Multiple Endings|Mystery|Psychological|Psychological Horror,PASS,PASS,PASS,PASS,PENDING_EXTERNAL_CHECK
214870,Painkiller Hell & Damnation,The Farm 51,Prime Matter,0.7027,Anchor,0.927,0.09,0.9946,0.7993,4092,0.7798,Mostly Positive,"200,000 .. 500,000",350000.0,3.99,False,True,True,True,2012,Action,Action|Atmospheric|Classic|Co-op|Demons|FPS|Fast-Paced|First-Person|Gore|Great Soundtrack|Horror|Local Co-Op|Multiplayer|Old School|Online Co-Op,PASS,PASS,PASS,PASS,PENDING_EXTERNAL_CHECK
436290,Children of Zodiarcs,Cardboard Utopia,Square Enix,0.7025,Low-cost option,0.6608,0.4783,0.892,0.7791,515,0.7087,Mostly Positive,"20,000 .. 50,000",35000.0,4.49,True,False,False,True,2017,Indie|RPG|Strategy,Board Game|Card Battler|Card Game|Character Customization|Deckbuilding|Dice|Female Protagonist|Great Soundtrack|Indie|JRPG|RPG|Singleplayer|Story Rich|Strategy|Tactical RPG,PASS,PASS,PASS,PASS,PENDING_EXTERNAL_CHECK
200010,Quantum Conundrum,Airtight Games,Square Enix,0.7021,Anchor,0.8626,0.09,0.8739,0.982,2043,0.8429,Very Positive,"200,000 .. 500,000",350000.0,0.98,False,False,False,True,2012,Casual|Strategy,3D Platformer|Adventure|Cartoony|Casual|Comedy|Controller|Difficult|Family Friendly|First-Person|Funny|Physics|Platformer|Puzzle|Puzzle Platformer|Sci-fi,PASS,PASS,PASS,PASS,PENDING_EXTERNAL_CHECK
2288210,三国真龙传,怪侠一枝梅工作室,上海巴霍网络科技有限公司,0.702,Low-cost option,0.6276,0.7921,0.6635,0.7249,439,0.8497,Very Positive,"0 .. 20,000",10000.0,4.99,True,False,False,True,2024,Adventure|Indie|RPG,2D|Adventure|Anime|CRPG|Combat|Drama|Dungeon Crawler|Early Access|Historical|Indie|JRPG|Pixel Graphics|RPG|Singleplayer|Story Rich,PASS,PASS,PASS,PASS,PENDING_EXTERNAL_CHECK
322110,20XX,"Batterystaple Games, Fire Hose Games",Batterystaple Games,0.702,Anchor,0.9327,0.09,0.9383,0.8471,4347,0.9153,Very Positive,"200,000 .. 500,000",350000.0,2.99,True,True,True,True,2017,Action|Indie,2D|2D Platformer|Action|Action Roguelike|Co-op|Controller|Difficult|Female Protagonist|Great Soundtrack|Indie|Local Co-Op|Local Multiplayer|Multiplayer|Online Co-Op|Platformer,PASS,PASS,PASS,PASS,PENDING_EXTERNAL_CHECK
1811040,South of the Circle,State of Play,11 bit studios,0.7019,Anchor,0.8027,0.4783,0.8894,0.6371,1237,0.8496,Very Positive,"20,000 .. 50,000",35000.0,6.49,False,False,False,True,2022,Adventure,Adventure|Atmospheric|Cinematic|Cold War|Drama|Emotional|Interactive Fiction|Linear|Minimalist|Narration|Point & Click|Romance|Singleplayer|Soundtrack|Story Rich,PASS,PASS,PASS,PASS,PENDING_EXTERNAL_CHECK
2232600,Anomaly Exit,ExamlGuy,ExamlGuy,0.7017,Depth,0.6271,0.7921,0.7331,0.6546,438,0.911,Very Positive,"0 .. 20,000",10000.0,5.99,True,True,True,True,2024,Adventure|Casual|Indie,3D|Adventure|Atmospheric|Casual|Choices Matter|Co-op|Exploration|First-Person|Hidden Object|Horror|Indie|Linear|Multiplayer|Online Co-Op|Psychological,PASS,PASS,PASS,PASS,PENDING_EXTERNAL_CHECK
2112520,her tears were my light,NomnomNami,NomnomNami,0.7017,Low-cost option,0.656,0.4783,0.8254,0.8471,503,0.994,Overwhelmingly Positive,"20,000 .. 50,000",35000.0,2.99,False,False,False,True,2022,Simulation,Anime|Choices Matter|Choose Your Own Adventure|Cute|Fantasy|Female Protagonist|LGBTQ+|Multiple Endings|Romance|Simulation|Singleplayer|Space|Story Rich|Time Manipulation|Time Travel,PASS,PASS,PASS,PASS,PENDING_EXTERNAL_CHECK
1921900,The Testing Chamber,Randumb Studios,Randumb Studios,0.7015,Low-cost option,0.6899,0.4783,0.9128,0.7249,602,0.9718,Overwhelmingly Positive,"20,000 .. 50,000",35000.0,4.99,False,False,False,True,2022,RPG|Simulation,Anime|Atmospheric|Choices Matter|Choose Your Own Adventure|Detective|Emotional|Horror|Immersive Sim|Investigation|JRPG|Multiple Endings|Mystery|Open World|Psychological Horror|RPG,PASS,PASS,PASS,PASS,PENDING_EXTERNAL_CHECK
351920,Crazy Machines 3,Fakt Software,Daedalic Entertainment,0.7014,Anchor,0.976,0.0215,0.8502,0.9579,9748,0.9443,Very Positive,"500,000 .. 1,000,000",750000.0,0.99,False,False,False,True,2016,Simulation|Strategy,Building|Casual|Difficult|Multiplayer|Physics|Puzzle|Sandbox|Simulation|Singleplayer|Strategy,PASS,PASS,PASS,PASS,PENDING_EXTERNAL_CHECK
2300230,Feather Party,threeW,Teneke Kafalar Spotlight,0.7014,Low-cost option,0.601,0.7921,0.6874,0.7249,389,0.9075,Very Positive,"0 .. 20,000",10000.0,4.99,True,True,True,False,2024,Action|Casual|Early Access|Indie,3D|3D Platformer|Action|Cartoony|Casual|Co-op|Colorful|Comedy|Early Access|Family Friendly|Funny|Indie|Minigames|Multiplayer|Online Co-Op,PASS,PASS,PASS,PASS,PENDING_EXTERNAL_CHECK
1151390,Putin Life,PutinDevTeam,ObamaObeziana Entertainment,0.7007,Low-cost option,0.5526,0.7921,0.5004,0.9579,311,0.8875,Very Positive,"0 .. 20,000",10000.0,0.99,True,False,False,True,2019,Action|Adventure|Casual|Indie|RPG|Simulation|Strategy,2D|Action|Adventure|Atmospheric|Casual|Colorful|Comedy|Economy|Family Friendly|Fast-Paced|Great Soundtrack|Indie|Memes|Politics|RPG,PASS,PASS,PASS,PASS,PENDING_EXTERNAL_CHECK
355970,Home is Where One Starts...,David Wehle,David Wehle,0.7005,Low-cost option,0.7048,0.4783,0.772,0.8471,656,0.7698,Mostly Positive,"20,000 .. 50,000",35000.0,2.99,True,False,False,True,2015,Adventure|Indie,Adventure|Atmospheric|Casual|Drama|Exploration|Female Protagonist|First-Person|Great Soundtrack|Indie|Mystery|Narration|Open World|Relaxing|Short|Singleplayer,PASS,PASS,PASS,PASS,PENDING_EXTERNAL_CHECK
1310510,Handy Harry's Haunted House Services,Bismuth Studio,Bismuth Studio,0.7004,Low-cost option,0.7236,0.4783,0.875,0.7249,733,0.8977,Very Positive,"20,000 .. 50,000",35000.0,4.99,True,True,True,True,2020,Early Access|Indie,3D|Action|Character Customization|Co-op|Dark|Early Access|First-Person|Funny|Horror|Indie|Multiplayer|Online Co-Op|Pixel Graphics|Procedural Generation|Psychological Horror,PASS,PASS,PASS,PASS,PENDING_EXTERNAL_CHECK
746400,Speed Dating for Ghosts,Copychaser Games,Copychaser Games,0.7003,Depth,0.6527,0.7921,0.7391,0.6174,495,0.9596,Very Positive,"0 .. 20,000",10000.0,6.99,True,False,False,True,2018,Casual|Indie|Simulation,Casual|Choices Matter|Comedy|Conversation|Dark Humor|Dating Sim|Emotional|Hand-drawn|Horror|Indie|Interactive Fiction|LGBTQ+|Minimalist|Nonlinear|Romance,PASS,PASS,PASS,PASS,PENDING_EXTERNAL_CHECK
2461780,网瘾少年2005 Internet addicted youth 2005,KayKay工作室,KayKay工作室,0.7003,Low-cost option,0.5968,0.7921,0.4844,0.9281,381,0.9738,Very Positive,"0 .. 20,000",10000.0,1.39,True,False,False,True,2023,Indie|RPG,2D|Action-Adventure|Adventure|Atmospheric|Drama|Exploration|Indie|JRPG|Linear|Minimalist|Mystery|Narration|Pixel Graphics|Puzzle|Puzzle Platformer,PASS,PASS,PASS,PASS,PENDING_EXTERNAL_CHECK
1539580,Bird,Meng Games,Meng Games,0.6999,Low-cost option,0.7439,0.4783,0.5818,0.9957,824,0.8313,Very Positive,"20,000 .. 50,000",35000.0,0.49,True,False,False,True,2021,Action|Casual|Early Access|Indie|Simulation,3D Vision|Action|Atmospheric|Automation|Casual|Clicker|Early Access|Flight|Idler|Immersive Sim|Indie|Memes|Nature|Relaxing|Sandbox,PASS,PASS,PASS,PASS,PENDING_EXTERNAL_CHECK
2314180,Silent Nights,JustTomcuk,JustTomcuk,0.6998,Low-cost option,0.3768,0.7921,0.8312,0.7993,152,0.7566,Mostly Positive,"0 .. 20,000",10000.0,3.99,True,False,False,True,2023,Adventure|Indie|RPG|Simulation,Action|Adventure|Atmospheric|Cinematic|Dark|Exploration|First-Person|Horror|Linear|Mystery|Narration|Psychological|Psychological Horror|Realistic|Simulation,PASS,PASS,PASS,PASS,PENDING_EXTERNAL_CHECK
1459910,Isolomus,Michael Rfdshir,Michael Rfdshir,0.6996,Low-cost option,0.5473,0.7921,0.5011,0.9579,303,0.9505,Very Positive,"0 .. 20,000",10000.0,0.99,True,False,False,True,2020,Adventure|Casual|Indie,2D|Adventure|Atmospheric|Casual|Dark|Dark Humor|Funny|Horror|Indie|Minimalist|Mystery|Point & Click|Psychological Horror|Puzzle|Short,PASS,PASS,PASS,PASS,PENDING_EXTERNAL_CHECK
3080380,Violent Horror Stories: anthology,"Indikator, BOBER BROS, Alex Grim, M83 Galaxy, avoCATo, Trioskaz","Trioskaz, BOBER BROS",0.6996,Low-cost option,0.5014,0.7921,0.6577,0.8471,249,0.8956,Very Positive,"0 .. 20,000",10000.0,2.99,True,False,False,True,2024,Action|Indie|Simulation,Action|Atmospheric|Colorful|Dark|Detective|Emotional|Exploration|Horror|Indie|Narration|Psychological Horror|Puzzle|Simulation|Singleplayer|Story Rich,PASS,PASS,PASS,PASS,PENDING_EXTERNAL_CHECK
1577320,Somewhere in the Shadow,"Aydy, Nikolay Kulesh",Aydy,0.6995,Low-cost option,0.7148,0.3062,0.9302,0.8471,694,0.7911,Mostly Positive,"50,000 .. 100,000",75000.0,2.99,True,True,True,True,2021,Adventure|Indie|Massively Multiplayer,Action-Adventure|Adventure|Artificial Intelligence|Co-op|Exploration|First-Person|Horror|Indie|Massively Multiplayer|Multiplayer|Mystery|Mystery Dungeon|Online Co-Op|Puzzle|Singleplayer,PASS,PASS,PASS,PASS,PENDING_EXTERNAL_CHECK
1478410,像素男友 语音完整版,HIROKO IMAKI,Pujia8 Studio,0.6995,Low-cost option,0.564,0.7921,0.6425,0.7993,327,0.9725,Very Positive,"0 .. 20,000",10000.0,3.99,True,False,False,True,2020,Casual|Indie|RPG,Casual|Choices Matter|Dating Sim|Funny|Indie|Multiple Endings|Otome|Pixel Graphics|RPG|Relaxing|Romance|Singleplayer|Story Rich|Text-Based|Word Game,PASS,PASS,PASS,PASS,PENDING_EXTERNAL_CHECK
1456200,Initial Drift Online,RewindApp,RewindApp,0.6994,Anchor,0.9125,0.1884,0.9719,0.7249,3424,0.7845,Mostly Positive,"100,000 .. 200,000",150000.0,4.99,True,False,True,False,2023,Action|Indie|Massively Multiplayer|Racing|Simulation,1990's|Action|Anime|Atmospheric|Automobile Sim|Combat Racing|Driving|First-Person|Immersive Sim|Life Sim|MMORPG|Massively Multiplayer|Multiplayer|Open World|Physics,PASS,PASS,PASS,PASS,PENDING_EXTERNAL_CHECK
2573260,古代风流传,Turtle game,Turtle game,0.699,Low-cost option,0.6473,0.7921,0.4572,0.8992,483,0.7329,Mostly Positive,"0 .. 20,000",10000.0,1.99,True,False,False,True,2023,Action|Adventure|Casual|Indie|RPG|Simulation|Strategy,2D|Action|Action RPG|Adventure|Casual|Clicker|Farming Sim|Female Protagonist|Historical|Interactive Fiction|Life Sim|Mature|NSFW|RPG|Simulation,PASS,PASS,PASS,PASS,PENDING_EXTERNAL_CHECK
39200,Dungeon Siege II,Gas Powered Games,Square Enix,0.6986,Anchor,0.8861,0.0215,0.9045,0.9824,2554,0.7537,Mostly Positive,"500,000 .. 1,000,000",750000.0,0.97,False,False,False,True,,RPG,Action|Action RPG|Adventure|Character Customization|Classic|Co-op|Dungeon Crawler|Dwarf|Fantasy|Hack and Slash|Isometric|Loot|Multiplayer|Party-Based RPG|RPG,PASS,PASS,PASS,PASS,PENDING_EXTERNAL_CHECK
1761620,Headbangers: Rhythm Royale,Glee-Cheese Studio,Team17,0.6982,Low-cost option,0.7638,0.4783,0.8259,0.7249,937,0.7257,Mostly Positive,"20,000 .. 50,000",35000.0,4.99,False,False,True,False,2023,Casual,3D|Alternate History|Battle Royale|Birds|Casual|Character Customization|Colorful|Comedy|Controller|Cute|Family Friendly|Funny|Minigames|Multiplayer|Music,PASS,PASS,PASS,PASS,PENDING_EXTERNAL_CHECK
25890,Hearts of Iron III,Paradox Development Studio,Paradox Interactive,0.6977,Anchor,0.9513,0.0215,0.9446,0.8733,5820,0.7694,Mostly Positive,"500,000 .. 1,000,000",750000.0,2.49,False,True,True,True,2009,Strategy,Alternate History|Difficult|Grand Strategy|Great Soundtrack|Historical|Military|Multiplayer|Politics|RTS|Real-Time with Pause|Sandbox|Simulation|Singleplayer|Strategy|War,PASS,PASS,PASS,PASS,PENDING_EXTERNAL_CHECK
2089140,Super-Patriota Simulator,"Paranauê Ninja Games, Philosophical School of Games",Philosophical School of Games,0.6976,Low-cost option,0.3788,0.7921,0.7204,0.8992,153,0.9608,Very Positive,"0 .. 20,000",10000.0,1.99,False,False,False,True,2024,Action|Casual|Simulation,Action|Casual|Comedy|Conspiracy|Dark Comedy|Dark Humor|Destruction|Early Access|Exploration|Funny|Memes|Open World|Parody|Politics|Sandbox,PASS,PASS,PASS,PASS,PENDING_EXTERNAL_CHECK
1354910,Tiny Lands,Hyper Three Studio,Maple Whispering Limited,0.6976,Depth,0.762,0.7921,0.6188,0.6174,924,0.9307,Very Positive,"0 .. 20,000",10000.0,6.99,True,False,False,True,2021,Casual|Indie,3D|3D Platformer|Adventure|Atmospheric|Casual|Cute|Family Friendly|Funny|Hidden Object|Indie|Isometric|Minimalist|Nature|Nonlinear|Point & Click,PASS,PASS,PASS,PASS,PENDING_EXTERNAL_CHECK
1395560,Kandidatos,Shaikonina Games,Shaikonina Games,0.6969,Anchor,0.9244,0.09,0.8151,0.9579,3901,0.9034,Very Positive,"200,000 .. 500,000",350000.0,0.99,True,False,True,True,2020,Action|Indie,2D Fighter|3D|3D Fighter|Action|Boxing|Comedy|Dark Comedy|Dark Humor|Fighting|Funny|Indie|Local Multiplayer|Martial Arts|Memes|Multiplayer,PASS,PASS,PASS,PASS,PENDING_EXTERNAL_CHECK
581630,Sword With Sauce,Diatomic Games,Diatomic Games,0.6968,Anchor,0.955,0.09,0.8952,0.8471,6132,0.8536,Very Positive,"200,000 .. 500,000",350000.0,2.99,False,False,False,True,2018,Action|Casual,Action|Blood|Casual|Difficult|Early Access|FPS|First-Person|Funny|Gore|Hack and Slash|Indie|Multiplayer|Ninja|Parkour|Sandbox,PASS,PASS,PASS,PASS,PENDING_EXTERNAL_CHECK
1158940,Blazing Sails,"Get Up Games, Iceberg Interactive",Iceberg Interactive,0.6966,Anchor,0.9732,0.1884,0.9702,0.6546,9000,0.8721,Very Positive,"100,000 .. 200,000",150000.0,5.99,True,True,True,False,2023,Action|Adventure|Casual|Indie,Action|Battle Royale|Character Customization|Co-op|Competitive|FPS|Fast-Paced|First-Person|Funny|Historical|Multiplayer|Naval|Naval Combat|Online Co-Op|Open World,PASS,PASS,PASS,PASS,PENDING_EXTERNAL_CHECK
1016730,Deck of Ashes,AYGames,ESDigital Games,0.6965,Anchor,0.7758,0.4783,0.7327,0.7993,1021,0.7307,Mostly Positive,"20,000 .. 50,000",35000.0,3.99,True,False,False,True,2020,Adventure|Indie|RPG|Strategy,2D|Adventure|Card Battler|Card Game|Dark|Dark Fantasy|Deckbuilding|Early Access|Hand-drawn|Indie|Procedural Generation|RPG|Replay Value|Roguelike|Roguelike Deckbuilder,PASS,PASS,PASS,PASS,PENDING_EXTERNAL_CHECK
2695940,PANICORE,ZTEK Studio,ZTEK Studio,0.6963,Anchor,0.9505,0.1884,0.9213,0.7249,5761,0.7848,Mostly Positive,"100,000 .. 200,000",150000.0,4.99,True,True,True,True,2024,Action|Adventure|Indie,Action|Action Roguelike|Action-Adventure|Adventure|Atmospheric|Casual|Co-op|Dark|First-Person|Horror|Indie|Multiplayer|Online Co-Op|Psychological|Psychological Horror,PASS,PASS,PASS,PASS,PENDING_EXTERNAL_CHECK
2990,FlatOut 2,"Bugbear Entertainment, ZOOM Platform Media, Jordan Freeman Group",Strategy First,0.6962,Anchor,0.9923,0.0215,0.8719,0.8992,17330,0.9617,Overwhelmingly Positive,"500,000 .. 1,000,000",750000.0,1.99,False,False,True,True,2006,Racing,3D|Action|Arcade|Automobile Sim|Baseball|Basketball|Bowling|Casual|Combat Racing|Destruction|Driving|Football (American)|Funny|Local Multiplayer|Multiplayer,PASS,PASS,PASS,PASS,PENDING_EXTERNAL_CHECK
474750,Reigns,Nerial,Devolver Digital,0.6961,Anchor,0.9677,0.0215,0.8698,0.9255,7829,0.8747,Very Positive,"500,000 .. 1,000,000",750000.0,1.49,True,False,False,True,2016,Adventure|Indie|RPG|Simulation,2D|Adventure|Card Game|Casual|Choices Matter|Choose Your Own Adventure|Comedy|Dark Humor|Difficult|Fantasy|Funny|Great Soundtrack|Indie|Life Sim|Medieval,PASS,PASS,PASS,PASS,PENDING_EXTERNAL_CHECK
371180,Super 3-D Noah's Ark,"Wisdom Tree, Inc.","Piko Interactive LLC, Bleem!",0.6961,Low-cost option,0.7519,0.3062,0.9053,0.8211,864,0.8808,Very Positive,"50,000 .. 100,000",75000.0,3.49,False,False,False,True,2015,Action,1990's|Action|Alternate History|Atmospheric|Boomer Shooter|Classic|Cold War|Cult Classic|Cute|Difficult|Education|FPS|Family Friendly|First-Person|Funny,PASS,PASS,PASS,PASS,PENDING_EXTERNAL_CHECK
618970,Outcast - Second Contact,Appeal Studios,Nacon,0.6961,Low-cost option,0.7567,0.3062,0.7958,0.9255,893,0.7805,Mostly Positive,"50,000 .. 100,000",75000.0,1.49,False,False,False,True,2017,Action|Adventure,Action|Adventure|Classic|Cult Classic|Exploration|Funny|Great Soundtrack|Open World|RPG|Remake|Sci-fi|Singleplayer|Story Rich|Third Person|Third-Person Shooter,PASS,PASS,PASS,PASS,PENDING_EXTERNAL_CHECK
746140,Walking Zombie: Shooter,Alda Games,Alda Games,0.6959,Low-cost option,0.6378,0.7921,0.629,0.7249,461,0.7505,Mostly Positive,"0 .. 20,000",10000.0,4.99,False,True,True,True,2018,Action|Casual,Action|Action RPG|Blood|Cartoony|Casual|Co-op|FPS|First-Person|Gore|Horror|On-Rails Shooter|Online Co-Op|Pixel Graphics|Post-apocalyptic|RPG,PASS,PASS,PASS,PASS,PENDING_EXTERNAL_CHECK
402020,The Park®,Funcom,Funcom,0.6959,Anchor,0.9034,0.1884,0.8743,0.8175,3053,0.7029,Mostly Positive,"100,000 .. 200,000",150000.0,3.89,False,False,False,True,2015,Adventure,Adventure|Atmospheric|Exploration|First-Person|Gore|Great Soundtrack|Horror|Illuminati|Indie|Lovecraftian|Mystery|Open World|Psychological|Psychological Horror|Short,PASS,PASS,PASS,PASS,PENDING_EXTERNAL_CHECK
1738610,First Class Escape: The Train of Thought,0 Deer Soft,0 Deer Soft Partnership,0.6955,Low-cost option,0.6062,0.4783,0.9198,0.7778,398,0.7312,Mostly Positive,"20,000 .. 50,000",35000.0,4.54,True,True,True,True,2021,Adventure|Casual|Indie,Adventure|Atmospheric|Casual|Co-op|Co-op Campaign|Detective|Escape Room|Exploration|First-Person|Hidden Object|Investigation|Linear|Logic|Multiplayer|Mystery,PASS,PASS,PASS,PASS,PENDING_EXTERNAL_CHECK
95400,ibb & obb,"Sparpweed, Codeglue",Sparpweed,0.6955,Anchor,0.9581,0.0215,0.9271,0.8752,6463,0.903,Very Positive,"500,000 .. 1,000,000",750000.0,2.39,True,True,True,False,2014,Action|Adventure|Indie,2D|Action|Adventure|Casual|Co-op|Controller|Cute|Difficult|Family Friendly|Funny|Great Soundtrack|Indie|Local Co-Op|Local Multiplayer|Multiplayer,PASS,PASS,PASS,PASS,PENDING_EXTERNAL_CHECK
1124660,STORM AREA 51: AYY LMAO EDITION,Agafonoff,Agafonoff,0.6954,Anchor,0.7734,0.09,0.9604,0.9579,1000,0.78,Mostly Positive,"200,000 .. 500,000",350000.0,0.99,True,True,True,True,2019,Action|Adventure|Casual|Indie|Massively Multiplayer|RPG|Simulation|Strategy,Action|Adventure|Anime|Casual|Funny|Great Soundtrack|Indie|Massively Multiplayer|Memes|Multiplayer|Open World|Physics|RPG|Simulation|Story Rich,PASS,PASS,PASS,PASS,PENDING_EXTERNAL_CHECK
2167220,The Bible,Bible Games,Bible Games,0.6952,Low-cost option,0.734,0.4783,0.8437,0.7249,780,0.8872,Very Positive,"20,000 .. 50,000",35000.0,4.99,True,False,False,True,2022,Indie,Atmospheric|Choose Your Own Adventure|Drama|Dynamic Narration|Faith|Female Protagonist|Historical|Interactive Fiction|Lore-Rich|Narration|Nonlinear|Philosophical|Psychological Horror|Relaxing|Singleplayer,PASS,PASS,PASS,PASS,PENDING_EXTERNAL_CHECK
2251380,Escape From Russia: Mobilization,,,0.6951,Low-cost option,0.4918,0.7921,0.5636,0.9332,240,0.8625,Very Positive,"0 .. 20,000",10000.0,1.0296,True,False,False,True,2023,Action|Adventure|Indie|Simulation,3D|Action|Action-Adventure|Adventure|Arcade|Colorful|Comedy|Dark Fantasy|Family Friendly|Funny|Horror|Memes|Political Sim|Procedural Generation|Realistic,PASS,PASS,PASS,PASS,PENDING_EXTERNAL_CHECK
251270,Corpse Party,GrisGris,"XSEED Games, Marvelous USA, Inc.",0.6951,Anchor,0.8068,0.7921,0.8831,0.2985,1275,0.8957,Very Positive,"0 .. 20,000",10000.0,14.99,True,False,False,True,2016,Adventure|Indie|RPG,2D|Adventure|Anime|Choices Matter|Cute|Dark|Gore|Great Soundtrack|Horror|Indie|Mature|Multiple Endings|Pixel Graphics|Psychological Horror|RPG,PASS,PASS,PASS,PASS,PENDING_EXTERNAL_CHECK
1451120,Sunlight,Krillbite Studio,Krillbite Studio,0.6951,Low-cost option,0.5937,0.7921,0.5952,0.7993,376,0.758,Mostly Positive,"0 .. 20,000",10000.0,3.99,True,False,False,True,2021,Adventure|Indie,3D|Abstract|Adventure|Atmospheric|Cinematic|Emotional|Experimental|Hand-drawn|Indie|Narration|Nature|Open World|Philosophical|Procedural Generation|Relaxing,PASS,PASS,PASS,PASS,PENDING_EXTERNAL_CHECK
2871930,Astro Looter: Survivor,Soda Game Studio,Soda Game Studio,0.695,Low-cost option,0.5318,0.7921,0.6769,0.7791,283,0.7597,Mostly Positive,"0 .. 20,000",10000.0,4.49,False,False,False,True,2024,Action|Adventure|Casual|RPG|Strategy,Action|Action Roguelike|Aliens|Arena Shooter|Battle Royale|Bullet Hell|Bullet Time|Hero Shooter|Roguelike|Roguelite|Sandbox|Shoot 'Em Up|Shooter|Singleplayer|Survival,PASS,PASS,PASS,PASS,PENDING_EXTERNAL_CHECK
2205290,流光易逝的夏末 - Fleeting Summer's End,柚原堂,柚原堂,0.6949,Low-cost option,0.4988,0.7921,0.6416,0.8471,246,0.9919,Very Positive,"0 .. 20,000",10000.0,2.99,False,False,False,True,2023,RPG,Anime|Casual|Cute|Emotional|Female Protagonist|Funny|Interactive Fiction|LGBTQ+|Pixel Graphics|RPG|Romance|Singleplayer|Visual Novel|Word Game,PASS,PASS,PASS,PASS,PENDING_EXTERNAL_CHECK
1929360,Tumbleweed Destiny,KIMIDORI SOFT,KIMIDORI SOFT,0.6948,Low-cost option,0.5945,0.4783,0.8593,0.8471,377,0.9496,Very Positive,"20,000 .. 50,000",35000.0,2.99,True,True,True,True,2022,Adventure|Casual|Indie|RPG,3D|Action-Adventure|Adventure|Casual|Cinematic|Clicker|Co-op|Controller|Funny|Idler|Indie|Multiplayer|Online Co-Op|Open World|Physics,PASS,PASS,PASS,PASS,PENDING_EXTERNAL_CHECK
1578220,Mister Furry: Hot Muscles,"Red Six Development, Male Union","Red Six Publishing, Dungeon Master",0.6939,Anchor,0.7864,0.3062,0.7253,0.9579,1101,0.9201,Very Positive,"50,000 .. 100,000",75000.0,0.99,True,False,False,True,2024,Action|Adventure|Casual|Indie|RPG|Simulation|Sports|Strategy,Action|Adventure|Casual|Comedy|Dark Fantasy|Family Friendly|First-Person|Funny|Horror|Indie|LGBTQ+|Memes|Politics|Psychological Horror|RPG,PASS,PASS,PASS,PASS,PENDING_EXTERNAL_CHECK
453270,Madness Cubed,"epic dreams, diman production, nobodyshot",diman production,0.6937,Anchor,0.7822,0.1884,0.905,0.8992,1073,0.7735,Mostly Positive,"100,000 .. 200,000",150000.0,1.99,True,True,True,True,2016,Action|Adventure|Indie|Massively Multiplayer|Simulation,Action|Adventure|Building|Co-op|FPS|First-Person|Horror|Indie|Massively Multiplayer|Multiplayer|Shooter|Simulation|Voxel|Zombies,PASS,PASS,PASS,PASS,PENDING_EXTERNAL_CHECK
720660,Overloop,Charge Games,"Digerati, Doyoyo Games",0.6937,Low-cost option,0.412,0.7921,0.6955,0.8752,173,0.9538,Very Positive,"0 .. 20,000",10000.0,2.39,True,False,False,True,2022,Action|Adventure|Indie,2D|2D Platformer|Action|Adventure|Atmospheric|Blood|Dark Humor|Exploration|Gore|Indie|Local Co-Op|Mystery|Pixel Graphics|Platformer|Puzzle,PASS,PASS,PASS,PASS,PENDING_EXTERNAL_CHECK
1206610,Rubber Bandits,Flashbulb,Flashbulb,0.6936,Anchor,0.9545,0.0215,0.8992,0.8992,6076,0.8504,Very Positive,"500,000 .. 1,000,000",750000.0,1.99,True,True,True,False,2021,Action|Casual|Indie,4 Player Local|Action|Beat 'em up|Casual|Co-op|Comedy|Cute|Destruction|Family Friendly|Fighting|Funny|Heist|Local Co-Op|Local Multiplayer|Multiplayer,PASS,PASS,PASS,PASS,PENDING_EXTERNAL_CHECK
1079000,Ord.,"Mujo Games, Stuffed Wombat",Mujo Games,0.6934,Low-cost option,0.4514,0.7921,0.6308,0.8992,204,0.9363,Very Positive,"0 .. 20,000",10000.0,1.99,True,False,False,True,2019,Adventure|Casual|Indie|RPG|Strategy,Adventure|Atmospheric|Casual|Choices Matter|Experience|Experimental|Fantasy|Indie|Minimalist|Narrative|Perma Death|RPG|Roguelike|Singleplayer|Story Rich,PASS,PASS,PASS,PASS,PENDING_EXTERNAL_CHECK
301560,White Night,OSome Studio,Plug In Digital,0.6933,Low-cost option,0.5881,0.4783,0.7815,0.9255,368,0.7527,Mostly Positive,"20,000 .. 50,000",35000.0,1.49,False,False,False,True,2015,Adventure,Adventure|Atmospheric|Horror|Indie|Noir|Psychological Horror|Puzzle|Singleplayer|Story Rich|Survival|Survival Horror,PASS,PASS,PASS,PASS,PENDING_EXTERNAL_CHECK
96100,Defy Gravity Extended,Paul Fisch,Fish Factory Games,0.6933,Anchor,0.971,0.0215,0.7883,0.9925,8576,0.861,Very Positive,"500,000 .. 1,000,000",750000.0,0.55,True,False,False,True,2016,Action|Casual|Indie,2D|Action|Arcade|Casual|Difficult|Female Protagonist|Funny|Great Soundtrack|Indie|Multiplayer|Physics|Platformer|Puzzle|Puzzle Platformer|Retro,PASS,PASS,PASS,PASS,PENDING_EXTERNAL_CHECK
655910,BULLET PARTY,Awoker Games,Awoker Games,0.6931,Low-cost option,0.1919,0.7921,0.7929,0.9957,84,0.9524,Very Positive,"0 .. 20,000",10000.0,0.49,True,True,True,True,2017,Action|Indie,1980s|4 Player Local|Arcade|Bullet Hell|Co-op|Co-op Campaign|Controller|Cute|Fast-Paced|Local Co-Op|Local Multiplayer|Multiplayer|Pixel Graphics|Retro|Shoot 'Em Up,PASS,PASS,PASS,PASS,PENDING_EXTERNAL_CHECK
359840,Shift Happens,Klonk Games,Daedalic Entertainment,0.6931,Anchor,0.9187,0.0215,0.9087,0.9233,3671,0.8011,Very Positive,"500,000 .. 1,000,000",750000.0,1.59,True,True,True,True,2017,Action|Indie,2.5D|2D|2D Platformer|Action|Co-op|Colorful|Controller|Family Friendly|Funny|Indie|Local Co-Op|Local Multiplayer|Multiplayer|Online Co-Op|Platformer,PASS,PASS,PASS,PASS,PENDING_EXTERNAL_CHECK
1027820,Hand Simulator: Horror,HFM Games,HFM Games,0.6928,Low-cost option,0.75,0.3062,0.8679,0.8471,851,0.7109,Mostly Positive,"50,000 .. 100,000",75000.0,2.99,True,True,True,True,2020,Action|Adventure|Indie|Massively Multiplayer|Simulation,3D|Atmospheric|Co-op|Dark|Exploration|First-Person|Hidden Object|Horror|Investigation|Multiplayer|Online Co-Op|Open World|Open World Survival Craft|Physics|Realistic,PASS,PASS,PASS,PASS,PENDING_EXTERNAL_CHECK
1882240,Forgotten Realms: The Archives - Collection One,"Westwood Associates, Strategic Simulations",SNEG,0.6928,Low-cost option,0.4413,0.7921,0.8129,0.7249,196,0.9133,Very Positive,"0 .. 20,000",10000.0,4.99,False,False,False,True,2022,RPG,Action RPG|Action-Adventure|Adventure|Choose Your Own Adventure|Creature Collector|Dungeon Crawler|Dungeons & Dragons|Fantasy|First-Person|Old School|Party-Based RPG|Puzzle|RPG|Retro|Singleplayer,PASS,PASS,PASS,PASS,PENDING_EXTERNAL_CHECK
440650,Niche - a genetics survival game,Stray Fawn Studio,"Stray Fawn Publishing, WhisperGames",0.6928,Anchor,0.941,0.7921,0.811,0.2271,4912,0.8652,Very Positive,"0 .. 20,000",10000.0,17.99,True,False,False,True,2017,Indie|Simulation|Strategy,Adventure|Board Game|Education|Exploration|Family Friendly|Funny|Life Sim|Nature|Procedural Generation|Puzzle|RPG|Relaxing|Resource Management|Roguelike|Sandbox,PASS,PASS,PASS,PASS,PENDING_EXTERNAL_CHECK
2009380,They Don't Sleep,Missing Middle Games,Missing Middle Games,0.6924,Low-cost option,0.4413,0.7921,0.6893,0.8471,196,0.9643,Very Positive,"0 .. 20,000",10000.0,2.99,False,False,False,True,2022,Action|Simulation,2D|Action|Action Roguelike|Character Customization|Female Protagonist|Indie|Life Sim|Pixel Graphics|Resource Management|Roguelike|Roguelite|Simulation|Singleplayer|Survival|Survival Horror,PASS,PASS,PASS,PASS,PENDING_EXTERNAL_CHECK
285330,RollerCoaster Tycoon® 2: Triple Thrill Pack,Chris Sawyer Productions,Atari,0.6922,Anchor,0.9448,0.0215,0.9291,0.8733,5199,0.8911,Very Positive,"500,000 .. 1,000,000",750000.0,2.49,False,False,False,True,2014,Simulation|Strategy,2D|Addictive|Building|Casual|City Builder|Classic|Economy|Family Friendly|Funny|Great Soundtrack|Isometric|Management|Multiplayer|Nostalgia|Pixel Graphics,PASS,PASS,PASS,PASS,PENDING_EXTERNAL_CHECK
1202970,Mad Tracks,Loadinc Entertainment,Plug In Digital,0.6922,Low-cost option,0.4645,0.7921,0.5867,0.9255,214,0.8785,Very Positive,"0 .. 20,000",10000.0,1.49,False,True,True,True,2020,Racing,3D|4 Player Local|Arcade|Atmospheric|Casual|Colorful|Combat Racing|Controller|Driving|First-Person|Funny|Local Multiplayer|Mini Golf|Physics|PvP,PASS,PASS,PASS,PASS,PENDING_EXTERNAL_CHECK
1720090,Aspire: Ina's Tale,Wondernaut Studio,Untold Tales,0.692,Low-cost option,0.5545,0.7921,0.5498,0.8718,314,0.8503,Very Positive,"0 .. 20,000",10000.0,2.59,True,False,False,True,2021,Adventure|Casual|Indie,2D|2D Platformer|Action-Adventure|Adventure|Atmospheric|Beautiful|Casual|Colorful|Drama|Exploration|Female Protagonist|Indie|Narration|Platformer|Puzzle,PASS,PASS,PASS,PASS,PENDING_EXTERNAL_CHECK
816090,Space Hulk: Deathwing Enhanced Edition,Streum On Studio,Focus Entertainment,0.692,Anchor,0.9749,0.0215,0.9924,0.7791,9463,0.7223,Mostly Positive,"500,000 .. 1,000,000",750000.0,4.49,False,True,True,True,2018,Action|Adventure,Action|Adventure|Aliens|Atmospheric|Co-op|FPS|First-Person|Games Workshop|Gore|Horror|Mature|Multiplayer|Online Co-Op|RPG|Sci-fi,PASS,PASS,PASS,PASS,PENDING_EXTERNAL_CHECK
2056340,Room of Depression,FirePillar2,"IndieArk, FirePillar2",0.692,Depth,0.5842,0.7921,0.737,0.6546,361,0.7645,Mostly Positive,"0 .. 20,000",10000.0,5.99,True,False,False,True,2023,Adventure|Casual|Indie,2D|Adventure|Atmospheric|Cartoon|Cartoony|Casual|Cute|Drama|Education|Emotional|Family Friendly|Female Protagonist|Indie|Interactive Fiction|Life Sim,PASS,PASS,PASS,PASS,PENDING_EXTERNAL_CHECK
471550,Nine Parchments,Frozenbyte,Frozenbyte,0.6919,Anchor,0.9306,0.09,0.9665,0.7805,4240,0.7743,Mostly Positive,"200,000 .. 500,000",350000.0,4.39,False,True,True,True,2017,Action|RPG,4 Player Local|Action|Action RPG|Atmospheric|Co-op|Colorful|Fantasy|Funny|Great Soundtrack|Indie|Isometric|Local Co-Op|Magic|Multiplayer|Online Co-Op,PASS,PASS,PASS,PASS,PENDING_EXTERNAL_CHECK
299950,GET EVEN,The Farm 51,BANDAI NAMCO Entertainment,0.6918,Anchor,0.8417,0.3062,0.8402,0.7791,1693,0.7561,Mostly Positive,"50,000 .. 100,000",75000.0,4.49,True,False,False,True,2017,Action|Indie,Action|Adventure|Dark|Detective|Drama|Exploration|FPS|First-Person|Great Soundtrack|Horror|Indie|Mature|Mystery|Psychedelic|Psychological,PASS,PASS,PASS,PASS,PENDING_EXTERNAL_CHECK
2846290,Unspoken,Weeping studio,Weeping Studio,0.6917,Low-cost option,0.6721,0.7921,0.4556,0.8471,544,0.8934,Very Positive,"0 .. 20,000",10000.0,2.99,True,False,False,False,2024,Action|Adventure|Indie,3D|Action|Action-Adventure|Adventure|Atmospheric|Dark|First-Person|Horror|Indie|Linear|Mystery|Narrative|Noir|Psychological Horror|Realistic,PASS,PASS,PASS,PASS,PENDING_EXTERNAL_CHECK
3270,Painkiller Overdose,Mindware Studios,Prime Matter,0.6916,Anchor,0.7784,0.1884,0.8418,0.9579,1047,0.7268,Mostly Positive,"100,000 .. 200,000",150000.0,0.99,False,False,True,True,2007,Action,Action|Boomer Shooter|Co-op|Demons|FPS|First-Person|Gore|Horror|Multiplayer|Shooter|Singleplayer,PASS,PASS,PASS,PASS,PENDING_EXTERNAL_CHECK
864550,Radiant One,Fntastic,Fntastic,0.6915,Low-cost option,0.4918,0.7921,0.5243,0.9579,240,0.7708,Mostly Positive,"0 .. 20,000",10000.0,0.99,True,False,False,True,2018,Adventure|Casual|Indie|RPG,Adventure|Atmospheric|Casual|Cute|Funny|Great Soundtrack|Horror|Indie|Interactive Fiction|Isometric|Mystery|Psychological|RPG|Short|Story Rich,PASS,PASS,PASS,PASS,PENDING_EXTERNAL_CHECK
2710950,Revenge Of The Colon,Lilou Studio,Lilou Studio,0.6914,Depth,0.5103,0.7921,0.8856,0.5776,258,0.9031,Very Positive,"0 .. 20,000",10000.0,7.99,True,False,False,True,2023,Casual|Indie|RPG|Simulation,Atmospheric|Blood|Casual|Choices Matter|Dark|Dark Humor|First-Person|Horror|Linear|Medical Sim|Multiple Endings|Old School|Psychological|Psychological Horror|Retro,PASS,PASS,PASS,PASS,PENDING_EXTERNAL_CHECK
61730,Critter Crunch,Capybara Games,Capybara Games,0.6913,Depth,0.5744,0.7921,0.7813,0.6174,345,0.942,Very Positive,"0 .. 20,000",10000.0,6.99,True,True,True,True,2012,Action|Casual|Indie,2D|Action|Anime|Arcade|Cartoony|Casual|Co-op|Cute|Family Friendly|Horror|Indie|Local Co-Op|Local Multiplayer|Match 3|Multiplayer,PASS,PASS,PASS,PASS,PENDING_EXTERNAL_CHECK
1304640,Related,"Dariia Babchuk, Andrii Petrov",FRACTALCATZ,0.6913,Low-cost option,0.4103,0.7921,0.605,0.9579,172,0.843,Very Positive,"0 .. 20,000",10000.0,0.99,True,False,False,True,2020,Adventure|Indie,2D|Adventure|Atmospheric|Beautiful|Blood|Fantasy|Gore|Hand-drawn|Hidden Object|Horror|Indie|Point & Click|Psychological|Psychological Horror|Puzzle,PASS,PASS,PASS,PASS,PENDING_EXTERNAL_CHECK
2204350,Midnight Heist,MediaTale,MediaTale,0.6909,Depth,0.5454,0.7921,0.9511,0.4752,300,0.9367,Very Positive,"0 .. 20,000",10000.0,9.99,True,True,True,True,2023,Action|Adventure|Early Access|Indie|Simulation,Action|Action-Adventure|Adventure|Atmospheric|Character Customization|Crime|Dark|Early Access|Exploration|First-Person|Hacking|Heist|Horror|Loot|Multiplayer,PASS,PASS,PASS,PASS,PENDING_EXTERNAL_CHECK
1313,SiN: Gold,"Ritual Entertainment, Nightdive Studios",Nightdive Studios,0.6909,Depth,0.5887,0.7921,0.9077,0.4752,369,0.813,Very Positive,"0 .. 20,000",10000.0,9.99,False,False,True,True,2020,Action,1990's|Action|Boomer Shooter|Classic|Cult Classic|Cyberpunk|FPS|First-Person|Gore|Great Soundtrack|Horror|Multiplayer|Retro|Shooter|Singleplayer,PASS,PASS,PASS,PASS,PENDING_EXTERNAL_CHECK
703630,The Quarter Game,"LAME Dimension, Flying Pudding Studios",LAME Dimension,0.6903,Low-cost option,0.1661,0.7921,0.8451,0.9579,78,0.9615,Very Positive,"0 .. 20,000",10000.0,0.99,True,False,False,True,2017,Action|Adventure|Indie,Action|Adventure|Anime|Beat 'em up|Bullet Hell|Comedy|Crime|Cute|Faith|Female Protagonist|Funny|Hack and Slash|Indie|Memes|Minimalist,PASS,PASS,PASS,PASS,PENDING_EXTERNAL_CHECK
1245430,Golden Light,Mr. Pink,HypeTrain Digital,0.6902,Anchor,0.8828,0.7921,0.9237,0.1624,2468,0.8878,Very Positive,"0 .. 20,000",10000.0,19.99,True,False,False,True,2022,Action|Adventure|Indie,3D|Action|Co-op|FPS|First-Person|Horror|Indie|Multiplayer|Old School|Online Co-Op|Procedural Generation|Psychedelic|PvP|Retro|Roguelike,PASS,PASS,PASS,PASS,PENDING_EXTERNAL_CHECK
900790,Bunny Minesweeper,DillyFrame,DillyFrame,0.6902,Low-cost option,0.1575,0.7921,0.9641,0.8471,76,0.8421,Very Positive,"0 .. 20,000",10000.0,2.99,True,True,True,True,2018,Casual|Indie|Simulation|Strategy,Action|Adventure|Casual|Character Customization|Co-op|Comedy|Competitive|Difficult|Funny|Indie|Logic|Multiplayer|Online Co-Op|Puzzle|Replay Value,PASS,PASS,PASS,PASS,PENDING_EXTERNAL_CHECK
761910,Worbital,Team Jolly Roger,"Team Jolly Roger, Advanced Interactive Gaming",0.6898,Depth,0.6281,0.7921,0.973,0.3662,440,0.8955,Very Positive,"0 .. 20,000",10000.0,12.99,True,True,True,True,2019,Action|Indie|Strategy,2D|Action|Action RTS|Co-op|Destruction|Family Friendly|Funny|Indie|Local Co-Op|Local Multiplayer|Multiplayer|Online Co-Op|Physics|PvP|RTS,PASS,PASS,PASS,PASS,PENDING_EXTERNAL_CHECK
2425920,GanaBlade,"Liao Kai, LKK GAME",Liao Kai,0.6897,Low-cost option,0.349,0.7921,0.8928,0.7249,138,0.9493,Very Positive,"0 .. 20,000",10000.0,4.99,False,True,True,True,2023,Action,2D|Action|Anime|Bullet Hell|Cartoon|Co-op|Combat|Female Protagonist|Flight|Local Co-Op|Local Multiplayer|Multiplayer|Nostalgia|Pixel Graphics|Retro,PASS,PASS,PASS,PASS,PENDING_EXTERNAL_CHECK
1132970,Time To Stop Time,Sicarius,CreativeForge Games,0.6895,Low-cost option,0.3857,0.7921,0.6811,0.8992,157,0.707,Mostly Positive,"0 .. 20,000",10000.0,1.99,True,False,False,True,2020,Action|Indie,Action|Combat|Comedy|Controller|Destruction|FPS|Fast-Paced|First-Person|Indie|Mechs|Military|Parkour|Realistic|Sandbox|Shooter,PASS,PASS,PASS,PASS,PENDING_EXTERNAL_CHECK
2954260,FINAL SPIN,"bati, loardjosef",bati,0.6895,Low-cost option,0.2714,0.7921,0.9697,0.7249,107,0.9626,Very Positive,"0 .. 20,000",10000.0,4.99,True,True,True,False,2024,Casual|Indie|Strategy,Board Game|Casual|Co-op|Dark|First-Person|Funny|Gambling|Multiplayer|Party|Party Game|Psychological|Puzzle|PvP|Replay Value|Retro,PASS,PASS,PASS,PASS,PENDING_EXTERNAL_CHECK
1074170,SELF,doBell,indienova,0.6895,Low-cost option,0.5042,0.7921,0.7367,0.7249,252,0.7817,Mostly Positive,"0 .. 20,000",10000.0,4.99,True,False,False,True,2020,Adventure|Indie,Adventure|Atmospheric|Experimental|Indie|Mystery|Nonlinear|Old School|Pixel Graphics|Psychological|Psychological Horror|Singleplayer|Story Rich|Word Game,PASS,PASS,PASS,PASS,PENDING_EXTERNAL_CHECK
1494190,秘密舞会,白露社,PeriScope Game,0.6895,Low-cost option,0.7066,0.4783,0.726,0.8471,664,0.9352,Very Positive,"20,000 .. 50,000",35000.0,2.99,True,False,False,True,2021,Adventure|Casual|Indie|RPG|Simulation,Adventure|Anime|Casual|Dating Sim|Drama|Emotional|Female Protagonist|Indie|LGBTQ+|Linear|RPG|Simulation|Singleplayer|Story Rich|Visual Novel,PASS,PASS,PASS,PASS,PENDING_EXTERNAL_CHECK
1617480,Fight Party,Mr. Vibin,Mr. Vibin,0.6894,Low-cost option,0.3643,0.7921,0.8763,0.7249,146,0.7877,Mostly Positive,"0 .. 20,000",10000.0,4.99,True,False,True,False,2021,Action|Casual|Indie,3D Fighter|4 Player Local|Action|Beat 'em up|Casual|Co-op|Comedy|Controller|Fighting|Funny|Indie|Local Co-Op|Local Multiplayer|Multiplayer|Online Co-Op,PASS,PASS,PASS,PASS,PENDING_EXTERNAL_CHECK
2313240,Cats Hidden in Italy,Travellin Cats,Travellin Cats,0.6888,Anchor,0.8361,0.4783,0.4545,0.9863,1615,0.9771,Overwhelmingly Positive,"20,000 .. 50,000",35000.0,0.79,True,False,False,True,2023,Casual|Indie,Cartoony|Casual|Cats|Collectathon|Controller|Cozy|Creature Collector|Cute|Exploration|Hand-drawn|Hidden Object|Indie|Minimalist|Point & Click|Puzzle,PASS,PASS,PASS,PASS,PENDING_EXTERNAL_CHECK
1949770,Rock Simulator 2,vinoo,vinoo,0.6888,Low-cost option,0.5519,0.7921,0.5641,0.8471,310,0.929,Very Positive,"0 .. 20,000",10000.0,2.99,True,True,True,True,2023,Casual|Indie|Simulation,3D|Ambient|Casual|Cinematic|Co-op|Colorful|Dark|Idler|Immersive Sim|Life Sim|Minimalist|Multiplayer|Mystery|Online Co-Op|Philosophical,PASS,PASS,PASS,PASS,PENDING_EXTERNAL_CHECK
400580,Black Closet,Hanako Games,Hanako Games,0.6886,Depth,0.5127,0.7921,0.8322,0.6174,261,0.9234,Very Positive,"0 .. 20,000",10000.0,6.99,True,False,False,True,2015,Indie|RPG|Simulation|Strategy,2D|Choices Matter|Detective|Difficult|Female Protagonist|Gothic|Indie|Investigation|LGBTQ+|Management|Mystery|Noir|RPG|Romance|Simulation,PASS,PASS,PASS,PASS,PENDING_EXTERNAL_CHECK
717640,Reigns: Her Majesty,"Nerial, Synaptic Insight Technology Systems",Devolver Digital,0.6885,Anchor,0.8009,0.3062,0.7999,0.8471,1223,0.8324,Very Positive,"50,000 .. 100,000",75000.0,2.99,True,False,False,True,2017,Casual|Indie|Simulation,Adventure|Card Game|Casual|Choices Matter|Choose Your Own Adventure|Comedy|Dark Comedy|Dark Humor|Female Protagonist|Funny|Indie|Life Sim|Medieval|Simulation|Singleplayer,PASS,PASS,PASS,PASS,PENDING_EXTERNAL_CHECK
573100,Battlefleet Gothic: Armada 2,Tindalos Interactive,Focus Entertainment,0.6885,Anchor,0.9751,0.0215,0.958,0.7993,9522,0.7547,Mostly Positive,"500,000 .. 1,000,000",750000.0,3.99,False,True,True,True,2019,Strategy,Atmospheric|Co-op|Co-op Campaign|Games Workshop|Multiplayer|Naval|Naval Combat|RTS|Real Time Tactics|Sci-fi|Singleplayer|Space|Strategy|Tactical|Violent,PASS,PASS,PASS,PASS,PENDING_EXTERNAL_CHECK
2445390,Late Night Drive,Voxel Bytes,Voxel Bytes,0.6884,Low-cost option,0.5183,0.7921,0.5442,0.8992,268,0.806,Very Positive,"0 .. 20,000",10000.0,1.99,True,True,True,True,2023,Casual|Indie|Racing,3D|Atmospheric|Automobile Sim|Casual|Co-op|Driving|First-Person|Indie|Multiplayer|Nature|Online Co-Op|Racing|Relaxing|Singleplayer|Third Person,PASS,PASS,PASS,PASS,PENDING_EXTERNAL_CHECK
2061230,Chasm: The Rift,"Action Forms, General Arcade",SNEG,0.6883,Depth,0.5793,0.7921,0.9068,0.4752,352,0.8636,Very Positive,"0 .. 20,000",10000.0,9.99,False,False,False,True,2022,Action,1990's|Action|Adventure|Atmospheric|Combat|Dark|Dark Fantasy|FPS|First-Person|Gore|Hero Shooter|Horror|Old School|Pixel Graphics|Retro,PASS,PASS,PASS,PASS,PENDING_EXTERNAL_CHECK
1698520,Simple Fish Adventure,LostVolBytes,LostVolBytes,0.6883,Low-cost option,0.5905,0.4783,0.8852,0.7993,371,0.8841,Very Positive,"20,000 .. 50,000",35000.0,3.99,True,True,True,True,2021,Adventure|Indie|Simulation,Adventure|Casual|Co-op|Colorful|Comedy|Cute|Difficult|Indie|Intentionally Awkward Controls|Minimalist|Multiplayer|Online Co-Op|Physics|Platformer|Short,PASS,PASS,PASS,PASS,PENDING_EXTERNAL_CHECK
312230,Spirits of Xanadu,"Good Morning, Commander, allen trivette, Lee Williams",Nightdive Studios,0.6881,Low-cost option,0.6355,0.4783,0.9139,0.7249,457,0.7834,Mostly Positive,"20,000 .. 50,000",35000.0,4.99,True,False,False,True,2015,Action|Adventure|Indie,Action|Action-Adventure|Adventure|Atmospheric|Exploration|FPS|Female Protagonist|First-Person|Great Soundtrack|Horror|Immersive Sim|Indie|Mystery|Open World|Psychological Horror,PASS,PASS,PASS,PASS,PENDING_EXTERNAL_CHECK
215470,Primal Carnage,Lukewarm Media,Circle 5 Publishing,0.6881,Anchor,0.9518,0.09,0.9855,0.7249,5845,0.7666,Mostly Positive,"200,000 .. 500,000",350000.0,4.99,True,False,True,False,2012,Action|Indie,Action|Adventure|Co-op|Dinosaurs|FPS|First-Person|Funny|Indie|Massively Multiplayer|Multiplayer|Open World|PvP|Sci-fi|Shooter|Singleplayer,PASS,PASS,PASS,PASS,PENDING_EXTERNAL_CHECK
331870,AER Memories of Old,Forgotten Key,Daedalic Entertainment,0.6881,Anchor,0.9629,0.09,0.7737,0.9255,7132,0.8585,Very Positive,"200,000 .. 500,000",350000.0,1.49,True,False,False,True,2017,Adventure|Indie,3D Platformer|Adventure|Atmospheric|Casual|Colorful|Experience|Exploration|Female Protagonist|Flight|Great Soundtrack|Indie|Narration|Nature|Open World|Puzzle,PASS,PASS,PASS,PASS,PENDING_EXTERNAL_CHECK
976780,NeonCode,Fubenalvo,Fubenalvo,0.6878,Low-cost option,0.4869,0.7921,0.5144,0.9579,235,0.7787,Mostly Positive,"0 .. 20,000",10000.0,0.99,True,False,False,True,2018,Adventure|Indie,Adventure|Atmospheric|Casual|Crime|Cyberpunk|Detective|FPS|First-Person|Great Soundtrack|Indie|Investigation|Mystery|Noir|Open World|RPG,PASS,PASS,PASS,PASS,PENDING_EXTERNAL_CHECK
1405440,The Horror Of Salazar House,Maldo19,Torture Star Video,0.6877,Low-cost option,0.57,0.7921,0.5893,0.7993,337,0.9555,Very Positive,"0 .. 20,000",10000.0,3.99,True,False,False,True,2020,Adventure|Indie,2D|Adventure|Atmospheric|Dark|Gore|Hidden Object|Horror|Indie|Investigation|Mystery|Old School|Pixel Graphics|Point & Click|Psychological Horror|Retro,PASS,PASS,PASS,PASS,PENDING_EXTERNAL_CHECK
749890,The Hanged Man,Uri Games,PLAYISM,0.6875,Low-cost option,0.412,0.7921,0.6989,0.8471,173,0.8844,Very Positive,"0 .. 20,000",10000.0,2.99,True,False,False,True,2018,Adventure|Casual|Indie,2D|Action-Adventure|Adventure|Anime|Atmospheric|Casual|Dark|Dark Fantasy|Exploration|Fantasy|Horror|Indie|Pixel Graphics|Psychological Horror|RPG,PASS,PASS,PASS,PASS,PENDING_EXTERNAL_CHECK
384500,Zombie Party,Peach Pie Productions,"Peach Pie Productions, Plug In Digital",0.6875,Low-cost option,0.7096,0.1884,0.894,0.9579,674,0.8531,Very Positive,"100,000 .. 200,000",150000.0,0.99,True,True,True,True,2016,Action|Adventure|Indie|RPG,2D|Action|Action Roguelike|Adventure|Bullet Hell|Co-op|Difficult|Dungeon Crawler|GameMaker|Illuminati|Indie|Local Co-Op|Local Multiplayer|Multiplayer|Pixel Graphics,PASS,PASS,PASS,PASS,PENDING_EXTERNAL_CHECK
1087460,Super Life (RPG),Klick Ink L.P.,Klick Ink L.P.,0.6874,Depth,0.6617,0.7921,0.8207,0.4752,517,0.9091,Very Positive,"0 .. 20,000",10000.0,9.99,True,False,False,True,2019,Casual|Indie|RPG|Simulation,2.5D|Adventure|Capitalism|Cartoony|Casual|Clicker|Comedy|Cute|Economy|Funny|Indie|Life Sim|Memes|Puzzle|RPG,PASS,PASS,PASS,PASS,PENDING_EXTERNAL_CHECK
657630,Fidget Spinner,Antonio Renna,Antonio Renna,0.6872,Low-cost option,0.7082,0.4783,0.6045,0.9579,669,0.8221,Very Positive,"20,000 .. 50,000",35000.0,0.99,True,False,False,True,2017,Casual|Indie|Simulation,2D|Action|Atmospheric|Casual|Comedy|Dating Sim|Difficult|Family Friendly|Funny|Great Soundtrack|Illuminati|Indie|Memes|Parody|Replay Value,PASS,PASS,PASS,PASS,PENDING_EXTERNAL_CHECK
1234190,ANIME WAR — Modern Campaign,Konnichiwa Games,Konnichiwa Games,0.6872,Low-cost option,0.6398,0.4783,0.7315,0.8992,466,0.8305,Very Positive,"20,000 .. 50,000",35000.0,1.99,False,False,False,True,2020,Action|Adventure,Action|Adventure|Anime|Atmospheric|Indie|Memes|Military|Modern|Psychological Horror|Realistic|Shooter|Singleplayer|Sniper|Stealth|Story Rich,PASS,PASS,PASS,PASS,PENDING_EXTERNAL_CHECK
2011860,Refund Me If You Can,Sungame Studio,Sungame Studio,0.6871,Low-cost option,0.3355,0.7921,0.8216,0.7993,132,0.7803,Mostly Positive,"0 .. 20,000",10000.0,3.99,True,False,False,True,2022,Action|Adventure|Indie,3D|Action|Action-Adventure|Adventure|Choose Your Own Adventure|Co-op|Dark|Exploration|Female Protagonist|First-Person|Free to Play|Horror|Indie|Multiplayer|Realistic,PASS,PASS,PASS,PASS,PENDING_EXTERNAL_CHECK
914260,HALF DEAD 2,Room710Games,Room710Games,0.6871,Anchor,0.8717,0.1884,0.9632,0.7249,2225,0.8449,Very Positive,"100,000 .. 200,000",150000.0,4.99,False,True,True,True,2019,Action|Adventure|Massively Multiplayer,Action|Adventure|Character Customization|Co-op|Early Access|First-Person|Gore|Horror|Indie|Massively Multiplayer|Multiplayer|Online Co-Op|Puzzle|PvP|Singleplayer,PASS,PASS,PASS,PASS,PENDING_EXTERNAL_CHECK
1338580,像素哥3,Sos Sosowski,Devolver Digital,0.687,Anchor,0.7836,0.3062,0.7589,0.8992,1081,0.9602,Overwhelmingly Positive,"50,000 .. 100,000",75000.0,1.99,,,,,,休闲|冒险|独立,2D|2D Platformer|Adventure|Cartoony|Casual|Choose Your Own Adventure|Comedy|Exploration|Funny|Indie|Linear|Minigames|Multiple Endings|Pixel Graphics|Point & Click,PASS,PASS,PASS,PASS,PENDING_EXTERNAL_CHECK
1198740,Colony Siege,Finifugal Games,Finifugal Games,0.6867,Depth,0.4988,0.7921,0.8387,0.6174,246,0.9187,Very Positive,"0 .. 20,000",10000.0,6.99,False,True,True,True,2020,Simulation|Strategy,Base Building|Co-op|Co-op Campaign|Indie|Multiplayer|Online Co-Op|RTS|Real-Time|Sci-fi|Simulation|Strategy|Survival|Tower Defense,PASS,PASS,PASS,PASS,PENDING_EXTERNAL_CHECK
1241510,The Test,Randumb Studios,Randumb Studios,0.6866,Anchor,0.9948,0.0215,0.831,0.8992,19646,0.9698,Overwhelmingly Positive,"500,000 .. 1,000,000",750000.0,1.99,True,False,False,True,2020,Adventure|Casual|Indie|RPG|Simulation,Atmospheric|Casual|Choices Matter|Choose Your Own Adventure|Detective|Horror|Immersive Sim|Investigation|JRPG|Multiple Endings|Mystery|Pixel Graphics|Psychological|Psychological Horror|RPG,PASS,PASS,PASS,PASS,PENDING_EXTERNAL_CHECK
233190,Final Exam,Mighty Rocket Studio,Focus Entertainment,0.6866,Anchor,0.7977,0.1884,0.7717,0.9887,1197,0.8396,Very Positive,"100,000 .. 200,000",150000.0,0.74,True,True,True,True,2013,Action|Indie,2D|Action|Beat 'em up|Co-op|Horror|Indie|Local Co-Op|Multiplayer|Online Co-Op|Platformer|Side Scroller|Zombies,PASS,PASS,PASS,PASS,PENDING_EXTERNAL_CHECK
1742930,Looking Up I See Only A Ceiling,silver978,IndieArk,0.6865,Anchor,0.8377,0.3062,0.7028,0.8992,1631,0.8939,Very Positive,"50,000 .. 100,000",75000.0,1.99,True,False,False,True,2023,Adventure|Indie,2D|Adventure|Anime|Atmospheric|Exploration|Female Protagonist|First-Person|Hand-drawn|Horror|Interactive Fiction|Multiple Endings|Mystery|Pixel Graphics|Point & Click|Psychological,PASS,PASS,PASS,PASS,PENDING_EXTERNAL_CHECK
537110,Angels of Death,"Vaka Game Magazine, Makoto Sanada",Vaka Game Magazine,0.6863,Anchor,0.9383,0.4783,0.8533,0.4752,4695,0.9478,Very Positive,"20,000 .. 50,000",35000.0,9.99,True,False,False,True,2016,Adventure|Indie|RPG,2D|Adventure|Anime|Atmospheric|Dark|Fantasy|Female Protagonist|Great Soundtrack|Horror|Indie|Pixel Graphics|Psychological Horror|Puzzle|RPG|RPGMaker,PASS,PASS,PASS,PASS,PENDING_EXTERNAL_CHECK
429570,The Walking Dead: Michonne - A Telltale Miniseries,Telltale Games,Skybound Games,0.6862,Anchor,0.9636,0.0215,0.9411,0.8187,7264,0.7975,Mostly Positive,"500,000 .. 1,000,000",750000.0,3.74,False,False,False,True,2016,Adventure,Action|Adventure|Atmospheric|Choices Matter|Choose Your Own Adventure|Comic Book|Episodic|Female Protagonist|Gore|Great Soundtrack|Horror|Point & Click|Post-apocalyptic|Singleplayer|Story Rich,PASS,PASS,PASS,PASS,PENDING_EXTERNAL_CHECK
277430,Halo: Spartan Assault,"Vanguard Games, 343 Industries",Xbox Game Studios,0.6862,Anchor,0.9366,0.0215,0.9397,0.8471,4597,0.7853,Mostly Positive,"500,000 .. 1,000,000",750000.0,2.99,False,False,False,True,2014,Action,Action|Adventure|Aliens|Arcade|Co-op|Futuristic|Great Soundtrack|Isometric|Multiplayer|Sci-fi|Shooter|Singleplayer|Space|Strategy|Third Person,PASS,PASS,PASS,PASS,PENDING_EXTERNAL_CHECK
864300,qop 3,Quiet River,Quiet River,0.686,Low-cost option,0.6382,0.7921,0.4146,0.8992,462,0.9416,Very Positive,"0 .. 20,000",10000.0,1.99,True,False,False,True,2018,Casual|Indie,2D|Abstract|Action-Adventure|Adventure|Anime|Casual|Controller|Difficult|Free to Play|Indie|Minimalist|Music|Open World|Platformer|Puzzle,PASS,PASS,PASS,PASS,PENDING_EXTERNAL_CHECK
1901810,Nearly Dead - Live and Let Die,"Mono Software, Inc.","Mono Software, Inc.",0.686,Low-cost option,0.4592,0.7921,0.7161,0.7765,210,0.7857,Mostly Positive,"0 .. 20,000",10000.0,4.89,True,True,True,True,2023,Action|Casual|Indie|RPG,2D|Action|Action RPG|Action Roguelike|Cartoon|Casual|Co-op|Hack and Slash|Military|Multiplayer|Online Co-Op|Pixel Graphics|Post-apocalyptic|RPG|Roguelite,PASS,PASS,PASS,PASS,PENDING_EXTERNAL_CHECK
802450,NAIRI: Tower of Shirin,HomeBearStudio,Hound Picked Games,0.6857,Low-cost option,0.6555,0.7921,0.5701,0.7249,502,0.8526,Very Positive,"0 .. 20,000",10000.0,4.99,True,False,False,True,2018,Adventure|Indie,2D|Adventure|Anime|Casual|Colorful|Comedy|Crowdfunded|Cute|Family Friendly|Fantasy|Female Protagonist|Funny|Great Soundtrack|Hand-drawn|Indie,PASS,PASS,PASS,PASS,PENDING_EXTERNAL_CHECK
1290170,Titan Chaser,Stas Shostak,Stas Shostak,0.6856,Low-cost option,0.7355,0.3062,0.743,0.9579,786,0.8092,Very Positive,"50,000 .. 100,000",75000.0,0.99,True,False,False,True,2021,Adventure|Casual|Indie|Simulation,Adventure|Atmospheric|Automobile Sim|Driving|Dynamic Narration|Experimental|Exploration|Female Protagonist|First-Person|Immersive Sim|Investigation|Lore-Rich|Music|Mystery|Open World,PASS,PASS,PASS,PASS,PENDING_EXTERNAL_CHECK
363930,Dead Age,Silent Dreams,Headup,0.6856,Anchor,0.9464,0.09,0.7753,0.9305,5396,0.818,Very Positive,"200,000 .. 500,000",350000.0,1.19,True,False,False,True,2016,Action|Adventure|Casual|Indie|RPG|Simulation|Strategy,Action|Adventure|Casual|Crafting|Dungeon Crawler|Indie|Party-Based RPG|Post-apocalyptic|Procedural Generation|RPG|Roguelike|Roguelite|Simulation|Singleplayer|Strategy,PASS,PASS,PASS,PASS,PENDING_EXTERNAL_CHECK
2125770,Beeny,Siactro,Siactro,0.6854,Low-cost option,0.622,0.7921,0.3696,0.9579,426,0.9742,Very Positive,"0 .. 20,000",10000.0,0.99,False,False,False,True,2022,Action,1990's|2D|2D Platformer|Action|Atmospheric|Cartoon|Colorful|Controller|Cute|Dark|Female Protagonist|Mystery|Nature|Old School|Platformer,PASS,PASS,PASS,PASS,PENDING_EXTERNAL_CHECK
663240,All You Can Eat,Gamechuck,Gamechuck,0.6854,Low-cost option,0.6023,0.7921,0.4479,0.8992,391,0.8056,Very Positive,"0 .. 20,000",10000.0,1.99,True,False,False,True,2017,Adventure|Casual|Indie,1990's|2D|Adventure|Atmospheric|Casual|Comedy|Comic Book|Cute|Experimental|Family Friendly|Funny|Hand-drawn|Interactive Fiction|Minimalist|Point & Click,PASS,PASS,PASS,PASS,PENDING_EXTERNAL_CHECK
245280,ENSLAVED™: Odyssey to the West™ Premium Edition,Ninja Theory,BANDAI NAMCO Entertainment,0.685,Anchor,0.9637,0.0215,0.9079,0.8471,7271,0.8579,Very Positive,"500,000 .. 1,000,000",750000.0,2.99,False,False,False,True,2013,Action|Adventure,3D Platformer|3D Vision|Action|Action-Adventure|Adventure|Atmospheric|Cinematic|Controller|Female Protagonist|Great Soundtrack|Hack and Slash|Linear|Parkour|Platformer|Post-apocalyptic,PASS,PASS,PASS,PASS,PENDING_EXTERNAL_CHECK
2379030,Barro T23,SC Jogos,SC Jogos,0.685,Low-cost option,0.3685,0.7921,0.6217,0.9579,148,0.8784,Very Positive,"0 .. 20,000",10000.0,0.99,True,False,True,True,2023,Casual|Indie|Racing,Arcade|Automobile Sim|Cartoon|Cartoony|Casual|Driving|Immersive Sim|Indie|Local Multiplayer|Multiplayer|PvP|Racing|Simulation|Singleplayer|Split Screen,PASS,PASS,PASS,PASS,PENDING_EXTERNAL_CHECK
2302140,q.u.q.,motijan,Nikita Kryukov,0.6849,Anchor,0.7841,0.4783,0.5781,0.8992,1083,0.9575,Overwhelmingly Positive,"20,000 .. 50,000",35000.0,1.99,True,False,False,True,2023,Indie,2D|Anime|Casual|Choices Matter|Comedy|Cute|Drama|Dystopian|Female Protagonist|Multiple Endings|Nonlinear|Pixel Graphics|Post-apocalyptic|Psychedelic|Retro,PASS,PASS,PASS,PASS,PENDING_EXTERNAL_CHECK
2313160,Hodgepodge Hunch,uracon,Waku Waku Games,0.6848,Low-cost option,0.2318,0.7921,0.9902,0.7249,95,0.9158,Very Positive,"0 .. 20,000",10000.0,4.99,False,True,True,True,2023,Casual|Simulation,Card Game|Casual|Co-op|Collectathon|Controller|Deckbuilding|Detective|Funny|Investigation|Multiplayer|Mystery|Party Game|Pixel Graphics|Psychological|PvP,PASS,PASS,PASS,PASS,PENDING_EXTERNAL_CHECK
435300,We Know the Devil,"Pillow Fight, Worst Girls Games",Pillow Fight,0.6845,Depth,0.7693,0.7921,0.5403,0.6364,978,0.9479,Very Positive,"0 .. 20,000",10000.0,6.66,True,False,False,True,2016,Adventure|Casual|Indie,2D|Adventure|Atmospheric|Casual|Choices Matter|Dark|Female Protagonist|Great Soundtrack|Horror|Indie|LGBTQ+|Multiple Endings|Psychological Horror|Replay Value|Singleplayer,PASS,PASS,PASS,PASS,PENDING_EXTERNAL_CHECK
232750,Mars: War Logs,Spiders,Focus Entertainment,0.6845,Anchor,0.8959,0.09,0.7942,0.9579,2784,0.7482,Mostly Positive,"200,000 .. 500,000",350000.0,0.99,,False,False,False,,Ролевые игры|Экшены,Action|Action RPG|Adventure|Atmospheric|Choices Matter|Crafting|Cyberpunk|Mars|Open World|Post-apocalyptic|RPG|Romance|Sci-fi|Singleplayer|Story Rich,PASS,PASS,PASS,PASS,PENDING_EXTERNAL_CHECK
562730,MechDefender - Tower Defense,"Atomic Fabrik, Cristian Manolachi",Conglomerate 5,0.684,Low-cost option,0.5656,0.7921,0.4204,0.9579,330,0.7788,Mostly Positive,"0 .. 20,000",10000.0,0.99,True,False,False,True,2020,Action|Adventure|Casual|Indie|Sports|Strategy,Action|Casual|Character Customization|Difficult|Grand Strategy|Mechs|Military|Puzzle|Real Time Tactics|Realistic|Simulation|Strategy|Survival|Tower Defense|Trading Card Game,PASS,PASS,PASS,PASS,PENDING_EXTERNAL_CHECK
2050050,Rift Loopers,Monster Tooth Studios,Monster Tooth Studios,0.6836,Low-cost option,0.3002,0.7921,0.8632,0.7791,117,0.7436,Mostly Positive,"0 .. 20,000",10000.0,4.49,True,True,True,True,2023,Action|Indie|RPG,1980s|3D|Action|Action RPG|Action Roguelike|Aliens|Co-op|Cyberpunk|Multiplayer|Online Co-Op|Procedural Generation|PvE|RPG|Roguelike|Roguelite,PASS,PASS,PASS,PASS,PENDING_EXTERNAL_CHECK
547910,The Survey,Robert Gammon,Robert Gammon,0.6835,Low-cost option,0.7387,0.3062,0.9643,0.7249,800,0.715,Mostly Positive,"50,000 .. 100,000",75000.0,4.99,True,False,False,True,2016,Indie|Simulation,Atmospheric|Dark|Exploration|First-Person|Horror|Indie|Multiplayer|Mystery|Psychological|Psychological Horror|Puzzle|Realistic|Short|Simulation|Singleplayer,PASS,PASS,PASS,PASS,PENDING_EXTERNAL_CHECK
256070,Truck Racer,Kylotonn Entertainment,"Plug In Digital, Nacon",0.6835,Low-cost option,0.5727,0.4783,0.7251,0.9579,342,0.7719,Mostly Positive,"20,000 .. 50,000",35000.0,0.99,False,False,True,True,2013,Racing,Action|Arcade|Automobile Sim|Driving|Local Multiplayer|Multiplayer|Racing|Singleplayer|Split Screen,PASS,PASS,PASS,PASS,PENDING_EXTERNAL_CHECK
1768470,The Heroes Around Me,OKJOY,OKJOY,0.6835,Depth,0.6689,0.7921,0.6555,0.6174,534,0.9607,Overwhelmingly Positive,"0 .. 20,000",10000.0,6.99,True,False,False,True,2024,Adventure|Casual|Indie|RPG,1990's|Adventure|Atmospheric|Cinematic|Conversation|Dog|Drama|Emotional|Exploration|Immersive Sim|Indie|Interactive Fiction|Life Sim|Pixel Graphics|RPG,PASS,PASS,PASS,PASS,PENDING_EXTERNAL_CHECK
270010,Time Rifters,Proton Studio Inc, ,0.6834,Low-cost option,0.6242,0.3062,0.93,0.8733,431,0.891,Very Positive,"50,000 .. 100,000",75000.0,2.49,True,False,False,True,2014,Action|Casual|Indie,Action|Casual|Co-op|Controller|FPS|First-Person|Indie|Level Editor|Multiplayer|Puzzle|Sci-fi|Shooter|Singleplayer|Strategy|Time Manipulation,PASS,PASS,PASS,PASS,PENDING_EXTERNAL_CHECK
1658040,I Am Future: Cozy Apocalypse Survival,Mandragora,tinyBuild,0.683,Anchor,0.8867,0.7921,0.891,0.1624,2561,0.8872,Very Positive,"0 .. 20,000",10000.0,19.99,True,False,False,True,2023,Early Access|Indie|RPG|Simulation,Adventure|Agriculture|Base Building|Building|Cozy|Crafting|Early Access|Exploration|Farming Sim|Indie|Life Sim|Open World|Open World Survival Craft|Post-apocalyptic|RPG,PASS,PASS,PASS,PASS,PENDING_EXTERNAL_CHECK
1058380,Streamer Daily,Mehan Games,Mehan Games,0.6828,Anchor,0.7895,0.3062,0.7049,0.9305,1127,0.8758,Very Positive,"50,000 .. 100,000",75000.0,1.19,True,False,False,True,2020,Adventure|Casual|Indie|Simulation|Strategy,Adventure|Atmospheric|Casual|Economy|Family Friendly|Female Protagonist|First-Person|Funny|Indie|Management|Memes|Realistic|Replay Value|Sandbox|Simulation,PASS,PASS,PASS,PASS,PENDING_EXTERNAL_CHECK
2234150,BACKROOMS: APPREHENSION,DMNT Interactive,DMNT Interactive,0.6828,Low-cost option,0.5598,0.4783,0.846,0.8471,321,0.8287,Very Positive,"20,000 .. 50,000",35000.0,2.99,True,True,True,False,2023,Action|Adventure|Early Access|Indie,Action-Adventure|Adventure|Atmospheric|Early Access|Exploration|FPS|First-Person|Gore|Horror|Immersive|Investigation|Multiplayer|Online Co-Op|Psychological Horror|PvP,PASS,PASS,PASS,PASS,PENDING_EXTERNAL_CHECK
2475420,Parking Tycoon: Business Simulator,Geekon,Midnight Games,0.6827,Depth,0.7302,0.4783,0.8853,0.6371,763,0.7038,Mostly Positive,"20,000 .. 50,000",35000.0,6.49,True,False,False,True,2023,Indie|Simulation|Strategy,Automobile Sim|Base Building|Building|CRPG|Casual|City Builder|Crafting|Exploration|First-Person|Indie|Logic|Management|RPG|Realistic|Sandbox,PASS,PASS,PASS,PASS,PENDING_EXTERNAL_CHECK
512250,Oh...Sir!! The Insult Simulator,Vile Monarch,Good Shepherd Entertainment,0.6824,Anchor,0.9189,0.09,0.8213,0.8992,3674,0.9096,Very Positive,"200,000 .. 500,000",350000.0,1.99,True,False,True,True,2016,Indie|Simulation,2D|Casual|Comedy|Fighting|Funny|Great Soundtrack|Indie|Local Multiplayer|Multiplayer|Pixel Graphics|Simulation|Singleplayer|Strategy|Turn-Based,PASS,PASS,PASS,PASS,PENDING_EXTERNAL_CHECK
1077430,There's a Butcher Around,Qianmo Interact,Qianmo Interact,0.6821,Low-cost option,0.6093,0.7921,0.3692,0.9579,404,0.8787,Very Positive,"0 .. 20,000",10000.0,0.99,True,False,False,True,2019,Casual|Indie,2D|Casual|Horror|Indie|Multiplayer|Pixel Graphics|Platformer|Psychological Horror,PASS,PASS,PASS,PASS,PENDING_EXTERNAL_CHECK
2135580,Again and Again,Perspektik,Perspektik,0.6819,Low-cost option,0.262,0.7921,0.8744,0.7993,104,0.8077,Very Positive,"0 .. 20,000",10000.0,3.99,True,False,False,True,2022,Indie,Anime|Character Customization|Difficult|First-Person|Horror|Indie|Multiplayer|Psychological Horror|Realistic|Singleplayer|Story Rich|Thriller|Walking Simulator,PASS,PASS,PASS,PASS,PENDING_EXTERNAL_CHECK
324570,Halo: Spartan Strike,"343 Industries, Vanguard Games",Xbox Game Studios,0.6819,Anchor,0.8257,0.09,0.9648,0.8471,1486,0.8048,Very Positive,"200,000 .. 500,000",350000.0,2.99,False,False,False,True,2015,Action,Action|Adventure|Aliens|Co-op|Futuristic|Great Soundtrack|Isometric|Multiplayer|RTS|Sci-fi|Shooter|Singleplayer|Strategy|Third Person|Third-Person Shooter,PASS,PASS,PASS,PASS,PENDING_EXTERNAL_CHECK
1239050,Mists of Aiden,Steppe Hare Studio,Steppe Hare Studio,0.6817,Anchor,0.7858,0.4783,0.8453,0.6174,1097,0.9143,Very Positive,"20,000 .. 50,000",35000.0,6.99,True,False,False,True,2020,Action|Adventure|Indie,Action|Adventure|Atmospheric|Blood|Choices Matter|Dark|First-Person|Gore|Horror|Indie|Mature|Mystery|Psychological Horror|Puzzle|Replay Value,PASS,PASS,PASS,PASS,PENDING_EXTERNAL_CHECK
1671280,Prognostic,Steppe Hare Studio,Steppe Hare Studio,0.6815,Depth,0.63,0.7921,0.6867,0.6174,445,0.9461,Very Positive,"0 .. 20,000",10000.0,6.99,True,False,False,True,2022,Adventure|Indie,3D|Adventure|Atmospheric|Dark|Difficult|Early Access|Exploration|First-Person|Horror|Immersive Sim|Indie|Mature|Psychological Horror|Puzzle|Realistic,PASS,PASS,PASS,PASS,PENDING_EXTERNAL_CHECK
667720,Red Faction Guerrilla Re-Mars-tered,"Volition, KAIKO",Deep Silver,0.6815,Anchor,0.9241,0.0215,0.9811,0.7993,3889,0.8017,Very Positive,"500,000 .. 1,000,000",750000.0,3.99,False,False,True,True,2018,,Action|Adventure|Atmospheric|Co-op|Destruction|Gore|Great Soundtrack|Mars|Multiplayer|Open World|Physics|Remake|Sandbox|Sci-fi|Shooter,PASS,PASS,PASS,PASS,PENDING_EXTERNAL_CHECK
1673190,Bahamut2-dragon's bride,王韋,RMAsia,0.6815,Depth,0.6423,0.7921,0.8165,0.4752,472,0.9809,Very Positive,"0 .. 20,000",10000.0,9.99,False,False,False,True,2021,RPG,2D|2D Platformer|CRPG|Combat|Dragons|Drama|JRPG|Magic|Medieval|Pixel Graphics|RPG|RPGMaker|RTS|Real Time Tactics|Singleplayer,PASS,PASS,PASS,PASS,PENDING_EXTERNAL_CHECK
1163740,Card Hog,SnoutUp,SnoutUp,0.6815,Depth,0.6523,0.7921,0.6269,0.6546,494,0.9514,Very Positive,"0 .. 20,000",10000.0,5.99,True,True,True,True,2023,Casual|Indie|RPG|Strategy,2D|Card Battler|Card Game|Cartoon|Casual|Comedy|Deckbuilding|Dungeon Crawler|Funny|Indie|Local Co-Op|RPG|Roguelike|Roguelike Deckbuilder|Roguelite,PASS,PASS,PASS,PASS,PENDING_EXTERNAL_CHECK
1704060,Vtuber Simulator : Vtuber模擬器,Ryan阿煙,RA Studio,0.6814,Low-cost option,0.6319,0.4783,0.7163,0.8992,449,0.8664,Very Positive,"20,000 .. 50,000",35000.0,1.99,True,False,False,True,2021,Casual|Indie|RPG|Simulation|Strategy,2D|2D Platformer|Anime|CRPG|Casual|Character Customization|Comedy|Cute|Dark Humor|Drama|Funny|Indie|JRPG|Life Sim|Linear,PASS,PASS,PASS,PASS,PENDING_EXTERNAL_CHECK
587520,Dungeons of Sundaria,Industry Games,Industry Games,0.6814,Anchor,0.8739,0.09,0.9146,0.8471,2273,0.7316,Mostly Positive,"200,000 .. 500,000",350000.0,2.99,True,True,True,True,2023,Action|Adventure|Indie|RPG,4 Player Local|Action|Action RPG|Adventure|Character Customization|Class-Based|Co-op|Co-op Campaign|Dungeon Crawler|Fantasy|Hack and Slash|Indie|Local Co-Op|Local Multiplayer|Multiplayer,PASS,PASS,PASS,PASS,PENDING_EXTERNAL_CHECK
1421760,What Comes After,"Pikselnesia, Rolling Glory Jam",Rolling Glory Jam,0.6812,Low-cost option,0.7599,0.4783,0.6132,0.8733,912,0.9068,Very Positive,"20,000 .. 50,000",35000.0,2.49,True,False,False,True,2020,Adventure|Casual|Indie,Adventure|Atmospheric|Beautiful|Cartoony|Casual|Conversation|Dark Humor|Emotional|Fantasy|Female Protagonist|Great Soundtrack|Indie|Interactive Fiction|Multiple Endings|Narration,PASS,PASS,PASS,PASS,PENDING_EXTERNAL_CHECK
1101140,Fishing Adventure,MasterCode,Ultimate Games S.A.,0.681,Anchor,0.8253,0.1884,0.9852,0.7249,1480,0.8628,Very Positive,"100,000 .. 200,000",150000.0,4.99,True,False,False,True,2019,Indie|Simulation,2D Platformer|Adventure|Atmospheric|Casual|Family Friendly|First-Person|Fishing|Funny|Life Sim|Linear|Multiplayer|Nature|Realistic|Simulation|Singleplayer,PASS,PASS,PASS,PASS,PENDING_EXTERNAL_CHECK
877010,Beyond Contact,Playcorp Studios,Deep Silver,0.681,Low-cost option,0.7611,0.3062,0.8572,0.7993,919,0.7171,Mostly Positive,"50,000 .. 100,000",75000.0,3.99,True,True,True,True,2023,Action|Adventure|Indie,3D|Action|Adventure|Base Building|Character Customization|Co-op|Co-op Campaign|Combat|Crafting|Difficult|Early Access|Female Protagonist|Indie|Multiplayer|Open World Survival Craft,PASS,PASS,PASS,PASS,PENDING_EXTERNAL_CHECK
1819450,Koa and the Five Pirates of Mara,"Chibig, Talpa Games, Undercoders",Chibig,0.6809,Depth,0.5656,0.7921,0.7884,0.5776,330,0.9515,Very Positive,"0 .. 20,000",10000.0,7.99,True,False,False,True,2023,Adventure|Casual|Indie,3D Platformer|Action|Action-Adventure|Adventure|Anime|Casual|Colorful|Comedy|Cute|Exploration|Family Friendly|Female Protagonist|Funny|Hand-drawn|Linear,PASS,PASS,PASS,PASS,PENDING_EXTERNAL_CHECK
839420,Krampus is Home,"Regl Studios, Roger G Lugo",Regl Studios,0.6809,Depth,0.4677,0.7921,0.9887,0.4752,217,0.8065,Very Positive,"0 .. 20,000",10000.0,9.99,True,True,True,True,2019,Action|Adventure|Indie,Action|Action-Adventure|Adventure|Atmospheric|Dark Fantasy|Dungeon Crawler|First-Person|Horror|Indie|Multiplayer|Mystery|Online Co-Op|Psychological Horror|PvE|PvP,PASS,PASS,PASS,PASS,PENDING_EXTERNAL_CHECK
2161050,Boti: Byteland Overclocked,Purple Ray Studio,"Untold Tales, CouchPlay Interactive",0.6809,Depth,0.5952,0.7921,0.8612,0.4752,378,0.7037,Mostly Positive,"0 .. 20,000",10000.0,9.99,True,True,True,True,2023,Action|Adventure|Casual|Indie,3D Platformer|Action|Action-Adventure|Adventure|Casual|Co-op|Co-op Campaign|Collectathon|Colorful|Cute|Exploration|Family Friendly|Local Co-Op|Local Multiplayer|Multiplayer,PASS,PASS,PASS,PASS,PENDING_EXTERNAL_CHECK
1365720,Kujlevka,Callback,Crytivo,0.6809,Depth,0.6523,0.7921,0.8041,0.4752,494,0.9393,Very Positive,"0 .. 20,000",10000.0,9.99,False,False,False,True,2023,Adventure,1990's|3D|Adventure|Atmospheric|Cartoon|Character Action Game|Choices Matter|Choose Your Own Adventure|Cute|Exploration|Family Friendly|First-Person|Funny|Immersive Sim|Management,PASS,PASS,PASS,PASS,PENDING_EXTERNAL_CHECK
15390,Brothers in Arms: Hell's Highway™,Gearbox Software,Ubisoft,0.6809,Anchor,0.862,0.09,0.972,0.7993,2031,0.9089,Very Positive,"200,000 .. 500,000",350000.0,3.99,False,False,False,True,2008,Action,Action|Atmospheric|Controller|FPS|First-Person|Gore|Historical|Military|Multiplayer|Realistic|Shooter|Singleplayer|Story Rich|Strategy|Tactical,PASS,PASS,PASS,PASS,PENDING_EXTERNAL_CHECK
476240,KNIGHTS,Arzola's,Arzola's,0.6807,Low-cost option,0.7287,0.3062,0.6921,0.9957,758,0.9406,Very Positive,"50,000 .. 100,000",75000.0,0.49,True,False,False,True,2016,Casual|Indie|Strategy,2D|Atmospheric|Casual|Chess|Family Friendly|Immersive Sim|Indie|Logic|Mature|Minimalist|Mouse only|Multiplayer|Procedural Generation|Puzzle|Relaxing,PASS,PASS,PASS,PASS,PENDING_EXTERNAL_CHECK
752910,Cookies vs. Claus,"Joshua Williams, Evil Tortilla Games Incorporated",Evil Tortilla Games,0.6805,Low-cost option,0.5454,0.7921,0.5376,0.8471,300,0.8133,Very Positive,"0 .. 20,000",10000.0,2.99,True,False,True,True,2017,Action|Casual|Early Access|Indie,Action|Casual|Early Access|Funny|Indie|Multiplayer,PASS,PASS,PASS,PASS,PENDING_EXTERNAL_CHECK
1298530,Self-Isolation,"Dymchick1, KHB-Soft",Dymchick1,0.6805,Low-cost option,0.6418,0.7921,0.5633,0.7249,471,0.8556,Very Positive,"0 .. 20,000",10000.0,4.99,True,False,False,True,2020,Action|Adventure|Indie|Simulation,3D|Action|Adventure|Atmospheric|Cartoony|Choices Matter|Conversation|Dark|Difficult|Horror|Indie|Life Sim|Minimalist|Multiple Endings|Parody,PASS,PASS,PASS,PASS,PENDING_EXTERNAL_CHECK
1598730,Shanhe,"INDIECN, SilverBlade",INDIECN,0.6804,Low-cost option,0.6848,0.4783,0.6879,0.8707,585,0.7658,Mostly Positive,"20,000 .. 50,000",35000.0,2.79,True,True,True,True,2023,Adventure|Indie|RPG,2D|Adventure|Co-op|Early Access|Fantasy|Indie|Multiplayer|Online Co-Op|RPG|Singleplayer|Turn-Based Strategy|Turn-Based Tactics,PASS,PASS,PASS,PASS,PENDING_EXTERNAL_CHECK
2189420,骸心 Mainbody,土豆火锅,Cosmic Train,0.6804,Low-cost option,0.2354,0.7921,0.7363,0.9579,96,0.9271,Very Positive,"0 .. 20,000",10000.0,0.99,True,False,False,True,2022,Adventure|Indie,Abstract|Adventure|Anime|Atmospheric|Choices Matter|Choose Your Own Adventure|Dark|Dark Fantasy|Drama|Emotional|Exploration|Hand-drawn|Horror|Multiple Endings|Psychological Horror,PASS,PASS,PASS,PASS,PENDING_EXTERNAL_CHECK
476020,Reflection of Mine,Redblack Spade,Redblack Spade,0.6802,Low-cost option,0.4832,0.4783,0.773,0.9863,231,0.8009,Very Positive,"20,000 .. 50,000",35000.0,0.79,True,False,False,True,2017,Adventure|Indie,Action|Adventure|Anime|Arcade|Atmospheric|Casual|Character Action Game|Dark|Difficult|Female Protagonist|Horror|Mystery|Narration|Psychological Horror|Puzzle,PASS,PASS,PASS,PASS,PENDING_EXTERNAL_CHECK
2852980,Necroking,KORO.GAMES,Alawar,0.6799,Low-cost option,0.537,0.7921,0.6655,0.7249,289,0.8685,Very Positive,"0 .. 20,000",10000.0,4.99,True,False,False,True,2024,Adventure|Indie|Strategy,2D|Adventure|Auto Battler|Card Battler|Card Game|Dark Fantasy|Deckbuilding|Magic|Pixel Graphics|Procedural Generation|Roguelike|Roguelike Deckbuilder|Roguelite|Singleplayer|Strategy,PASS,PASS,PASS,PASS,PENDING_EXTERNAL_CHECK
39800,Nation Red,DiezelPower,DiezelPower,0.6798,Anchor,0.8938,0.09,0.8881,0.8471,2731,0.8828,Very Positive,"200,000 .. 500,000",350000.0,2.99,True,True,True,True,2009,Action|Indie,4 Player Local|Action|Addictive|Arcade|Blood|Co-op|Gore|Horror|Indie|Local Co-Op|Multiplayer|Online Co-Op|Shoot 'Em Up|Singleplayer|Survival,PASS,PASS,PASS,PASS,PENDING_EXTERNAL_CHECK
443360,Red Comrades 2: For the Great Justice. Reloaded,Buka Development,ESDigital Games,0.6797,Low-cost option,0.5835,0.3062,0.8406,0.9887,360,0.8611,Very Positive,"50,000 .. 100,000",75000.0,0.74,False,False,False,True,2016,Adventure,1990's|2D|Adventure|Atmospheric|Cartoon|Cartoony|Casual|Classic|Comedy|Dark Humor|Funny|Hand-drawn|Hidden Object|Point & Click|Politics,PASS,PASS,PASS,PASS,PENDING_EXTERNAL_CHECK
3081810,J8 Hero,勾八Games,勾八Games,0.6797,Low-cost option,0.4253,0.7921,0.5438,0.9579,183,0.9399,Very Positive,"0 .. 20,000",10000.0,0.99,True,False,False,True,2024,Adventure|Casual|Early Access|Indie|RPG,2D|2D Platformer|Adventure|Anime|Casual|Choose Your Own Adventure|Comedy|Controller|Dating Sim|Drama|Early Access|Fantasy|Funny|JRPG|Pixel Graphics,PASS,PASS,PASS,PASS,PENDING_EXTERNAL_CHECK
2500,Shadowgrounds,Frozenbyte,Frozenbyte,0.6797,Anchor,0.8302,0.09,0.8663,0.9323,1540,0.8143,Very Positive,"200,000 .. 500,000",350000.0,1.04,False,False,True,True,2006,Action,Action|Adventure|Aliens|Co-op|Combat|Dark|Gore|Horror|Indie|Isometric|Local Co-Op|Multiplayer|PvE|Sci-fi|Shoot 'Em Up,PASS,PASS,PASS,PASS,PENDING_EXTERNAL_CHECK
891360,Hellcoming,AAD Games,AAD Games,0.6797,Low-cost option,0.7382,0.3062,0.9495,0.7249,798,0.7932,Mostly Positive,"50,000 .. 100,000",75000.0,4.99,False,True,True,True,2021,Action|Massively Multiplayer,Action|Atmospheric|Co-op|Dark|Demons|Difficult|First-Person|Horror|Indie|Multiplayer|Online Co-Op|Psychological Horror|Puzzle|Realistic|Stealth,PASS,PASS,PASS,PASS,PENDING_EXTERNAL_CHECK
894620,ATONE: Heart of the Elder Tree,Wildboy Studios,Untold Tales,0.6796,Low-cost option,0.2888,0.7921,0.7905,0.8471,113,0.8584,Very Positive,"0 .. 20,000",10000.0,2.99,True,False,False,True,2023,Action|Adventure|Indie|RPG,Action-Adventure|Adventure|Atmospheric|Colorful|Combat|Drama|Emotional|Exploration|Female Protagonist|Hand-drawn|Indie|Lore-Rich|Multiple Endings|Mystery|Narrative,PASS,PASS,PASS,PASS,PENDING_EXTERNAL_CHECK
633460,Tannenberg,Blackmill Games,Blackmill Games,0.6794,Anchor,0.9744,0.0215,0.9222,0.7993,9341,0.8625,Very Positive,"500,000 .. 1,000,000",750000.0,3.99,True,False,True,True,2017,Action|Indie|Massively Multiplayer|Simulation|Strategy,3D|Action|Atmospheric|FPS|First-Person|Gore|Historical|Horror|Indie|Military|Multiplayer|PvP|Realistic|Shooter|Simulation,PASS,PASS,PASS,PASS,PENDING_EXTERNAL_CHECK
923470,MOMO.EXE,Dymchick1,Dymchick1,0.679,Low-cost option,0.7725,0.4783,0.5662,0.8992,995,0.8533,Very Positive,"20,000 .. 50,000",35000.0,1.99,True,False,False,True,2018,Action|Adventure|Indie,Action|Adventure|Funny|Horror|Indie|Memes|Multiplayer|Singleplayer,PASS,PASS,PASS,PASS,PENDING_EXTERNAL_CHECK
1121710,Total Lockdown,Panzar Studio,OVALIS INVESTMENTS LIMITED,0.6789,Depth,0.75,0.4783,0.8325,0.6546,851,0.7591,Mostly Positive,"20,000 .. 50,000",35000.0,5.99,True,False,True,False,2020,Action|Adventure|Indie|Massively Multiplayer,Action|Adventure|Battle Royale|Competitive|Cyberpunk|FPS|Indie|Massively Multiplayer|Multiplayer|Shooter|Singleplayer|Survival|Third-Person Shooter|Violent,PASS,PASS,PASS,PASS,PENDING_EXTERNAL_CHECK
1133590,Stilt Fella,September Games,September Games,0.6788,Depth,0.7503,0.7921,0.8068,0.3662,852,0.9225,Very Positive,"0 .. 20,000",10000.0,12.99,True,False,True,True,2020,Indie|Simulation|Sports,2D Platformer|3D|Action|Arcade|Casual|Character Customization|Comedy|Controller|Difficult|Funny|Indie|Intentionally Awkward Controls|Memes|Multiplayer|Physics,PASS,PASS,PASS,PASS,PENDING_EXTERNAL_CHECK
2629330,MEMOLOGY: GOYDA,"hannibalnotdead, Gamesforfarm",Gamesforfarm,0.6788,Low-cost option,0.7294,0.7921,0.2946,0.8992,761,0.9317,Very Positive,"0 .. 20,000",10000.0,1.99,True,False,False,True,2024,Casual|Indie|RPG|Simulation|Sports,2D|Arcade|Casual|Cats|Comedy|Cute|Education|Family Friendly|Funny|LGBTQ+|Memes|Parody|Philosophical|Puzzle|RPG,PASS,PASS,PASS,PASS,PENDING_EXTERNAL_CHECK
629840,Caligo,Krealit,Krealit,0.6787,Anchor,0.7753,0.3062,0.6755,0.9579,1017,0.7493,Mostly Positive,"50,000 .. 100,000",75000.0,0.99,True,False,False,True,2017,Adventure|Indie,Adventure|Atmospheric|Dark|First-Person|Great Soundtrack|Horror|Indie|Psychological|Psychological Horror|Singleplayer|Story Rich|Walking Simulator,PASS,PASS,PASS,PASS,PENDING_EXTERNAL_CHECK
555000,GOAT OF DUTY,34BigThings srl,,0.6785,Anchor,0.9267,0.1884,0.9441,0.6546,4058,0.8556,Very Positive,"100,000 .. 200,000",150000.0,5.99,False,False,True,False,2019,Action|Early Access,Action|Arena Shooter|Comedy|Dark Comedy|Dark Humor|Destruction|Early Access|FPS|Fast-Paced|First-Person|Funny|Memes|Multiplayer|Parkour|Parody,PASS,PASS,PASS,PASS,PENDING_EXTERNAL_CHECK
373930,Sudden Strike 4,Kite Games,Kalypso Media,0.6783,Anchor,0.966,0.09,0.932,0.7249,7602,0.778,Mostly Positive,"200,000 .. 500,000",350000.0,4.99,False,False,True,True,2017,Strategy,Base Building|Historical|Military|Multiplayer|RTS|Real Time Tactics|Real-Time|Realistic|Singleplayer|Strategy|Tanks|War|World War II,PASS,PASS,PASS,PASS,PENDING_EXTERNAL_CHECK
1571440,Lunch Lady,Manic Mice,Manic Mice,0.6781,Anchor,0.9839,0.09,0.9137,0.7249,12434,0.8589,Very Positive,"200,000 .. 500,000",350000.0,4.99,True,True,True,True,2021,Action|Adventure|Indie,Action|Action-Adventure|Choices Matter|Co-op|Collectathon|Dark|Exploration|FPS|First-Person|Horror|Multiplayer|Nonlinear|Online Co-Op|Procedural Generation|Psychological Horror,PASS,PASS,PASS,PASS,PENDING_EXTERNAL_CHECK
410890,Higurashi When They Cry Hou - Ch.2 Watanagashi,07th Expansion,MangaGamer,0.6781,Anchor,0.8097,0.3062,0.797,0.7993,1297,0.9676,Overwhelmingly Positive,"50,000 .. 100,000",75000.0,3.99,False,False,False,True,2015,Adventure,2D|Adventure|Anime|Atmospheric|Classic|Comedy|Cute|Dark|Gore|Great Soundtrack|Horror|Indie|Linear|Mystery|Psychological,PASS,PASS,PASS,PASS,PENDING_EXTERNAL_CHECK
1836160,PANELKI,Alexander Gromyko,Alexander Gromyko,0.6777,Anchor,0.8034,0.4783,0.8518,0.5776,1241,0.8928,Very Positive,"20,000 .. 50,000",35000.0,7.99,True,True,True,True,2022,Adventure|Indie|Massively Multiplayer|Simulation,6DOF|Adventure|Atmospheric|Cinematic|Cute|Dark|Exploration|First-Person|Hidden Object|Immersive Sim|Life Sim|Minimalist|Multiple Endings|Open World|Procedural Generation,PASS,PASS,PASS,PASS,PENDING_EXTERNAL_CHECK
2915460,OneShot: World Machine Edition,Future Cat LLC,KOMODO,0.6777,Depth,0.7629,0.7921,0.6808,0.4752,931,0.9785,Overwhelmingly Positive,"0 .. 20,000",10000.0,9.99,True,False,False,True,2024,Adventure|Casual|Indie,2D|Adventure|Anime|Atmospheric|Casual|Choices Matter|Cute|Exploration|Indie|Multiple Endings|Pixel Graphics|Psychological Horror|Puzzle|RPGMaker|Replay Value,PASS,PASS,PASS,PASS,PENDING_EXTERNAL_CHECK
1843730,Last Group Out,Sean Griffiths,Sean Griffiths,0.6777,Low-cost option,0.4349,0.7921,0.7589,0.7249,191,0.8482,Very Positive,"0 .. 20,000",10000.0,4.99,False,True,True,True,2022,Action|Casual|RPG,Action|Casual|Combat|Extraction Shooter|Gun Customization|Inventory Management|Looter Shooter|Multiplayer|Online Co-Op|Pixel Graphics|RPG|Shooter|Singleplayer|Survival,PASS,PASS,PASS,PASS,PENDING_EXTERNAL_CHECK
35130,Lara Croft and the Guardian of Light,Crystal Dynamics,Crystal Dynamics,0.6776,Anchor,0.9341,0.0215,0.8291,0.9255,4441,0.9149,Very Positive,"500,000 .. 1,000,000",750000.0,1.49,False,False,True,True,2010,Action|Adventure,Action|Adventure|Arcade|Co-op|Co-op Campaign|Controller|Difficult|Exploration|Female Protagonist|Isometric|Local Co-Op|Local Multiplayer|Multiplayer|Online Co-Op|Platformer,PASS,PASS,PASS,PASS,PENDING_EXTERNAL_CHECK
274900,Murder Miners,JForce Games,JForce Games,0.6774,Anchor,0.9568,0.0215,0.8843,0.8471,6313,0.8623,Very Positive,"500,000 .. 1,000,000",750000.0,2.99,True,True,True,True,2014,Action|Casual|Indie,4 Player Local|Action|Arena Shooter|Battle Royale|Building|Co-op|Competitive|Controller|FPS|First-Person|Indie|Level Editor|Local Multiplayer|Multiplayer|PvP,PASS,PASS,PASS,PASS,PENDING_EXTERNAL_CHECK
102600,Orcs Must Die!,Robot Entertainment,Robot Entertainment,0.6773,Anchor,0.9678,0.0215,0.8729,0.8471,7897,0.962,Overwhelmingly Positive,"500,000 .. 1,000,000",750000.0,2.99,True,False,False,True,2011,Action|Indie|Strategy,Action|Addictive|Adventure|Arcade|Cartoony|Comedy|Fantasy|Funny|Great Soundtrack|Indie|Magic|Multiplayer|RPG|Score Attack|Shooter,PASS,PASS,PASS,PASS,PENDING_EXTERNAL_CHECK
1345370,Promesa,Julián Palacios Gechtman,"Julián Palacios Gechtman, Strelka Games",0.6772,Depth,0.401,0.7921,0.8983,0.6174,166,0.8675,Very Positive,"0 .. 20,000",10000.0,6.99,True,False,False,True,2020,Adventure|Indie,Adventure|Atmospheric|Cinematic|Experimental|Exploration|First-Person|Indie|Mystery|Narration|Pixel Graphics|Psychological|Realistic|Relaxing|Short|Singleplayer,PASS,PASS,PASS,PASS,PENDING_EXTERNAL_CHECK
2249160,September 7th,EMIKA_GAMES,EMIKA_GAMES,0.6771,Anchor,0.8758,0.3062,0.9088,0.6174,2318,0.8805,Very Positive,"50,000 .. 100,000",75000.0,6.99,True,False,False,True,2023,Indie|Simulation,1990's|3D|3D Platformer|Atmospheric|Cinematic|Exploration|First-Person|Horror|Indie|Linear|Multiplayer|Old School|Psychedelic|Psychological|Psychological Horror,PASS,PASS,PASS,PASS,PENDING_EXTERNAL_CHECK
760890,Hello Charlotte EP3: Childhood's End,etherane,etherane,0.6769,Anchor,0.875,0.3062,0.7269,0.7993,2296,0.9856,Overwhelmingly Positive,"50,000 .. 100,000",75000.0,3.99,True,False,False,True,2018,Indie|RPG,2D|Adventure|Anime|Atmospheric|Choices Matter|Female Protagonist|Gore|Horror|Indie|Philosophical|Psychological|Psychological Horror|Puzzle|RPG|RPGMaker,PASS,PASS,PASS,PASS,PENDING_EXTERNAL_CHECK
441050,Polandball: Can into Space!,Alien Pixel Studios,Alien Pixel Studios,0.6768,Low-cost option,0.656,0.7921,0.412,0.8471,503,0.9443,Very Positive,"0 .. 20,000",10000.0,2.99,True,False,False,True,2016,Casual|Indie|RPG,2D|Action|Building|Casual|Comedy|Dark Comedy|Dark Humor|Funny|Indie|Memes|Moddable|Political|Politics|RPG|Replay Value,PASS,PASS,PASS,PASS,PENDING_EXTERNAL_CHECK
2419900,Apartament 1406: Horror,,,0.6767,Depth,0.6116,0.7921,0.63,0.6733,408,0.7892,Mostly Positive,"0 .. 20,000",10000.0,5.1896,True,False,False,True,2023,Action|Adventure|Casual|Indie,3D|Action|Action-Adventure|Adventure|Atmospheric|Dark|Demons|FPS|First-Person|Horror|Indie|Linear|Mystery|Psychological Horror|Realistic,PASS,PASS,PASS,PASS,PENDING_EXTERNAL_CHECK
1086840,Operation Sniff,SoloQ,SoloQ,0.6766,Low-cost option,0.1618,0.7921,0.8222,0.9305,77,0.7922,Mostly Positive,"0 .. 20,000",10000.0,1.19,True,False,True,True,2020,Action|Casual|Indie|Massively Multiplayer|RPG|Simulation,Action|Arcade|Battle Royale|Beat 'em up|Cartoon|Casual|Dog|Early Access|FPS|Family Friendly|First-Person|Funny|Indie|Massively Multiplayer|Multiplayer,PASS,PASS,PASS,PASS,PENDING_EXTERNAL_CHECK
3018830,One Night With Kawaii,Astra Playroom,Astra Playroom,0.6766,Low-cost option,0.3685,0.7921,0.5881,0.9579,148,0.7568,Mostly Positive,"0 .. 20,000",10000.0,0.99,True,False,False,True,2024,Action|Adventure|Casual|Indie|RPG|Simulation,3D|Action|Action-Adventure|Adventure|Anime|Casual|Cute|First-Person|Funny|Hack and Slash|Horror|Immersive Sim|Memes|Psychological Horror|RPG,PASS,PASS,PASS,PASS,PENDING_EXTERNAL_CHECK
1559430,Purrfect Apawcalypse: Purrgatory Furever,"Denny Truong, Andy Schneider",90% Studios,0.6766,Depth,0.5342,0.7921,0.7256,0.6546,286,0.993,Very Positive,"0 .. 20,000",10000.0,5.99,True,False,False,True,2021,Adventure|Indie|RPG,Adventure|Cartoon|Cats|Choices Matter|Choose Your Own Adventure|Cute|Dark Comedy|Dating Sim|Dog|Horror|Interactive Fiction|LGBTQ+|Magic|Multiple Endings|Post-apocalyptic,PASS,PASS,PASS,PASS,PENDING_EXTERNAL_CHECK
741670,Easy Red,Marco Amadei,Corvostudio di Amadei Marco,0.6766,Low-cost option,0.7695,0.1884,0.9491,0.7993,979,0.7967,Mostly Positive,"100,000 .. 200,000",150000.0,3.99,True,False,False,True,2017,Action|Indie|Simulation|Strategy,Action|FPS|First-Person|Historical|Indie|Multiplayer|Shooter|Simulation|Singleplayer|Strategy|Violent|War|World War II,PASS,PASS,PASS,PASS,PENDING_EXTERNAL_CHECK
1583850,Asleep - Ato 1,Black Hole Games,Nuuvem Inc,0.6765,Depth,0.5693,0.7921,0.7669,0.5776,336,0.9583,Very Positive,"0 .. 20,000",10000.0,7.99,True,False,False,True,2024,Adventure|Indie,1990's|2D|Adventure|Atmospheric|Dark|Emotional|Exploration|Female Protagonist|Horror|Indie|Investigation|Pixel Graphics|Point & Click|Psychological Horror|Puzzle,PASS,PASS,PASS,PASS,PENDING_EXTERNAL_CHECK
588970,Oik,Crew Lab,Crew Lab,0.6764,Anchor,0.8396,0.3062,0.6021,0.9579,1659,0.8981,Very Positive,"50,000 .. 100,000",75000.0,0.99,True,False,False,True,2017,Casual|Indie,2D|Action|Adventure|Casual|Clicker|Cute|Family Friendly|Fast-Paced|Indie|Memes|Minimalist|Moddable|Multiplayer|Physics|Puzzle,PASS,PASS,PASS,PASS,PENDING_EXTERNAL_CHECK
7000,Tomb Raider: Legend,Crystal Dynamics,Crystal Dynamics,0.6763,Anchor,0.9429,0.0215,0.7585,0.9824,5071,0.8748,Very Positive,"500,000 .. 1,000,000",750000.0,0.97,False,False,False,True,2007,Action|Adventure,3D Platformer|Action|Action-Adventure|Adventure|Atmospheric|Classic|Controller|Exploration|Female Protagonist|Modern|Parkour|Platformer|Puzzle|Shooter|Singleplayer,PASS,PASS,PASS,PASS,PENDING_EXTERNAL_CHECK
954010,Definitely Sneaky But Not Sneaky,boxedworks,boxedworks,0.6762,Low-cost option,0.103,0.7921,0.8807,0.9292,65,0.9538,Very Positive,"0 .. 20,000",10000.0,1.24,True,True,True,True,2019,Action|Casual|Indie,2.5D|4 Player Local|Action|Bullet Time|Casual|Co-op|Controller|Difficult|Hack and Slash|Indie|Local Co-Op|Multiplayer|Party Game|PvP|Shoot 'Em Up,PASS,PASS,PASS,PASS,PENDING_EXTERNAL_CHECK
1285230,Ultimate Racing 2D 2,Applimazing,Applimazing,0.6762,Low-cost option,0.5718,0.7921,0.6161,0.7249,340,0.9294,Very Positive,"0 .. 20,000",10000.0,4.99,True,False,True,True,2023,Indie|Racing|Simulation|Sports,1990's|2D|Arcade|Asynchronous Multiplayer|Automobile Sim|Combat Racing|Controller|Crafting|Driving|Indie|Local Multiplayer|Multiplayer|Racing|Retro|Simulation,PASS,PASS,PASS,PASS,PENDING_EXTERNAL_CHECK
2215270,Army Troop,Amonga99,Amonga99,0.6761,Depth,0.4804,0.7921,0.9567,0.4752,228,0.886,Very Positive,"0 .. 20,000",10000.0,9.99,True,True,True,True,2023,Action|Early Access|Indie|Massively Multiplayer,Action|Early Access|FPS|First-Person|Gore|Historical|Indie|Massively Multiplayer|Military|Multiplayer|PvP|Realistic|Shooter|Simulation|Singleplayer,PASS,PASS,PASS,PASS,PENDING_EXTERNAL_CHECK
20530,Red Faction,Volition,Deep Silver,0.676,Anchor,0.8903,0.0215,0.8928,0.8992,2645,0.8684,Very Positive,"500,000 .. 1,000,000",750000.0,1.99,False,False,True,True,2009,Action,Action|Adventure|Atmospheric|Classic|Destruction|FPS|First-Person|Great Soundtrack|Mars|Multiplayer|Sci-fi|Shooter|Singleplayer,PASS,PASS,PASS,PASS,PENDING_EXTERNAL_CHECK
1455900,Plunder Panic,Will Winn Games,Will Winn Games,0.6759,Depth,0.6871,0.7921,0.7495,0.4752,594,0.8367,Very Positive,"0 .. 20,000",10000.0,9.99,True,True,True,True,2022,Action|Adventure|Casual|Indie|Strategy,2D Fighter|2D Platformer|Arcade|Casual|Co-op|Combat|Indie|Local Co-Op|Local Multiplayer|Multiplayer|Online Co-Op|Party Game|Pixel Graphics|Platformer|PvP,PASS,PASS,PASS,PASS,PENDING_EXTERNAL_CHECK
386880,Rake,Konsordo,Konsordo,0.6758,Anchor,0.9321,0.09,0.9562,0.7249,4328,0.7066,Mostly Positive,"200,000 .. 500,000",350000.0,4.99,True,False,True,True,2015,Action|Adventure|Indie|Simulation,Action|Adventure|Atmospheric|Co-op|FPS|First-Person|Funny|Gore|Horror|Hunting|Indie|Multiplayer|Online Co-Op|Open World|Shooter,PASS,PASS,PASS,PASS,PENDING_EXTERNAL_CHECK
798490,Othercide,Lightbulb Crew,Focus Entertainment,0.6756,Anchor,0.9352,0.09,0.8982,0.7791,4523,0.8236,Very Positive,"200,000 .. 500,000",350000.0,4.49,True,False,False,True,2020,Indie|Strategy,Atmospheric|Dark|Dark Fantasy|Difficult|Female Protagonist|Gothic|Great Soundtrack|Horror|Indie|Perma Death|Roguelike|Roguelite|Singleplayer|Strategy|Tactical,PASS,PASS,PASS,PASS,PENDING_EXTERNAL_CHECK
2423830,Multiplayer Turtles,Archor Wright,Archor Games,0.6756,Low-cost option,0.1873,0.7921,0.7652,0.9579,83,0.7831,Mostly Positive,"0 .. 20,000",10000.0,0.99,False,True,True,True,2023,Action,3D|3D Fighter|Action|Co-op|Hack and Slash|Martial Arts|Multiplayer|Online Co-Op|PvP|Singleplayer,PASS,PASS,PASS,PASS,PENDING_EXTERNAL_CHECK
2741490,At Tony's,"GoodSleepGames, JB, TinyBuilderGames",GoodSleepGames,0.6756,Low-cost option,0.3643,0.7921,0.7467,0.7993,146,0.8219,Very Positive,"0 .. 20,000",10000.0,3.99,True,False,False,True,2024,Indie|Simulation,First-Person|Horror|Immersive Sim|Indie|Interactive Fiction|Jump Scare|Linear|Multiple Endings|Psychological Horror|Simulation|Singleplayer|Story Rich|Survival Horror,PASS,PASS,PASS,PASS,PENDING_EXTERNAL_CHECK
321270,UNLOVED,BlueEagle Productions,Paul Schneider,0.6755,Anchor,0.7971,0.1884,0.9915,0.7249,1192,0.7701,Mostly Positive,"100,000 .. 200,000",150000.0,4.99,False,True,True,True,2016,Action,Action|Atmospheric|Co-op|Dark|Demons|FPS|First-Person|Gore|Horror|Indie|Multiplayer|Online Co-Op|Procedural Generation|Roguelike|Shooter,PASS,PASS,PASS,PASS,PENDING_EXTERNAL_CHECK
1791910,Silent Rain,"2Brains&Coffee, Seedlers Interactive",Seedlers Interactive,0.6753,Depth,0.4645,0.7921,0.9696,0.4752,214,0.715,Mostly Positive,"0 .. 20,000",10000.0,9.99,True,True,True,True,2024,Action|Adventure|Indie,3D|Action|Adventure|Atmospheric|Co-op|Dark|Exploration|First-Person|Gore|Horror|Indie|Multiplayer|Mystery|Online Co-Op|Psychological Horror,PASS,PASS,PASS,PASS,PENDING_EXTERNAL_CHECK
736570,The Crooked Man,Uri Games,PLAYISM,0.6752,Low-cost option,0.7702,0.3062,0.7775,0.8471,982,0.9257,Very Positive,"50,000 .. 100,000",75000.0,2.99,True,False,False,True,2018,Adventure|Casual|Indie,2D|Action-Adventure|Adventure|Anime|Atmospheric|Casual|Dark|Gore|Horror|Indie|Multiple Endings|Mystery|Pixel Graphics|Psychological Horror|RPG,PASS,PASS,PASS,PASS,PENDING_EXTERNAL_CHECK
12360,FlatOut: Ultimate Carnage Collector's Edition,"Bugbear Entertainment, ZOOM Platform Media, Jordan Freeman Group",Strategy First,0.6751,Anchor,0.9521,0.0215,0.9273,0.7993,5858,0.8885,Very Positive,"500,000 .. 1,000,000",750000.0,3.99,False,False,False,True,2008,Racing,Action|Arcade|Automobile Sim|Classic|Co-op|Combat Racing|Destruction|Driving|Funny|Great Soundtrack|Multiplayer|Physics|Racing|Singleplayer|Soundtrack,PASS,PASS,PASS,PASS,PENDING_EXTERNAL_CHECK
546090,Trip to Vinelands,Walter Machado,Walter Machado,0.675,Low-cost option,0.5826,0.7921,0.3261,0.9994,359,0.8886,Very Positive,"0 .. 20,000",10000.0,0.28,True,False,False,True,2016,Action|Indie,1980s|2D|Action|Action Roguelike|Arcade|Casual|Difficult|Fast-Paced|Funny|Indie|Memes|Pixel Graphics|Procedural Generation|Puzzle|Retro,PASS,PASS,PASS,PASS,PENDING_EXTERNAL_CHECK
2243110,EMPTY SHELL,CC ARTS,Hyperstrange,0.6749,Depth,0.6551,0.7921,0.8631,0.3892,501,0.8962,Very Positive,"0 .. 20,000",10000.0,11.99,True,False,False,True,2023,Action|Adventure|Indie,Action|Action Roguelike|Action-Adventure|Adventure|Atmospheric|Combat|Controller|Dark|Horror|Old School|Pixel Graphics|Retro|Roguelike|Roguelite|Sci-fi,PASS,PASS,PASS,PASS,PENDING_EXTERNAL_CHECK
1185160,[Chilla's Art] Inunaki Tunnel | 犬鳴トンネル,Chilla's Art,Chilla's Art,0.6746,Low-cost option,0.6546,0.4783,0.7185,0.8471,500,0.784,Mostly Positive,"20,000 .. 50,000",35000.0,2.99,True,False,False,True,2019,Action|Adventure|Casual|Indie|Simulation|Strategy,Action|Adventure|Anime|Atmospheric|Casual|Exploration|First-Person|Horror|Indie|Mystery|Narration|Psychological|Psychological Horror|Short|Simulation,PASS,PASS,PASS,PASS,PENDING_EXTERNAL_CHECK
281610,Homeworld: Deserts of Kharak,Blackbird Interactive,Gearbox Publishing,0.6746,Anchor,0.97,0.0215,0.9818,0.7249,8287,0.7976,Mostly Positive,"500,000 .. 1,000,000",750000.0,4.99,False,False,True,True,2016,Strategy,Action|Adventure|Atmospheric|Co-op|Epic|Female Protagonist|First-Person|Futuristic|Great Soundtrack|Multiplayer|RTS|Real-Time|Sci-fi|Singleplayer|Space,PASS,PASS,PASS,PASS,PENDING_EXTERNAL_CHECK
415740,OmniBus,"Buddy Cops, LLC",Devolver Digital,0.6746,Low-cost option,0.6677,0.4783,0.8274,0.7249,531,0.8154,Very Positive,"20,000 .. 50,000",35000.0,4.99,True,False,True,True,2016,Action|Adventure|Casual|Indie|Racing|Simulation,Action|Adventure|Automobile Sim|Casual|Difficult|Driving|Funny|Indie|Local Multiplayer|Multiplayer|Physics|Psychological Horror|Racing|Simulation,PASS,PASS,PASS,PASS,PENDING_EXTERNAL_CHECK
215510,Rocketbirds: Hardboiled Chicken,Ratloop Asia,Reverb Publishing,0.6746,Anchor,0.9057,0.09,0.9776,0.7249,3120,0.7949,Mostly Positive,"200,000 .. 500,000",350000.0,4.99,True,True,True,True,2012,Adventure|Indie,2D|Action|Action-Adventure|Adventure|Co-op|Comedy|Controller|Funny|Gore|Indie|Local Co-Op|Local Multiplayer|Multiplayer|Online Co-Op|Platformer,PASS,PASS,PASS,PASS,PENDING_EXTERNAL_CHECK
2119210,VOYAGER,"Planetary Gears, Logical Extremes",Planetary Gears,0.6745,Low-cost option,0.3857,0.7921,0.5922,0.9281,157,0.9554,Very Positive,"0 .. 20,000",10000.0,1.39,True,True,True,True,2023,Adventure|Casual|Indie|Simulation,2D|Abstract|Adventure|Arcade|Atmospheric|Casual|Exploration|Family Friendly|Minimalist|Music|Noir|Philosophical|Physics|Relaxing|Sci-fi,PASS,PASS,PASS,PASS,PENDING_EXTERNAL_CHECK
665360,Comedy Night,Lighthouse Games Studio,Lighthouse Games Studio,0.6744,Anchor,0.9732,0.0215,0.9777,0.7249,9004,0.7471,Mostly Positive,"500,000 .. 1,000,000",750000.0,4.99,True,True,True,False,2017,Casual|Indie|RPG|Simulation,Atmospheric|Casual|Character Customization|Co-op|Comedy|Conversation|Cute|Dark Comedy|Dark Humor|Experimental|Funny|Immersive Sim|Life Sim|Memes|Multiplayer,PASS,PASS,PASS,PASS,PENDING_EXTERNAL_CHECK
304950,Castaway Paradise - live among the animals,Stolen Couch Games,Stolen Couch Games,0.6743,Depth,0.6816,0.7921,0.9252,0.2985,575,0.7078,Mostly Positive,"0 .. 20,000",10000.0,14.99,True,False,False,True,2015,Adventure|Casual|Indie|RPG|Simulation,2D|Adventure|Cartoony|Casual|Character Customization|Colorful|Comedy|Controller|Family Friendly|Funny|Life Sim|Multiplayer|Online Co-Op|RPG|Sandbox,PASS,PASS,PASS,PASS,PENDING_EXTERNAL_CHECK
320,Half-Life 2: Deathmatch,Valve,Valve,0.6742,Anchor,0.9859,0.0215,0.9646,0.7249,13160,0.9082,Very Positive,"500,000 .. 1,000,000",750000.0,4.99,False,False,True,False,2004,Action,Action|Adventure|Arena Shooter|Atmospheric|Co-op|Competitive|FPS|First-Person|Funny|Great Soundtrack|Mod|Moddable|Multiplayer|Old School|Physics,PASS,PASS,PASS,PASS,PENDING_EXTERNAL_CHECK
908050,Summer Catchers,FaceIT,Noodlecake,0.6742,Depth,0.5722,0.7921,0.7828,0.5498,341,0.8065,Very Positive,"0 .. 20,000",10000.0,8.99,True,True,True,True,2019,Action|Adventure|Casual|Indie|Racing,2D|Action|Adventure|Arcade|Casual|Co-op|Controller|Cute|Driving|Fantasy|Funny|Indie|Local Co-Op|Multiplayer|Mystery,PASS,PASS,PASS,PASS,PENDING_EXTERNAL_CHECK
301380,Date Warp,Hanako Games,Hanako Games,0.6742,Low-cost option,0.4071,0.7921,0.6242,0.8733,170,0.8941,Very Positive,"0 .. 20,000",10000.0,2.49,True,False,False,True,2014,Adventure|Indie,2D|Adventure|Anime|Choices Matter|Dating Sim|Female Protagonist|Indie|LGBTQ+|Multiple Endings|Mystery|Otome|Puzzle|Romance|Sci-fi|Singleplayer,PASS,PASS,PASS,PASS,PENDING_EXTERNAL_CHECK
397350,Lords of the Realm II,Impressions Games,Rebellion,0.6739,Anchor,0.8217,0.3062,0.7207,0.8471,1427,0.9622,Overwhelmingly Positive,"50,000 .. 100,000",75000.0,2.99,False,False,False,True,2015,RPG|Strategy,Classic|Medieval|Multiplayer|RPG|RTS|Strategy|Turn-Based,PASS,PASS,PASS,PASS,PENDING_EXTERNAL_CHECK
1987060,The Journey - Episode 2: Words of Wisdom,Randumb Studios,Randumb Studios,0.6739,Low-cost option,0.1959,0.7921,0.8084,0.8992,85,0.9765,Very Positive,"0 .. 20,000",10000.0,1.99,True,False,False,True,2022,Adventure|Casual|Indie|RPG|Simulation,Anime|Board Game|Choices Matter|Choose Your Own Adventure|Dark Comedy|Dark Humor|Education|Female Protagonist|Funny|Horror|Immersive Sim|LGBTQ+|Lore-Rich|Multiple Endings|Psychological,PASS,PASS,PASS,PASS,PENDING_EXTERNAL_CHECK
11450,Overlord™,Triumph Studios,"Codemasters, Electronic Arts",0.6737,Anchor,0.9552,0.0215,0.993,0.7249,6159,0.9352,Very Positive,"500,000 .. 1,000,000",750000.0,4.99,False,False,False,True,2007,RPG,Action|Action RPG|Action-Adventure|Adventure|Atmospheric|Comedy|Dark Fantasy|Dark Humor|Fantasy|Funny|Hack and Slash|Multiplayer|Open World|Puzzle|RPG,PASS,PASS,PASS,PASS,PENDING_EXTERNAL_CHECK
1644500,Masterplan Tycoon,Bureau Bravin,"Ravenage Games, Doyoyo Games",0.6736,Depth,0.693,0.7921,0.7342,0.4752,613,0.7651,Mostly Positive,"0 .. 20,000",10000.0,9.99,True,False,False,True,2023,Indie|Simulation|Strategy,2D|Abstract|Atmospheric|Automation|Building|Casual|Economy|Logic|Management|Minimalist|Mouse only|Puzzle|Relaxing|Resource Management|Simulation,PASS,PASS,PASS,PASS,PENDING_EXTERNAL_CHECK
1820940,Hitler Loves Anime,PaulArt,PaulArt,0.6734,Low-cost option,0.2686,0.7921,0.7336,0.8992,106,0.8302,Very Positive,"0 .. 20,000",10000.0,1.99,True,False,False,True,2022,Action|Indie|RPG|Simulation,Action|Anime|Battle Royale|Character Customization|Choose Your Own Adventure|Dark Humor|Exploration|Funny|God Game|Immersive Sim|LGBTQ+|Psychedelic|Psychological Horror|RPG|Relaxing,PASS,PASS,PASS,PASS,PENDING_EXTERNAL_CHECK
1213700,Spirit of the North,Infuse Studio,Merge Games,0.6733,Anchor,0.9302,0.09,0.7738,0.8992,4230,0.8638,Very Positive,"200,000 .. 500,000",350000.0,1.99,True,False,False,True,2020,Adventure|Casual|Indie,3D|3D Platformer|Adventure|Atmospheric|Beautiful|Casual|Experience|Exploration|Fox|Great Soundtrack|Indie|Multiplayer|Platformer|Puzzle|Relaxing,PASS,PASS,PASS,PASS,PENDING_EXTERNAL_CHECK
2336590,White Night Dream,Renka,Renka,0.6731,Low-cost option,0.4617,0.7921,0.4808,0.9579,212,0.9009,Very Positive,"0 .. 20,000",10000.0,0.99,True,False,False,True,2023,Indie,2D|Anime|Atmospheric|Card Battler|Card Game|Cartoon|Choices Matter|Cute|Deckbuilding|Female Protagonist|Indie|Pixel Graphics|Relaxing|Resource Management|Roguelike,PASS,PASS,PASS,PASS,PENDING_EXTERNAL_CHECK
1557990,Retail Royale,DarxDev,DarxDev,0.6729,Anchor,0.9461,0.09,0.9307,0.7249,5360,0.7681,Mostly Positive,"200,000 .. 500,000",350000.0,4.99,False,True,True,False,2023,Action|Massively Multiplayer|Strategy,Action|Battle Royale|Character Customization|Co-op|Colorful|Combat|Crafting|FPS|First-Person|Free to Play|Funny|Massively Multiplayer|Memes|Multiplayer|Physics,PASS,PASS,PASS,PASS,PENDING_EXTERNAL_CHECK
1428470,Stowaway,Sandstorm Studios Inc.,Sandstorm Studios Inc.,0.6726,Low-cost option,0.6794,0.7921,0.494,0.7249,567,0.7549,Mostly Positive,"0 .. 20,000",10000.0,4.99,True,True,True,False,2020,Action|Adventure|Casual|Early Access|Indie|Strategy,3D|Casual|Co-op|Detective|Early Access|Exploration|FPS|Fighting|Funny|Historical|Indie|Multiplayer|Naval Combat|Online Co-Op|Psychological,PASS,PASS,PASS,PASS,PENDING_EXTERNAL_CHECK
495560,Farm Manager 2018,Cleversan Games,"PlayWay S.A., Sim Farm S.A.",0.6725,Anchor,0.8949,0.09,0.9059,0.7993,2754,0.7153,Mostly Positive,"200,000 .. 500,000",350000.0,3.99,True,False,False,True,2018,Indie|Simulation|Strategy,Agriculture|Atmospheric|Building|Casual|City Builder|Economy|Family Friendly|Farming|Farming Sim|Indie|Inventory Management|Isometric|Management|Realistic|Relaxing,PASS,PASS,PASS,PASS,PENDING_EXTERNAL_CHECK
1835870,The Black Cat Magician,cryhades,Complex Rabbit,0.6725,Low-cost option,0.4771,0.7921,0.6216,0.7993,225,0.9111,Very Positive,"0 .. 20,000",10000.0,3.99,True,False,False,True,2022,Adventure|Indie|RPG,2D|Adventure|Anime|Cartoon|Cats|Cute|Dog|Fantasy|Funny|Magic|Minimalist|Pixel Graphics|RPG|Relaxing|Singleplayer,PASS,PASS,PASS,PASS,PENDING_EXTERNAL_CHECK
1243200,STUFFED,Waving Bear Studio, TheGamePublisher.com,0.6724,Depth,0.5864,0.7921,0.9452,0.3662,365,0.8027,Very Positive,"0 .. 20,000",10000.0,12.99,True,True,True,True,2024,Action|Casual|Indie,3D|Action|Casual|Character Customization|Co-op|Comedy|Cute|FPS|First-Person|Funny|Multiplayer|Online Co-Op|Procedural Generation|PvE|Shooter,PASS,PASS,PASS,PASS,PENDING_EXTERNAL_CHECK
2959670,BeYourCat,HKBOI,HKBOI,0.6722,Depth,0.5545,0.7921,0.7247,0.6174,314,0.8567,Very Positive,"0 .. 20,000",10000.0,6.99,True,False,False,True,2024,Casual|Indie|RPG|Simulation,360 Video|Atmospheric|Casual|Choices Matter|Cinematic|Dating Sim|Drama|Emotional|FMV|First-Person|Idler|JRPG|Life Sim|Multiple Endings|RPG,PASS,PASS,PASS,PASS,PENDING_EXTERNAL_CHECK
589590,Kindergarten,"Con Man Games, Sean Young",SmashGames,0.6719,Anchor,0.9698,0.09,0.9028,0.7249,8220,0.9648,Overwhelmingly Positive,"200,000 .. 500,000",350000.0,4.99,True,False,False,True,2017,Adventure|Indie,Adventure|Blood|Choices Matter|Dark Comedy|Dark Humor|Difficult|Early Access|Funny|Gore|Horror|Indie|Memes|Mystery|Pixel Graphics|Psychological Horror,PASS,PASS,PASS,PASS,PENDING_EXTERNAL_CHECK
1459870,King Pins,"Sokpop Collective, Sokpop Collective",Sokpop Collective,0.6719,Low-cost option,0.1996,0.7921,0.8489,0.8471,86,0.8605,Very Positive,"0 .. 20,000",10000.0,2.99,True,False,True,True,2020,Action|Indie|Strategy,2D|4 Player Local|Action|Cute|Indie|Local Multiplayer|Magic|Medieval|Multiplayer|Procedural Generation|PvP|Real Time Tactics|Resource Management|Singleplayer|Strategy,PASS,PASS,PASS,PASS,PENDING_EXTERNAL_CHECK
1109840,Réussir : Code de la Route - Nouvelle Édition (French Highway Code),Smart Tale Games,Microids,0.6718,Depth,0.6166,0.7921,0.9801,0.2985,416,0.8942,Very Positive,"0 .. 20,000",10000.0,14.99,False,True,True,True,2019,Adventure|Casual|Racing|Simulation,4 Player Local|Adventure|Automobile Sim|Casual|Choices Matter|Co-op|Driving|Education|Local Co-Op|Local Multiplayer|Motorbike|Multiplayer|Psychological Horror|Racing|Realistic,PASS,PASS,PASS,PASS,PENDING_EXTERNAL_CHECK
906870,FurryFury: Smash & Roll,"Demibug, Cosmic Dreams Games",Cosmic Dreams Games,0.6718,Anchor,0.824,0.1884,0.9498,0.7249,1458,0.8148,Very Positive,"100,000 .. 200,000",150000.0,4.99,False,True,True,True,2022,Action|Adventure|Casual|Strategy,2D|2D Fighter|Cartoony|Casual|Co-op|Comedy|Creature Collector|Family Friendly|Funny|Hand-drawn|Multiplayer|Online Co-Op|Physics|PvP|Singleplayer,PASS,PASS,PASS,PASS,PENDING_EXTERNAL_CHECK
962400,Granny,DVloper,DVloper,0.6718,Anchor,0.9276,0.09,0.9445,0.7249,4104,0.925,Very Positive,"200,000 .. 500,000",350000.0,4.99,True,False,False,True,2018,Adventure|Indie,Action|Adventure|Atmospheric|Dark|Difficult|Escape Room|First-Person|Funny|Gore|Horror|Indie|Multiplayer|Psychological Horror|Puzzle|Singleplayer,PASS,PASS,PASS,PASS,PENDING_EXTERNAL_CHECK
420550,Super Arcade Football,OutOfTheBit Ltd,OutOfTheBit Ltd,0.6716,Low-cost option,0.4503,0.7921,0.5722,0.8718,203,0.7044,Mostly Positive,"0 .. 20,000",10000.0,2.59,True,True,True,True,2021,Action|Casual|Indie|Sports,1980s|1990's|2D|4 Player Local|Arcade|Casual|Controller|Football (Soccer)|Indie|Local Multiplayer|Multiplayer|Physics|Pixel Graphics|PvP|Real Time Tactics,PASS,PASS,PASS,PASS,PENDING_EXTERNAL_CHECK
2236860,Basements n' Basilisks: Storms of Sorcery,eNVy softworks,eNVy softworks,0.6716,Low-cost option,0.3729,0.7921,0.6742,0.8471,150,0.92,Very Positive,"0 .. 20,000",10000.0,2.99,False,False,False,True,2023,Adventure|Casual|RPG|Simulation,2D|Adventure|Atmospheric|Choices Matter|Choose Your Own Adventure|Comedy|Dungeons & Dragons|Fantasy|Hand-drawn|Interactive Fiction|Multiple Endings|Mystery|Parody|RPG|Short,PASS,PASS,PASS,PASS,PENDING_EXTERNAL_CHECK
702120,THE KING OF FIGHTERS '97 GLOBAL MATCH,"SNK CORPORATION, Code Mystics",SNK CORPORATION,0.6713,Anchor,0.8115,0.3062,0.6943,0.8733,1320,0.7939,Mostly Positive,"50,000 .. 100,000",75000.0,2.49,False,False,True,True,2018,Action,2D|2D Fighter|Action|Anime|Arcade|Classic|Fighting|Multiplayer|Pixel Graphics|Singleplayer,PASS,PASS,PASS,PASS,PENDING_EXTERNAL_CHECK
286040,Dead Effect,"BadFly Interactive, a.s.","BadFly Interactive, a.s.",0.6712,Anchor,0.9185,0.09,0.9513,0.7249,3664,0.7293,Mostly Positive,"200,000 .. 500,000",350000.0,4.99,True,False,False,True,2014,Action|Indie,Action|Atmospheric|Bullet Time|Co-op|FPS|First-Person|Gore|Horror|Indie|Multiplayer|Sci-fi|Shooter|Short|Singleplayer|Space,PASS,PASS,PASS,PASS,PENDING_EXTERNAL_CHECK
1156990,Return to Shironagasu Island,HYOGO ONIMUSHI,TABINOMICHI,0.6712,Anchor,0.9084,0.1884,0.8629,0.7249,3242,0.9445,Very Positive,"100,000 .. 200,000",150000.0,4.99,False,False,False,True,2020,Adventure,Adventure|Anime|Atmospheric|Casual|Choices Matter|Classic|Detective|Drama|Horror|Indie|Mystery|Point & Click|Psychological Horror|Sci-fi|Singleplayer,PASS,PASS,PASS,PASS,PENDING_EXTERNAL_CHECK
1185700,Arrog,"LEAP Game Studios, Hermanos Magia",indienova,0.6712,Low-cost option,0.412,0.7921,0.6335,0.8471,173,0.896,Very Positive,"0 .. 20,000",10000.0,2.99,True,False,False,True,2020,Adventure|Indie,2D|Abstract|Adventure|Atmospheric|Beautiful|Cinematic|Emotional|Hand-drawn|Indie|Minimalist|Music|Mystery|Narrative|Point & Click|Psychological,PASS,PASS,PASS,PASS,PENDING_EXTERNAL_CHECK
869690,Cat Lady - The Card Game,Nomad Games,Nomad Games,0.6711,Low-cost option,0.5359,0.7921,0.5573,0.7993,288,0.934,Very Positive,"0 .. 20,000",10000.0,3.99,False,False,True,True,2019,Casual|Strategy,2D|Board Game|Card Game|Cartoon|Casual|Cats|Colorful|Cute|Hand-drawn|Indie|Local Multiplayer|Multiplayer|Puzzle|PvP|Resource Management,PASS,PASS,PASS,PASS,PENDING_EXTERNAL_CHECK
1205040,Granny: Chapter Two,DVloper,DVloper,0.6711,Anchor,0.7979,0.3062,0.8553,0.7249,1198,0.9541,Overwhelmingly Positive,"50,000 .. 100,000",75000.0,4.99,True,False,False,True,2019,Adventure|Indie,Adventure|Blood|Co-op|Dark|First-Person|Funny|Gore|Horror|Indie|Multiplayer|Puzzle|Singleplayer|Stealth|Survival Horror|Violent,PASS,PASS,PASS,PASS,PENDING_EXTERNAL_CHECK
1707870,RiffTrax: The Game,"Wide Right Interactive, Mark Zorn, Kurt Wojda",Wide Right Interactive,0.6709,Depth,0.4514,0.7921,0.9649,0.4752,204,0.9363,Very Positive,"0 .. 20,000",10000.0,9.99,True,False,True,True,2022,Casual|Indie,Board Game|Card Game|Casual|Cinematic|Comedy|FMV|Family Friendly|Funny|Indie|Local Multiplayer|Memes|Movie|Multiplayer|Parody|Party,PASS,PASS,PASS,PASS,PENDING_EXTERNAL_CHECK
1630960,Centipede: Recharged,"Adamvision Studios, SneakyBox",Atari,0.6707,Low-cost option,0.2832,0.7921,0.808,0.7993,111,0.8288,Very Positive,"0 .. 20,000",10000.0,3.99,False,True,True,True,2021,Action,1980s|2D|Abstract|Action|Arcade|Co-op|Colorful|Combat|Controller|Local Co-Op|Minimalist|Multiplayer|Psychedelic|Retro|Score Attack,PASS,PASS,PASS,PASS,PENDING_EXTERNAL_CHECK
512890,Elsinore,Golden Glitch,Golden Glitch,0.6706,Depth,0.5519,0.7921,0.8633,0.4752,310,0.9645,Very Positive,"0 .. 20,000",10000.0,9.99,True,False,False,True,2019,Adventure|Indie|Simulation,Adventure|Atmospheric|Choices Matter|Controller|Drama|Female Protagonist|Great Soundtrack|Indie|Investigation|LGBTQ+|Multiple Endings|Point & Click|Simulation|Singleplayer|Story Rich,PASS,PASS,PASS,PASS,PENDING_EXTERNAL_CHECK
2758290,PROJECT 13,DRYBREAD,DRYBREAD,0.6706,Low-cost option,0.3879,0.7921,0.7032,0.7993,158,0.8101,Very Positive,"0 .. 20,000",10000.0,3.99,True,False,False,True,2024,Indie|Simulation,1990's|3D|Action|Atmospheric|Cinematic|Dark Humor|Detective|Dystopian|Exploration|First-Person|Horror|Immersive Sim|Indie|Psychedelic|Psychological Horror,PASS,PASS,PASS,PASS,PENDING_EXTERNAL_CHECK
1210800,Rum & Gun,Borington,Borington,0.6706,Low-cost option,0.5415,0.7921,0.6239,0.7249,295,0.939,Very Positive,"0 .. 20,000",10000.0,4.99,True,True,True,True,2024,Action|Adventure|Indie|RPG,Action|Action RPG|Action-Adventure|Adventure|Combat|Dungeon Crawler|Fantasy|Funny|Hack and Slash|Historical|Indie|Isometric|Loot|Naval|Pirates,PASS,PASS,PASS,PASS,PENDING_EXTERNAL_CHECK
1145130,卖萌恶霸喵霸霸 Cute Bully Nyanbaba,冷笑黑妖,冷笑黑妖,0.6706,Low-cost option,0.3821,0.7921,0.5503,0.9579,155,0.9871,Very Positive,"0 .. 20,000",10000.0,0.99,True,False,False,True,2022,Casual|Indie,Anime|Cartoon|Casual|Clicker|Comedy|Comic Book|Cute|Family Friendly|Female Protagonist|Funny|Hidden Object|Magic|Psychedelic|Psychological Horror|Puzzle,PASS,PASS,PASS,PASS,PENDING_EXTERNAL_CHECK
1700,Arx Fatalis,Arkane Studios,Arkane Studios,0.6705,Anchor,0.8639,0.09,0.8052,0.923,2064,0.8755,Very Positive,"200,000 .. 500,000",350000.0,1.64,False,False,False,True,2007,RPG,Action|Action RPG|Adventure|Atmospheric|Classic|Dark Fantasy|Dungeon Crawler|Exploration|Fantasy|First-Person|Horror|Immersive Sim|Inventory Management|Magic|Open World,PASS,PASS,PASS,PASS,PENDING_EXTERNAL_CHECK
1153640,Chorus,Deep Silver Fishlabs,Deep Silver,0.6704,Anchor,0.9182,0.09,0.9486,0.7249,3656,0.8345,Very Positive,"200,000 .. 500,000",350000.0,4.99,False,False,False,True,2021,Action|Adventure,Action|Adventure|Arcade|Difficult|Exploration|Female Protagonist|Flight|Indie|Multiplayer|Open World|Sci-fi|Shooter|Singleplayer|Space|Space Sim,PASS,PASS,PASS,PASS,PENDING_EXTERNAL_CHECK
670160,D'LIRIUM,B52 Development Team,B52 Development Team,0.6703,Anchor,0.7748,0.7921,0.3894,0.7249,1014,0.9527,Overwhelmingly Positive,"0 .. 20,000",10000.0,4.99,True,False,False,True,2023,Action|Adventure|Indie,2D|Action|Action-Adventure|Adventure|Atmospheric|Dark|Gore|Horror|Level Editor|Multiple Endings|Old School|Pixel Graphics|Psychological Horror|Shooter|Singleplayer,PASS,PASS,PASS,PASS,PENDING_EXTERNAL_CHECK
473530,Slime-san: Superslime Edition,Fabraz,Headup,0.6702,Low-cost option,0.5514,0.4783,0.7237,0.9276,309,0.8479,Very Positive,"20,000 .. 50,000",35000.0,1.43,True,True,True,True,2017,Action|Adventure|Indie,2D Platformer|Action|Adventure|Anime|Arcade|Difficult|Fast-Paced|Funny|Great Soundtrack|Indie|Level Editor|Local Co-Op|Local Multiplayer|Pixel Graphics|Platformer,PASS,PASS,PASS,PASS,PENDING_EXTERNAL_CHECK
1814770,Tall Poppy,Attainable Entertainment,Attainable Entertainment,0.6702,Low-cost option,0.3623,0.7921,0.6794,0.8471,145,0.8897,Very Positive,"0 .. 20,000",10000.0,2.99,True,False,False,True,2021,Adventure|Indie,3D|Action-Adventure|Adventure|Atmospheric|Comedy|Dark Comedy|Dark Humor|Exploration|First-Person|Funny|Horror|Indie|Linear|Physics|Psychological Horror,PASS,PASS,PASS,PASS,PENDING_EXTERNAL_CHECK
1980390,Neighbor Fight,CHICKEN SODA GAMES,CHICKEN SODA GAMES,0.6701,Low-cost option,0.4294,0.7921,0.5598,0.8992,186,0.9516,Very Positive,"0 .. 20,000",10000.0,1.99,True,False,True,True,2022,Action|Early Access|Indie|Simulation|Strategy,3D|3D Fighter|Action|Cartoony|Choices Matter|Colorful|Combat|Destruction|Early Access|FPS|First-Person|Funny|Grand Strategy|Management|Multiplayer,PASS,PASS,PASS,PASS,PENDING_EXTERNAL_CHECK
1090560,Boy VS Genius 贫穷少年与校园名人的生死对决,"黒い天使, XNZONE",XNZONE,0.6701,Low-cost option,0.2653,0.7921,0.665,0.9579,105,0.8571,Very Positive,"0 .. 20,000",10000.0,0.99,True,False,False,True,2019,Casual|Indie|RPG|Simulation|Strategy,2D|Adventure|Anime|Casual|Classic|Comic Book|Drama|Exploration|Indie|Multiple Endings|Pixel Graphics|RPG|RPGMaker|Simulation|Singleplayer,PASS,PASS,PASS,PASS,PENDING_EXTERNAL_CHECK
735350,Bottle: Pilgrim Redux,Tonguç Bodur,Tonguç Bodur,0.67,Low-cost option,0.4781,0.7921,0.6106,0.7993,226,0.7743,Mostly Positive,"0 .. 20,000",10000.0,3.99,False,False,False,True,2017,Adventure|Casual,3D|Adventure|Atmospheric|Beautiful|Casual|Drama|Emotional|Experience|Exploration|First-Person|Great Soundtrack|Hidden Object|Indie|Lore-Rich|Narration,PASS,PASS,PASS,PASS,PENDING_EXTERNAL_CHECK
340050,Survivalist,Bob,Ginormocorp Holdings Ltd,0.67,Anchor,0.8844,0.09,0.9807,0.7249,2504,0.8019,Very Positive,"200,000 .. 500,000",350000.0,4.99,True,True,True,True,2015,Action|Adventure|Indie|RPG|Simulation|Strategy,Action|Action RPG|Adventure|Base Building|Co-op|Crafting|Exploration|Multiplayer|Open World|Open World Survival Craft|Post-apocalyptic|RPG|RTS|Sandbox|Simulation,PASS,PASS,PASS,PASS,PENDING_EXTERNAL_CHECK
1322170,Pluviophile,Tonguç Bodur,Tonguç Bodur,0.6699,Low-cost option,0.5327,0.7921,0.397,0.9579,284,0.9014,Very Positive,"0 .. 20,000",10000.0,0.99,True,False,False,True,2020,Indie,3D|Atmospheric|Beautiful|Casual|Experience|Exploration|First-Person|Great Soundtrack|Indie|Nature|Realistic|Relaxing|Short|Singleplayer|Walking Simulator,PASS,PASS,PASS,PASS,PENDING_EXTERNAL_CHECK
1124830,Touhou Blooming Chaos,"二色幽紫蝶, Re零同人社","二色幽紫蝶, 东游鉴",0.6699,Low-cost option,0.5869,0.7921,0.5236,0.7771,366,0.8962,Very Positive,"0 .. 20,000",10000.0,4.79,True,False,False,True,2019,Action|Indie|RPG,Action|Anime|Bullet Hell|Faith|Female Protagonist|Indie|Pixel Graphics|RPG|Shoot 'Em Up,PASS,PASS,PASS,PASS,PENDING_EXTERNAL_CHECK
1601680,The Advisor - Episode 1: Royal Pain,Randumb Studios,Randumb Studios,0.6699,Low-cost option,0.6788,0.3062,0.8474,0.8471,565,0.9735,Overwhelmingly Positive,"50,000 .. 100,000",75000.0,2.99,False,False,False,True,2021,Adventure|RPG|Simulation,Choices Matter|Choose Your Own Adventure|Dark Humor|Detective|Diplomacy|Economy|Episodic|Immersive Sim|Interactive Fiction|Investigation|Lore-Rich|Management|Medieval|Multiple Endings|Mystery,PASS,PASS,PASS,PASS,PENDING_EXTERNAL_CHECK
2073470,Kanjozoku Game レーサー Online Street Racing & Drift,SG DEV,Midnight Games,0.6698,Anchor,0.9115,0.1884,0.6539,0.9255,3384,0.8239,Very Positive,"100,000 .. 200,000",150000.0,1.49,False,True,True,True,2022,Massively Multiplayer|Racing|Simulation|Sports,1990's|3D|Anime|Arcade|Atmospheric|Automobile Sim|Cinematic|Combat Racing|Driving|Massively Multiplayer|Moddable|Old School|Open World|PvE|PvP,PASS,PASS,PASS,PASS,PENDING_EXTERNAL_CHECK
1887250,Sand Castle,Bite The Rock,"Unusual Meaning, Diada Novels",0.6698,Low-cost option,0.2415,0.7921,0.7465,0.8992,98,0.9286,Very Positive,"0 .. 20,000",10000.0,1.99,True,False,False,True,2022,Adventure|Indie,2D|Adventure|Anime|Atmospheric|Cute|Dating Sim|Drama|Emotional|First-Person|Hand-drawn|Indie|Interactive Fiction|Modern|Multiple Endings|Philosophical,PASS,PASS,PASS,PASS,PENDING_EXTERNAL_CHECK
1493760,Youtubers Life 2,,,0.6698,Anchor,0.8634,0.7921,0.9165,0.1073,2055,0.7343,Mostly Positive,"0 .. 20,000",10000.0,21.8296,True,False,False,True,2021,Adventure|Casual|Indie|Simulation|Strategy,Cartoony|Casual|Character Customization|Comedy|Cute|Family Friendly|Female Protagonist|Funny|Immersive Sim|LGBTQ+|Life Sim|Management|Memes|Open World|Relaxing,PASS,PASS,PASS,PASS,PENDING_EXTERNAL_CHECK
630720,Mana Spark,"BEHEMUTT, Kishimoto Studios",BEHEMUTT,0.6698,Depth,0.7015,0.7921,0.7965,0.3892,644,0.7842,Mostly Positive,"0 .. 20,000",10000.0,11.99,True,False,False,True,2018,Action|Indie|RPG,2D|Action|Action RPG|Action Roguelike|Adventure|Atmospheric|Combat|Dark Fantasy|Difficult|Dungeon Crawler|Indie|Local Co-Op|Medieval|Pixel Graphics|Procedural Generation,PASS,PASS,PASS,PASS,PENDING_EXTERNAL_CHECK
1574250,SPOOKWARE,BEESWAX GAMES,DreadXP,0.6697,Low-cost option,0.7196,0.4783,0.7562,0.7249,717,0.8075,Very Positive,"20,000 .. 50,000",35000.0,4.99,True,False,False,True,2021,Action|Adventure|Indie|RPG,Action|Cartoony|Casual|Colorful|Comedy|Cute|Dark Humor|Exploration|Fast-Paced|Funny|Horror|Indie|Minigames|Mystery|Point & Click,PASS,PASS,PASS,PASS,PENDING_EXTERNAL_CHECK
251230,Livelock,Tuque Games,Arc Games,0.6697,Low-cost option,0.7399,0.09,0.9231,0.9255,807,0.7931,Mostly Positive,"200,000 .. 500,000",350000.0,1.49,True,True,True,True,2016,Action|Adventure|Indie,Action|Adventure|Co-op|Indie|Isometric|Local Co-Op|Mechs|Multiplayer|Online Co-Op|Robots|Sci-fi|Shooter|Singleplayer|Top-Down|Top-Down Shooter,PASS,PASS,PASS,PASS,PENDING_EXTERNAL_CHECK
1046230,Soccer Player Simulator,Kiddy,Kiddy,0.6696,Low-cost option,0.4861,0.4783,0.756,0.9579,234,0.8162,Very Positive,"20,000 .. 50,000",35000.0,0.99,True,False,False,True,2019,Indie|Simulation|Sports,Arcade|Atmospheric|Comedy|Fast-Paced|Fighting|Funny|Indie|Multiplayer|Physics|Relaxing|Replay Value|Sandbox|Simulation|Singleplayer|Sports,PASS,PASS,PASS,PASS,PENDING_EXTERNAL_CHECK
559680,Vampire: The Masquerade - Redemption,Nihilistic Software,Activision,0.6695,Depth,0.7427,0.3062,0.9746,0.6546,818,0.8778,Very Positive,"50,000 .. 100,000",75000.0,5.99,False,False,False,True,2017,RPG|Violent,Action|Atmospheric|Choices Matter|Classic|Cult Classic|Dark|Dark Fantasy|Great Soundtrack|Horror|Multiplayer|RPG|Singleplayer|Story Rich|Third Person|Vampire,PASS,PASS,PASS,PASS,PENDING_EXTERNAL_CHECK
434250,Masked Shooters 2,FreezeNova,FreezeNova,0.6694,Anchor,0.8346,0.09,0.795,0.9579,1592,0.7073,Mostly Positive,"200,000 .. 500,000",350000.0,0.99,True,False,True,True,2016,Action|Indie,Action|Arena Shooter|FPS|First-Person|Indie|Memes|Military|Multiplayer|PvP|Shooter|Singleplayer|Sniper,PASS,PASS,PASS,PASS,PENDING_EXTERNAL_CHECK
1213370,Mr. Fast,ZHANG FAN,SHEN JIAWEI,0.6694,Low-cost option,0.4161,0.7921,0.5114,0.9579,176,0.858,Very Positive,"0 .. 20,000",10000.0,0.99,True,False,False,True,2020,Action|Indie,Action|Assassin|Blood|Bullet Hell|Bullet Time|Crime|Dark|Dark Fantasy|Early Access|Gore|Indie|Minimalist|Noir|Point & Click|Shooter,PASS,PASS,PASS,PASS,PENDING_EXTERNAL_CHECK
1721170,What Lies in the Multiverse,"Studio Voyager, IguanaBee","Untold Tales, Doyoyo Games",0.6693,Low-cost option,0.6829,0.4783,0.6692,0.8471,579,0.9275,Very Positive,"20,000 .. 50,000",35000.0,2.99,True,False,False,True,2022,Adventure|Casual|Indie,2D Platformer|Adventure|Colorful|Comedy|Dark Comedy|Dark Humor|Exploration|Funny|Mature|Narrative|Pixel Graphics|Psychedelic|Puzzle|Puzzle Platformer|Satire,PASS,PASS,PASS,PASS,PENDING_EXTERNAL_CHECK
748360,MY HERO ONE'S JUSTICE,Byking Inc.,BANDAI NAMCO Entertainment,0.6693,Anchor,0.8658,0.1884,0.8981,0.7249,2094,0.7517,Mostly Positive,"100,000 .. 200,000",150000.0,4.99,False,False,True,True,2018,Action,3D Fighter|Action|Anime|Character Customization|Fighting|Heist|Local Multiplayer|Multiplayer|Singleplayer|Superhero,PASS,PASS,PASS,PASS,PENDING_EXTERNAL_CHECK
1098280,Mago,Dream Potion Games,Dream Potion Games,0.669,Depth,0.7376,0.4783,0.8055,0.6546,795,0.9308,Very Positive,"20,000 .. 50,000",35000.0,5.99,True,False,False,True,2022,Adventure|Indie,2D|Action|Adventure|Atmospheric|Bullet Hell|Cartoon|Cartoony|Co-op|Colorful|Difficult|Funny|Great Soundtrack|Indie|Multiplayer|Pixel Graphics,PASS,PASS,PASS,PASS,PENDING_EXTERNAL_CHECK
1684410,Seal World,SealDev,SealDev,0.6689,Low-cost option,0.7099,0.7921,0.4489,0.7249,675,0.9956,Overwhelmingly Positive,"0 .. 20,000",10000.0,4.99,False,False,False,True,2023,Casual,3D|3D Platformer|Casual|Character Customization|Collectathon|Colorful|Comedy|Conversation|Cute|Exploration|Family Friendly|Funny|Platformer|Relaxing|Singleplayer,PASS,PASS,PASS,PASS,PENDING_EXTERNAL_CHECK
1868070,Whispers in the West - Co-op Murder Mystery,Infinite Whys,"Infinite Whys, Wings",0.6689,Low-cost option,0.2034,0.7921,0.9552,0.7249,87,0.7241,Mostly Positive,"0 .. 20,000",10000.0,4.99,True,True,True,True,2023,Adventure|Indie|RPG,2D|Adventure|Co-op|Crime|Detective|Escape Room|Indie|Investigation|Multiplayer|Mystery|Online Co-Op|Party|Point & Click|Puzzle|Short,PASS,PASS,PASS,PASS,PENDING_EXTERNAL_CHECK
1016930,The Great Perhaps,Caligari Games,Daedalic Entertainment,0.6687,Low-cost option,0.7249,0.3062,0.6858,0.9579,740,0.7946,Mostly Positive,"50,000 .. 100,000",75000.0,0.99,True,False,False,True,2019,Adventure|Casual|Indie,2D|Adventure|Atmospheric|Cartoony|Casual|Exploration|Family Friendly|Great Soundtrack|Horror|Indie|Mystery|Post-apocalyptic|Puzzle|Sci-fi|Short,PASS,PASS,PASS,PASS,PENDING_EXTERNAL_CHECK
418190,Helen's Mysterious Castle,Satsu,PLAYISM,0.6686,Low-cost option,0.7442,0.3062,0.725,0.8992,825,0.9285,Very Positive,"50,000 .. 100,000",75000.0,1.99,True,False,False,True,2016,Casual|Indie|RPG,2D|Anime|Atmospheric|Casual|Controller|Cute|Experimental|Fantasy|Female Protagonist|Great Soundtrack|Indie|JRPG|Pixel Graphics|RPG|RPGMaker,PASS,PASS,PASS,PASS,PENDING_EXTERNAL_CHECK
963000,Frog Detective 1: The Haunted Island,"Grace Bruxner, Thomas Bowker","worm club, SUPERHOT PRESENTS",0.6686,Anchor,0.9383,0.1884,0.6765,0.871,4695,0.9244,Very Positive,"100,000 .. 200,000",150000.0,2.74,True,False,False,True,2018,Adventure|Casual|Indie,Adventure|Casual|Colorful|Comedy|Cute|Detective|Exploration|Funny|Great Soundtrack|Indie|Interactive Fiction|Investigation|Mystery|Point & Click|Relaxing,PASS,PASS,PASS,PASS,PENDING_EXTERNAL_CHECK
269670,BADLAND: Game of the Year Edition,Frogmind,Frogmind,0.6685,Anchor,0.9014,0.09,0.7835,0.8992,2962,0.8602,Very Positive,"200,000 .. 500,000",350000.0,1.99,True,False,True,True,2015,Action|Adventure|Indie,2D|4 Player Local|Action|Adventure|Atmospheric|Casual|Co-op|Difficult|Indie|Local Co-Op|Local Multiplayer|Multiplayer|Platformer|Puzzle|Puzzle Platformer,PASS,PASS,PASS,PASS,PENDING_EXTERNAL_CHECK
2857730,逗比危机,流比奈梦工厂,流比奈梦工厂,0.6685,Low-cost option,0.3663,0.7921,0.7165,0.7993,147,1.0,Very Positive,"0 .. 20,000",10000.0,3.99,False,False,False,True,2024,Adventure|RPG,2D|Adventure|Anime|CRPG|Comedy|Drama|Fantasy|JRPG|Linear|Memes|Modern|Pixel Graphics|RPG|RPGMaker|Singleplayer,PASS,PASS,PASS,PASS,PENDING_EXTERNAL_CHECK
437570,GoNNER,Art in Heart,Raw Fury,0.6682,Anchor,0.8095,0.3062,0.6317,0.9255,1295,0.8201,Very Positive,"50,000 .. 100,000",75000.0,1.49,True,False,False,True,2016,Indie,2D|Action|Action Roguelike|Atmospheric|Cute|Difficult|Great Soundtrack|Indie|Perma Death|Platformer|Procedural Generation|Roguelike|Roguelite|Shooter|Side Scroller,PASS,PASS,PASS,PASS,PENDING_EXTERNAL_CHECK
1291790,Lakeview Cabin 2,Roope Tamminen,Roope Tamminen,0.6682,Depth,0.6644,0.7921,0.8653,0.3512,524,0.9714,Overwhelmingly Positive,"0 .. 20,000",10000.0,13.99,True,True,True,True,2023,Action|Indie|Strategy,2D|2D Platformer|Action|Action-Adventure|Cinematic|Exploration|Gore|Horror|Local Co-Op|Local Multiplayer|Multiplayer|Mystery|Pixel Graphics|Psychological Horror|Sandbox,PASS,PASS,PASS,PASS,PENDING_EXTERNAL_CHECK
298360,Immortal Defense,Studio Eres,Studio Eres,0.6682,Low-cost option,0.4468,0.7921,0.5106,0.9233,200,0.865,Very Positive,"0 .. 20,000",10000.0,1.59,True,False,False,True,2015,Action|Indie|Strategy,Abstract|Action|Atmospheric|Based On A Novel|Cult Classic|Dark|Difficult|Great Soundtrack|Indie|Level Editor|Psychedelic|Psychological|Sci-fi|Silent Protagonist|Space,PASS,PASS,PASS,PASS,PENDING_EXTERNAL_CHECK
2657310,Godrop,"KATOR Game Studio, ZeroCastle game Studio","KATOR Game Studio , ZeroCastle game Studio, NPC Entertainment",0.6682,Depth,0.5135,0.7921,0.8173,0.5498,262,0.9504,Very Positive,"0 .. 20,000",10000.0,8.99,True,False,False,True,2024,Action|Indie|Strategy,2.5D|Action|Action Roguelike|Cartoon|Cute|Female Protagonist|Flight|Indie|Minimalist|Multiple Endings|Roguelike|Roguelite|Sci-fi|Singleplayer|Space,PASS,PASS,PASS,PASS,PENDING_EXTERNAL_CHECK
1116230,The Story of Henry Bishop,Blazes Games,Blazes Games,0.6679,Depth,0.6581,0.4783,0.8807,0.6546,509,0.8448,Very Positive,"20,000 .. 50,000",35000.0,5.99,True,False,False,True,2019,Action|Adventure|Indie,Action|Adventure|Atmospheric|Classic|Dark|Exploration|FPS|First-Person|Gore|Horror|Indie|Multiplayer|Psychological Horror|Puzzle|Shooter,PASS,PASS,PASS,PASS,PENDING_EXTERNAL_CHECK
2969160,除邪(CHUXIE),LCGaming,LCGaming,0.6678,Depth,0.622,0.7921,0.6396,0.6174,426,0.8028,Very Positive,"0 .. 20,000",10000.0,6.99,False,False,False,True,2024,Action|Adventure,3D|3D Platformer|Action|Action-Adventure|Adventure|Atmospheric|Demons|Exploration|FPS|First-Person|Horror|Mystery|Realistic|Singleplayer|Supernatural,PASS,PASS,PASS,PASS,PENDING_EXTERNAL_CHECK
693960,Just Ride：Apparent Horizon 狂飙：极限视界,Horus Games,"Horus Games, Cheese Games",0.6677,Depth,0.4335,0.7921,0.8676,0.5776,190,0.7316,Mostly Positive,"0 .. 20,000",10000.0,7.99,True,False,False,True,2019,Action|Adventure|Indie|RPG|Racing|Simulation,3D|Action|Action-Adventure|Adventure|Automobile Sim|Combat Racing|Destruction|Drama|Driving|FPS|First-Person|Funny|Heist|Indie|Motorbike,PASS,PASS,PASS,PASS,PENDING_EXTERNAL_CHECK
2524360,With My Past,Imagine Wings Studio,Edigger,0.6676,Depth,0.527,0.7921,0.8014,0.5498,277,0.9711,Very Positive,"0 .. 20,000",10000.0,8.99,True,False,False,True,2024,Indie,2D|2D Platformer|Action|Atmospheric|Cute|Drama|Female Protagonist|Indie|Linear|Philosophical|Pixel Graphics|Platformer|Psychological|Puzzle|Puzzle Platformer,PASS,PASS,PASS,PASS,PENDING_EXTERNAL_CHECK
608800,Guns of Icarus Alliance,Muse Games,Muse Games,0.6675,Anchor,0.8199,0.1884,0.9368,0.7249,1403,0.7648,Mostly Positive,"100,000 .. 200,000",150000.0,4.99,True,True,True,False,2017,Action|Adventure|Indie|Simulation,Action|Adventure|Co-op|Competitive|FPS|Family Friendly|First-Person|Flight|Great Soundtrack|Indie|Multiplayer|Online Co-Op|PvE|Shooter|Simulation,PASS,PASS,PASS,PASS,PENDING_EXTERNAL_CHECK
584800,Civil War: Battle of Petersburg,Cult Software,Cult Software,0.6675,Low-cost option,0.4781,0.4783,0.7178,0.9957,226,0.8097,Very Positive,"20,000 .. 50,000",35000.0,0.49,False,False,True,True,2017,Strategy,2D|America|Board Game|Grand Strategy|Hand-drawn|Hex Grid|Historical|Local Co-Op|Minimalist|Multiplayer|Naval|PvP|Strategy|Tactical|Turn-Based,PASS,PASS,PASS,PASS,PENDING_EXTERNAL_CHECK
1148590,DOOM 64,"id Software, Nightdive Studios",Bethesda Softworks,0.6674,Anchor,0.9631,0.09,0.8915,0.7249,7180,0.9362,Very Positive,"200,000 .. 500,000",350000.0,4.99,False,False,False,True,2020,Action,1990's|Action|Atmospheric|Boomer Shooter|Classic|Cult Classic|Demons|FPS|Fast-Paced|First-Person|Gore|Great Soundtrack|Horror|Old School|Pixel Graphics,PASS,PASS,PASS,PASS,PENDING_EXTERNAL_CHECK
281920,Splatter - Zombiecalypse Now,Dreamworlds,Untold Tales,0.6672,Anchor,0.8761,0.09,0.7744,0.9281,2329,0.8987,Very Positive,"200,000 .. 500,000",350000.0,1.39,True,True,True,True,2014,Action|Adventure|Indie,Action|Adventure|Arcade|Atmospheric|Bullet Time|Comedy|Destruction|Gore|Horror|Indie|Local Multiplayer|Noir|Old School|Post-apocalyptic|Shooter,PASS,PASS,PASS,PASS,PENDING_EXTERNAL_CHECK
626610,TT Isle of Man: Ride on the Edge,KT Racing,Nacon,0.667,Anchor,0.8136,0.09,0.9651,0.7993,1341,0.7144,Mostly Positive,"200,000 .. 500,000",350000.0,3.99,False,False,True,True,2018,Action|Racing|Simulation|Sports,Action|Atmospheric|Automobile Sim|Bikes|Controller|Driving|Exploration|First-Person|Management|Motorbike|Multiplayer|Physics|Racing|Realistic|Remake,PASS,PASS,PASS,PASS,PENDING_EXTERNAL_CHECK
761620,Beholder 2,Alawar Stargaze (Warm Lamp Games),Alawar,0.6669,Anchor,0.9594,0.0215,0.867,0.8198,6630,0.8765,Very Positive,"500,000 .. 1,000,000",750000.0,3.59,True,False,False,True,2018,Adventure|Indie|Simulation|Strategy,2D|Addictive|Adventure|Atmospheric|Choices Matter|Dark|Dystopian|Indie|Lore-Rich|Multiple Endings|Point & Click|Political|Political Sim|Politics|Psychological Horror,PASS,PASS,PASS,PASS,PENDING_EXTERNAL_CHECK
256290,Child of Light,Ubisoft Montréal,Ubisoft,0.6668,Anchor,0.9856,0.0215,0.881,0.7791,13066,0.9189,Very Positive,"500,000 .. 1,000,000",750000.0,4.49,False,False,True,True,2014,RPG,2D|Action|Adventure|Atmospheric|Beautiful|Casual|Cute|Fantasy|Female Protagonist|Great Soundtrack|Hand-drawn|Indie|Local Co-Op|Platformer|RPG,PASS,PASS,PASS,PASS,PENDING_EXTERNAL_CHECK
1162680,[Chilla's Art] Stigmatized Property | 事故物件,Chilla's Art,Chilla's Art,0.6667,Anchor,0.7944,0.4783,0.5469,0.8471,1170,0.8179,Very Positive,"20,000 .. 50,000",35000.0,2.99,True,False,False,True,2019,Action|Adventure|Casual|Indie|Simulation|Strategy,Action|Adventure|Anime|Casual|Exploration|First-Person|Gore|Horror|Indie|Mystery|Narration|Psychological|Psychological Horror|Puzzle|Realistic,PASS,PASS,PASS,PASS,PENDING_EXTERNAL_CHECK
2802790,Why do you love me?,"Alkinoy, Vioser",Alkinoy,0.6666,Low-cost option,0.3896,0.7921,0.5271,0.9579,159,0.9874,Very Positive,"0 .. 20,000",10000.0,0.99,True,False,False,True,,Casual|Indie,2D|Adventure|Anime|Casual|Cute|Dating Sim|Emotional|Hand-drawn|Indie|Interactive Fiction|Linear|Minimalist|Music|Romance|Short,PASS,PASS,PASS,PASS,PENDING_EXTERNAL_CHECK
3069470,Dollar,,,0.6666,Low-cost option,0.6745,0.7921,0.207,0.993,551,0.8584,Very Positive,"0 .. 20,000",10000.0,0.5096,True,False,False,True,2024,Casual|Indie,2D|Capitalism|Casual|Economy|Idler|Indie|Loot|Memes|Modern|Parody|Point & Click|Quick-Time Events|Satire|Singleplayer,PASS,PASS,PASS,PASS,PENDING_EXTERNAL_CHECK
1074190,Dragon Spirits,FHNBHJ,"indienova, FHNBHJ",0.6666,Depth,0.527,0.7921,0.8722,0.4752,277,0.87,Very Positive,"0 .. 20,000",10000.0,9.99,True,False,False,True,2023,Adventure|Indie|RPG|Strategy,2D|Adventure|Anime|Collectathon|Comedy|Creature Collector|Dragons|Dungeon Crawler|Funny|Indie|JRPG|Management|Pixel Graphics|RPG|RPGMaker,PASS,PASS,PASS,PASS,PENDING_EXTERNAL_CHECK
1412850,Spacelines from the Far Out,Coffeenauts,Skystone Games,0.6666,Depth,0.6123,0.7921,0.9636,0.2985,409,0.802,Very Positive,"0 .. 20,000",10000.0,14.99,True,True,True,True,2022,Action|Adventure|Casual|Indie|Simulation|Strategy,Aliens|Casual|Co-op|Colorful|Comedy|Controller|Cooking|Cute|Family Friendly|Flight|Funny|Indie|Local Co-Op|Management|Multiplayer,PASS,PASS,PASS,PASS,PENDING_EXTERNAL_CHECK
591750,Solo,Team Gotham,Team Gotham,0.6666,Depth,0.2943,0.7921,0.9074,0.6725,115,0.7217,Mostly Positive,"0 .. 20,000",10000.0,5.24,True,False,False,True,2018,Adventure|Indie,Adventure|Atmospheric|Casual|Choices Matter|Colorful|Controller|Cute|Emotional|Exploration|Female Protagonist|Great Soundtrack|Immersive Sim|Indie|LGBTQ+|Multiplayer,PASS,PASS,PASS,PASS,PENDING_EXTERNAL_CHECK
2898650,Fish Hero,MODE24,MODE24,0.6665,Low-cost option,0.1078,0.7921,0.919,0.8471,66,0.803,Very Positive,"0 .. 20,000",10000.0,2.99,False,True,True,True,2024,Adventure,3D|3D Platformer|Action|Adventure|Co-op|Comedy|Difficult|Emotional|Funny|Intentionally Awkward Controls|Multiplayer|Online Co-Op|Physics|Platformer|Precision Platformer,PASS,PASS,PASS,PASS,PENDING_EXTERNAL_CHECK
760550,KAKUSANKIBOU / 扩散希望,あみそ組,"Pujia8 Studio, Gamera Game",0.6665,Low-cost option,0.3768,0.7921,0.65,0.8471,152,0.8092,Very Positive,"0 .. 20,000",10000.0,2.99,True,False,False,True,2018,Adventure|Indie|RPG,Adventure|Anime|Choices Matter|Dark|Detective|Exploration|Gore|Horror|Indie|Multiple Endings|Mystery|Psychological|Psychological Horror|Puzzle|RPG,PASS,PASS,PASS,PASS,PENDING_EXTERNAL_CHECK
2808570,KunKun dream Startles the Soul,LDGHH,"LDGHH, AIKUN",0.6664,Low-cost option,0.5387,0.3062,0.9738,0.8471,291,0.7973,Mostly Positive,"50,000 .. 100,000",75000.0,2.99,True,True,True,True,2024,Action|Adventure|Casual|Indie|Massively Multiplayer|RPG|Simulation|Sports|Strategy,3D Platformer|4 Player Local|Action|Adventure|Casual|Co-op|Dating Sim|Exploration|First-Person|Funny|Horror|Massively Multiplayer|Multiplayer|Multiple Endings|Online Co-Op,PASS,PASS,PASS,PASS,PENDING_EXTERNAL_CHECK
2517870,Experimentation,Faithy Games,Faithy Games,0.6664,Low-cost option,0.2106,0.7921,0.8159,0.8471,89,0.7416,Mostly Positive,"0 .. 20,000",10000.0,2.99,False,False,False,True,2023,Adventure|Casual|Simulation,2D|Adventure|Anime|Atmospheric|Bikes|Dark|Dark Fantasy|Detective|Drama|Horror|Interactive Fiction|Linear|Magic|Mystery|Psychological Horror,PASS,PASS,PASS,PASS,PENDING_EXTERNAL_CHECK
1095260,Airtight City 密闭之城1.0,豆丁儿独立游戏工作室,Little Bean Games,0.6663,Low-cost option,0.6051,0.4783,0.6828,0.8992,396,0.9697,Very Positive,"20,000 .. 50,000",35000.0,1.99,True,False,False,True,2021,Action|Adventure|Early Access|Indie|RPG,Action|Action RPG|Adventure|Atmospheric|Combat|Early Access|Female Protagonist|Gore|Horror|Indie|Psychological Horror|Puzzle|RPG|Shooter|Singleplayer,PASS,PASS,PASS,PASS,PENDING_EXTERNAL_CHECK
474220,Soldat 2,Transhuman Design,Transhuman Design,0.6663,Depth,0.6106,0.7921,0.6849,0.5776,406,0.8744,Very Positive,"0 .. 20,000",10000.0,7.99,True,False,True,True,2020,Action|Early Access|Indie,2.5D|2D Platformer|Action|Battle Royale|Bullet Time|Character Customization|Competitive|Early Access|Indie|Level Editor|Military|Moddable|Multiplayer|Procedural Generation|PvP,PASS,PASS,PASS,PASS,PENDING_EXTERNAL_CHECK
2068980,Escape from Grustovia,Sebasa Games,Sebasa Games,0.6662,Low-cost option,0.4804,0.7921,0.3966,0.9957,228,0.8465,Very Positive,"0 .. 20,000",10000.0,0.49,True,False,False,True,2023,Action|Adventure|Indie|Simulation,3D|Action|Action-Adventure|Adventure|Comedy|Dark Humor|Funny|Indie|Life Sim|Memes|Multiple Endings|Nonlinear|Political Sim|Realistic|Satire,PASS,PASS,PASS,PASS,PENDING_EXTERNAL_CHECK
1612140,Мухосранск | Russian City Sim,Guilty Pleasure Games,Guilty Pleasure Games,0.6662,Low-cost option,0.4781,0.7921,0.4367,0.9579,226,0.7389,Mostly Positive,"0 .. 20,000",10000.0,0.99,True,False,False,True,2021,Action|Adventure|Casual|Indie|RPG|Simulation,Action|Adventure|Atmospheric|Casual|Choose Your Own Adventure|Colorful|Exploration|Funny|Indie|Memes|Nature|Open World|Post-apocalyptic|RPG|Realistic,PASS,PASS,PASS,PASS,PENDING_EXTERNAL_CHECK
1403830,Paper Beast - Folded Edition,Pixel Reef,"Pixel Reef, PID Games",0.6662,Low-cost option,0.3965,0.7921,0.6041,0.872,163,0.8344,Very Positive,"0 .. 20,000",10000.0,2.54,True,False,False,True,2020,Adventure|Casual|Indie|Simulation,Adventure|Atmospheric|Casual|Choose Your Own Adventure|Colorful|Exploration|God Game|Indie|Logic|Mystery|Nature|Physics|Puzzle Platformer|Sandbox|Simulation,PASS,PASS,PASS,PASS,PENDING_EXTERNAL_CHECK
398710,Timberman,Digital Melody,Forever Entertainment S. A.,0.6659,Anchor,0.9815,0.0215,0.6675,0.9932,11329,0.9324,Very Positive,"500,000 .. 1,000,000",750000.0,0.5,True,False,True,True,2015,Action|Casual|Indie,2D|4 Player Local|Action|Arcade|Casual|Clicker|Difficult|Fast-Paced|Funny|Indie|Local Multiplayer|Multiplayer|Pixel Graphics|Score Attack|Singleplayer,PASS,PASS,PASS,PASS,PENDING_EXTERNAL_CHECK
1167170,Guilty Parade,Nozori Games,Nozori Games,0.6659,Depth,0.5103,0.7921,0.7437,0.6174,258,0.9457,Very Positive,"0 .. 20,000",10000.0,6.99,False,False,False,True,2021,Adventure,Action|Adventure|Anime|Atmospheric|Choices Matter|Comedy|Detective|Hand-drawn|Indie|Multiple Endings|Mystery|Point & Click|Singleplayer|Story Rich|Stylized,PASS,PASS,PASS,PASS,PENDING_EXTERNAL_CHECK
1118840,My name is You and it's the only unusual thing in my life,Nikita Kaf,Missing Calm,0.6658,Low-cost option,0.7448,0.4783,0.4538,0.9863,829,0.8203,Very Positive,"20,000 .. 50,000",35000.0,0.79,True,False,False,True,,Indie,Atmospheric|Choices Matter|Horror|Indie|Interactive Fiction|Psychological|Visual Novel,PASS,PASS,PASS,PASS,PENDING_EXTERNAL_CHECK
2234600,See You Later,"琉璃花糖制作组, Garakowa Marshmallow","琉璃花糖制作组, Garakowa Marshmallow",0.6658,Low-cost option,0.3225,0.7921,0.6494,0.8992,126,0.9206,Very Positive,"0 .. 20,000",10000.0,1.99,True,False,False,True,2023,Casual|Indie|RPG,2D Platformer|Anime|Cartoon|Cartoony|Casual|Cinematic|Dating Sim|Emotional|Female Protagonist|Funny|Interactive Fiction|LGBTQ+|RPG|Relaxing|Romance,PASS,PASS,PASS,PASS,PENDING_EXTERNAL_CHECK
1522140,Demon Skin,Ludus future,ESDigital Games,0.6658,Low-cost option,0.3225,0.7921,0.6493,0.8992,126,0.7619,Mostly Positive,"0 .. 20,000",10000.0,1.99,True,False,False,True,2021,Action|Adventure|Indie|RPG,2.5D|3D|3D Fighter|3D Platformer|Action|Action-Adventure|Adventure|Atmospheric|Beat 'em up|Combat|Controller|Dark|Dark Fantasy|Hack and Slash|Linear,PASS,PASS,PASS,PASS,PENDING_EXTERNAL_CHECK
1100260,Circle Empires Rivals,Luminous,Iceberg Interactive,0.6658,Anchor,0.8439,0.7921,0.7821,0.2449,1731,0.8972,Very Positive,"0 .. 20,000",10000.0,15.99,True,True,True,True,2020,Casual|Indie|Strategy,Action|Base Building|Casual|Colorful|Competitive|Cute|Dragons|Economy|Fantasy|Fast-Paced|Multiplayer|Online Co-Op|PvE|PvP|RTS,PASS,PASS,PASS,PASS,PENDING_EXTERNAL_CHECK
226740,Monster Loves You!,"Radial Games Corp, Dejobaan Games, LLC",Radial Games Corp,0.6657,Anchor,0.7966,0.4783,0.9126,0.4752,1188,0.7828,Mostly Positive,"20,000 .. 50,000",35000.0,9.99,True,False,False,True,2013,Adventure|Casual|Indie|RPG|Simulation,Adventure|Casual|Choices Matter|Choose Your Own Adventure|Comedy|Cute|Family Friendly|Funny|Indie|Life Sim|Multiple Endings|Point & Click|RPG|Short|Simulation,PASS,PASS,PASS,PASS,PENDING_EXTERNAL_CHECK
1067540,Röki,Polygon Treehouse,"United Label, CI Games",0.6655,Anchor,0.8909,0.7921,0.8169,0.1624,2664,0.9043,Very Positive,"0 .. 20,000",10000.0,19.99,True,False,False,True,2020,Adventure|Indie,Adventure|Atmospheric|Beautiful|Casual|Colorful|Emotional|Exploration|Fantasy|Female Protagonist|Great Soundtrack|Indie|Mythology|Narration|Nature|Pixel Graphics,PASS,PASS,PASS,PASS,PENDING_EXTERNAL_CHECK
1484730,Papa's Quiz,Old Apes,Old Apes,0.6655,Depth,0.303,0.7921,0.8942,0.6729,118,0.9407,Very Positive,"0 .. 20,000",10000.0,5.19,True,True,True,True,2020,Casual|Indie,Cartoony|Casual|Character Customization|Co-op|Colorful|Comedy|Controller|Education|Family Friendly|Funny|Local Co-Op|Local Multiplayer|Multiplayer|Party|Party Game,PASS,PASS,PASS,PASS,PENDING_EXTERNAL_CHECK
2913040,Back,MYSTERY CROWN,MYSTERY CROWN,0.6655,Depth,0.5359,0.7921,0.7165,0.6174,288,0.809,Very Positive,"0 .. 20,000",10000.0,6.99,True,False,False,True,2024,Adventure|Indie|RPG|Simulation,Adventure|Cinematic|Dating Sim|Drama|Exploration|FMV|First-Person|Gore|Horror|Immersive Sim|Indie|Mystery|Psychological Horror|Puzzle|RPG,PASS,PASS,PASS,PASS,PENDING_EXTERNAL_CHECK
1787120,Sparkling Memories,柿树文化,"柿树文化, WindField Games, 龍之咲",0.6654,Depth,0.4085,0.7921,0.8835,0.5776,171,0.8421,Very Positive,"0 .. 20,000",10000.0,7.99,True,False,False,True,2022,Casual|Indie|RPG|Simulation,Anime|Atmospheric|CRPG|Casual|Dark Humor|Drama|Emotional|Indie|Interactive Fiction|Modern|Multiple Endings|Otome|Philosophical|RPG|Relaxing,PASS,PASS,PASS,PASS,PENDING_EXTERNAL_CHECK
41060,Serious Sam Classic: The Second Encounter,Croteam,Devolver Digital,0.6651,Anchor,0.8464,0.1884,0.9708,0.6546,1764,0.9615,Overwhelmingly Positive,"100,000 .. 200,000",150000.0,5.99,True,True,True,True,2019,Action|Indie,Action|Adventure|Classic|Co-op|Comedy|Difficult|FPS|First-Person|Funny|Gore|Great Soundtrack|Indie|Local Co-Op|Multiplayer|Old School,PASS,PASS,PASS,PASS,PENDING_EXTERNAL_CHECK
1187510,Rock Simulator,vinoo,vinoo,0.6649,Anchor,0.83,0.4783,0.4523,0.8992,1538,0.948,Very Positive,"20,000 .. 50,000",35000.0,1.99,True,True,True,True,2019,Casual|Indie|Simulation,3D|Casual|Cinematic|Colorful|Comedy|Cute|God Game|Immersive Sim|Indie|Life Sim|Memes|Minimalist|Multiplayer|Psychological Horror|Puzzle,PASS,PASS,PASS,PASS,PENDING_EXTERNAL_CHECK
2797180,咫尺遥心-Proof of existence,"置雨制作组, 龍之咲",LoveStoryProject,0.6648,Low-cost option,0.2581,0.7921,0.7618,0.8471,103,0.9515,Very Positive,"0 .. 20,000",10000.0,2.99,True,False,False,True,2024,Indie,2D|2D Platformer|Adventure|Anime|Atmospheric|Casual|Choices Matter|Conversation|Drama|Emotional|Female Protagonist|Indie|LGBTQ+|Otome|Simulation,PASS,PASS,PASS,PASS,PENDING_EXTERNAL_CHECK
1961160,Cats Love Boxes,Devcats,Devcats,0.6647,Low-cost option,0.444,0.7921,0.6236,0.7993,198,0.9646,Very Positive,"0 .. 20,000",10000.0,3.99,True,True,True,True,2024,Casual|Indie,Adventure|Cartoony|Casual|Cats|Character Customization|Co-op|Co-op Campaign|Cozy|Cute|Family Friendly|Grid-Based Movement|Hand-drawn|Local Co-Op|Local Multiplayer|Logic,PASS,PASS,PASS,PASS,PENDING_EXTERNAL_CHECK
2263920,Multiplayer Platform Golf,Robot Assembly,Robot Assembly,0.6646,Low-cost option,0.4781,0.7921,0.6633,0.7249,226,0.9248,Very Positive,"0 .. 20,000",10000.0,4.99,False,False,True,True,2024,Casual|Sports,3D Platformer|Arcade|Casual|Character Customization|Colorful|Controller|Difficult|Funny|Golf|Indie|Level Editor|Multiplayer|Online Co-Op|Parkour|Physics,PASS,PASS,PASS,PASS,PENDING_EXTERNAL_CHECK
1285360,Alien Hominid HD,The Behemoth,The Behemoth,0.6646,Depth,0.6247,0.7921,0.8524,0.3892,433,0.9538,Very Positive,"0 .. 20,000",10000.0,11.99,True,True,True,True,2023,Action|Indie,2D|Action|Aliens|Arcade|Co-op|Cult Classic|Difficult|Funny|Great Soundtrack|Hand-drawn|Indie|Local Co-Op|Local Multiplayer|Multiplayer|Old School,PASS,PASS,PASS,PASS,PENDING_EXTERNAL_CHECK
2136380,HVS: Hitler VS Stalin - Battle Of Moscow,Bogdan Rosca,"Bogdan Rosca, TNTGames",0.6646,Low-cost option,0.349,0.7921,0.618,0.8992,138,0.8913,Very Positive,"0 .. 20,000",10000.0,1.99,False,False,False,True,2022,Action|Adventure,Action|Adventure|Alternate History|Historical|Linear|Memes|Satire|Singleplayer|Story Rich|Third-Person Shooter,PASS,PASS,PASS,PASS,PENDING_EXTERNAL_CHECK
486510,TOKYO WARFARE,Pablo Vidaurre Sanz,Pablo Vidaurre Sanz,0.6644,Low-cost option,0.5625,0.4783,0.8919,0.7249,325,0.8215,Very Positive,"20,000 .. 50,000",35000.0,4.99,False,True,True,True,2016,Action,Action|Anime|Arcade|Co-op|Combat|Combat Racing|Female Protagonist|Funny|Military|Multiplayer|Online Co-Op|PvP|Shooter|Singleplayer|Tanks,PASS,PASS,PASS,PASS,PENDING_EXTERNAL_CHECK
976900,Lumberhill,"2BIGo, ARP Games",Untold Tales,0.6644,Low-cost option,0.4229,0.4783,0.9092,0.8471,181,0.7956,Mostly Positive,"20,000 .. 50,000",35000.0,2.99,True,True,True,True,2021,Action|Adventure|Casual|Indie|Simulation,4 Player Local|Cartoony|Casual|Co-op|Co-op Campaign|Colorful|Controller|Cute|Family Friendly|Fast-Paced|Funny|Indie|Local Co-Op|Local Multiplayer|Multiplayer,PASS,PASS,PASS,PASS,PENDING_EXTERNAL_CHECK
1094420,Rainy Season,Inasa Fujio,Inasa Fujio,0.6643,Low-cost option,0.6585,0.4783,0.7211,0.7993,510,0.9569,Overwhelmingly Positive,"20,000 .. 50,000",35000.0,3.99,True,False,False,True,2020,Casual|Indie,Anime|Atmospheric|Casual|Exploration|First-Person|Indie|Interactive Fiction|Movie|Mystery|Narration|Relaxing|Short|Singleplayer|Story Rich|Visual Novel,PASS,PASS,PASS,PASS,PENDING_EXTERNAL_CHECK
382140,SKYHILL,Mandragora,Daedalic Entertainment,0.6643,Anchor,0.9411,0.09,0.6681,0.9579,4919,0.7762,Mostly Positive,"200,000 .. 500,000",350000.0,0.99,True,False,False,True,2015,Adventure|Indie|Simulation,2D|Action|Action Roguelike|Adventure|Atmospheric|Crafting|Difficult|Horror|Indie|Point & Click|Post-apocalyptic|RPG|Replay Value|Roguelike|Side Scroller,PASS,PASS,PASS,PASS,PENDING_EXTERNAL_CHECK
1570330,West Hunt,NewGen,"Wandering Wizard, Snail Games USA",0.6641,Anchor,0.857,0.1884,0.8861,0.7249,1935,0.8496,Very Positive,"100,000 .. 200,000",150000.0,4.99,True,True,True,True,2023,Casual|Indie,3D|Action RPG|Assassin|Casual|Co-op|Competitive|Detective|Funny|Hidden Object|Indie|Multiplayer|Online Co-Op|Party Game|PvP|Social Deduction,PASS,PASS,PASS,PASS,PENDING_EXTERNAL_CHECK
1141760,Westale: Peelgrimage,两把刷子工作室,2P Games,0.664,Low-cost option,0.626,0.4783,0.8269,0.7249,436,0.7041,Mostly Positive,"20,000 .. 50,000",35000.0,4.99,True,False,False,True,2023,Action|Adventure|Indie,Action|Action Roguelike|Action-Adventure|Bullet Hell|Casual|Combat|Funny|Hack and Slash|Hand-drawn|Indie|Mythology|RPG|Roguelike|Roguelite|Shoot 'Em Up,PASS,PASS,PASS,PASS,PENDING_EXTERNAL_CHECK
2720950,Grunn,"Sokpop Collective, Tom van den Boogaart",Sokpop Collective,0.664,Depth,0.6086,0.7921,0.8893,0.3662,403,0.9876,Very Positive,"0 .. 20,000",10000.0,12.99,True,False,False,True,2024,Adventure|Indie|Simulation,3D|Action-Adventure|Adventure|Atmospheric|Casual|Choices Matter|Cinematic|Dark|Exploration|Farming Sim|First-Person|Horror|Indie|Investigation|Multiple Endings,PASS,PASS,PASS,PASS,PENDING_EXTERNAL_CHECK
1340640,HORROR TALES: The Wine,Carlos Coronado,Carlos Coronado,0.664,Depth,0.6276,0.7921,0.847,0.3892,439,0.7995,Mostly Positive,"0 .. 20,000",10000.0,11.99,True,False,False,True,2021,Action|Adventure|Indie,Action-Adventure|Adventure|Atmospheric|Blood|Dark|Dark Fantasy|Exploration|First-Person|Horror|Immersive|Indie|Lore-Rich|Mystery|Psychological Horror|Realistic,PASS,PASS,PASS,PASS,PENDING_EXTERNAL_CHECK
1569650,Palladise Island,TOTATO,RMking,0.6639,Low-cost option,0.343,0.7921,0.5628,0.9579,135,0.8889,Very Positive,"0 .. 20,000",10000.0,0.99,False,False,False,True,2021,Casual,2D|Anime|Base Building|Cartoony|Casual|City Builder|Clicker|Creature Collector|Cyberpunk|Fantasy|Farming Sim|Futuristic|Hand-drawn|Idler|Life Sim,PASS,PASS,PASS,PASS,PENDING_EXTERNAL_CHECK
1092980,Mountain Taxi Driver,A Nostru,My Way Games,0.6639,Low-cost option,0.538,0.4783,0.6479,0.9914,290,0.7552,Mostly Positive,"20,000 .. 50,000",35000.0,0.59,True,False,False,True,2019,Action|Adventure|Casual|Indie|Racing|Simulation|Sports,Adventure|Atmospheric|Automobile Sim|Casual|Comedy|Cute|Driving|Exploration|Family Friendly|Funny|Indie|Management|Old School|Racing|Realistic,PASS,PASS,PASS,PASS,PENDING_EXTERNAL_CHECK
1684720,Hitler Hates Anime,PaulArt,PaulArt,0.6638,Low-cost option,0.6871,0.7921,0.2768,0.8992,594,0.9226,Very Positive,"0 .. 20,000",10000.0,1.99,True,False,False,True,2021,Action|Indie|Simulation,3D|Action|Anime|Arena Shooter|Battle Royale|Cute|Dark Humor|God Game|Hack and Slash|JRPG|Philosophical|Psychedelic|Relaxing|Roguelite|Sandbox,PASS,PASS,PASS,PASS,PENDING_EXTERNAL_CHECK
1947660,LiMiT's Escape Room Games,Marco Hirschfeld,Marco Hirschfeld,0.6636,Low-cost option,0.2776,0.7921,0.7853,0.7993,109,0.7156,Mostly Positive,"0 .. 20,000",10000.0,3.99,True,True,True,True,2022,Adventure|Casual|Indie|Strategy,3D|Adventure|Casual|Co-op|Escape Room|Exploration|First-Person|Indie|Investigation|Multiplayer|Mystery Dungeon|Online Co-Op|Puzzle|Romance|Singleplayer,PASS,PASS,PASS,PASS,PENDING_EXTERNAL_CHECK
1427800,Mutant Ops,Jacob Navarro,Warhog Games,0.6636,Low-cost option,0.6794,0.4783,0.7716,0.7249,567,0.7813,Mostly Positive,"20,000 .. 50,000",35000.0,4.99,True,True,True,True,2020,Action|Indie,3D|Action|Cartoony|Casual|Co-op|Colorful|Combat|FPS|First-Person|Military|Multiplayer|Online Co-Op|PvE|Shoot 'Em Up|Shooter,PASS,PASS,PASS,PASS,PENDING_EXTERNAL_CHECK
3040390,Old Coin Pusher Friends 3,STP WORKS,STP WORKS,0.6636,Low-cost option,0.3002,0.7921,0.7626,0.7993,117,0.9402,Very Positive,"0 .. 20,000",10000.0,3.99,True,True,True,True,2024,Casual|Indie|Simulation,3D|Arcade|Casual|Character Customization|Co-op|Collectathon|Controller|Family Friendly|Idler|Lore-Rich|Medieval|Multiplayer|Ninja|Online Co-Op|Physics,PASS,PASS,PASS,PASS,PENDING_EXTERNAL_CHECK
2099080,Hidden Cats in London,Nukearts Studio,Nukearts Studio,0.6635,Low-cost option,0.6146,0.7921,0.3481,0.8992,413,0.9855,Very Positive,"0 .. 20,000",10000.0,1.99,True,False,False,True,2022,Casual|Indie,2D|Atmospheric|Cartoon|Cartoony|Casual|Cats|Colorful|Controller|Cozy|Cute|Funny|Hand-drawn|Hidden Object|Indie|Nonlinear,PASS,PASS,PASS,PASS,PENDING_EXTERNAL_CHECK
2725090,HER TREES : THE PUZZLE HOUSE,,,0.6635,Low-cost option,0.3947,0.7921,0.5902,0.8769,162,0.9568,Very Positive,"0 .. 20,000",10000.0,2.0696,True,False,False,True,2024,Adventure|Indie,2D|Adventure|Atmospheric|Cats|Cute|Dark|Escape Room|Experimental|First-Person|Hand-drawn|Indie|Noir|Point & Click|Psychological|Puzzle,PASS,PASS,PASS,PASS,PENDING_EXTERNAL_CHECK
481870,Mini Thief,"Stranga, Tommah",GrabTheGames,0.6634,Low-cost option,0.6505,0.3062,0.9721,0.7249,491,0.7088,Mostly Positive,"50,000 .. 100,000",75000.0,4.99,True,True,True,True,2018,Casual|Indie|Strategy,Atmospheric|Casual|Co-op|Comedy|Crime|Difficult|Early Access|Family Friendly|Funny|Indie|Life Sim|Multiplayer|Pixel Graphics|PvP|Replay Value,PASS,PASS,PASS,PASS,PENDING_EXTERNAL_CHECK
507010,Mr.President!,Game Developer X,Game Developer X,0.6633,Anchor,0.939,0.3062,0.933,0.4752,4733,0.8251,Very Positive,"50,000 .. 100,000",75000.0,9.99,True,False,False,True,2016,Action|Adventure|Indie|Simulation,Action|Adventure|Anime|Comedy|Difficult|Funny|Historical|Illuminati|Indie|Memes|Multiplayer|Parkour|Physics|Political|Politics,PASS,PASS,PASS,PASS,PENDING_EXTERNAL_CHECK
2219190,Balance 100,,,0.6633,Low-cost option,0.1334,0.7921,0.9041,0.8234,71,0.9437,Very Positive,"0 .. 20,000",10000.0,3.12,True,True,True,True,2023,Casual|Indie|Simulation,2D|Casual|Cats|Colorful|Cozy|Cute|Free to Play|Funny|Hidden Object|Indie|Life Sim|Linear|Logic|Multiplayer|Pixel Graphics,PASS,PASS,PASS,PASS,PENDING_EXTERNAL_CHECK
1412580,Sword of Destiny,Talha Emre Gülap,RoseWater Studios,0.6632,Low-cost option,0.3749,0.7921,0.5281,0.9579,151,0.8808,Very Positive,"0 .. 20,000",10000.0,0.99,True,False,False,True,2020,Action|Adventure|Casual|Indie,2D|2D Fighter|2D Platformer|Action|Action-Adventure|Adventure|Atmospheric|Casual|Difficult|Fighting|Indie|Medieval|Pixel Graphics|Platformer|Precision Platformer,PASS,PASS,PASS,PASS,PENDING_EXTERNAL_CHECK
2585270,KAMLA,Mad-Mantra Games,Mad-Mantra Games,0.663,Depth,0.3643,0.7921,0.918,0.5776,146,0.9247,Very Positive,"0 .. 20,000",10000.0,7.99,False,False,False,True,2024,Action|Adventure,3D|Action|Action-Adventure|Adventure|Ambient|Atmospheric|Blood|Controller|Dark|Demons|First-Person|Horror|Linear|Lore-Rich|Multiplayer,PASS,PASS,PASS,PASS,PENDING_EXTERNAL_CHECK
775530,Puzzlement,"Yunus Ayyildiz, Ozan Çelik",Yunus Ayyildiz,0.6629,Low-cost option,0.4804,0.7921,0.4801,0.8992,228,0.9167,Very Positive,"0 .. 20,000",10000.0,1.99,True,False,False,True,2018,Casual|Indie|Simulation,2D|Casual|Difficult|Indie|Logic|Minimalist|Physics|Platformer|Puzzle|Puzzle Platformer|Relaxing|Short|Simulation|Singleplayer,PASS,PASS,PASS,PASS,PENDING_EXTERNAL_CHECK
658690,Rage in Peace,Rolling Glory Jam,"Toge Productions, Neon Doctrine",0.6629,Depth,0.593,0.7921,0.9003,0.3662,375,0.8747,Very Positive,"0 .. 20,000",10000.0,12.99,True,False,False,True,2018,Action|Adventure|Indie,Action|Adventure|Comedy|Dark Comedy|Dark Fantasy|Dark Humor|Difficult|Emotional|Experimental|Funny|Gore|Great Soundtrack|Indie|Memes|Philosophical,PASS,PASS,PASS,PASS,PENDING_EXTERNAL_CHECK
437550,Melon Simulator™,Delirious & Co.,Delirious & Co.,0.6628,Low-cost option,0.214,0.7921,0.9204,0.7249,90,0.8667,Very Positive,"0 .. 20,000",10000.0,4.99,True,True,True,True,2016,Action|Early Access|Indie|Simulation,Action|Arcade|Beat 'em up|Blood|Co-op|Difficult|Early Access|FPS|Fighting|First-Person|Funny|Gore|Indie|Memes|Multiplayer,PASS,PASS,PASS,PASS,PENDING_EXTERNAL_CHECK
410430,Morphine,Kerim Kumbasar,Kerim Kumbasar,0.6628,Low-cost option,0.7109,0.3062,0.7868,0.8471,679,0.7231,Mostly Positive,"50,000 .. 100,000",75000.0,2.99,True,False,False,True,2015,Adventure|Indie,Action|Adventure|Cinematic|Comedy|Drama|FPS|First-Person|Funny|Horror|Indie|Multiplayer|Psychological|Psychological Horror|Shooter,PASS,PASS,PASS,PASS,PENDING_EXTERNAL_CHECK
1247170,Alien Cat,Repa Games, КиКо,0.6627,Low-cost option,0.6575,0.7921,0.2057,0.9957,507,0.8836,Very Positive,"0 .. 20,000",10000.0,0.49,True,False,False,True,2020,Indie,Adventure|Casual|Cats|Difficult|Family Friendly|Indie|Pixel Graphics|Platformer|Short,PASS,PASS,PASS,PASS,PENDING_EXTERNAL_CHECK
1047220,Frog Detective 2: The Case of the Invisible Wizard,"Grace Bruxner, Thomas Bowker","worm club, SUPERHOT PRESENTS",0.6627,Anchor,0.8503,0.4783,0.5974,0.7249,1829,0.9535,Overwhelmingly Positive,"20,000 .. 50,000",35000.0,4.99,True,False,False,True,2019,Adventure|Casual|Indie,Adventure|Casual|Colorful|Comedy|Cute|Detective|Exploration|Funny|Great Soundtrack|Indie|Interactive Fiction|Investigation|Mystery|Point & Click|Relaxing,PASS,PASS,PASS,PASS,PENDING_EXTERNAL_CHECK
2530430,Terror At Oakheart,Tainted Pact,Assemble Entertainment,0.6625,Depth,0.469,0.7921,0.8113,0.5776,218,0.8945,Very Positive,"0 .. 20,000",10000.0,7.99,True,False,False,False,,Aventura|Ação|Indie|RPG,2D|2D Platformer|Action-Adventure|Adventure|Atmospheric|Dark Humor|Demons|Gore|Horror|Linear|Lovecraftian|Pixel Graphics|Psychological Horror|Puzzle|RPG,PASS,PASS,PASS,PASS,PENDING_EXTERNAL_CHECK
496890,Replica,Somi,"Somi, Zero Rock Entertainment",0.6624,Anchor,0.9122,0.1884,0.7019,0.8471,3416,0.8604,Very Positive,"100,000 .. 200,000",150000.0,2.99,True,False,False,True,2016,Adventure|Indie,Adventure|Atmospheric|Choices Matter|Dystopian|Hacking|Horror|Indie|Multiple Endings|Mystery|Pixel Graphics|Political|Psychological Horror|Puzzle|Short|Singleplayer,PASS,PASS,PASS,PASS,PENDING_EXTERNAL_CHECK
1120370,場外人生,YuruOwO,YuruOwO,0.6623,Low-cost option,0.5598,0.7921,0.4503,0.8471,321,0.9003,Very Positive,"0 .. 20,000",10000.0,2.99,True,False,False,True,2019,Adventure|Casual|Early Access|Indie|RPG|Simulation|Strategy,Adventure|Casual|Choose Your Own Adventure|Dystopian|Early Access|Futuristic|Grand Strategy|Hand-drawn|Immersive Sim|Indie|Life Sim|RPG|Realistic|Roguelite|Sandbox,PASS,PASS,PASS,PASS,PENDING_EXTERNAL_CHECK
1485340,Game Of Mafia,"FastGame, VICTORIA Games",FastGame,0.662,Low-cost option,0.3147,0.7921,0.5832,0.9579,123,0.7317,Mostly Positive,"0 .. 20,000",10000.0,0.99,True,False,False,True,2021,Action|Adventure|Indie,2D Fighter|2D Platformer|Action|Action-Adventure|Adventure|Arcade|Character Action Game|Combat|Conversation|Heist|Idler|Indie|Linear|Old School|Pixel Graphics,PASS,PASS,PASS,PASS,PENDING_EXTERNAL_CHECK
399420,The Prism,"Nikhil. T, Gabriel. H",Volens Nolens Games,0.6618,Low-cost option,0.4894,0.7921,0.6409,0.7249,238,0.7017,Mostly Positive,"0 .. 20,000",10000.0,4.99,True,False,True,True,2015,Adventure|Indie|Strategy,6DOF|Adventure|Atmospheric|Beautiful|Casual|Co-op|Dark|GameMaker|Great Soundtrack|Indie|Logic|Magic|Pixel Graphics|Platformer|Puzzle,PASS,PASS,PASS,PASS,PENDING_EXTERNAL_CHECK
1997900,F*ckable Kim,Devilfish,Devilfish,0.6618,Low-cost option,0.1996,0.7921,0.6977,0.9579,86,0.7791,Mostly Positive,"0 .. 20,000",10000.0,0.99,True,False,False,True,2022,Action|Adventure|Indie|RPG,2D|2D Fighter|Action|Action RPG|Action-Adventure|Adventure|Boxing|CRPG|Cartoony|Combat|Comedy|Dark Humor|Funny|Martial Arts|RPG,PASS,PASS,PASS,PASS,PENDING_EXTERNAL_CHECK
1444300,Teacup,Smarto Club,Whitethorn Games,0.6616,Depth,0.7399,0.7921,0.6394,0.4752,807,0.9616,Overwhelmingly Positive,"0 .. 20,000",10000.0,9.99,True,False,False,True,2021,Adventure|Casual|Indie,2D|Adventure|Atmospheric|Casual|Colorful|Cute|Exploration|Family Friendly|Female Protagonist|Funny|Indie|Narrative|Nonlinear|Relaxing|Short,PASS,PASS,PASS,PASS,PENDING_EXTERNAL_CHECK
2429350,myPOPGOES,Kane Carter,Clickteam,0.6615,Low-cost option,0.6804,0.4783,0.7624,0.7249,570,0.8368,Very Positive,"20,000 .. 50,000",35000.0,4.99,False,False,False,True,2024,Casual,2D|Casual|Cute|Fishing|Hand-drawn|Horror|Lore-Rich|Management|Minigames|Multiple Endings|Parody|Pixel Graphics|Point & Click|Puzzle|Resource Management,PASS,PASS,PASS,PASS,PENDING_EXTERNAL_CHECK
1109820,Pile Up! Box by Box,Seed by Seed,HandyGames,0.6614,Low-cost option,0.1919,0.7921,0.8855,0.7762,84,0.9643,Very Positive,"0 .. 20,000",10000.0,4.94,True,True,True,True,2021,Action|Adventure|Casual|Indie|Simulation,3D|Adventure|Atmospheric|Basketball|Cartoony|Casual|Co-op|Colorful|Controller|Cute|Funny|Local Co-Op|Local Multiplayer|Multiplayer|Physics,PASS,PASS,PASS,PASS,PENDING_EXTERNAL_CHECK
1014280,The Devil's Calculator,Christopher Cinq-Mars Jarvis,Cinq-Mars Media,0.6613,Low-cost option,0.2943,0.7921,0.7119,0.8471,115,0.9652,Very Positive,"0 .. 20,000",10000.0,2.99,True,False,False,True,2019,Casual|Indie|Strategy,Cartoony|Casual|Education|Experimental|Hacking|Hand-drawn|Indie|Logic|Multiplayer|Puzzle|Singleplayer|Strategy|Tutorial,PASS,PASS,PASS,PASS,PENDING_EXTERNAL_CHECK
1801110,BOKURA,ところにょり,Kodansha,0.6613,Anchor,0.9658,0.09,0.9171,0.6721,7585,0.9172,Very Positive,"200,000 .. 500,000",350000.0,5.49,True,True,True,False,2023,Action|Adventure|Casual|Indie,2D|Action|Action-Adventure|Adventure|Atmospheric|Casual|Co-op|Cute|Drama|Early Access|Emotional|Indie|Local Co-Op|Local Multiplayer|Multiplayer,PASS,PASS,PASS,PASS,PENDING_EXTERNAL_CHECK
2094320,Escape First Alchemist ⚗️,OnSkull Games,OnSkull Games,0.6613,Depth,0.6769,0.7921,0.7009,0.4752,559,0.8193,Very Positive,"0 .. 20,000",10000.0,9.99,True,True,True,True,2023,Action|Adventure|Casual|Indie|Simulation|Sports,3D|Action|Adventure|Atmospheric|Casual|Co-op|Crafting|Exploration|Fantasy|First-Person|Linear|Logic|Magic|Medieval|Multiplayer,PASS,PASS,PASS,PASS,PENDING_EXTERNAL_CHECK
1972820,Suicide Guy Deluxe Plus,Chubby Pixel,Chubby Pixel Publishing,0.6612,Depth,0.4103,0.7921,0.8925,0.5498,172,0.8721,Very Positive,"0 .. 20,000",10000.0,8.99,False,False,False,True,2022,Action|Adventure,3D|Action|Action-Adventure|Adventure|Atmospheric|Cartoony|Comedy|Dark Humor|First-Person|Funny|Logic|Memes|Parody|Physics|Puzzle,PASS,PASS,PASS,PASS,PENDING_EXTERNAL_CHECK
2951890,The Cursed Tape,,,0.6611,Low-cost option,0.4268,0.7921,0.6447,0.7811,184,0.8098,Very Positive,"0 .. 20,000",10000.0,4.1496,True,False,False,True,2024,Adventure|Indie|Simulation,3D|Adventure|Atmospheric|Cinematic|Dark|Exploration|First-Person|Horror|Indie|Linear|Mystery|Psychological|Psychological Horror|Realistic|Simulation,PASS,PASS,PASS,PASS,PENDING_EXTERNAL_CHECK
569340,Thing-in-Itself,Party for Introverts,Party for Introverts,0.6611,Low-cost option,0.2915,0.7921,0.6877,0.8733,114,0.7544,Mostly Positive,"0 .. 20,000",10000.0,2.49,True,False,False,True,2017,Adventure|Casual|Indie|Simulation,Adventure|Atmospheric|Casual|Conversation|Drama|Emotional|First-Person|Immersive Sim|Indie|Interactive Fiction|Minimalist|Narrative|Philosophical|Psychological|Short,PASS,PASS,PASS,PASS,PENDING_EXTERNAL_CHECK
1846460,Burnhouse Lane,Harvester Games,Harvester Games,0.6611,Depth,0.7522,0.7921,0.8017,0.2985,865,0.9422,Very Positive,"0 .. 20,000",10000.0,14.99,False,False,False,True,2022,Adventure,2D|Action-Adventure|Adventure|Atmospheric|Cats|Choices Matter|Combat|Controller|Dark|Dark Humor|Drama|Female Protagonist|Horror|Multiple Endings|Psychedelic,PASS,PASS,PASS,PASS,PENDING_EXTERNAL_CHECK
811270,Impulsion,Driving Force Games,Dear Villagers,0.6611,Low-cost option,0.5415,0.3062,0.8753,0.9213,295,0.8746,Very Positive,"50,000 .. 100,000",75000.0,1.94,True,False,False,True,2018,Action|Indie,3D Platformer|Action|Adventure|Competitive|Difficult|FPS|Fast-Paced|First-Person|Funny|Great Soundtrack|Indie|Linear|Parkour|Platformer|Puzzle,PASS,PASS,PASS,PASS,PENDING_EXTERNAL_CHECK
1804170,Mimicry,Euphoria Games,Euphoria Games,0.661,Low-cost option,0.3981,0.7921,0.7288,0.7249,164,0.8232,Very Positive,"0 .. 20,000",10000.0,4.99,True,False,True,False,2022,Action|Indie|Massively Multiplayer,3D|Action|Atmospheric|Blood|Casual|Co-op|Gore|Horror|Indie|Minigames|Multiplayer|Online Co-Op|Psychological Horror|Social Deduction|Space,PASS,PASS,PASS,PASS,PENDING_EXTERNAL_CHECK
1557580,DON'T LOOK AWAY,DMNT Interactive,DMNT Interactive,0.661,Low-cost option,0.5135,0.4783,0.805,0.8471,262,0.7405,Mostly Positive,"20,000 .. 50,000",35000.0,2.99,True,False,True,False,2022,Action|Adventure|Early Access|Indie,Action|Action-Adventure|Adventure|Atmospheric|Dark|Demons|Early Access|First-Person|Horror|Investigation|Jump Scare|Multiplayer|Mystery|Psychological|Psychological Horror,PASS,PASS,PASS,PASS,PENDING_EXTERNAL_CHECK
907760,ARIDA: Backland's Awakening,Aoca Game Lab,Aoca Game Lab,0.6609,Depth,0.6997,0.7921,0.5344,0.6174,639,0.867,Very Positive,"0 .. 20,000",10000.0,6.99,True,False,False,True,2019,Adventure|Indie,3D|Action-Adventure|Adventure|Cartoon|Collectathon|Crafting|Emotional|Exploration|Family Friendly|Female Protagonist|Historical|Indie|Linear|Nature|Short,PASS,PASS,PASS,PASS,PENDING_EXTERNAL_CHECK
1392820,Milk inside a bag of milk inside a bag of milk,Nikita Kryukov,Missing Calm,0.6609,Anchor,0.9977,0.0215,0.6987,0.9255,26566,0.9686,Overwhelmingly Positive,"500,000 .. 1,000,000",750000.0,1.49,True,False,False,True,2020,Adventure|Indie,Abstract|Adventure|Anime|Drama|Emotional|Experimental|Horror|Indie|Interactive Fiction|LGBTQ+|Perma Death|Philosophical|Pixel Graphics|Psychological|Psychological Horror,PASS,PASS,PASS,PASS,PENDING_EXTERNAL_CHECK
13530,Prince of Persia: The Two Thrones™,Ubisoft Montreal,Ubisoft,0.6609,Anchor,0.8635,0.09,0.7907,0.8992,2057,0.7987,Mostly Positive,"200,000 .. 500,000",350000.0,1.99,False,False,False,True,2009,Action|Adventure,3D Platformer|Action|Adventure|Atmospheric|Classic|Fantasy|Great Soundtrack|Hack and Slash|Parkour|Platformer|Singleplayer|Stealth|Story Rich|Third Person|Time Manipulation,PASS,PASS,PASS,PASS,PENDING_EXTERNAL_CHECK
1390700,The Crackpet Show,Vixa Games,"Ravenage Games, Ripples Asia Venture",0.6609,Depth,0.7172,0.7921,0.8973,0.2368,708,0.8912,Very Positive,"0 .. 20,000",10000.0,16.99,True,True,True,True,2022,Action|Adventure|Indie,Action Roguelike|Atmospheric|Bullet Hell|Co-op|Controller|Cute|Dark Humor|Difficult|Dungeon Crawler|Funny|Indie|Local Co-Op|Local Multiplayer|Procedural Generation|Replay Value,PASS,PASS,PASS,PASS,PENDING_EXTERNAL_CHECK
2020030,Tails Noir Preludes,Eggnut,Raw Fury,0.6608,Depth,0.4964,0.7921,0.8049,0.5498,244,0.9303,Very Positive,"0 .. 20,000",10000.0,8.99,True,False,False,True,2023,Adventure|Indie,2D|Adventure|Atmospheric|Casual|Conversation|Dark|Detective|Emotional|Exploration|Female Protagonist|Interactive Fiction|Mystery|Narrative|Pixel Graphics|Relaxing,PASS,PASS,PASS,PASS,PENDING_EXTERNAL_CHECK
1550840,RATUZ,Bad Coffee Games,Bad Coffee Games,0.6607,Depth,0.5298,0.7921,0.6665,0.6546,280,0.8821,Very Positive,"0 .. 20,000",10000.0,5.99,True,False,False,True,2022,Action|Adventure|Indie,2D|2D Platformer|Action|Action-Adventure|Atmospheric|Blood|Dark Humor|Difficult|Horror|Indie|Linear|Lore-Rich|Multiple Endings|Mystery|Pixel Graphics,PASS,PASS,PASS,PASS,PENDING_EXTERNAL_CHECK
1916310,Remnant Records,Noctiluca Studio,Noctiluca Studio,0.6606,Depth,0.6601,0.7921,0.9454,0.2449,513,0.7914,Mostly Positive,"0 .. 20,000",10000.0,15.99,True,True,True,True,2024,Action|Indie,3D|Action|Atmospheric|Co-op|Dark|Demons|Detective|First-Person|Horror|Indie|Investigation|Multiplayer|Mystery|Online Co-Op|Procedural Generation,PASS,PASS,PASS,PASS,PENDING_EXTERNAL_CHECK
313340,Mountain,David OReilly,David OReilly,0.6606,Anchor,0.9912,0.0215,0.6433,0.9863,16227,0.8827,Very Positive,"500,000 .. 1,000,000",750000.0,0.79,True,False,False,True,2014,Casual|Indie|RPG|Simulation,Ambient|Beautiful|Casual|Experimental|Funny|God Game|Great Soundtrack|Idler|Indie|Music|Nature|Philosophical|Procedural Generation|Puzzle|RPG,PASS,PASS,PASS,PASS,PENDING_EXTERNAL_CHECK
1197370,Suite 776,Stanislaw Truchowski,TurnVex,0.6605,Low-cost option,0.7129,0.4783,0.6514,0.7993,687,0.901,Very Positive,"20,000 .. 50,000",35000.0,3.99,True,False,False,True,2019,Action|Adventure|Indie,Action|Adventure|First-Person|Gore|Horror|Indie|Multiplayer|Psychological Horror|Thriller,PASS,PASS,PASS,PASS,PENDING_EXTERNAL_CHECK
837400,Fated Kingdom,GameLiberty,GameLiberty,0.6602,Depth,0.5481,0.7921,0.8256,0.4752,304,0.75,Mostly Positive,"0 .. 20,000",10000.0,9.99,True,True,True,False,2019,Indie|RPG|Simulation|Strategy,3D|Beautiful|Board Game|CRPG|Card Game|Co-op|Dark Fantasy|Dungeon Crawler|Fantasy|Indie|Multiplayer|Physics|RPG|Replay Value|Roguelite,PASS,PASS,PASS,PASS,PENDING_EXTERNAL_CHECK
566490,Keen: One Girl Army,Cat Nigiri,"Phoenixx Inc., 2P Games",0.6601,Low-cost option,0.3768,0.7921,0.7467,0.7249,152,0.9605,Very Positive,"0 .. 20,000",10000.0,4.99,True,False,False,True,2020,Indie|Strategy,2D|Anime|Colorful|Comedy|Cute|Dark|Dungeon Crawler|Female Protagonist|Funny|Grid-Based Movement|Indie|Puzzle|Remake|Robots|Singleplayer,PASS,PASS,PASS,PASS,PENDING_EXTERNAL_CHECK
1243670,Higurashi When They Cry Hou - Ch.8 Matsuribayashi,07th Expansion,MangaGamer,0.6601,Depth,0.6668,0.7921,0.5085,0.6729,529,0.9433,Very Positive,"0 .. 20,000",10000.0,5.19,False,False,False,True,2020,Adventure,2D|Adventure|Anime|Great Soundtrack|Horror|Indie|Mystery|Psychological Horror|Singleplayer|Story Rich|Visual Novel,PASS,PASS,PASS,PASS,PENDING_EXTERNAL_CHECK
1172650,INDUSTRIA,Bleakmill,Headup,0.6598,Anchor,0.8982,0.09,0.9259,0.7249,2861,0.712,Mostly Positive,"200,000 .. 500,000",350000.0,4.99,True,False,False,True,2021,Action|Adventure|Indie,Action|Adventure|Alternate History|Atmospheric|Dystopian|FPS|Female Protagonist|First-Person|Horror|Immersive|Indie|Mystery|Puzzle|Robots|Sci-fi,PASS,PASS,PASS,PASS,PENDING_EXTERNAL_CHECK
1603180,Mining Mechs,Delayed Victory,Delayed Victory,0.6598,Anchor,0.8414,0.1884,0.7622,0.8471,1687,0.9069,Very Positive,"100,000 .. 200,000",150000.0,2.99,True,True,True,True,2023,Adventure|Casual|Indie,Adventure|Casual|Choose Your Own Adventure|Co-op|Colorful|Crafting|Exploration|Family Friendly|Indie|Mechs|Mining|Multiplayer|Online Co-Op|Pixel Graphics|Procedural Generation,PASS,PASS,PASS,PASS,PENDING_EXTERNAL_CHECK
2322440,METAL SLUG ATTACK RELOADED,SNK CORPORATION,SNK CORPORATION,0.6598,Anchor,0.777,0.4783,0.9085,0.4752,1031,0.7333,Mostly Positive,"20,000 .. 50,000",35000.0,9.99,False,False,True,True,2024,RPG|Simulation|Strategy,2D|2D Platformer|Auto Battler|Controller|Deckbuilding|Multiplayer|Nostalgia|Pixel Graphics|Psychological Horror|PvP|RPG|Retro|Simulation|Singleplayer|Strategy,PASS,PASS,PASS,PASS,PENDING_EXTERNAL_CHECK
1171320,Frog Detective 3: Corruption at Cowboy County,"Grace Bruxner, Thomas Bowker","worm club, SUPERHOT PRESENTS",0.6597,Anchor,0.8383,0.4783,0.5974,0.7249,1640,0.989,Overwhelmingly Positive,"20,000 .. 50,000",35000.0,4.99,True,False,False,True,2022,Adventure|Casual|Indie,Adventure|Casual|Colorful|Comedy|Cute|Detective|Exploration|Funny|Indie|Interactive Fiction|Investigation|LGBTQ+|Mystery|Point & Click|Relaxing,PASS,PASS,PASS,PASS,PENDING_EXTERNAL_CHECK
865040,Super Bit Blaster XL,Adamvision Studios,Adamvision Studios,0.6596,Low-cost option,0.7421,0.4783,0.6188,0.7993,815,0.9423,Very Positive,"20,000 .. 50,000",35000.0,3.99,True,True,True,True,2020,Action|Casual|Indie,2D|Action|Addictive|Arcade|Bullet Hell|Casual|Classic|Co-op|Controller|Family Friendly|Fast-Paced|Indie|Local Multiplayer|Multiplayer|Replay Value,PASS,PASS,PASS,PASS,PENDING_EXTERNAL_CHECK
319170,Disney G-Force,Eurocom,Disney,0.6596,Depth,0.7101,0.7921,0.9737,0.1624,676,0.9482,Very Positive,"0 .. 20,000",10000.0,19.99,False,False,False,True,2014,Action|Adventure,Action|Adventure|Atmospheric|Beautiful|Casual|Classic|Cult Classic|Cute|Emotional|Epic|Family Friendly|First-Person|Funny|Lore-Rich|Open World,PASS,PASS,PASS,PASS,PENDING_EXTERNAL_CHECK
39670,Chaser,Cauldron,THQ Nordic,0.6595,Anchor,0.8,0.1884,0.9247,0.7249,1214,0.7084,Mostly Positive,"100,000 .. 200,000",150000.0,4.99,False,False,True,True,2010,Action,Action|Atmospheric|Bullet Time|Classic|Cyberpunk|Difficult|FPS|First-Person|Futuristic|Mars|Multiplayer|Old School|Sci-fi|Shooter|Singleplayer,PASS,PASS,PASS,PASS,PENDING_EXTERNAL_CHECK
2756770,Tavern Manager Simulator 🍻,,,0.6595,Anchor,0.8401,0.7921,0.6509,0.3548,1665,0.8781,Very Positive,"0 .. 20,000",10000.0,13.5096,True,False,False,True,2024,Casual|Indie|Simulation,3D|Atmospheric|Base Building|Building|Casual|Cooking|Crafting|Economy|Exploration|Fantasy|First-Person|Funny|Inventory Management|Job Simulator|Management,PASS,PASS,PASS,PASS,PENDING_EXTERNAL_CHECK
2377970,Cats Hidden Around the World,Travellin Cats,Travellin Cats,0.6593,Low-cost option,0.537,0.7921,0.5087,0.7993,289,0.9689,Very Positive,"0 .. 20,000",10000.0,3.99,True,False,False,True,2024,Casual|Indie,Cartoony|Casual|Cats|Collectathon|Controller|Cozy|Creature Collector|Cute|Exploration|Hand-drawn|Hidden Object|Indie|Minimalist|Point & Click|Puzzle,PASS,PASS,PASS,PASS,PENDING_EXTERNAL_CHECK
473690,Absolver,Sloclap,Devolver Digital,0.6593,Anchor,0.9879,0.0215,0.9731,0.6546,14295,0.7212,Mostly Positive,"500,000 .. 1,000,000",750000.0,5.99,True,True,True,True,2017,Action|Adventure|Indie,Action|Adventure|Atmospheric|Character Customization|Co-op|Difficult|Fighting|Indie|MMORPG|Martial Arts|Massively Multiplayer|Multiplayer|Online Co-Op|Open World|PvE,PASS,PASS,PASS,PASS,PENDING_EXTERNAL_CHECK
2596100,Lycans,Onu Games,Onu Games,0.6592,Low-cost option,0.4375,0.7921,0.6079,0.7993,193,0.943,Very Positive,"0 .. 20,000",10000.0,3.99,True,True,True,False,2023,Action|Indie|Strategy,3D|Action|Assassin|Atmospheric|Conversation|Dark|Fantasy|First-Person|Horror|Hunting|Investigation|Loot|Online Co-Op|PvP|Stealth,PASS,PASS,PASS,PASS,PENDING_EXTERNAL_CHECK
1028590,The WILDS,Gluten Free Games,Gluten Free Games,0.6592,Low-cost option,0.5722,0.7921,0.5476,0.7249,341,0.8358,Very Positive,"0 .. 20,000",10000.0,4.99,False,False,False,True,2022,Action|Adventure|Early Access|RPG,Action-Adventure|America|Cats|Character Customization|Dog|Early Access|Exploration|Fox|Horses|Hunting|Immersive Sim|Life Sim|Nature|Open World|RPG,PASS,PASS,PASS,PASS,PENDING_EXTERNAL_CHECK
1306620,[Chilla's Art] Missing Children | 行方不明,Chilla's Art,Chilla's Art,0.6592,Low-cost option,0.6575,0.4783,0.6538,0.8471,507,0.8521,Very Positive,"20,000 .. 50,000",35000.0,2.99,True,False,False,True,2020,Action|Adventure|Casual|Indie|Simulation|Strategy,Action|Adventure|Atmospheric|Casual|Exploration|First-Person|Horror|Indie|Mystery|Open World|Psychological|Psychological Horror|Puzzle|Short|Simulation,PASS,PASS,PASS,PASS,PENDING_EXTERNAL_CHECK
495890,Montaro,JCKSLAP,02GAMES,0.6591,Anchor,0.9835,0.09,0.6051,0.9579,12156,0.9517,Overwhelmingly Positive,"200,000 .. 500,000",350000.0,0.99,True,False,False,True,2016,Casual|Indie,2D|Action|Anime|Atmospheric|Casual|Comedy|Cute|Dog|Funny|Great Soundtrack|Indie|Memes|Pixel Graphics|Platformer|Retro,PASS,PASS,PASS,PASS,PENDING_EXTERNAL_CHECK
523210,A Normal Lost Phone,Accidental Queens,PID Games,0.6588,Anchor,0.8869,0.3062,0.4575,0.9848,2566,0.8885,Very Positive,"50,000 .. 100,000",75000.0,0.83,True,False,False,True,2017,Casual|Indie,Adventure|Casual|Detective|Great Soundtrack|Indie|Interactive Fiction|LGBTQ+|Mystery|Narration|Psychological|Puzzle|Short|Singleplayer|Story Rich|Visual Novel,PASS,PASS,PASS,PASS,PENDING_EXTERNAL_CHECK
1060180,Cyber Driver,Meng Games,Meng Games,0.6588,Low-cost option,0.3806,0.7921,0.467,0.9957,154,0.8312,Very Positive,"0 .. 20,000",10000.0,0.49,True,False,False,True,2019,Action|Casual|Indie|Racing|Simulation,Action|Arcade|Atmospheric|Automobile Sim|Casual|Controller|Cyberpunk|Difficult|Driving|Fast-Paced|Flight|Indie|Procedural Generation|Racing|Relaxing,PASS,PASS,PASS,PASS,PENDING_EXTERNAL_CHECK
518030,Aim Hero,ProGames Studio,ProGames Studio,0.6587,Anchor,0.9543,0.09,0.8656,0.7249,6030,0.8541,Very Positive,"200,000 .. 500,000",350000.0,4.99,False,False,False,True,2016,Action|Early Access,Action|Casual|Competitive|Difficult|Early Access|FPS|Fast-Paced|First-Person|Multiplayer|Score Attack|Shooter|Simulation|Singleplayer|eSports,PASS,PASS,PASS,PASS,PENDING_EXTERNAL_CHECK
1200,Red Orchestra: Ostfront 41-45,Tripwire Interactive,Tripwire Interactive,0.6587,Anchor,0.8796,0.09,0.9402,0.7249,2396,0.8785,Very Positive,"200,000 .. 500,000",350000.0,4.99,False,False,True,False,2006,Action,Action|Atmospheric|Classic|FPS|First-Person|Historical|Military|Multiplayer|Realistic|Shooter|Simulation|Singleplayer|Strategy|Survival|Tactical,PASS,PASS,PASS,PASS,PENDING_EXTERNAL_CHECK
1568970,Torn Away,perelesoq,"perelesoq, Hawthorn Games",0.6587,Depth,0.6777,0.7921,0.8665,0.2985,562,0.9359,Very Positive,"0 .. 20,000",10000.0,14.99,True,False,False,True,2023,Adventure|Indie,2D Platformer|Adventure|Atmospheric|Cartoon|Cartoony|Cute|Drama|Emotional|Exploration|Family Friendly|Female Protagonist|Hand-drawn|Indie|Point & Click|Puzzle Platformer,PASS,PASS,PASS,PASS,PENDING_EXTERNAL_CHECK
893790,Newfound Courage,Cafe Empty,Cafe Empty,0.6586,Depth,0.5598,0.7921,0.7329,0.5498,321,0.9439,Very Positive,"0 .. 20,000",10000.0,8.99,True,False,False,True,2019,Action|Adventure|Indie|Simulation,2D|Action|Adventure|Controller|Cute|Emotional|Fantasy|Funny|Horror|Indie|Interactive Fiction|LGBTQ+|Lore-Rich|Pixel Graphics|Romance,PASS,PASS,PASS,PASS,PENDING_EXTERNAL_CHECK
895480,Fates of Ort,8BitSkull,8BitSkull,0.6586,Low-cost option,0.3729,0.7921,0.6905,0.7791,150,0.8933,Very Positive,"0 .. 20,000",10000.0,4.49,True,False,False,True,2020,Adventure|Indie|RPG,Adventure|Atmospheric|CRPG|Choices Matter|Exploration|Fantasy|Isometric|Magic|Multiple Endings|Open World|Pixel Graphics|RPG|Replay Value|Retro|Singleplayer,PASS,PASS,PASS,PASS,PENDING_EXTERNAL_CHECK
2530420,Fatermyth,KDream,"Merlion Games, ETime Studio",0.6585,Depth,0.6393,0.7921,0.7273,0.4752,465,0.8409,Very Positive,"0 .. 20,000",10000.0,9.99,True,False,False,True,2024,Adventure|Indie|RPG,2D|Adventure|Atmospheric|Card Battler|Card Game|Choose Your Own Adventure|Deckbuilding|Drama|Fantasy|Female Protagonist|Indie|Lore-Rich|Multiple Endings|RPG|Singleplayer,PASS,PASS,PASS,PASS,PENDING_EXTERNAL_CHECK
2303720,Multiplayer Cowboys,Archor Wright,Archor Games,0.6584,Low-cost option,0.0882,0.7921,0.7632,0.99,62,0.8065,Very Positive,"0 .. 20,000",10000.0,0.69,False,True,True,True,2023,Action,3D|Action|Action-Adventure|Co-op|Conversation|Looter Shooter|Multiplayer|Online Co-Op|Singleplayer|Western,PASS,PASS,PASS,PASS,PENDING_EXTERNAL_CHECK
1819230,UDONGEIN X,Bar Holographic Otaku,"Bar Holographic Otaku, 东游鉴",0.6582,Low-cost option,0.5842,0.7921,0.5318,0.7249,361,0.928,Very Positive,"0 .. 20,000",10000.0,4.99,True,False,False,True,2021,Action|Indie,2D|2D Platformer|Action|Anime|Bullet Hell|Faith|Female Protagonist|Indie|Mythology|Old School|Pixel Graphics|Platformer|Retro|Shoot 'Em Up|Side Scroller,PASS,PASS,PASS,PASS,PENDING_EXTERNAL_CHECK
1228520,[Chilla's Art] The Convenience Store | 夜勤事件,Chilla's Art,Chilla's Art,0.6582,Anchor,0.8931,0.1884,0.704,0.8471,2721,0.8409,Very Positive,"100,000 .. 200,000",150000.0,2.99,True,False,False,True,2020,Action|Adventure|Casual|Indie|Simulation,Action|Adventure|Anime|Atmospheric|Casual|Exploration|First-Person|Horror|Indie|Mystery|Narration|Psychological|Psychological Horror|Realistic|Short,PASS,PASS,PASS,PASS,PENDING_EXTERNAL_CHECK
689900,Darkestville Castle,Epic Llama Games,ESDigital Games,0.658,Low-cost option,0.6823,0.3062,0.7179,0.9255,577,0.9324,Very Positive,"50,000 .. 100,000",75000.0,1.49,True,False,False,True,2017,Adventure|Indie,2D|Adventure|Atmospheric|Cartoony|Classic|Comedy|Conversation|Dark Humor|Demons|Funny|Great Soundtrack|Hand-drawn|Hidden Object|Indie|Point & Click,PASS,PASS,PASS,PASS,PENDING_EXTERNAL_CHECK
1451480,The Greatest Penguin Heist of All Time,"That Fish, That Other Fish","That Fish, That Other Fish",0.658,Anchor,0.8822,0.3062,0.9033,0.5401,2448,0.8987,Very Positive,"50,000 .. 100,000",75000.0,9.74,True,True,True,True,2021,Action|Adventure|Early Access|Indie,Action|Action-Adventure|Cartoony|Casual|Character Customization|Choices Matter|Co-op|Combat|Comedy|Early Access|Funny|Heist|Intentionally Awkward Controls|Multiplayer|Online Co-Op,PASS,PASS,PASS,PASS,PENDING_EXTERNAL_CHECK
568090,Tattletail,Waygetter Electronics,"Little Flag Software, LLC",0.6578,Anchor,0.9263,0.09,0.89,0.7249,4025,0.9436,Very Positive,"200,000 .. 500,000",350000.0,4.99,True,False,False,True,2016,Action|Indie,1990's|Action|Adventure|Atmospheric|Cute|Dark|Difficult|Family Friendly|First-Person|Funny|Great Soundtrack|Horror|Indie|Memes|Robots,PASS,PASS,PASS,PASS,PENDING_EXTERNAL_CHECK
1421490,Rise of the Triad: Ludicrous Edition,"Nightdive Studios, Apogee Software, New Blood Interactive","Apogee Entertainment, New Blood Interactive, Nightdive Studios",0.6577,Depth,0.6839,0.7921,0.9926,0.1624,582,0.9399,Very Positive,"0 .. 20,000",10000.0,19.99,False,False,True,True,,Action,2.5D|Action|Alternate History|Arena Shooter|Boomer Shooter|Collectathon|Comedy|FPS|Female Protagonist|First-Person|Funny|Moddable|Multiplayer|Old School|PvE,PASS,PASS,PASS,PASS,PENDING_EXTERNAL_CHECK
464060,RUINER,Reikon Games,Devolver Digital,0.6577,Anchor,0.9813,0.0215,0.8286,0.7993,11264,0.8976,Very Positive,"500,000 .. 1,000,000",750000.0,3.99,True,False,False,True,2017,Action|Indie,Action|Atmospheric|Cyberpunk|Difficult|Dystopian|Fast-Paced|Gore|Great Soundtrack|Hack and Slash|Indie|Isometric|Open World|Sci-fi|Shooter|Singleplayer,PASS,PASS,PASS,PASS,PENDING_EXTERNAL_CHECK
420740,The Deed,"Pilgrim Adventures, GrabTheGames Studios","GrabTheGames, WhisperGames, TheGamesFortress",0.6577,Anchor,0.902,0.0215,0.7494,0.9579,2984,0.9038,Very Positive,"500,000 .. 1,000,000",750000.0,0.99,False,False,False,True,2015,Adventure|RPG,2D|Adventure|Atmospheric|Casual|Choices Matter|Choose Your Own Adventure|Comedy|Crime|Dark|Detective|Indie|Mystery|Pixel Graphics|Point & Click|RPG,PASS,PASS,PASS,PASS,PENDING_EXTERNAL_CHECK
2798600,Bagel Love Story,橘子班,NVLMaker,0.6575,Low-cost option,0.7615,0.4783,0.591,0.7993,921,0.9783,Overwhelmingly Positive,"20,000 .. 50,000",35000.0,3.99,True,False,False,True,2024,Adventure|Casual|Indie,Adventure|Anime|Casual|Funny|Indie|Singleplayer|Story Rich|Visual Novel,PASS,PASS,PASS,PASS,PENDING_EXTERNAL_CHECK
2907190,April 24th,NOBODY,EMIKA_GAMES,0.6575,Low-cost option,0.6271,0.4783,0.7997,0.7249,438,0.8516,Very Positive,"20,000 .. 50,000",35000.0,4.99,True,False,False,True,2024,Adventure|Indie|Simulation,1990's|3D|3D Platformer|Adventure|Atmospheric|Cinematic|Exploration|First-Person|Horror|Indie|Linear|Mystery|Psychedelic|Psychological Horror|Realistic,PASS,PASS,PASS,PASS,PENDING_EXTERNAL_CHECK
1320950,The Swine,Vincent Lade,Vincent Lade,0.6574,Low-cost option,0.5334,0.7921,0.405,0.8992,285,0.814,Very Positive,"0 .. 20,000",10000.0,1.99,True,False,False,True,2020,Action|Casual|Indie,Action|Casual|Dark|Exploration|FPS|Family Friendly|First-Person|Gothic|Horror|Indie|Mystery|Psychological|Psychological Horror|Puzzle|Story Rich,PASS,PASS,PASS,PASS,PENDING_EXTERNAL_CHECK
2774830,Seven Lovers In The House,Tofu Studio,Concrete Interactive顽石发行,0.6574,Depth,0.7376,0.4783,0.9386,0.4752,795,0.8176,Very Positive,"20,000 .. 50,000",35000.0,9.99,True,False,False,True,2024,Casual|Indie|RPG|Simulation|Strategy,Atmospheric|Casual|Choices Matter|Cinematic|Comedy|Dating Sim|Drama|Emotional|FMV|First-Person|Funny|Immersive Sim|Interactive Fiction|Multiple Endings|RPG,PASS,PASS,PASS,PASS,PENDING_EXTERNAL_CHECK
405720,Perfect Universe - Play with Gravity,Will Sykes Games,Excalibur Publishing,0.6574,Low-cost option,0.3249,0.4783,0.9531,0.8733,127,0.7402,Mostly Positive,"20,000 .. 50,000",35000.0,2.49,True,False,True,True,2016,Action|Indie,4 Player Local|Action|Co-op|Comedy|Competitive|Difficult|Funny|Indie|Local Co-Op|Local Multiplayer|Minimalist|Multiplayer|Physics|Platformer|PvP,PASS,PASS,PASS,PASS,PENDING_EXTERNAL_CHECK
2464090,Purrfectly Hidden Cats - Kittenwood,"Gemcraft Games, Bleeding Moon Studio",Gemcraft Games,0.6573,Low-cost option,0.4253,0.7921,0.4271,0.9848,183,0.9836,Very Positive,"0 .. 20,000",10000.0,0.83,False,False,False,True,2023,Casual,2D|Casual|Cats|Cozy|Cute|Family Friendly|Funny|Hand-drawn|Hidden Object|Narration|Point & Click|Puzzle|Relaxing|Singleplayer|Stylized,PASS,PASS,PASS,PASS,PENDING_EXTERNAL_CHECK
1307690,The Darkest Tales,Trinity Team,101XP,0.6573,Depth,0.7282,0.7921,0.9466,0.1624,755,0.7179,Mostly Positive,"0 .. 20,000",10000.0,19.99,False,False,False,True,2022,Action|Adventure,2D Platformer|Action|Action-Adventure|Adventure|Atmospheric|Character Action Game|Controller|Cute|Dark|Dark Fantasy|Emotional|Hack and Slash|Horror|Magic|Metroidvania,PASS,PASS,PASS,PASS,PENDING_EXTERNAL_CHECK
662210,Metal as Phuk,Crankage Games,Crankage Games,0.6573,Low-cost option,0.4996,0.7921,0.6126,0.7249,247,0.9514,Very Positive,"0 .. 20,000",10000.0,4.99,True,False,False,True,2017,Action|Adventure|Casual|Indie|RPG|Strategy,Action|Adventure|CRPG|Comedy|Dark Comedy|Dark Humor|Dungeon Crawler|Exploration|JRPG|Memes|Open World|Pixel Graphics|RPG|Roguelike|Singleplayer,PASS,PASS,PASS,PASS,PENDING_EXTERNAL_CHECK
2685230,Where Sacabamba Aspises 萨卡班甲鱼在哪里,,,0.6573,Low-cost option,0.2034,0.7921,0.6407,0.993,87,0.954,Very Positive,"0 .. 20,000",10000.0,0.5096,True,False,False,True,2023,Casual|Indie,Anime|Cartoon|Cartoony|Casual|Cats|Clicker|Collectathon|Comic Book|Creature Collector|Cute|Funny|Hand-drawn|Hidden Object|Indie|Memes,PASS,PASS,PASS,PASS,PENDING_EXTERNAL_CHECK
1435670,Song of Farca,Wooden Monkeys,"Alawar, East2West Games",0.6572,Anchor,0.7797,0.3062,0.7654,0.7776,1056,0.8239,Very Positive,"50,000 .. 100,000",75000.0,4.59,True,False,False,True,2021,Adventure|Indie|Simulation,2D|Adventure|Atmospheric|Choices Matter|Cyberpunk|Dark|Detective|Dystopian|Female Protagonist|Futuristic|Hacking|Indie|Multiple Endings|Narration|Point & Click,PASS,PASS,PASS,PASS,PENDING_EXTERNAL_CHECK
1230340,The Sperminator: Rescuing Tzar Vlad,"Tero Lunkka, Sperm Studios",Tero Lunkka,0.6572,Low-cost option,0.0214,0.7921,0.8575,0.9579,52,0.7885,Mostly Positive,"0 .. 20,000",10000.0,0.99,True,False,False,True,2020,Action|Adventure|Indie,3D Fighter|Action|Adventure|Combat|Comedy|Dark Humor|Difficult|Fighting|Funny|Futuristic|Multiplayer|Philosophical|Pixel Graphics|Robots|Roguelike,PASS,PASS,PASS,PASS,PENDING_EXTERNAL_CHECK
2114370,Takoyaki Party Survival,KIMIDORI SOFT,KIMIDORI SOFT,0.6571,Low-cost option,0.4822,0.4783,0.821,0.8471,230,0.9435,Very Positive,"20,000 .. 50,000",35000.0,2.99,True,True,True,True,2022,Casual|Indie|Simulation,3D|Board Game|Casual|Co-op|Collectathon|Cooking|Indie|Management|Modern|Multiplayer|Online Co-Op|Physics|Realistic|Resource Management|Simulation,PASS,PASS,PASS,PASS,PENDING_EXTERNAL_CHECK
2796180,SILENT BREATH,EXODIAC STUDIOS,EXODIAC STUDIOS,0.6571,Depth,0.7264,0.4783,0.9486,0.4752,746,0.7212,Mostly Positive,"20,000 .. 50,000",35000.0,9.99,True,False,False,True,2024,Adventure|Early Access|Indie|Simulation,1990's|Adventure|Artificial Intelligence|Dark|Early Access|Exploration|First-Person|Horror|Indie|Multiplayer|Multiple Endings|Mystery|Open World|Perma Death|Psychological Horror,PASS,PASS,PASS,PASS,PENDING_EXTERNAL_CHECK
2579270,Satellite Odyssey: Prologue,Antifreeze Games,Antifreeze Games,0.657,Low-cost option,0.6473,0.4783,0.6033,0.8992,483,0.9337,Very Positive,"20,000 .. 50,000",35000.0,1.99,True,False,False,True,2024,Adventure|Indie,1980s|3D|Adventure|Atmospheric|Choices Matter|Exploration|Female Protagonist|First-Person|Horror|Multiple Endings|Physics|Psychological Horror|Puzzle|Retro|Sci-fi,PASS,PASS,PASS,PASS,PENDING_EXTERNAL_CHECK
545040,Feather,Samurai Punk,Samurai Punk,0.6569,Depth,0.7252,0.4783,0.9492,0.4752,741,0.8192,Very Positive,"20,000 .. 50,000",35000.0,9.99,True,True,True,True,2019,Adventure|Casual|Indie|Simulation,Adventure|Atmospheric|Casual|Co-op|Experience|Exploration|Flight|Indie|Multiplayer|Music|Nature|Online Co-Op|Open World|Relaxing|Sandbox,PASS,PASS,PASS,PASS,PENDING_EXTERNAL_CHECK
1836120,QUICKERFLAK,Walter Machado,Walter Machado,0.6569,Low-cost option,0.564,0.7921,0.2717,0.9999,327,0.9297,Very Positive,"0 .. 20,000",10000.0,0.27,True,False,False,True,2022,Action|Adventure|Casual|Indie,Action|Bullet Hell|Casual|Combat|Dark|Dystopian|Gothic|Isometric|Lovecraftian|Minimalist|Music-Based Procedural Generation|Old School|Pixel Graphics|Psychedelic|Retro,PASS,PASS,PASS,PASS,PENDING_EXTERNAL_CHECK
567130,Boogeyman 2,Clockwork Wolf,ClockWorkWolf,0.6569,Low-cost option,0.5896,0.4783,0.8346,0.7249,370,0.8189,Very Positive,"20,000 .. 50,000",35000.0,4.99,True,False,False,True,2017,Indie|Strategy,Atmospheric|First-Person|Horror|Indie|Multiplayer|Psychological Horror|Strategy|Survival|Survival Horror|VR,PASS,PASS,PASS,PASS,PENDING_EXTERNAL_CHECK
1920660,YiYi,埋月山枯,埋月山枯,0.6567,Low-cost option,0.4349,0.7921,0.4421,0.9579,191,0.9267,Very Positive,"0 .. 20,000",10000.0,0.99,True,False,False,True,2022,Casual|Indie|RPG,2D|Anime|Atmospheric|Casual|Conversation|Dating Sim|Drama|Emotional|Immersive Sim|Indie|Interactive Fiction|RPG|Romance|Singleplayer|Story Rich,PASS,PASS,PASS,PASS,PENDING_EXTERNAL_CHECK
2572560,Messy Up,Liquid Meow,"Liquid Meow, Athenes game",0.6567,Depth,0.4771,0.7921,0.7799,0.5776,225,0.8489,Very Positive,"0 .. 20,000",10000.0,7.99,True,True,True,True,2024,Action|Casual|Indie|RPG|Simulation,3D|Cartoony|Casual|Co-op|Cute|Family Friendly|Funny|Indie|Local Multiplayer|Online Co-Op|Party|Party Game|Physics|PvP|RPG,PASS,PASS,PASS,PASS,PENDING_EXTERNAL_CHECK
1611490,[Chilla's Art] Night Delivery | 例外配達,Chilla's Art,Chilla's Art,0.6565,Anchor,0.7894,0.4783,0.5114,0.8471,1125,0.8027,Very Positive,"20,000 .. 50,000",35000.0,2.99,True,False,False,True,2021,Adventure|Casual|Indie,Action|Adventure|Atmospheric|Casual|Crime|Dark Fantasy|Exploration|First-Person|Gore|Horror|Indie|Mature|Multiple Endings|Narration|Psychological,PASS,PASS,PASS,PASS,PENDING_EXTERNAL_CHECK
1392600,Kazakh Drive,Mehsoft,Mehsoft,0.6565,Low-cost option,0.4771,0.7921,0.4577,0.8992,225,0.7911,Mostly Positive,"0 .. 20,000",10000.0,1.99,True,False,False,True,2020,Indie|Racing|Simulation,1990's|2.5D|Automobile Sim|Comedy|Driving|First-Person|Hand-drawn|Indie|Memes|Minimalist|Old School|Parody|Racing|Retro|Score Attack,PASS,PASS,PASS,PASS,PENDING_EXTERNAL_CHECK
2319470,A TAVERN FOR TEA,npckc,npckc,0.6563,Low-cost option,0.262,0.7921,0.7241,0.8471,104,0.9615,Very Positive,"0 .. 20,000",10000.0,2.99,True,False,False,True,2023,Adventure|Indie|Simulation,2D|Adventure|Anime|Atmospheric|Cartoony|Choices Matter|Cooking|Cute|Emotional|Fantasy|Indie|Interactive Fiction|LGBTQ+|Multiple Endings|Relaxing,PASS,PASS,PASS,PASS,PENDING_EXTERNAL_CHECK
2330970,Zippy Detective: Cats Hidden,Bugy Games,Bugy Games,0.6562,Low-cost option,0.2034,0.7921,0.6431,0.9863,87,0.8851,Very Positive,"0 .. 20,000",10000.0,0.79,True,False,False,True,2023,Casual|Indie,Atmospheric|Casual|Cats|Colorful|Controller|Creature Collector|Cute|Detective|Family Friendly|First-Person|Funny|Hidden Object|Minimalist|Puzzle|Puzzle Platformer,PASS,PASS,PASS,PASS,PENDING_EXTERNAL_CHECK
331690,Crossing Souls,Fourattic,Devolver Digital,0.6561,Anchor,0.8238,0.3062,0.6472,0.8471,1456,0.7926,Mostly Positive,"50,000 .. 100,000",75000.0,2.99,True,False,False,True,2018,Action|Adventure|Indie,1980s|2D|Action|Adventure|Atmospheric|Difficult|Funny|Great Soundtrack|Indie|Pixel Graphics|Puzzle|RPG|Retro|Singleplayer|Story Rich,PASS,PASS,PASS,PASS,PENDING_EXTERNAL_CHECK
257030,Project Nimbus: Complete Edition,"GameCrafterTeam, GameTomo Co., Ltd.","GameTomo Co., Ltd.",0.6561,Anchor,0.8336,0.4783,0.6949,0.6174,1577,0.8542,Very Positive,"20,000 .. 50,000",35000.0,6.99,True,False,False,True,2017,Action|Indie,Action|Anime|Early Access|Fast-Paced|Female Protagonist|Flight|Great Soundtrack|Indie|Mechs|RPG|Robots|Sci-fi|Singleplayer,PASS,PASS,PASS,PASS,PENDING_EXTERNAL_CHECK
426630,Bubsy Two-Fur,Accolade,Atari,0.656,Low-cost option,0.6319,0.4783,0.5915,0.9224,449,0.7038,Mostly Positive,"20,000 .. 50,000",35000.0,1.74,False,True,True,True,2015,Action|Adventure,1990's|2D|Action|Adventure|Classic|Cold War|Cult Classic|Dating Sim|Difficult|Family Friendly|Gore|Great Soundtrack|Mature|Pixel Graphics|Platformer,PASS,PASS,PASS,PASS,PENDING_EXTERNAL_CHECK
841770,Siralim 3,Thylacine Studios,Thylacine Studios LLC,0.656,Depth,0.768,0.7921,0.7653,0.2985,967,0.9473,Very Positive,"0 .. 20,000",10000.0,14.99,False,False,False,True,2018,RPG,2D|Character Customization|Collectathon|Creature Collector|Dungeon Crawler|Fantasy|Isometric|Loot|Medieval|Party-Based RPG|Pixel Graphics|Procedural Generation|RPG|Replay Value|Retro,PASS,PASS,PASS,PASS,PENDING_EXTERNAL_CHECK
376300,GUILTY GEAR Xrd -SIGN-,Arc System Works,Arc System Works,0.656,Anchor,0.8904,0.09,0.7963,0.8471,2649,0.9136,Very Positive,"200,000 .. 500,000",350000.0,2.99,False,False,True,True,2015,Action,2.5D|2D|2D Fighter|Action|Anime|Arcade|Competitive|Cute|Fighting|Great Soundtrack|Local Multiplayer|Multiplayer|Singleplayer|Story Rich|Visual Novel,PASS,PASS,PASS,PASS,PENDING_EXTERNAL_CHECK
2685240,Where Cats 猫咪在哪里,,,0.656,Low-cost option,0.3567,0.7921,0.5419,0.9332,142,0.9577,Very Positive,"0 .. 20,000",10000.0,1.0296,True,False,False,True,2023,Casual|Indie,Cartoony|Casual|Cats|Clicker|Collectathon|Comedy|Creature Collector|Cute|Family Friendly|Funny|Hand-drawn|Hidden Object|Indie|Investigation|Minimalist,PASS,PASS,PASS,PASS,PENDING_EXTERNAL_CHECK
780500,Suzy Cube,NorthernBytes Software,Noodlecake,0.6559,Low-cost option,0.5887,0.7921,0.518,0.7249,369,0.8564,Very Positive,"0 .. 20,000",10000.0,4.99,True,False,False,True,2018,Adventure|Indie,3D|3D Platformer|Action|Adventure|Cartoon|Cartoony|Casual|Colorful|Controller|Cute|Exploration|Family Friendly|Female Protagonist|Funny|Illuminati,PASS,PASS,PASS,PASS,PENDING_EXTERNAL_CHECK
2260530,Hidden Cats in New York,Nukearts Studio,Nukearts Studio,0.6559,Low-cost option,0.5454,0.7921,0.4392,0.8471,300,0.9867,Very Positive,"0 .. 20,000",10000.0,2.99,True,False,False,True,2023,Casual|Indie,2D|Atmospheric|Cartoon|Cartoony|Casual|Cats|Colorful|Cozy|Cute|Family Friendly|Funny|Hand-drawn|Hidden Object|Nonlinear|Point & Click,PASS,PASS,PASS,PASS,PENDING_EXTERNAL_CHECK
412830,STEINS;GATE,MAGES. Inc.,"Spike Chunsoft Co., Ltd.",0.6559,Anchor,0.9933,0.0215,0.954,0.6546,17897,0.9751,Overwhelmingly Positive,"500,000 .. 1,000,000",750000.0,5.99,False,False,False,True,2016,Adventure,Adventure|Anime|Atmospheric|Casual|Choices Matter|Dating Sim|Great Soundtrack|Horror|Memes|Multiple Endings|Mystery|Psychological Horror|Romance|Sci-fi|Science,PASS,PASS,PASS,PASS,PENDING_EXTERNAL_CHECK
2311990,Rack and Slay,Ludokultur,2 Left Thumbs,0.6557,Low-cost option,0.5975,0.4783,0.77,0.7771,382,0.9319,Very Positive,"20,000 .. 50,000",35000.0,4.79,True,False,False,True,2024,Indie|RPG|Strategy,2D|Action Roguelike|Deckbuilding|Dungeon Crawler|Indie|Loot|Perma Death|Pool|Procedural Generation|RPG|Replay Value|Roguelike|Roguelike Deckbuilder|Roguelite|Singleplayer,PASS,PASS,PASS,PASS,PENDING_EXTERNAL_CHECK
1271750,Unferat,Reb_Orn,Reb_Orn,0.6557,Depth,0.3729,0.7921,0.8033,0.6546,150,0.8933,Very Positive,"0 .. 20,000",10000.0,5.99,False,False,False,True,2020,RPG|Simulation,Adventure|Atmospheric|Crafting|Dark|Dark Fantasy|Fantasy|Horror|Indie|Magic|Open World|RPG|Replay Value|Resource Management|Sandbox|Simulation,PASS,PASS,PASS,PASS,PENDING_EXTERNAL_CHECK
273500,Over 9000 Zombies!,Loren Lemcke,Loren Lemcke,0.6556,Anchor,0.8279,0.1884,0.707,0.8992,1512,0.8651,Very Positive,"100,000 .. 200,000",150000.0,1.99,True,True,True,True,2015,Action|Indie,2D|4 Player Local|Action|Action Roguelike|Arcade|Bullet Hell|Co-op|Local Co-Op|Memes|Multiplayer|Pixel Graphics|Retro|Roguelike|Shooter|Singleplayer,PASS,PASS,PASS,PASS,PENDING_EXTERNAL_CHECK
2179360,INCUR Survival,INCUR,INCUR,0.6556,Low-cost option,0.2178,0.7921,0.8876,0.7249,91,0.8791,Very Positive,"0 .. 20,000",10000.0,4.99,False,True,True,True,2022,Action|Early Access,3D|Action|Action-Adventure|Adventure|Atmospheric|Automation|Building|Crafting|Early Access|Exploration|First-Person|Multiplayer|Open World|Open World Survival Craft|PvE,PASS,PASS,PASS,PASS,PENDING_EXTERNAL_CHECK
1924150,CYBERHUNK,Birch Tree Games,Birch Tree Games,0.6555,Low-cost option,0.2318,0.7921,0.8731,0.7249,95,0.8,Very Positive,"0 .. 20,000",10000.0,4.99,False,True,True,True,2022,Action,3D|Action|Action Roguelike|Boomer Shooter|Co-op|Cyberpunk|FPS|First-Person|Gore|Multiplayer|Old School|Online Co-Op|Pixel Graphics|PvE|Retro,PASS,PASS,PASS,PASS,PENDING_EXTERNAL_CHECK
919410,Felix The Reaper,Kong Orange,Daedalic Entertainment,0.6554,Low-cost option,0.6232,0.3062,0.7345,0.9579,429,0.7249,Mostly Positive,"50,000 .. 100,000",75000.0,0.99,True,False,False,True,2019,Adventure|Indie,3D|Adventure|Casual|Comedy|Dark Humor|Funny|Great Soundtrack|Grid-Based Movement|Indie|Isometric|Logic|Music|Puzzle|Replay Value|Romance,PASS,PASS,PASS,PASS,PENDING_EXTERNAL_CHECK
1725340,Elypse,Hot Chili Games,"PID Games, East2West Games",0.6554,Low-cost option,0.4951,0.7921,0.6097,0.7249,243,0.7942,Mostly Positive,"0 .. 20,000",10000.0,4.99,True,False,False,True,2023,Action|Adventure|Indie,2D|2D Platformer|Action|Action-Adventure|Adventure|Anime|Arcade|Atmospheric|Dark|Dark Fantasy|Difficult|Exploration|Female Protagonist|Indie|Metroidvania,PASS,PASS,PASS,PASS,PENDING_EXTERNAL_CHECK
298030,Total Annihilation,Cavedog Entertainment,Wargaming.net,0.6554,Anchor,0.9099,0.09,0.8967,0.7249,3300,0.9645,Overwhelmingly Positive,"200,000 .. 500,000",350000.0,4.99,False,False,True,True,2015,Strategy,1990's|Action|Atmospheric|Base Building|Classic|Co-op|Great Soundtrack|Multiplayer|Nostalgia|RTS|Retro|Robots|Sci-fi|Singleplayer|Strategy,PASS,PASS,PASS,PASS,PENDING_EXTERNAL_CHECK
674750,Yet Another Zombie Defense HD,Awesome Games Studio,Awesome Games Studio,0.6554,Anchor,0.8992,0.0215,0.9015,0.7993,2899,0.8451,Very Positive,"500,000 .. 1,000,000",750000.0,3.99,True,True,True,True,2017,Action|Indie,4 Player Local|Action|Arena Shooter|Base Building|Co-op|Gore|Indie|Isometric|Local Co-Op|Local Multiplayer|Multiplayer|Online Co-Op|Shooter|Strategy|Survival,PASS,PASS,PASS,PASS,PENDING_EXTERNAL_CHECK
463150,BARRIER X,Noclip,HypeTrain Digital,0.6554,Anchor,0.8753,0.09,0.8091,0.8471,2299,0.8565,Very Positive,"200,000 .. 500,000",350000.0,2.99,True,False,False,True,2016,Action|Indie,2D|Action|Adventure|Arcade|Casual|Character Customization|Colorful|Difficult|Family Friendly|Funny|Great Soundtrack|Indie|Level Editor|Multiplayer|Music,PASS,PASS,PASS,PASS,PENDING_EXTERNAL_CHECK
572890,Pikuniku,"Arnaud De Bock, Rémi Forcadell, Alan Zucconi, Calum Bowen",Devolver Digital,0.6553,Anchor,0.9744,0.0215,0.8026,0.8226,9273,0.9566,Overwhelmingly Positive,"500,000 .. 1,000,000",750000.0,3.24,True,True,True,True,2019,Action|Adventure|Casual|Indie,2D|Action|Adventure|Casual|Co-op|Colorful|Comedy|Cute|Dystopian|Exploration|Family Friendly|Funny|Great Soundtrack|Indie|Local Co-Op,PASS,PASS,PASS,PASS,PENDING_EXTERNAL_CHECK
2595860,Hitler is my crush,DarkLight Studio,DarkLight Studio,0.6553,Low-cost option,0.7168,0.4783,0.4682,0.9579,705,0.9135,Very Positive,"20,000 .. 50,000",35000.0,0.99,True,False,False,True,2023,Action|Adventure|Casual|Indie,Action|Action-Adventure|Anime|Atmospheric|Cartoony|Casual|Cute|Dark Comedy|Dark Humor|Female Protagonist|Funny|Hero Shooter|Military|PvE|Shoot 'Em Up,PASS,PASS,PASS,PASS,PENDING_EXTERNAL_CHECK
2903560,Platform 8,KOTAKE CREATE,KOTAKE CREATE,0.6552,Anchor,0.8307,0.3062,0.6845,0.7993,1546,0.8648,Very Positive,"50,000 .. 100,000",75000.0,3.99,True,False,False,True,2024,Adventure|Indie|Simulation,3D|Adventure|Atmospheric|Cinematic|Dark|Exploration|First-Person|Funny|Hidden Object|Horror|Immersive Sim|Modern|Mystery|Psychological Horror|Puzzle,PASS,PASS,PASS,PASS,PENDING_EXTERNAL_CHECK
308060,Black The Fall,Sand Sailor Studio,Square Enix,0.6551,Anchor,0.8408,0.09,0.8709,0.8187,1677,0.7782,Mostly Positive,"200,000 .. 500,000",350000.0,3.74,True,False,False,True,2017,Action|Adventure|Indie,2.5D|Action|Adventure|Atmospheric|Cinematic|Classic|Dark|Dystopian|Horror|Indie|Platformer|Political|Puzzle|Puzzle Platformer|Sci-fi,PASS,PASS,PASS,PASS,PENDING_EXTERNAL_CHECK
1756180,CARNAGE OFFERING,Futurtech,Nova's Army,0.6551,Depth,0.4362,0.7921,0.9168,0.4752,192,0.8125,Very Positive,"0 .. 20,000",10000.0,9.99,False,False,False,True,2022,Action,Action|Blood|Dark Fantasy|Demons|FPS|Fast-Paced|First-Person|Futuristic|Gore|Horror|Lovecraftian|Post-apocalyptic|Sci-fi|Shooter|Singleplayer,PASS,PASS,PASS,PASS,PENDING_EXTERNAL_CHECK
202710,Demigod,Gas Powered Games,Stardock Entertainment,0.655,Anchor,0.7995,0.7921,0.5535,0.4752,1211,0.7547,Mostly Positive,"0 .. 20,000",10000.0,9.99,,,,,,动作|独立|策略|角色扮演,3D|Action|Atmospheric|Beautiful|Character Customization|Cinematic|Fantasy|MOBA|Magic|Mythology|PvE|PvP|RTS|Real Time Tactics|Sandbox,PASS,PASS,PASS,PASS,PENDING_EXTERNAL_CHECK
447290,Redeemer: Enhanced Edition,Sobaka Studio,ESDigital Games,0.6548,Anchor,0.8997,0.09,0.704,0.9255,2914,0.8737,Very Positive,"200,000 .. 500,000",350000.0,1.49,,False,False,False,,Инди|Экшены,Action|Action-Adventure|Arena Shooter|Beat 'em up|Character Action Game|Co-op|Controller|Fast-Paced|Fighting|Gore|Hack and Slash|Indie|Local Co-Op|Martial Arts|Shooter,PASS,PASS,PASS,PASS,PENDING_EXTERNAL_CHECK
2963880,Murky Divers,Embers,Oro Interactive,0.6548,Anchor,0.8769,0.1884,0.9763,0.5776,2343,0.8878,Very Positive,"100,000 .. 200,000",150000.0,7.99,True,True,True,True,2024,Action|Adventure|Early Access|Indie,Action-Adventure|Atmospheric|Character Customization|Dungeon Crawler|Early Access|Exploration|First-Person|Funny|Horror|Loot|Multiplayer|Mystery|Online Co-Op|Procedural Generation|Psychological Horror,PASS,PASS,PASS,PASS,PENDING_EXTERNAL_CHECK
1634080,Nocturnal: Enhanced Edition,Sunnyside Games,Dear Villagers,0.6548,Depth,0.4931,0.7921,0.6631,0.6709,241,0.917,Very Positive,"0 .. 20,000",10000.0,5.94,False,False,False,True,2023,Action|Adventure,2D|2D Platformer|Action|Action-Adventure|Adventure|Combat|Dark|Demons|Exploration|Hand-drawn|Indie|Linear|Mystery|Narration|Platformer,PASS,PASS,PASS,PASS,PENDING_EXTERNAL_CHECK
1729900,Rhythm Brawl,"Mahad Dareshani, Eren Ozdemir, Spad3s, Meister D Mysterium Mysterium",dArtist Games ,0.6547,Low-cost option,0.3567,0.7921,0.745,0.7249,142,0.7183,Mostly Positive,"0 .. 20,000",10000.0,4.99,False,False,True,True,2023,Action|Casual,2D|2D Fighter|Action|Anime|Arcade|Casual|Choices Matter|Combat|Hand-drawn|Linear|Local Multiplayer|Moddable|Multiplayer|Music|PvE,PASS,PASS,PASS,PASS,PENDING_EXTERNAL_CHECK
397500,Labyronia RPG 2,Labyrinthine,Senpai Studios,0.6545,Low-cost option,0.7112,0.1884,0.7261,0.9925,680,0.7676,Mostly Positive,"100,000 .. 200,000",150000.0,0.55,True,False,False,True,2015,Action|Adventure|Indie|RPG,2D|Action|Adventure|Anime|Atmospheric|Fantasy|Great Soundtrack|Indie|JRPG|Open World|Pixel Graphics|Puzzle|RPG|RPGMaker|Retro,PASS,PASS,PASS,PASS,PENDING_EXTERNAL_CHECK
411370,Melty Blood Actress Again Current Code,FRENCH-BREAD,Arc System Works,0.6545,Anchor,0.9323,0.09,0.8706,0.7249,4336,0.931,Very Positive,"200,000 .. 500,000",350000.0,4.99,False,False,True,True,2016,Action,2D|2D Fighter|Action|Anime|Arcade|Competitive|Controller|Cute|Difficult|Fighting|Great Soundtrack|Local Multiplayer|Multiplayer|Pixel Graphics|Story Rich,PASS,PASS,PASS,PASS,PENDING_EXTERNAL_CHECK
41050,Serious Sam Classic: The First Encounter,Croteam,Devolver Digital,0.6544,Anchor,0.9022,0.09,0.9708,0.6546,3000,0.9593,Overwhelmingly Positive,"200,000 .. 500,000",350000.0,5.99,True,True,True,True,2019,Action|Indie,Action|Adventure|Classic|Co-op|Comedy|Difficult|FPS|First-Person|Funny|Gore|Great Soundtrack|Indie|Local Co-Op|Multiplayer|Old School,PASS,PASS,PASS,PASS,PENDING_EXTERNAL_CHECK
264160,WazHack,Waz,Waz Games,0.6544,Depth,0.7152,0.4783,0.949,0.4752,696,0.8908,Very Positive,"20,000 .. 50,000",35000.0,9.99,True,True,True,True,2014,Action|Indie|RPG|Strategy,Action|Action RPG|Difficult|Dungeon Crawler|Indie|Multiplayer|Perma Death|Procedural Generation|RPG|Roguelike|Roguelite|Side Scroller|Strategy|Turn-Based|Turn-Based Combat,PASS,PASS,PASS,PASS,PENDING_EXTERNAL_CHECK
757180,Wolf & Rabbit,Sealtail Studio,LR Studio,0.6543,Low-cost option,0.5489,0.7921,0.3769,0.8992,305,0.9115,Very Positive,"0 .. 20,000",10000.0,1.99,True,False,False,True,2018,Adventure|Casual|Indie|RPG,Adventure|Anime|Casual|Horror|Indie|Pixel Graphics|RPG|RPGMaker,PASS,PASS,PASS,PASS,PENDING_EXTERNAL_CHECK
741510,The Hong Kong Massacre,VRESKI,Untold Tales,0.6542,Anchor,0.8274,0.1884,0.8018,0.7993,1506,0.7457,Mostly Positive,"100,000 .. 200,000",150000.0,3.99,True,False,False,True,2019,Action|Indie,1990's|2.5D|Action|Arcade|Atmospheric|Blood|Bullet Time|Difficult|Gore|Indie|Realistic|Shoot 'Em Up|Shooter|Singleplayer|Story Rich,PASS,PASS,PASS,PASS,PENDING_EXTERNAL_CHECK
3139620,Frontline Crisis,BCQT,BCQT,0.6542,Depth,0.4528,0.7921,0.7173,0.6546,205,0.9317,Very Positive,"0 .. 20,000",10000.0,5.99,False,True,True,True,2024,Strategy,1980s|2D|Action RTS|Base Building|Boomer Shooter|Bullet Hell|Hand-drawn|Local Co-Op|Mechs|Pixel Graphics|RTS|Resource Management|Shoot 'Em Up|Singleplayer|Space,PASS,PASS,PASS,PASS,PENDING_EXTERNAL_CHECK
1548050,Presence,VLADIMIR GUSSAKOV,H.Studio,0.6541,Low-cost option,0.2581,0.7921,0.6671,0.8992,103,0.767,Mostly Positive,"0 .. 20,000",10000.0,1.99,True,False,False,True,2021,Indie,3D|Action|Action-Adventure|Adventure|Atmospheric|Blood|Crime|Dark|Drama|Exploration|First-Person|Gore|Hidden Object|Horror|Idler,PASS,PASS,PASS,PASS,PENDING_EXTERNAL_CHECK
1898610,Hands of Necromancy,HON Team,Fulqrum Publishing,0.654,Low-cost option,0.5183,0.7921,0.5809,0.7249,268,0.8843,Very Positive,"0 .. 20,000",10000.0,4.99,True,False,False,True,2022,Action|Indie,3D|Action|Atmospheric|Boomer Shooter|Dark|Dark Fantasy|Demons|FPS|Fantasy|First-Person|Indie|Magic|Metroidvania|Moddable|Old School,PASS,PASS,PASS,PASS,PENDING_EXTERNAL_CHECK
1226000,Nations At War Digital Core Game,Lock 'n Load Publishing,Lock 'n Load Publishing,0.6539,Low-cost option,0.2543,0.7921,0.8445,0.7249,102,0.7549,Mostly Positive,"0 .. 20,000",10000.0,4.99,True,False,True,True,2020,Early Access|Indie|Simulation|Strategy,Board Game|Combat|Early Access|Hex Grid|Indie|Level Editor|Military|Multiplayer|PvP|Simulation|Singleplayer|Strategy|Tabletop|Tactical|Top-Down,PASS,PASS,PASS,PASS,PENDING_EXTERNAL_CHECK
713460,Train Frontier Classic,Team Train Frontier,Team Train Frontier,0.6539,Depth,0.4645,0.7921,0.8839,0.4752,214,0.8785,Very Positive,"0 .. 20,000",10000.0,9.99,True,True,True,True,2017,Casual|Early Access|Indie|Simulation,Action|Atmospheric|Building|Casual|City Builder|Co-op|Driving|Early Access|Family Friendly|Games Workshop|Indie|Level Editor|Multiplayer|Open World|Relaxing,PASS,PASS,PASS,PASS,PENDING_EXTERNAL_CHECK
233230,Kairo,Locked Door Puzzle,Lupus Studios Limited,0.6539,Anchor,0.8424,0.1884,0.8597,0.7249,1700,0.7353,Mostly Positive,"100,000 .. 200,000",150000.0,4.99,True,False,False,True,2013,Adventure|Indie,Abstract|Adventure|Atmospheric|Exploration|First-Person|Horror|Indie|Minimalist|Mystery|Psychological Horror|Puzzle|Singleplayer|Story Rich|Surreal|VR,PASS,PASS,PASS,PASS,PENDING_EXTERNAL_CHECK
313390,Vertical Strike Endless Challenge,Project ICKX,PLAYISM,0.6539,Low-cost option,0.4553,0.7921,0.6432,0.7249,207,0.7826,Mostly Positive,"0 .. 20,000",10000.0,4.99,True,False,False,True,2017,Action|Indie|Simulation,3D|Action|Arcade|Automobile Sim|Casual|Competitive|Controller|First-Person|Flight|Funny|Military|Realistic|Score Attack|Shoot 'Em Up|Shooter,PASS,PASS,PASS,PASS,PENDING_EXTERNAL_CHECK
799070,Zup! 8,Quiet River,Quiet River,0.6539,Anchor,0.9296,0.09,0.6966,0.8992,4197,0.9576,Overwhelmingly Positive,"200,000 .. 500,000",350000.0,1.99,True,False,False,True,2018,Casual|Indie,2D|Action|Adventure|Casual|Cute|Family Friendly|Fast-Paced|Funny|Indie|Minimalist|Multiplayer|Physics|Platformer|Point & Click|Puzzle,PASS,PASS,PASS,PASS,PENDING_EXTERNAL_CHECK
303590,Hidden in Plain Sight,Adam Spragg,Adam Spragg,0.6538,Depth,0.7313,0.4783,0.751,0.6546,769,0.9922,Overwhelmingly Positive,"20,000 .. 50,000",35000.0,5.99,True,True,True,False,2014,Action|Casual|Indie,2D|4 Player Local|Action|Arcade|Battle Royale|Casual|Co-op|Funny|Indie|Local Co-Op|Local Multiplayer|Multiplayer|Party|Party Game|Pixel Graphics,PASS,PASS,PASS,PASS,PENDING_EXTERNAL_CHECK
415850,BAD END,Arai Koh Create Office,YOX-Project,0.6537,Low-cost option,0.5975,0.4783,0.6918,0.8471,382,0.8377,Very Positive,"20,000 .. 50,000",35000.0,2.99,True,False,False,True,2015,Adventure|Casual|Indie,Adventure|Anime|Casual|Choose Your Own Adventure|Colorful|Cute|Horror|Indie|Interactive Fiction|Memes|Multiple Endings|Mystery|Psychological|Psychological Horror|Short,PASS,PASS,PASS,PASS,PENDING_EXTERNAL_CHECK
1932230,100 hidden hares,"Anatoliy Loginovskikh, Аlexandr Telminov",Anatoliy Loginovskikh,0.6536,Low-cost option,0.5481,0.7921,0.4274,0.8471,304,0.9671,Very Positive,"0 .. 20,000",10000.0,2.99,True,False,False,True,2022,Adventure|Casual|Indie,Adventure|Casual|Cats|Clicker|Creature Collector|Cute|Exploration|Family Friendly|Hand-drawn|Hidden Object|Logic|Minimalist|Nature|Point & Click|Puzzle,PASS,PASS,PASS,PASS,PENDING_EXTERNAL_CHECK
222980,Dead Pixels,CSR-Studios,CSR-Studios,0.6536,Anchor,0.8798,0.09,0.7976,0.8471,2398,0.8699,Very Positive,"200,000 .. 500,000",350000.0,2.99,True,False,True,True,2012,Action|Indie|RPG,2D|Action|Casual|Co-op|Controller|Gore|Indie|Local Co-Op|Local Multiplayer|Multiplayer|Pixel Graphics|Procedural Generation|RPG|Retro|Roguelike,PASS,PASS,PASS,PASS,PENDING_EXTERNAL_CHECK
1672310,Decarnation,Atelier QDB,"Shiro Unlimited, East2West Games(Greater China)",0.6536,Depth,0.723,0.7921,0.8008,0.2985,730,0.8986,Very Positive,"0 .. 20,000",10000.0,14.99,True,False,False,True,2023,Action|Adventure|Indie,2D|Action|Action-Adventure|Adventure|Atmospheric|Casual|Dark|Emotional|Exploration|Horror|Indie|Lovecraftian|Mature|Pixel Graphics|Psychological Horror,PASS,PASS,PASS,PASS,PENDING_EXTERNAL_CHECK
1140170,Arietta of Spirits,Third Spirit Games,"Third Spirit Games, Red Art Games",0.6535,Depth,0.6702,0.7921,0.8531,0.2985,538,0.8643,Very Positive,"0 .. 20,000",10000.0,14.99,True,False,False,True,,Action|Adventure|Indie,Action|Action RPG|Action-Adventure|Adventure|Atmospheric|Casual|Emotional|Exploration|Fantasy|Female Protagonist|Hack and Slash|Lore-Rich|Mystery|Pixel Graphics|Short,PASS,PASS,PASS,PASS,PENDING_EXTERNAL_CHECK
211780,Conflict Desert Storm™,Pivotal Games,Square Enix,0.6534,Anchor,0.7888,0.09,0.7525,0.9824,1120,0.7161,Mostly Positive,"200,000 .. 500,000",350000.0,0.97,False,False,False,True,2012,Action,Action|Classic|Military|Multiplayer|Shooter|Singleplayer|Strategy|Tactical|Third Person|Third-Person Shooter,PASS,PASS,PASS,PASS,PENDING_EXTERNAL_CHECK
303790,Faery - Legends of Avalon,Spiders,Focus Entertainment,0.6534,Low-cost option,0.7278,0.1884,0.7096,0.9876,753,0.7211,Mostly Positive,"100,000 .. 200,000",150000.0,0.76,False,False,False,True,2014,RPG,Adventure|Character Customization|Fantasy|Female Protagonist|RPG|Singleplayer|Story Rich|Third Person|Turn-Based,PASS,PASS,PASS,PASS,PENDING_EXTERNAL_CHECK
1336120,Bridge Constructor: The Walking Dead,ClockStone,Headup,0.6533,Low-cost option,0.5203,0.3062,0.8287,0.9579,270,0.7556,Mostly Positive,"50,000 .. 100,000",75000.0,0.99,False,False,False,True,2020,Simulation,Adventure|Building|Casual|Crafting|Difficult|Great Soundtrack|Indie|Physics|Post-apocalyptic|Puzzle|Sandbox|Simulation|Singleplayer|Strategy|Stylized,PASS,PASS,PASS,PASS,PENDING_EXTERNAL_CHECK
2279390,Made in Ohio,TOPERUS,CShark,0.6532,Low-cost option,0.3407,0.7921,0.5223,0.9579,134,0.7612,Mostly Positive,"0 .. 20,000",10000.0,0.99,True,False,False,True,2023,Action|Adventure|Casual|Indie|RPG,3D|Action|Action-Adventure|Adventure|Casual|Comedy|FPS|First-Person|Funny|Hero Shooter|Indie|Looter Shooter|Memes|Physics|RPG,PASS,PASS,PASS,PASS,PENDING_EXTERNAL_CHECK
1236860,Edge of Reality,Moon Eclipse,Conglomerate 5,0.6531,Low-cost option,0.1532,0.7921,0.6716,0.9957,75,0.7067,Mostly Positive,"0 .. 20,000",10000.0,0.49,True,False,False,True,2020,Adventure|Casual|Indie,2D|Adventure|Anime|Atmospheric|Beautiful|Cartoony|Casual|Choose Your Own Adventure|Detective|Education|Experimental|Great Soundtrack|Hand-drawn|Indie|Interactive Fiction,PASS,PASS,PASS,PASS,PENDING_EXTERNAL_CHECK
2524610,Кукуево / Kukuevo,ProjectKukuevo,ProjectKukuevo,0.6531,Low-cost option,0.3837,0.7921,0.5595,0.8774,156,0.8141,Very Positive,"0 .. 20,000",10000.0,2.0,True,False,False,True,2023,Action|Adventure|Indie,Action|Adventure|Atmospheric|Bikes|Choose Your Own Adventure|Dark|Drama|Family Friendly|Fantasy|Hand-drawn|Horror|Interactive Fiction|Multiple Endings|Psychological Horror|Romance,PASS,PASS,PASS,PASS,PENDING_EXTERNAL_CHECK
3730,Aliens versus Predator Classic 2000,Rebellion,Rebellion,0.6531,Anchor,0.8863,0.09,0.9112,0.7249,2557,0.876,Very Positive,"200,000 .. 500,000",350000.0,4.99,False,False,True,True,2010,Action,1990's|Action|Aliens|Atmospheric|Boomer Shooter|Classic|Cult Classic|FPS|Fast-Paced|First-Person|Gore|Horror|Multiplayer|Old School|Retro,PASS,PASS,PASS,PASS,PENDING_EXTERNAL_CHECK
1932280,Medieval Fantasy Survival Simulator 2: Gladiator Edition,Randumb Studios,Randumb Studios,0.653,Low-cost option,0.0759,0.7921,0.8449,0.8992,60,0.95,Very Positive,"0 .. 20,000",10000.0,1.99,True,False,False,True,2022,Indie|RPG|Simulation,Anime|Choices Matter|Choose Your Own Adventure|Conversation|Historical|Immersive Sim|JRPG|Life Sim|Medieval|Multiple Endings|Old School|RPG|Roguelike|Roguelite|Simulation,PASS,PASS,PASS,PASS,PENDING_EXTERNAL_CHECK
1148100,Life on the Hook,Arkuda Inc.,Arkuda Inc.,0.6529,Low-cost option,0.1618,0.7921,0.7584,0.8992,77,0.7792,Mostly Positive,"0 .. 20,000",10000.0,1.99,False,False,False,True,2022,Adventure,Adventure|Atmospheric|Colorful|Cute|Dark|Drama|Emotional|Exploration|Family Friendly|First-Person|Great Soundtrack|Hidden Object|Linear|Narration|Philosophical,PASS,PASS,PASS,PASS,PENDING_EXTERNAL_CHECK
2719060,幻耀的羽毛 / Mirage Feathers,oyasumi Workshop,oyasumi Workshop,0.6527,Anchor,0.7984,0.4783,0.6094,0.7249,1201,0.9917,Overwhelmingly Positive,"20,000 .. 50,000",35000.0,4.99,,,,,,动作|独立,1980s|Action|Anime|Arcade|Bullet Hell|Cute|Drama|Fast-Paced|Female Protagonist|Flight|Indie|Nostalgia|On-Rails Shooter|Pixel Graphics|Retro,PASS,PASS,PASS,PASS,PENDING_EXTERNAL_CHECK
2184010,Star Leaping Story,ZerovHao,"ZerovHao, SapStaR Games",0.6526,Depth,0.345,0.7921,0.8558,0.6174,136,0.9926,Very Positive,"0 .. 20,000",10000.0,6.99,True,False,False,True,2024,Action|Adventure|Indie|RPG|Strategy,2D|2D Platformer|Action|Adventure|Anime|Conversation|Cute|Difficult|Fantasy|Female Protagonist|Funny|Indie|Pixel Graphics|Platformer|Precision Platformer,PASS,PASS,PASS,PASS,PENDING_EXTERNAL_CHECK
1149940,Lock 'n Load Tactical Digital: Core Game,Lock 'n Load Publishing,Lock 'n Load Publishing,0.6525,Low-cost option,0.6585,0.4783,0.7482,0.7249,510,0.8686,Very Positive,"20,000 .. 50,000",35000.0,4.99,True,False,True,True,2020,Early Access|Indie|Simulation|Strategy,2D|Board Game|Cold War|Combat|Early Access|Hex Grid|Indie|Modern|Multiplayer|PvP|Simulation|Singleplayer|Strategy|Tabletop|Turn-Based,PASS,PASS,PASS,PASS,PENDING_EXTERNAL_CHECK
1130620,[Chilla's Art] Aka Manto | 赤マント,Chilla's Art,Chilla's Art,0.6524,Low-cost option,0.769,0.4783,0.6376,0.7249,975,0.8862,Very Positive,"20,000 .. 50,000",35000.0,4.99,True,False,False,True,2019,Action|Adventure|Casual|Indie|Simulation|Strategy,Action|Adventure|Anime|Atmospheric|Casual|Dark|Dark Fantasy|Exploration|First-Person|Gore|Horror|Indie|Mystery|Psychological Horror|Puzzle,PASS,PASS,PASS,PASS,PENDING_EXTERNAL_CHECK
497080,Construct: Escape the System,Oliver Boyce,Immanitas Entertainment,0.6524,Low-cost option,0.349,0.4783,0.8244,0.9579,138,0.7391,Mostly Positive,"20,000 .. 50,000",35000.0,0.99,True,False,False,True,2016,Action|Adventure|Indie,3D Platformer|Abstract|Action|Adventure|Atmospheric|Cyberpunk|First-Person|Great Soundtrack|Indie|Linear|Mystery|Platformer|Puzzle|Puzzle Platformer|Sci-fi,PASS,PASS,PASS,PASS,PENDING_EXTERNAL_CHECK
576960,🧠 OUT OF THE BOX,Nuclear Tales,,0.6523,Low-cost option,0.5183,0.4783,0.7657,0.8471,268,0.8396,Very Positive,"20,000 .. 50,000",35000.0,2.99,True,False,False,True,2018,Adventure|Casual|Indie|RPG|Simulation|Strategy,Adventure|America|Cartoon|Cartoony|Choices Matter|Choose Your Own Adventure|Comedy|Crime|Dark|Diplomacy|Funny|Management|Mature|Multiple Endings|Point & Click,PASS,PASS,PASS,PASS,PENDING_EXTERNAL_CHECK
1178780,BattleGroupVR,SpaceOwl Games,"SpaceOwl Games, Erabit",0.6523,Depth,0.7519,0.7921,0.9782,0.0871,864,0.9282,Very Positive,"0 .. 20,000",10000.0,24.99,False,True,True,True,2023,Action|Simulation|Strategy,Action|Bullet Time|Co-op|First-Person|Local Co-Op|Multiplayer|PvP|RTS|Real Time Tactics|Real-Time|Real-Time with Pause|Sci-fi|Simulation|Singleplayer|Space,PASS,PASS,PASS,PASS,PENDING_EXTERNAL_CHECK
19980,Prince of Persia®,Ubisoft Montreal,Ubisoft,0.6521,Anchor,0.9079,0.09,0.7114,0.8992,3224,0.7847,Mostly Positive,"200,000 .. 500,000",350000.0,1.99,False,False,False,True,2008,Action|Adventure,3D Platformer|Action|Action-Adventure|Adventure|Atmospheric|Beautiful|Comedy|Controller|Exploration|Fantasy|Great Soundtrack|Hack and Slash|Open World|Parkour|Platformer,PASS,PASS,PASS,PASS,PENDING_EXTERNAL_CHECK
2653790,The Exit 8,KOTAKE CREATE,KOTAKE CREATE,0.6521,Anchor,0.9624,0.09,0.7567,0.7993,7074,0.9357,Very Positive,"200,000 .. 500,000",350000.0,3.99,True,False,False,True,2023,Adventure|Indie|Simulation,3D|Adventure|Atmospheric|Controller|Exploration|First-Person|Funny|Horror|Immersive Sim|Linear|Modern|Mystery|Psychological|Psychological Horror|Puzzle,PASS,PASS,PASS,PASS,PENDING_EXTERNAL_CHECK
1837220,Psalm 5:9-13,"Ranwog, Notex, a1esska","Ranwog, Notex, a1esska",0.652,Anchor,0.8053,0.4783,0.5251,0.7993,1255,0.8534,Very Positive,"20,000 .. 50,000",35000.0,3.99,True,False,False,True,2024,Indie,3D|Adventure|Atmospheric|Creature Collector|Dark|Exploration|First-Person|Gore|Horror|Indie|Linear|Mystery|Psychological Horror|Puzzle|Realistic,PASS,PASS,PASS,PASS,PENDING_EXTERNAL_CHECK
1990050,Creature Creator,Daniel Lochner,Daniel Lochner,0.6519,Low-cost option,0.7114,0.3062,0.8652,0.7249,681,0.8972,Very Positive,"50,000 .. 100,000",75000.0,4.99,True,True,True,True,2022,Adventure|Casual|Indie|Massively Multiplayer|RPG|Simulation,Adventure|Aliens|Character Customization|Creature Collector|Exploration|Family Friendly|Fantasy|Game Development|God Game|Loot|Moddable|Multiplayer|Open World|Physics|Procedural Generation,PASS,PASS,PASS,PASS,PENDING_EXTERNAL_CHECK
957960,Inkulinati,Yaza Games,Daedalic Entertainment,0.6519,Depth,0.6912,0.4783,0.9628,0.4752,607,0.8913,Very Positive,"20,000 .. 50,000",35000.0,9.99,True,False,True,True,,Indie|Strategy,2D|Dark Humor|Deckbuilding|Funny|Hand-drawn|Historical|Local Multiplayer|Medieval|Multiplayer|PvE|PvP|Roguelite|Singleplayer|Strategy|Strategy RPG,PASS,PASS,PASS,PASS,PENDING_EXTERNAL_CHECK
1168660,Barro 2020,SC Jogos,SC Jogos,0.6518,Anchor,0.8495,0.09,0.672,0.9957,1814,0.8561,Very Positive,"200,000 .. 500,000",350000.0,0.49,True,False,True,True,2019,Casual|Indie|Racing|Simulation|Sports,Arcade|Automobile Sim|Casual|Co-op|Driving|Family Friendly|Immersive Sim|Indie|Local Multiplayer|Multiplayer|Pixel Graphics|PvP|Racing|Sequel|Simulation,PASS,PASS,PASS,PASS,PENDING_EXTERNAL_CHECK
1597290,Swarm the City: Zombie Evolved,Seed Lab,Seed Lab,0.6518,Low-cost option,0.4645,0.7921,0.6258,0.7249,214,0.7664,Mostly Positive,"0 .. 20,000",10000.0,4.99,True,False,False,True,2022,Casual|Indie|RPG|Simulation|Strategy,Cartoon|Casual|Difficult|Horror|Indie|Lemmings|Management|Post-apocalyptic|PvE|RTS|Real Time Tactics|Replay Value|Resource Management|Simulation|Singleplayer,PASS,PASS,PASS,PASS,PENDING_EXTERNAL_CHECK
890220,Math Fun,Yash Future Tech Solutions Pvt Ltd,Yash Future Tech Solutions Pvt Ltd,0.6518,Low-cost option,0.3749,0.7921,0.7153,0.7249,151,0.8079,Very Positive,"0 .. 20,000",10000.0,4.99,True,False,False,True,2018,Casual|Indie|Strategy,Atmospheric|Casual|Cult Classic|Dating Sim|Difficult|Education|Female Protagonist|Great Soundtrack|Illuminati|Indie|LGBTQ+|Memes|NSFW|Post-apocalyptic|Souls-like,PASS,PASS,PASS,PASS,PENDING_EXTERNAL_CHECK
1438190,SHUT IN,Cael O'Sullivan,Hidden Track,0.6518,Low-cost option,0.2385,0.7921,0.8517,0.7249,97,0.8969,Very Positive,"0 .. 20,000",10000.0,4.99,True,False,False,True,2020,Adventure|Indie,2D|Adventure|Atmospheric|Controller|Dark Comedy|Dark Humor|Emotional|Exploration|Funny|Horror|Multiple Endings|Narration|Pixel Graphics|Psychological|Psychological Horror,PASS,PASS,PASS,PASS,PENDING_EXTERNAL_CHECK
329860,Catlateral Damage,"Manekoware, Fire Hose Games",Manekoware,0.6517,Anchor,0.8129,0.3062,0.6146,0.8733,1337,0.8938,Very Positive,"50,000 .. 100,000",75000.0,2.49,True,False,False,True,2015,Action|Casual|Indie|Simulation,3D Platformer|Action|Adventure|Cartoony|Casual|Cats|Colorful|Cute|Destruction|Family Friendly|First-Person|Funny|Memes|Physics|Procedural Generation,PASS,PASS,PASS,PASS,PENDING_EXTERNAL_CHECK
1566450,Setteeh,MonsterAttack,MonsterAttack,0.6517,Depth,0.4712,0.7921,0.7661,0.5776,220,0.7955,Mostly Positive,"0 .. 20,000",10000.0,7.99,True,False,False,True,2024,Action|Adventure|Indie|Simulation,Action|Action-Adventure|America|Atmospheric|Audio Production|Dark|Exploration|First-Person|Hidden Object|Historical|Horror|Psychological|Psychological Horror|Puzzle|Realistic,PASS,PASS,PASS,PASS,PENDING_EXTERNAL_CHECK
2579280,子归 - Blossom,糯米团子工作室,糯米团子工作室,0.6517,Depth,0.6197,0.7921,0.6174,0.5776,421,0.9002,Very Positive,"0 .. 20,000",10000.0,7.99,True,False,False,True,,Adventure|Indie|RPG,2D|Adventure|Atmospheric|Crime|Detective|Drama|Exploration|Horror|Indie|Mystery|Puzzle|RPG|Singleplayer|Story Rich|Visual Novel,PASS,PASS,PASS,PASS,PENDING_EXTERNAL_CHECK
2633640,Eyes: The Horror Game,Fearless Games,"QubicGames, Gamersky Games",0.6517,Low-cost option,0.5079,0.4783,0.8957,0.7249,256,0.918,Very Positive,"20,000 .. 50,000",35000.0,4.99,False,False,False,True,2024,Adventure,3D|Adventure|Dark|Demons|Exploration|First-Person|Horror|Interactive Fiction|Multiplayer|Narration|Puzzle|Quick-Time Events|Simulation|Singleplayer|Stealth,PASS,PASS,PASS,PASS,PENDING_EXTERNAL_CHECK
2389240,G.O.P.O.T.A,"VD Games, PropilGames",VD Games,0.6517,Anchor,0.8227,0.4783,0.3479,0.9579,1440,0.8215,Very Positive,"20,000 .. 50,000",35000.0,0.99,True,False,False,True,2023,Action|Adventure|Casual|Indie|RPG|Racing|Simulation|Sports|Strategy,3D|Adventure|Casual|Choose Your Own Adventure|Dark Humor|Exploration|First-Person|Funny|Indie|Life Sim|Memes|Perma Death|Psychological|Realistic|Relaxing,PASS,PASS,PASS,PASS,PENDING_EXTERNAL_CHECK
759940,前程似锦 Excellent Expectations,内购人生PABL,内购人生PABL,0.6517,Low-cost option,0.7659,0.4783,0.5155,0.8471,953,0.8604,Very Positive,"20,000 .. 50,000",35000.0,2.99,True,False,False,True,2017,Indie,Anime|Casual|Dark Humor|Detective|Funny|Indie|Puzzle|Satire|Simulation|Singleplayer|Story Rich|Word Game,PASS,PASS,PASS,PASS,PENDING_EXTERNAL_CHECK
2532550,LIZARDS MUST DIE,the Bratans,"Smola Game Studio, Agafonoff",0.6516,Anchor,0.9975,0.0215,0.6883,0.8992,25278,0.9683,Overwhelmingly Positive,"500,000 .. 1,000,000",750000.0,1.99,True,True,True,True,2023,Action|Adventure|Indie|Massively Multiplayer,3D|Action|Action RPG|Action-Adventure|Atmospheric|Cinematic|Difficult|Fantasy|Female Protagonist|Hack and Slash|Historical|Idler|Open World|RPG|Realistic,PASS,PASS,PASS,PASS,PENDING_EXTERNAL_CHECK
1120360,At Home Alone II,阿正不经,0Cube,0.6516,Low-cost option,0.4656,0.4783,0.7634,0.8992,215,0.8744,Very Positive,"20,000 .. 50,000",35000.0,1.99,True,False,False,True,2019,Adventure|Casual|Indie|RPG|Simulation|Strategy,Adventure|Anime|Casual|Cute|Dungeon Crawler|Female Protagonist|Free to Play|Gore|Horror|Indie|Interactive Fiction|JRPG|LGBTQ+|Pixel Graphics|Psychological Horror,PASS,PASS,PASS,PASS,PENDING_EXTERNAL_CHECK
2813380,Mega Quiz Gaming,HeyNau,HeyNau,0.6516,Low-cost option,0.3249,0.7921,0.5901,0.8992,127,0.8504,Very Positive,"0 .. 20,000",10000.0,1.99,True,True,True,True,2024,Casual|Indie,Casual|Co-op|Collectathon|Idler|Indie|Minimalist|Multiplayer|Online Co-Op|Singleplayer|Trivia|Typing|Word Game,PASS,PASS,PASS,PASS,PENDING_EXTERNAL_CHECK
1033080,Letters - a written adventure,5am Games GmbH,"5am Games GmbH, PID Games",0.6513,Low-cost option,0.4542,0.4783,0.8542,0.8187,206,0.9223,Very Positive,"20,000 .. 50,000",35000.0,3.74,True,False,False,True,2022,Adventure|Indie,Adventure|Atmospheric|Casual|Choices Matter|Colorful|Cute|Dynamic Narration|Family Friendly|Female Protagonist|Funny|Hand-drawn|Indie|Multiple Endings|Pixel Graphics|Puzzle,PASS,PASS,PASS,PASS,PENDING_EXTERNAL_CHECK
7830,Men of War™,"Best Way, Digitalmindsoft",Fulqrum Publishing,0.6513,Anchor,0.9136,0.0215,0.945,0.7249,3473,0.8998,Very Positive,"500,000 .. 1,000,000",750000.0,4.99,False,False,True,True,2009,Strategy,Action|Co-op|Historical|Level Editor|Military|Mod|Moddable|Multiplayer|RTS|Real Time Tactics|Real-Time|Realistic|Sandbox|Shooter|Simulation,PASS,PASS,PASS,PASS,PENDING_EXTERNAL_CHECK
1301010,World Racing 2 - Champion Edition,Synetic GmbH,UniqueGames Publishing GmbH,0.6512,Low-cost option,0.4977,0.7921,0.5903,0.7249,245,0.8816,Very Positive,"0 .. 20,000",10000.0,4.99,True,False,True,True,2022,Action|Adventure|Indie|Racing|Simulation|Sports,3D|3D Vision|Action|Adventure|Arcade|Automobile Sim|Beat 'em up|Difficult|Driving|Immersive Sim|Multiplayer|Old School|Open World|Racing|Realistic,PASS,PASS,PASS,PASS,PENDING_EXTERNAL_CHECK
1644490,Occult,Renderise,Renderise,0.6512,Anchor,0.8511,0.1884,0.8405,0.7249,1840,0.7272,Mostly Positive,"100,000 .. 200,000",150000.0,4.99,True,True,True,True,2022,Action|Adventure|Indie|Massively Multiplayer,3D|Action|Adventure|Atmospheric|Co-op|Dark|Early Access|First-Person|Horror|Indie|Massively Multiplayer|Multiplayer|Multiple Endings|Mystery|Online Co-Op,PASS,PASS,PASS,PASS,PENDING_EXTERNAL_CHECK
1737690,Yacht Dice,GoodOldMan Studio,GoodOldMan Studio,0.6512,Low-cost option,0.5117,0.4783,0.657,0.9579,260,0.7962,Mostly Positive,"20,000 .. 50,000",35000.0,0.99,True,True,True,True,2021,Casual|Indie|Simulation|Strategy,3D|Board Game|Casual|Colorful|Funny|Indie|Multiplayer|Physics|PvP|Relaxing|Simulation|Strategy|Stylized|Tabletop|Turn-Based Strategy,PASS,PASS,PASS,PASS,PENDING_EXTERNAL_CHECK
1579380,Shadow Tactics: Aiko's Choice,Mimimi Games,Daedalic Entertainment,0.6512,Anchor,0.9286,0.09,0.8612,0.7249,4158,0.9343,Very Positive,"200,000 .. 500,000",350000.0,4.99,True,False,False,True,2021,Indie|Strategy,Action|Adventure|Assassin|Atmospheric|Building|Difficult|Historical|Indie|Isometric|Military|Ninja|Puzzle|RTS|Real Time Tactics|Singleplayer,PASS,PASS,PASS,PASS,PENDING_EXTERNAL_CHECK
2867510,Wishful Journey:Love Across Time,Hillhouse Holdings Limited,Hillhouse Holdings Limited,0.6512,Depth,0.6571,0.7921,0.6803,0.4752,506,0.9071,Very Positive,"0 .. 20,000",10000.0,9.99,True,False,False,True,2024,Casual|Indie|RPG|Simulation,Alternate History|CRPG|Choices Matter|Cinematic|Clicker|Cute|Dating Sim|Drama|FMV|Historical|Immersive Sim|Life Sim|Linear|Multiple Endings|RPG,PASS,PASS,PASS,PASS,PENDING_EXTERNAL_CHECK
819030,STEINS;GATE ELITE,MAGES. Inc.,"Spike Chunsoft Co., Ltd.",0.6511,Anchor,0.8117,0.4783,0.9251,0.3892,1326,0.9186,Very Positive,"20,000 .. 50,000",35000.0,11.99,False,False,False,True,2019,Adventure,Adventure|Anime|Choices Matter|Drama|Gore|Great Soundtrack|Multiple Endings|Mystery|Psychological Horror|Remake|Romance|Sci-fi|Science|Singleplayer|Story Rich,PASS,PASS,PASS,PASS,PENDING_EXTERNAL_CHECK
585180,Open Sorcery,Abigail Corfman,Open Sorcery Games,0.6511,Low-cost option,0.57,0.7921,0.4429,0.7993,337,0.9792,Very Positive,"0 .. 20,000",10000.0,3.99,True,False,False,True,2017,Adventure|Indie|RPG,Adventure|Choices Matter|Female Protagonist|Indie|Interactive Fiction|LGBTQ+|Multiple Endings|Programming|RPG|Singleplayer|Text-Based,PASS,PASS,PASS,PASS,PENDING_EXTERNAL_CHECK
1604240,Sumotori Dreams Classic,Peter Soltesz,Gravitysensation,0.6511,Low-cost option,0.4794,0.7921,0.6079,0.7249,227,0.978,Very Positive,"0 .. 20,000",10000.0,4.99,False,False,True,True,2021,Sports,3D|3D Fighter|Colorful|Comedy|Cute|Family Friendly|Fantasy|Flight|Funny|Martial Arts|Multiplayer|Physics|Psychological Horror|PvP|Singleplayer,PASS,PASS,PASS,PASS,PENDING_EXTERNAL_CHECK
2225530,Drawing From Memory,"Lekker spelen, Kud","Lekker spelen, Kud",0.6508,Low-cost option,0.4426,0.7921,0.5216,0.8471,197,0.9289,Very Positive,"0 .. 20,000",10000.0,2.99,True,False,True,False,2023,Casual|Indie,2D|Anime|Board Game|Cartoony|Casual|Colorful|Comedy|Comic Book|Crafting|Cute|Design & Illustration|Fantasy|Funny|Hand-drawn|Multiplayer,PASS,PASS,PASS,PASS,PENDING_EXTERNAL_CHECK
1300600,Blind Drive,Lo-Fi People,Lo-Fi People,0.6507,Depth,0.5437,0.7921,0.792,0.4752,298,0.9664,Very Positive,"0 .. 20,000",10000.0,9.99,True,False,False,True,2021,Action|Indie,Action|Action-Adventure|Arcade|Atmospheric|Automobile Sim|Dark Humor|Driving|Experimental|Fast-Paced|Funny|Immersive|Indie|Minimalist|Narration|Racing,PASS,PASS,PASS,PASS,PENDING_EXTERNAL_CHECK
330020,Children of Morta,Dead Mage,11 bit studios,0.6507,Anchor,0.9951,0.0215,0.9496,0.6366,19988,0.89,Very Positive,"500,000 .. 1,000,000",750000.0,6.59,True,True,True,True,2019,Action|Adventure|Indie|RPG,2D|Action|Action RPG|Action Roguelike|Action-Adventure|Co-op|Dungeon Crawler|Fantasy|Hack and Slash|Isometric|Local Co-Op|Multiplayer|Online Co-Op|Pixel Graphics|Procedural Generation,PASS,PASS,PASS,PASS,PENDING_EXTERNAL_CHECK
866140,Arise: A Simple Story,Piccolo Studio,Untold Tales,0.6507,Anchor,0.8627,0.1884,0.7523,0.7993,2046,0.9174,Very Positive,"100,000 .. 200,000",150000.0,3.99,True,True,True,True,2020,Adventure|Indie,3D Platformer|Adventure|Colorful|Cute|Drama|Emotional|Exploration|Family Friendly|Indie|Local Co-Op|Narration|Nature|Platformer|Puzzle Platformer|Relaxing,PASS,PASS,PASS,PASS,PENDING_EXTERNAL_CHECK
242940,Anachronox,,Square Enix,0.6507,Low-cost option,0.6784,0.09,0.8519,0.9824,564,0.7465,Mostly Positive,"200,000 .. 500,000",350000.0,0.97,False,False,False,True,2013,RPG,Adventure|Atmospheric|Classic|Comedy|Cult Classic|Cyberpunk|Funny|Great Soundtrack|JRPG|RPG|Sci-fi|Singleplayer|Story Rich|Third Person|Turn-Based,PASS,PASS,PASS,PASS,PENDING_EXTERNAL_CHECK
1305080,GearBlocks,SmashHammer Games,SmashHammer Games,0.6506,Depth,0.6123,0.7921,0.8996,0.2985,409,0.9095,Very Positive,"0 .. 20,000",10000.0,14.99,True,False,False,True,2023,Early Access|Indie|Simulation,3D|Action|Asynchronous Multiplayer|Automobile Sim|Building|Destruction|Driving|Early Access|First-Person|Immersive Sim|Indie|Moddable|Multiplayer|Open World|Physics,PASS,PASS,PASS,PASS,PENDING_EXTERNAL_CHECK
314980,Supreme Ruler Ultimate,BattleGoat Studios,BattleGoat Studios,0.6505,Anchor,0.7991,0.1884,0.8898,0.7249,1208,0.7682,Mostly Positive,"100,000 .. 200,000",150000.0,4.99,True,False,True,True,2014,Indie|Simulation|Strategy,Alternate History|Cold War|Grand Strategy|Historical|Military|Modern|Multiplayer|Political Sim|Politics|RTS|Real-Time with Pause|Sandbox|Simulation|Singleplayer|Strategy,PASS,PASS,PASS,PASS,PENDING_EXTERNAL_CHECK
1304770,The Magister,Nerdook Productions,Digerati,0.6505,Low-cost option,0.286,0.7921,0.5986,0.9255,112,0.9286,Very Positive,"0 .. 20,000",10000.0,1.49,True,False,False,True,2021,Action|Adventure|Indie|RPG,2D|Action|Adventure|Card Battler|Card Game|Character Customization|Conversation|Deckbuilding|Dungeon Crawler|Fantasy|Magic|Mystery|RPG|Singleplayer|Strategy,PASS,PASS,PASS,PASS,PENDING_EXTERNAL_CHECK
1269020,No Plan B,GFX47,GFX47,0.6504,Depth,0.7104,0.7921,0.8008,0.2985,677,0.8789,Very Positive,"0 .. 20,000",10000.0,14.99,True,False,False,True,2024,Action|Indie|Simulation|Strategy,Action|Character Customization|Difficult|Gun Customization|Indie|Level Editor|Military|Moddable|Procedural Generation|Real Time Tactics|Simulation|Singleplayer|Strategy|Tactical|Time Manipulation,PASS,PASS,PASS,PASS,PENDING_EXTERNAL_CHECK
2139020,What the Fog,Behaviour Interactive Inc.,Behaviour Interactive Inc.,0.6504,Anchor,0.8506,0.1884,0.8376,0.7249,1834,0.7694,Mostly Positive,"100,000 .. 200,000",150000.0,4.99,False,True,True,True,2024,Action,3D|3D Platformer|Action|Action Roguelike|Cartoony|Co-op|Combat|Cute|Fantasy|Magic|Multiplayer|Online Co-Op|Procedural Generation|PvE|Replay Value,PASS,PASS,PASS,PASS,PENDING_EXTERNAL_CHECK
973220,SiNKR 2,Robert Wahler,Wahler Digital,0.6502,Low-cost option,0.4931,0.7921,0.5163,0.7993,241,0.9544,Very Positive,"0 .. 20,000",10000.0,3.99,True,False,False,True,2019,Casual|Indie|Strategy,Abstract|Atmospheric|Casual|Difficult|Great Soundtrack|Indie|Minimalist|Puzzle|Relaxing|Strategy|Stylized|Touch-Friendly|Turn-Based,PASS,PASS,PASS,PASS,PENDING_EXTERNAL_CHECK
2680680,outside the door,basandaika games,basandaika games,0.6501,Low-cost option,0.4781,0.7921,0.3995,0.9305,226,0.9513,Very Positive,"0 .. 20,000",10000.0,1.19,True,False,False,True,2024,Casual|Indie,Anime|Casual|Choices Matter|Conversation|Female Protagonist|Horror|Indie|Multiple Endings|Mystery|Pixel Graphics|Psychological|Psychological Horror|Singleplayer|Surreal|Text-Based,PASS,PASS,PASS,PASS,PENDING_EXTERNAL_CHECK
781180,Technicity,Osaris Games, RockGame S.A.,0.65,Low-cost option,0.4324,0.4783,0.9104,0.7791,189,0.7937,Mostly Positive,"20,000 .. 50,000",35000.0,4.49,True,True,True,True,2022,Indie|Simulation|Strategy,3D|Automation|Building|City Builder|Co-op|Crafting|Economy|Exploration|First-Person|Flight|Modern|Multiplayer|Online Co-Op|Open World|Realistic,PASS,PASS,PASS,PASS,PENDING_EXTERNAL_CHECK
222440,THE KING OF FIGHTERS 2002 UNLIMITED MATCH,"SNK CORPORATION, Code Mystics",SNK CORPORATION,0.65,Anchor,0.9332,0.09,0.7581,0.8187,4374,0.9454,Very Positive,"200,000 .. 500,000",350000.0,3.74,False,True,True,True,2015,Action,2D|2D Fighter|Action|Anime|Arcade|Classic|Competitive|Fighting|Great Soundtrack|Local Multiplayer|Multiplayer|Pixel Graphics,PASS,PASS,PASS,PASS,PENDING_EXTERNAL_CHECK
1234620,Tinker Racers,Rumbora Party Games,Rumbora Party Games,0.6499,Low-cost option,0.4822,0.3062,0.8533,0.9579,230,0.8,Very Positive,"50,000 .. 100,000",75000.0,0.99,True,True,True,True,2020,Indie|Racing,4 Player Local|Arcade|Cartoony|Co-op Campaign|Combat Racing|Cute|Family Friendly|Funny|Indie|Local Co-Op|Local Multiplayer|Multiplayer|Old School|Party Game|PvE,PASS,PASS,PASS,PASS,PENDING_EXTERNAL_CHECK
1026130,STAB STAB STAB!,Sbug Games,Sbug Games,0.6498,Low-cost option,0.2354,0.7921,0.8467,0.7249,96,0.8646,Very Positive,"0 .. 20,000",10000.0,4.99,True,True,True,True,2019,Action|Casual|Indie,2D|2D Fighter|4 Player Local|Action|Casual|Comedy|Competitive|Controller|Fast-Paced|Fighting|Funny|Gore|Horror|Indie|Local Multiplayer,PASS,PASS,PASS,PASS,PENDING_EXTERNAL_CHECK
2096080,Agent in Depth,"Naturepixel Studios, SkyBrave",Next in Game,0.6493,Low-cost option,0.3947,0.7921,0.5634,0.8471,162,0.8395,Very Positive,"0 .. 20,000",10000.0,2.99,True,False,False,True,2024,Action|Casual|Indie,2D Platformer|Action|Action RTS|Beat 'em up|Casual|Cyberpunk|Difficult|Hack and Slash|Hero Shooter|Indie|Ninja|Pixel Graphics|Quick-Time Events|Shoot 'Em Up|Short,PASS,PASS,PASS,PASS,PENDING_EXTERNAL_CHECK
1958600,Barro F22,SC Jogos,SC Jogos,0.6493,Low-cost option,0.5905,0.3062,0.7046,0.9957,371,0.8652,Very Positive,"50,000 .. 100,000",75000.0,0.49,True,False,True,True,2022,Casual|Indie|Racing,4 Player Local|Action|Adventure|Arcade|Automobile Sim|Casual|Driving|Immersive Sim|Indie|Local Co-Op|Local Multiplayer|Multiplayer|PvP|Racing|Sequel,PASS,PASS,PASS,PASS,PENDING_EXTERNAL_CHECK
1176020,Rampage Miami,RewindApp,RewindApp,0.6492,Low-cost option,0.4324,0.7921,0.4731,0.8992,189,0.8836,Very Positive,"0 .. 20,000",10000.0,1.99,True,False,False,True,2019,Action|Indie,1980s|Action|Addictive|Arcade|Atmospheric|Character Action Game|Fast-Paced|Futuristic|Great Soundtrack|Indie|Music|Pixel Graphics|Psychedelic|Retro|Shooter,PASS,PASS,PASS,PASS,PENDING_EXTERNAL_CHECK
403700,Zero Punctuation: Hatfall - Hatters Gonna Hat Edition,"Ben 'Yahtzee' Croshaw, Collected Worlds","Addicting Games, Defy Media, LLC",0.6492,Low-cost option,0.5423,0.7921,0.5374,0.7249,296,0.8547,Very Positive,"0 .. 20,000",10000.0,4.99,False,False,False,True,2015,Action,Action|Comedy|Funny|Memes|Singleplayer,PASS,PASS,PASS,PASS,PENDING_EXTERNAL_CHECK
1710170,Blade of Darkness,"Rebel Act Studios, Fire Falcom, General Arcade",SNEG,0.649,Anchor,0.8677,0.1884,0.8851,0.6546,2126,0.9139,Very Positive,"100,000 .. 200,000",150000.0,5.99,False,False,False,True,2021,Action|RPG,Action|Action RPG|Action-Adventure|Atmospheric|Combat|Dark|Dark Fantasy|Difficult|Fantasy|Gore|Hack and Slash|Lore-Rich|Moddable|Narration|RPG,PASS,PASS,PASS,PASS,PENDING_EXTERNAL_CHECK
1833040,晴末置雨,置雨制作组,"龍之咲, WindField Games",0.6487,Low-cost option,0.5575,0.4783,0.6597,0.8992,318,0.7547,Mostly Positive,"20,000 .. 50,000",35000.0,1.99,True,False,False,True,2022,Casual|Indie,2D|2D Platformer|Adventure|Anime|Atmospheric|Casual|Choices Matter|Drama|Emotional|Female Protagonist|Indie|LGBTQ+|Multiple Endings|Otome|Simulation,PASS,PASS,PASS,PASS,PENDING_EXTERNAL_CHECK
1800790,Father's Day,EMIKA_GAMES,EMIKA_GAMES,0.6485,Depth,0.7577,0.4783,0.7406,0.6174,900,0.8711,Very Positive,"20,000 .. 50,000",35000.0,6.99,True,False,False,True,2022,Indie|Simulation,3D|3D Platformer|Atmospheric|Cinematic|Dark|Exploration|First-Person|Horror|Indie|Linear|Mystery|Psychological|Psychological Horror|Realistic|Retro,PASS,PASS,PASS,PASS,PENDING_EXTERNAL_CHECK
2113040,RUNGORE,"YOUR_MOM'S_HP, RavenJm","GrabTheGames, Gamera Games, UpgradePoint",0.6485,Depth,0.6939,0.7921,0.8095,0.2985,616,0.8734,Very Positive,"0 .. 20,000",10000.0,14.99,True,False,False,True,2024,Indie|RPG|Strategy,2D|Beat 'em up|Card Battler|Card Game|Class-Based|Dark Humor|Deckbuilding|Difficult|Indie|Pixel Graphics|RPG|Real Time Tactics|Replay Value|Roguelike|Roguelike Deckbuilder,PASS,PASS,PASS,PASS,PENDING_EXTERNAL_CHECK
770490,Death in the Water,Lighthouse Games Studio,Lighthouse Games Studio,0.6485,Low-cost option,0.4861,0.4783,0.7823,0.8471,234,0.7308,Mostly Positive,"20,000 .. 50,000",35000.0,2.99,True,False,False,True,2019,Action|Indie|Simulation,3D|6DOF|Action|Arcade|Cinematic|FPS|First-Person|Gore|Horror|Hunting|Indie|Multiplayer|PvE|Simulation|Singleplayer,PASS,PASS,PASS,PASS,PENDING_EXTERNAL_CHECK
1012840,Moons of Madness,Rock Pocket Games,Funcom,0.6483,Anchor,0.8891,0.1884,0.918,0.5978,2612,0.7737,Mostly Positive,"100,000 .. 200,000",150000.0,7.49,False,False,False,True,2019,Adventure,Adventure|Alternate History|Atmospheric|Exploration|First-Person|Horror|Indie|Lovecraftian|Mars|Mystery|Psychological|Psychological Horror|Puzzle|Sci-fi|Science,PASS,PASS,PASS,PASS,PENDING_EXTERNAL_CHECK
2840480,FLATHEAD,Tim Oxton,DreadXP,0.6483,Low-cost option,0.5148,0.4783,0.701,0.8992,264,0.947,Very Positive,"20,000 .. 50,000",35000.0,1.99,True,False,False,True,2024,Adventure|Indie,Adventure|Aliens|Alternate History|Atmospheric|Board Game|First-Person|Horror|Lore-Rich|Lovecraftian|Multiple Endings|Psychological|Psychological Horror|Puzzle|Realistic|Roguelike,PASS,PASS,PASS,PASS,PENDING_EXTERNAL_CHECK
2734450,Folie Fatale,Kanmidoko (神海処),346lab Localization,0.6483,Anchor,0.8146,0.3062,0.8177,0.6546,1354,0.9003,Very Positive,"50,000 .. 100,000",75000.0,5.99,True,False,False,True,2024,Adventure|Indie|Simulation,2D|Adventure|Anime|Atmospheric|Choices Matter|Choose Your Own Adventure|Dating Sim|Drama|Female Protagonist|Gore|Indie|Multiple Endings|Mystery|Otome|Psychological Horror,PASS,PASS,PASS,PASS,PENDING_EXTERNAL_CHECK
1985420,This is a Ghost,Nuci,Nuci,0.6482,Depth,0.622,0.7921,0.8802,0.2985,426,0.9061,Very Positive,"0 .. 20,000",10000.0,14.99,True,True,True,True,2024,Action|Casual|Indie,3D|Action|Co-op|Dark|Demons|Detective|First-Person|Horror|Investigation|Multiplayer|Mystery|Online Co-Op|Psychological Horror|Realistic|Replay Value,PASS,PASS,PASS,PASS,PENDING_EXTERNAL_CHECK
1924170,TT Isle Of Man: Ride on the Edge 3,Raceward Studio,Nacon,0.6481,Depth,0.6542,0.7921,0.9835,0.1624,499,0.7475,Mostly Positive,"0 .. 20,000",10000.0,19.99,False,False,True,True,2023,Racing|Simulation|Sports,Action|Artificial Intelligence|Atmospheric|Automobile Sim|Driving|Exploration|First-Person|Motorbike|Multiplayer|Physics|Racing|Realistic|Simulation|Singleplayer|Sports,PASS,PASS,PASS,PASS,PENDING_EXTERNAL_CHECK
1909220,Movie Quest,MrSpartano,Technologies&amp;amp;Simulators,0.648,Low-cost option,0.1661,0.7921,0.7345,0.8992,78,0.9103,Very Positive,"0 .. 20,000",10000.0,1.99,True,True,True,False,2022,Action|Adventure|Casual|Early Access|Indie|Massively Multiplayer|RPG|Racing|Simulation|Sports|Strategy,3D|Adventure|Arcade|Casual|Comedy|Dating Sim|Early Access|First-Person|Funny|Immersive Sim|Indie|Life Sim|Massively Multiplayer|Movie|Multiplayer,PASS,PASS,PASS,PASS,PENDING_EXTERNAL_CHECK
1164050,When The Past Was Around,Mojiken,Toge Productions,0.648,Anchor,0.9217,0.4783,0.6143,0.5776,3798,0.9552,Overwhelmingly Positive,"20,000 .. 50,000",35000.0,7.99,True,False,False,True,2020,Adventure|Casual|Indie,2D|Abstract|Atmospheric|Casual|Colorful|Cute|Female Protagonist|Hand-drawn|Hidden Object|Interactive Fiction|Music|Philosophical|Point & Click|Puzzle|Relaxing,PASS,PASS,PASS,PASS,PENDING_EXTERNAL_CHECK
1100990,Aimbeast,Focusd IO,Focusd IO,0.6478,Anchor,0.8517,0.1884,0.8795,0.6717,1848,0.928,Very Positive,"100,000 .. 200,000",150000.0,5.59,False,False,True,True,2020,Action,3D|Action|Controller|FPS|First-Person|Indie|Level Editor|Moddable|Multiplayer|PvE|PvP|Sandbox|Shooter|Simulation|Singleplayer,PASS,PASS,PASS,PASS,PENDING_EXTERNAL_CHECK
2902540,KUNKUN Defender,Seal,Seal,0.6477,Low-cost option,0.7129,0.7921,0.2386,0.8471,687,0.9767,Overwhelmingly Positive,"0 .. 20,000",10000.0,2.99,False,False,False,True,2024,Action,3D|Action|Action Roguelike|Arcade|Clicker|FPS|Hero Shooter|Horror|Idler|Psychological Horror|Roguelike|Shoot 'Em Up|Shooter|Singleplayer|Survival,PASS,PASS,PASS,PASS,PENDING_EXTERNAL_CHECK
604010,Chimpology,"themorfeus, Junkhive",Junkhive,0.6476,Low-cost option,0.2776,0.7921,0.6215,0.8992,109,0.8716,Very Positive,"0 .. 20,000",10000.0,1.99,True,True,True,True,2017,Casual|Indie|Simulation,2D|Abstract|Arcade|Capitalism|Casual|Cute|Dystopian|Family Friendly|Funny|Horror|Minimalist|Parody|Pixel Graphics|Psychedelic|Psychological Horror,PASS,PASS,PASS,PASS,PENDING_EXTERNAL_CHECK
647740,Airmen,Airborne Games,Airborne Games,0.6474,Depth,0.5764,0.7921,0.9229,0.2985,348,0.7902,Mostly Positive,"0 .. 20,000",10000.0,14.99,True,True,True,True,2017,Action|Indie|Massively Multiplayer|Strategy,Action|Base Building|Building|Co-op|Crafting|FPS|First-Person|Flight|Indie|Multiplayer|Online Co-Op|Open World|PvE|PvP|Sandbox,PASS,PASS,PASS,PASS,PENDING_EXTERNAL_CHECK
2022090,HeatStroke,"Talia bob Mair, Matt Garnett, Braden Banning",ItsTheTalia,0.6474,Low-cost option,0.3857,0.7921,0.5128,0.8992,157,0.9363,Very Positive,"0 .. 20,000",10000.0,1.99,True,False,False,True,2022,Indie|Simulation,1990's|2.5D|2D|America|Atmospheric|Automobile Sim|Colorful|Driving|Education|Offroad|Philosophical|Pixel Graphics|Psychedelic|Relaxing|Simulation,PASS,PASS,PASS,PASS,PENDING_EXTERNAL_CHECK
2027350,Wanderer,RentugNetic,DIOD GAMES,0.6474,Low-cost option,0.0621,0.7921,0.7372,0.9984,58,0.7586,Mostly Positive,"0 .. 20,000",10000.0,0.39,False,False,False,True,2022,Adventure,2D|2D Fighter|Action|Action Roguelike|Adventure|Atmospheric|Beat 'em up|Cats|Combat|Dungeon Crawler|Fighting|Indie|Metroidvania|Pixel Graphics|Roguelike,PASS,PASS,PASS,PASS,PENDING_EXTERNAL_CHECK
2000540,Chance at Life,Back to Games,Back to Games,0.6474,Low-cost option,0.0555,0.7921,0.7462,0.9957,57,0.7193,Mostly Positive,"0 .. 20,000",10000.0,0.49,True,False,False,True,2022,Indie|Simulation,Atmospheric|Dark|Exploration|First-Person|Hidden Object|Horror|Indie|Multiple Endings|Psychedelic|Psychological Horror|Puzzle|Simulation|Singleplayer|Story Rich|Supernatural,PASS,PASS,PASS,PASS,PENDING_EXTERNAL_CHECK
2865580,Let's Minesweeper,SUNJOY GAME,SUNJOY GAME,0.6473,Low-cost option,0.6129,0.4783,0.7732,0.7249,410,0.7805,Mostly Positive,"20,000 .. 50,000",35000.0,4.99,False,True,True,True,2024,Casual,2D|Casual|Clicker|Co-op|Funny|Hidden Object|Indie|Logic|Multiplayer|Online Co-Op|Pixel Graphics|Point & Click|Puzzle|Relaxing|Score Attack,PASS,PASS,PASS,PASS,PENDING_EXTERNAL_CHECK
787040,Perfect Heist,yeswecamp,yeswecamp,0.6473,Low-cost option,0.6505,0.4783,0.7354,0.7249,491,0.723,Mostly Positive,"20,000 .. 50,000",35000.0,4.99,True,True,True,True,2018,Action|Adventure|Casual|Indie|Strategy,3D|Action|Cartoon|Cartoony|Casual|Crime|Early Access|FPS|First-Person|Heist|Indie|Multiplayer|Outbreak Sim|Real Time Tactics|Shooter,PASS,PASS,PASS,PASS,PENDING_EXTERNAL_CHECK
1706570,Chupacabras: Night Hunt,MrFatcat,MrFatcat,0.6473,Low-cost option,0.3604,0.7921,0.5895,0.8471,144,0.7361,Mostly Positive,"0 .. 20,000",10000.0,2.99,True,True,True,True,2021,Action|Indie,3D|Action|Action-Adventure|Adventure|Atmospheric|Co-op|Demons|Exploration|FPS|Horror|Indie|Multiplayer|Mystery|Online Co-Op|PvP,PASS,PASS,PASS,PASS,PENDING_EXTERNAL_CHECK
1647250,KUUKIYOMI 3: Consider It More and More!! - Father to Son,G-MODE,G-MODE,0.6471,Low-cost option,0.1618,0.7921,0.9095,0.7249,77,0.8442,Very Positive,"0 .. 20,000",10000.0,4.99,True,True,True,True,2021,Casual|Indie|Simulation,2D|Anime|Atmospheric|Cartoon|Casual|Co-op|Comedy|Comic Book|Cute|Funny|Hand-drawn|Indie|Local Co-Op|Local Multiplayer|Minigames,PASS,PASS,PASS,PASS,PENDING_EXTERNAL_CHECK
897820,Reigns: Game of Thrones,Nerial,"Devolver Digital, Big Fan Games",0.647,Low-cost option,0.7709,0.1884,0.8295,0.7993,987,0.7822,Mostly Positive,"100,000 .. 200,000",150000.0,3.99,True,False,False,True,2018,Adventure|Indie|RPG,2D|Adventure|Card Game|Choices Matter|Choose Your Own Adventure|Comedy|Cute|Dark Comedy|Dark Humor|Difficult|Funny|Great Soundtrack|Indie|Medieval|Minimalist,PASS,PASS,PASS,PASS,PENDING_EXTERNAL_CHECK
1608640,OTXO,Lateralis Heavy Industries,Super Rare Originals,0.647,Anchor,0.9019,0.1884,0.9001,0.5978,2981,0.9322,Very Positive,"100,000 .. 200,000",150000.0,7.49,False,False,False,True,2023,Action|Simulation,Action|Action Roguelike|Blood|Bullet Time|Combat|Controller|Fast-Paced|Great Soundtrack|Mystery|Noir|Roguelike|Roguelite|Shoot 'Em Up|Shooter|Simulation,PASS,PASS,PASS,PASS,PENDING_EXTERNAL_CHECK
650330,Sanator: Scarlet Scarf,Ignis Sanat,Ignis Sanat,0.647,Depth,0.63,0.7921,0.6908,0.4752,445,0.8966,Very Positive,"0 .. 20,000",10000.0,9.99,True,False,False,True,2019,Adventure|Indie,2D|Adventure|Anime|Atmospheric|Choices Matter|Choose Your Own Adventure|Dark|Dark Fantasy|Emotional|Fantasy|Gore|Hand-drawn|Horror|Lore-Rich|Mystery,PASS,PASS,PASS,PASS,PENDING_EXTERNAL_CHECK
1367320,Close Combat: Cross of Iron,Strategy 3 Tactics,Slitherine Ltd.,0.6468,Depth,0.3407,0.7921,0.8769,0.5776,134,0.8134,Very Positive,"0 .. 20,000",10000.0,7.99,False,False,True,True,2020,Simulation|Strategy,2D|Artificial Intelligence|Combat|Fighting|Military|Multiplayer|PvP|RTS|Real Time Tactics|Simulation|Singleplayer|Strategy|Tactical|Wargame|World War II,PASS,PASS,PASS,PASS,PENDING_EXTERNAL_CHECK
2627570,Goofy Gorillas,Liam Bradbury,Liam Bradbury,0.6468,Depth,0.3604,0.7921,0.857,0.5776,144,0.8611,Very Positive,"0 .. 20,000",10000.0,7.99,True,True,True,True,2023,Action|Casual|Indie,3D Platformer|Action|Casual|Character Customization|Combat|First-Person|Funny|Multiplayer|Nostalgia|Online Co-Op|Parkour|Parody|Physics|PvP|Relaxing,PASS,PASS,PASS,PASS,PENDING_EXTERNAL_CHECK
2231900,Fateweaver: The Alchemist's Quandary,Randumb Studios,Randumb Studios,0.6467,Low-cost option,0.2034,0.7921,0.7443,0.8471,87,0.977,Very Positive,"0 .. 20,000",10000.0,2.99,True,False,False,True,2023,Adventure|Casual|Indie|RPG|Simulation,Anime|Choices Matter|Choose Your Own Adventure|Detective|Fantasy|Horror|Immersive Sim|Interactive Fiction|Investigation|JRPG|LGBTQ+|Multiple Endings|Mystery|Psychological Horror|RPG,PASS,PASS,PASS,PASS,PENDING_EXTERNAL_CHECK
578870,MegaGlest,SoftCoder,Mega Glest Team,0.6467,Low-cost option,0.1285,0.7921,0.7084,0.9579,70,0.9143,Very Positive,"0 .. 20,000",10000.0,0.99,True,True,True,True,2017,Indie|Strategy,Indie|Multiplayer|RTS|Real-Time|Singleplayer|Strategy|Team-Based,PASS,PASS,PASS,PASS,PENDING_EXTERNAL_CHECK
740810,Pleasure Puzzle:Workshop 趣拼拼：拼图工坊,冷笑黑妖,冷笑黑妖,0.6466,Low-cost option,0.469,0.7921,0.3673,0.9579,218,0.8899,Very Positive,"0 .. 20,000",10000.0,0.99,True,False,False,True,2018,Casual|Indie|Simulation,2D|Anime|Cartoon|Cartoony|Casual|Cute|Family Friendly|Hidden Object|Indie|Life Sim|Memes|Music|Point & Click|Puzzle|Relaxing,PASS,PASS,PASS,PASS,PENDING_EXTERNAL_CHECK
2477140,Twilight Town: A Cyberpunk FPS,Sigyaad Team,Sigyaad Team,0.6465,Depth,0.3857,0.7921,0.8305,0.5776,157,0.9427,Very Positive,"0 .. 20,000",10000.0,7.99,False,False,False,True,2023,Action,Action|Anime|Atmospheric|Boomer Shooter|Colorful|Combat|Comedy|Cute|Cyberpunk|Dark|FPS|Female Protagonist|First-Person|Futuristic|Gore,PASS,PASS,PASS,PASS,PENDING_EXTERNAL_CHECK
1414800,Wet steps,Orika Nekoi,Moonworks,0.6465,Low-cost option,0.5252,0.4783,0.7352,0.8471,275,0.9309,Very Positive,"20,000 .. 50,000",35000.0,2.99,True,False,False,True,2020,Indie,2D|Adventure|Anime|Choices Matter|Comedy|Cute|Dating Sim|Demons|Fantasy|Funny|Horror|Multiple Endings|Mystery|Mythology|Narration,PASS,PASS,PASS,PASS,PENDING_EXTERNAL_CHECK
2927880,H.E.N.T.A.L.K.E.R.,Who We Are Games,Who We Are Games,0.6464,Low-cost option,0.4869,0.7921,0.3489,0.9579,235,0.7957,Mostly Positive,"0 .. 20,000",10000.0,0.99,True,False,False,True,2024,Action|Adventure|Casual|Indie,Action|Action Roguelike|Action-Adventure|Adventure|Anime|Arena Shooter|Atmospheric|Beat 'em up|Casual|Dark Humor|Hero Shooter|Memes|Open World|Psychological Horror|Roguelite,PASS,PASS,PASS,PASS,PENDING_EXTERNAL_CHECK
1156590,Morels: The Hunt,Abrams Studios,Abrams Studios,0.6461,Low-cost option,0.4712,0.7921,0.5219,0.7993,220,0.8682,Very Positive,"0 .. 20,000",10000.0,3.99,True,False,False,True,2019,Adventure|Casual|Indie|Simulation,3D|Adventure|Atmospheric|Casual|Collectathon|Controller|Exploration|Family Friendly|First-Person|Hidden Object|Hunting|Immersive|Nature|Open World|Realistic,PASS,PASS,PASS,PASS,PENDING_EXTERNAL_CHECK
2200190,[Chilla's Art] The Karaoke | ヒトカラ🎤,,,0.6461,Depth,0.6848,0.7921,0.4692,0.6383,585,0.8239,Very Positive,"0 .. 20,000",10000.0,6.1256,True,False,False,True,2023,Adventure|Indie,1990's|3D|Adventure|Atmospheric|Choices Matter|Conversation|Crime|Dark|Dark Fantasy|Female Protagonist|First-Person|Horror|Multiple Endings|Mystery|Psychological Horror,PASS,PASS,PASS,PASS,PENDING_EXTERNAL_CHECK
104600,Portal 2 - The Final Hours,Geoff Keighley,Geoff Keighley,0.646,Low-cost option,0.7337,0.09,0.8611,0.8992,779,0.7664,Mostly Positive,"200,000 .. 500,000",350000.0,1.99,False,False,False,True,2011,,Action|Adventure|Beautiful|Co-op|Documentary|Emotional|Feature Film|Game Development|Linear|Movie|Multiplayer|Online Co-Op|Puzzle|Short|Singleplayer,PASS,PASS,PASS,PASS,PENDING_EXTERNAL_CHECK
1177660,Escape the Ayuwoki,DeadlyCrow Games,DeadlyCrow Games,0.646,Depth,0.7675,0.4783,0.9329,0.4051,964,0.8112,Very Positive,"20,000 .. 50,000",35000.0,10.99,True,False,False,True,2019,Adventure|Indie,3D|Action|Action-Adventure|Adventure|Assassin|Atmospheric|Dark|Exploration|First-Person|Gore|Horror|Indie|Multiplayer|Mystery|Psychological Horror,PASS,PASS,PASS,PASS,PENDING_EXTERNAL_CHECK
1082180,TT Isle of Man: Ride on the Edge 2,KT Racing,Nacon,0.6459,Anchor,0.8177,0.1884,0.9797,0.5978,1379,0.8318,Very Positive,"100,000 .. 200,000",150000.0,7.49,False,False,True,True,2020,Action|RPG|Racing|Simulation|Sports,Action|Atmospheric|Automobile Sim|Co-op|Driving|Family Friendly|First-Person|Motorbike|Multiplayer|Physics|PvP|RPG|Racing|Realistic|Simulation,PASS,PASS,PASS,PASS,PENDING_EXTERNAL_CHECK
1968650,DesktopMMD4:Born to Dance,DesktopMMD Team,DesktopMMD Team,0.6459,Low-cost option,0.4724,0.7921,0.5198,0.7993,221,0.7964,Mostly Positive,"0 .. 20,000",10000.0,3.99,False,False,False,False,2022,Animation & Modeling|Audio Production|Casual|Simulation,3D Platformer|Animation & Modeling|Anime|Audio Production|Cartoony|Casual|Character Action Game|Character Customization|Cute|Funny|Music|Relaxing|Rhythm|Simulation,PASS,PASS,PASS,PASS,PENDING_EXTERNAL_CHECK
1851910,A Flicker of Light,饺子社,饺子社,0.6459,Low-cost option,0.349,0.7921,0.7174,0.7249,138,0.8551,Very Positive,"0 .. 20,000",10000.0,4.99,True,False,False,True,2022,Indie,Adventure|Anime|Drama|Dystopian|Indie|Multiplayer|Singleplayer|Story Rich|Visual Novel,PASS,PASS,PASS,PASS,PENDING_EXTERNAL_CHECK
949890,Physical Exorcism: Case 01,"Sounding Stone / 老奉毊, Meijin Zhu / 五月梅花落","Sounding Stone / 老奉毊, RMAsia",0.6458,Low-cost option,0.1873,0.7921,0.7568,0.8471,83,0.8193,Very Positive,"0 .. 20,000",10000.0,2.99,True,False,False,True,2018,Adventure|Casual|Indie|RPG,Adventure|Anime|Casual|Dark Humor|Funny|Horror|JRPG|LGBTQ+|Multiple Endings|Philosophical|Pixel Graphics|Psychological|RPG|RPGMaker|Retro,PASS,PASS,PASS,PASS,PENDING_EXTERNAL_CHECK
1555400,Gomoku Let's Go,Studio Amateur,"indienova, Studio Amateur",0.6458,Low-cost option,0.7359,0.1884,0.8118,0.8471,788,0.8871,Very Positive,"100,000 .. 200,000",150000.0,2.99,True,True,True,True,2021,Casual|Indie|Strategy,3D|3D Platformer|Atmospheric|Board Game|Card Game|Casual|Historical|Indie|Local Multiplayer|Multiplayer|Puzzle|PvP|Realistic|Singleplayer|Strategy,PASS,PASS,PASS,PASS,PENDING_EXTERNAL_CHECK
373770,LiEat,△○□× (Miwashiba),PLAYISM,0.6458,Anchor,0.933,0.09,0.713,0.8471,4365,0.9592,Overwhelmingly Positive,"200,000 .. 500,000",350000.0,2.99,True,False,False,True,2016,Indie|RPG,2D|Adventure|Anime|Casual|Colorful|Cute|Dragons|Drama|Fantasy|Female Protagonist|Indie|JRPG|Party-Based RPG|Pixel Graphics|Psychological Horror,PASS,PASS,PASS,PASS,PENDING_EXTERNAL_CHECK
1554600,Wife Quest,Pippin Games,Pippin Games,0.6458,Low-cost option,0.5289,0.7921,0.4151,0.8471,279,0.8244,Very Positive,"0 .. 20,000",10000.0,2.99,True,False,False,True,2021,Action|Adventure|Indie,2D|2D Platformer|Action|Adventure|Anime|Colorful|Combat|Cute|Fantasy|Female Protagonist|Funny|Indie|Linear|Magic|Pixel Graphics,PASS,PASS,PASS,PASS,PENDING_EXTERNAL_CHECK
814300,Pigeons Attack,Nixtor Game Studio,Nixtor Game Studio,0.6456,Low-cost option,0.4229,0.7921,0.6427,0.7249,181,0.9171,Very Positive,"0 .. 20,000",10000.0,4.99,True,True,True,True,2019,Action|Casual|Indie,Action|Casual|Funny|Indie|Local Co-Op|Memes|Multiplayer|Online Co-Op,PASS,PASS,PASS,PASS,PENDING_EXTERNAL_CHECK
456750,The Room Three,Fireproof Games,Fireproof Games,0.6456,Anchor,0.9815,0.09,0.856,0.6546,11347,0.9608,Overwhelmingly Positive,"200,000 .. 500,000",350000.0,5.99,True,False,False,True,2018,Adventure|Indie,3D|Adventure|Atmospheric|Casual|Dark|Escape Room|First-Person|Hidden Object|Horror|Indie|Lovecraftian|Multiplayer|Multiple Endings|Mystery|Point & Click,PASS,PASS,PASS,PASS,PENDING_EXTERNAL_CHECK
1190990,Colormeleons,Meleons,Meleons,0.6454,Low-cost option,0.1532,0.7921,0.6783,0.9579,75,0.88,Very Positive,"0 .. 20,000",10000.0,0.99,True,False,True,True,2020,Casual|Indie|Simulation|Strategy,2D|Atmospheric|Building|Casual|Comedy|Comic Book|Crafting|Dark Humor|Design & Illustration|Drama|Emotional|God Game|Hand-drawn|Idler|Indie,PASS,PASS,PASS,PASS,PENDING_EXTERNAL_CHECK
687850,Head Goal: Soccer Online,Unusualsoft,Unusualsoft,0.6453,Low-cost option,0.7331,0.1884,0.7018,0.9579,776,0.7938,Mostly Positive,"100,000 .. 200,000",150000.0,0.99,False,True,True,False,2017,Sports,2D|Action|Arcade|Co-op|Competitive|Family Friendly|Fast-Paced|Football (Soccer)|Funny|Indie|Multiplayer|Online Co-Op|Physics|PvP|Real-Time,PASS,PASS,PASS,PASS,PENDING_EXTERNAL_CHECK
2644470,PICO PARK 2,"TECOPARK, Gemdrops, Inc.",TECOPARK,0.6452,Anchor,0.7854,0.3062,0.9396,0.5498,1094,0.8519,Very Positive,"50,000 .. 100,000",75000.0,8.99,False,True,True,False,2024,Action|Casual,Action|Casual|Co-op|Cute|Family Friendly|Funny|Horror|Local Co-Op|Local Multiplayer|Multiplayer|Online Co-Op|Pixel Graphics|Platformer|Psychological Horror|Retro,PASS,PASS,PASS,PASS,PENDING_EXTERNAL_CHECK
1925320,Escape Memoirs: Mansion Heist,0 Deer Soft,0 Deer Soft Partnership,0.6451,Depth,0.5975,0.4783,0.9271,0.5776,382,0.8613,Very Positive,"20,000 .. 50,000",35000.0,7.99,True,True,True,True,2022,Adventure|Casual|Indie,Adventure|Atmospheric|Casual|Co-op|Co-op Campaign|Detective|Escape Room|Exploration|First-Person|Hidden Object|Investigation|Linear|Logic|Multiplayer|Mystery,PASS,PASS,PASS,PASS,PENDING_EXTERNAL_CHECK
883100,360 No Scope Arena,Tasty Delicious Games,Tasty Delicious Games,0.6451,Low-cost option,0.7,0.4783,0.4442,0.9579,640,0.8938,Very Positive,"20,000 .. 50,000",35000.0,0.99,True,False,True,False,2018,Action|Indie,Action|Anime|FPS|Indie|Memes|Multiplayer|Shooter,PASS,PASS,PASS,PASS,PENDING_EXTERNAL_CHECK
688420,Bad North: Jotunn Edition,"Plausible Concept, Oskar Stålberg",Raw Fury,0.645,Anchor,0.9801,0.09,0.6913,0.8187,10976,0.9304,Very Positive,"200,000 .. 500,000",350000.0,3.74,,,,,,动作|模拟|独立,Action Roguelike|Auto Battler|Blood|Combat|Cute|Fighting|Minimalist|RTS|Real Time Tactics|Roguelike|Roguelite|Simulation|Strategy|Stylized|Survival,PASS,PASS,PASS,PASS,PENDING_EXTERNAL_CHECK
1324780,Easy Red 2,Marco Amadei,Corvostudio di Amadei Marco,0.645,Anchor,0.9442,0.09,0.9959,0.5498,5162,0.9026,Very Positive,"200,000 .. 500,000",350000.0,8.99,True,True,True,True,2022,Action|Indie|Simulation|Strategy,Action|Atmospheric|FPS|First-Person|Gore|Historical|Immersive Sim|Indie|Multiplayer|Realistic|Sandbox|Shooter|Simulation|Singleplayer|Strategy,PASS,PASS,PASS,PASS,PENDING_EXTERNAL_CHECK
2116260,Relic Dudes,"Achenar Studios, danilomacb",Sad Socket,0.645,Low-cost option,0.5042,0.4783,0.8724,0.7249,252,0.9127,Very Positive,"20,000 .. 50,000",35000.0,4.99,False,True,True,True,2023,Action|Early Access,1980s|2D|Action|Action Roguelike|Arcade|Bullet Hell|Casual|Co-op|Early Access|Multiplayer|Online Co-Op|Perma Death|Pixel Graphics|PvE|Roguelike,PASS,PASS,PASS,PASS,PENDING_EXTERNAL_CHECK
1438480,Saviorless,Empty Head Games,Dear Villagers,0.645,Depth,0.4426,0.7921,0.7081,0.6371,197,0.9239,Very Positive,"0 .. 20,000",10000.0,6.49,True,False,False,True,2024,Action|Adventure|Indie,2D|2D Platformer|Action|Action-Adventure|Adventure|Atmospheric|Comic Book|Controller|Conversation|Dark Fantasy|Hack and Slash|Hand-drawn|Indie|Multiple Endings|Narration,PASS,PASS,PASS,PASS,PENDING_EXTERNAL_CHECK
2920510,Werewolf Party,Absam Studios,Absam Studios,0.645,Depth,0.2888,0.7921,0.9214,0.5776,113,0.8938,Very Positive,"0 .. 20,000",10000.0,7.99,True,True,True,False,2024,Action|Casual|Early Access|Indie|RPG,Action|Casual|Co-op|Early Access|First-Person|Horror|Multiplayer|Mystery|Party Game|Party-Based RPG|Psychological|Psychological Horror|PvP|Real Time Tactics|Social Deduction,PASS,PASS,PASS,PASS,PENDING_EXTERNAL_CHECK
2231740,TRADER LIFE SIMULATOR 2,DNA ARMY GAMING,DNA ARMY GAMING,0.6449,Depth,0.5975,0.7921,0.8917,0.2985,382,0.7068,Mostly Positive,"0 .. 20,000",10000.0,14.99,True,False,False,True,2022,Indie|Simulation,3D|Atmospheric|Driving|Economy|First-Person|Gaming|Immersive Sim|Indie|Inventory Management|Life Sim|Management|Multiplayer|Open World|Realistic|Resource Management,PASS,PASS,PASS,PASS,PENDING_EXTERNAL_CHECK
1583570,СИМУЛЯТОР ОДИНОЧЕСТВА В РУССКОЙ ДЕРЕВНЕ,Guilty Pleasure Games,Guilty Pleasure Games,0.6449,Anchor,0.7855,0.4783,0.4166,0.8992,1095,0.779,Mostly Positive,"20,000 .. 50,000",35000.0,1.99,True,False,False,True,2021,Action|Adventure|Casual|Indie|RPG|Simulation,Action|Adventure|Atmospheric|Casual|Cinematic|Colorful|Exploration|First-Person|Life Sim|Memes|Mystery|Nature|Open World|Physics|RPG,PASS,PASS,PASS,PASS,PENDING_EXTERNAL_CHECK
1928670,Hajis هاجس,VIOE,VIOE,0.6448,Low-cost option,0.2447,0.7921,0.8177,0.7249,99,0.8283,Very Positive,"0 .. 20,000",10000.0,4.99,True,True,True,False,2022,Action|Adventure|Casual|Indie|Strategy,Action|Adventure|Casual|Demons|Escape Room|First-Person|Hidden Object|Horror|Indie|Massively Multiplayer|Multiplayer|Online Co-Op|Psychological Horror|Puzzle|Realistic,PASS,PASS,PASS,PASS,PENDING_EXTERNAL_CHECK
883070,Viviette,DYA Games,DYA Games,0.6447,Low-cost option,0.636,0.4783,0.7396,0.7249,458,0.8865,Very Positive,"20,000 .. 50,000",35000.0,4.99,True,False,False,True,2018,Adventure|Indie,2D|Adventure|Anime|Atmospheric|Classic|Cute|Dark|Great Soundtrack|Horror|Indie|Investigation|Multiple Endings|Mystery|Pixel Graphics|Psychological Horror,PASS,PASS,PASS,PASS,PENDING_EXTERNAL_CHECK
2292010,Earl vs. the Mutants,Falling State Inc.,Falling State Inc.,0.6447,Low-cost option,0.3707,0.7921,0.5688,0.8471,149,0.9866,Very Positive,"0 .. 20,000",10000.0,2.99,False,False,False,True,2024,Action|Adventure|RPG,Action|Action Roguelike|Action-Adventure|Arcade|Bullet Hell|Controller|Driving|Horror|Post-apocalyptic|RPG|Roguelike|Roguelite|Score Attack|Shoot 'Em Up|Survival,PASS,PASS,PASS,PASS,PENDING_EXTERNAL_CHECK
2717260,I'm counting to 6...,EMIKA_GAMES,EMIKA_GAMES,0.6447,Depth,0.6378,0.7921,0.5314,0.6174,461,0.8612,Very Positive,"0 .. 20,000",10000.0,6.99,True,False,False,True,2024,Adventure|Indie|Simulation,1990's|3D|3D Platformer|Adventure|Atmospheric|Cinematic|Dark|Exploration|First-Person|Horror|Indie|Old School|Psychedelic|Psychological|Psychological Horror,PASS,PASS,PASS,PASS,PENDING_EXTERNAL_CHECK
2467300,Hoofobia,Deathyell Games,Deathyell Games,0.6446,Depth,0.3685,0.7921,0.9429,0.4752,148,0.723,Mostly Positive,"0 .. 20,000",10000.0,9.99,False,False,True,False,2024,Action|Early Access|Simulation|Strategy,Action|Action-Adventure|Asynchronous Multiplayer|Comedy|Dark Comedy|Dark Humor|Early Access|FPS|First-Person|Funny|Hunting|Multiplayer|Nature|PvP|Shooter,PASS,PASS,PASS,PASS,PENDING_EXTERNAL_CHECK
1112830,The Watchers,Straight Back Games,Straight Back Games,0.6446,Low-cost option,0.6382,0.3062,0.9092,0.7249,462,0.7554,Mostly Positive,"50,000 .. 100,000",75000.0,4.99,True,True,True,False,2020,Action|Indie,Action|Atmospheric|Co-op|Dark|Difficult|First-Person|Great Soundtrack|Horror|Indie|Multiplayer|Online Co-Op|Puzzle|Stealth,PASS,PASS,PASS,PASS,PENDING_EXTERNAL_CHECK
2520410,Dragons Legacy,Beawesome Games,Beawesome Games,0.6446,Low-cost option,0.3381,0.7921,0.7231,0.7249,133,0.797,Mostly Positive,"0 .. 20,000",10000.0,4.99,True,True,True,False,2024,Indie|Simulation,3D|Co-op|Combat|Dragons|First-Person|Immersive Sim|Indie|Multiplayer|Online Co-Op|Open World|PvE|PvP|Sandbox|Simulation|Third Person,PASS,PASS,PASS,PASS,PENDING_EXTERNAL_CHECK
2390,Heretic: Shadow of the Serpent Riders,Raven Software,id Software,0.6446,Anchor,0.7834,0.1884,0.8815,0.7249,1080,0.9389,Very Positive,"100,000 .. 200,000",150000.0,4.99,False,False,True,True,2007,Action,1990's|2.5D|Action|Adventure|Boomer Shooter|Classic|Dark Fantasy|FPS|Fantasy|First-Person|Horror|Magic|Multiplayer|Old School|Retro,PASS,PASS,PASS,PASS,PENDING_EXTERNAL_CHECK
1909810,Seventh Lair,NOVECT,"MangaGamer, WhisperGames",0.6444,Depth,0.5461,0.7921,0.6018,0.6378,301,0.9535,Very Positive,"0 .. 20,000",10000.0,6.39,True,False,False,True,2022,Adventure|Indie,2D|Adventure|Anime|Comedy|Dark|Drama|Emotional|Fantasy|Gothic|Great Soundtrack|Indie|JRPG|LGBTQ+|Medieval|Mystery,PASS,PASS,PASS,PASS,PENDING_EXTERNAL_CHECK
1432750,Chionophile,Tonguç Bodur,Tonguç Bodur,0.6444,Low-cost option,0.4253,0.7921,0.4024,0.9579,183,0.8689,Very Positive,"0 .. 20,000",10000.0,0.99,True,False,False,True,2020,Indie,3D|Atmospheric|Experimental|Exploration|Family Friendly|Fantasy|First-Person|Immersive Sim|Indie|Mystery|Nature|Philosophical|Realistic|Relaxing|Singleplayer,PASS,PASS,PASS,PASS,PENDING_EXTERNAL_CHECK
1069740,Seen,Seen Games,Seen Games,0.6444,Anchor,0.9753,0.09,0.6651,0.8471,9550,0.9154,Very Positive,"200,000 .. 500,000",350000.0,2.99,True,False,False,True,2019,Action|Adventure|Early Access|Indie,2.5D|Action|Adventure|Atmospheric|Dark|Dystopian|Early Access|Emotional|Great Soundtrack|Indie|Mystery|Platformer|Psychological Horror|Puzzle|Puzzle Platformer,PASS,PASS,PASS,PASS,PENDING_EXTERNAL_CHECK
2659150,_message:,TEAM 217,PsychoFlux Entertainment,0.6443,Low-cost option,0.1873,0.7921,0.6398,0.9579,83,0.8675,Very Positive,"0 .. 20,000",10000.0,0.99,True,False,False,True,2023,Adventure|Indie|Simulation,3D|Adventure|Atmospheric|First-Person|Horror|Indie|Interactive Fiction|Mystery|Point & Click|Psychological Horror|Puzzle|Retro|Sci-fi|Simulation|Singleplayer,PASS,PASS,PASS,PASS,PENDING_EXTERNAL_CHECK
1292240,The Chess Variants Club,Minimol Games,Minimol Games,0.6442,Low-cost option,0.0214,0.7921,0.8924,0.871,52,0.8269,Very Positive,"0 .. 20,000",10000.0,2.74,True,False,True,True,2020,Casual|Indie|Simulation|Sports|Strategy,Atmospheric|Board Game|Casual|Chess|Education|Family Friendly|Indie|Logic|Minimalist|Multiplayer|Puzzle|PvP|Relaxing|Simulation|Singleplayer,PASS,PASS,PASS,PASS,PENDING_EXTERNAL_CHECK
597700,OVIVO,IzHard,IzHard,0.6441,Depth,0.635,0.7921,0.6742,0.4752,456,0.9013,Very Positive,"0 .. 20,000",10000.0,9.99,True,False,False,True,2017,Action|Adventure|Indie,Action|Adventure|Atmospheric|Controller|Dark|Design & Illustration|Difficult|Emotional|Experimental|Exploration|Hidden Object|Minimalist|Physics|Platformer|Psychedelic,PASS,PASS,PASS,PASS,PENDING_EXTERNAL_CHECK
381880,Red Rope: Don't Fall Behind,Yonder,IndieGala,0.6441,Low-cost option,0.2776,0.7921,0.6315,0.8752,109,0.8257,Very Positive,"0 .. 20,000",10000.0,2.39,True,True,True,True,2016,Action|Adventure|Indie,Action|Adventure|Atmospheric|Co-op|Difficult|Female Protagonist|Indie|Local Co-Op|Lore-Rich|Physics|Pixel Graphics|Stylized|Survival|Zombies,PASS,PASS,PASS,PASS,PENDING_EXTERNAL_CHECK
1810210,Bad Cat,"FastGame, VICTORIA Games",FastGame,0.6441,Low-cost option,0.1575,0.7921,0.7013,0.9255,76,0.8553,Very Positive,"0 .. 20,000",10000.0,1.49,True,False,False,True,2022,Adventure|Casual|Indie,2.5D|2D Fighter|Adventure|Cartoon|Casual|Cats|Comedy|Comic Book|Cute|Dark Comedy|Dark Humor|Exploration|Family Friendly|Funny|Idler,PASS,PASS,PASS,PASS,PENDING_EXTERNAL_CHECK
2406360,SpeedOverflow,MyACG Studio,"MyACG Studio, NPC Entertainment",0.644,Low-cost option,0.3604,0.7921,0.6986,0.7249,144,0.8056,Very Positive,"0 .. 20,000",10000.0,4.99,True,False,False,True,2023,Action|Casual|Indie,Action|Action Roguelike|Adventure|Atmospheric|Beat 'em up|Casual|Combat|Controller|Fantasy|Hack and Slash|Hand-drawn|Indie|Musou|Parkour|Perma Death,PASS,PASS,PASS,PASS,PENDING_EXTERNAL_CHECK
722560,RAD,Double Fine Productions,BANDAI NAMCO Entertainment America Inc.,0.6439,Low-cost option,0.7611,0.3062,0.7834,0.7249,919,0.7454,Mostly Positive,"50,000 .. 100,000",75000.0,4.99,False,False,False,True,2019,Action,1980s|Action|Action Roguelike|Difficult|Funny|Great Soundtrack|Indie|Isometric|Perma Death|Post-apocalyptic|Procedural Generation|Roguelike|Roguelite|Singleplayer,PASS,PASS,PASS,PASS,PENDING_EXTERNAL_CHECK
1674270,Cyberfrags '69,D.A.S. Games,D.A.S. Games,0.6438,Low-cost option,0.3407,0.7921,0.7176,0.7249,134,1.0,Very Positive,"0 .. 20,000",10000.0,4.99,False,True,True,True,2021,Action|Early Access,3D|Action|Arena Shooter|Cartoony|Combat|Comic Book|Cyberpunk|Dark Humor|Early Access|First-Person|Gore|Multiplayer|Online Co-Op|PvP|Sci-fi,PASS,PASS,PASS,PASS,PENDING_EXTERNAL_CHECK
471810,Death Squared,SMG Studio,SMG Studio,0.6437,Depth,0.6891,0.7921,0.7952,0.2985,600,0.8933,Very Positive,"0 .. 20,000",10000.0,14.99,True,True,True,True,2017,Casual|Indie,4 Player Local|Artificial Intelligence|Casual|Co-op|Co-op Campaign|Controller|Dark Humor|Difficult|Dynamic Narration|Family Friendly|Funny|Indie|Local Co-Op|Local Multiplayer|Minimalist,PASS,PASS,PASS,PASS,PENDING_EXTERNAL_CHECK
827610,Dead End Job,Ant Workshop Ltd,Headup,0.6437,Low-cost option,0.303,0.7921,0.557,0.9227,118,0.7712,Mostly Positive,"0 .. 20,000",10000.0,1.69,True,False,True,True,2019,Action|Indie,2D|Action|Atmospheric|Cartoony|Co-op|Colorful|Controller|Difficult|Fast-Paced|Great Soundtrack|Indie|Local Co-Op|Procedural Generation|Shoot 'Em Up|Shooter,PASS,PASS,PASS,PASS,PENDING_EXTERNAL_CHECK
1630920,Bright Lights of Svetlov,Vladimir Cholokyan,Vladimir Cholokyan,0.6436,Anchor,0.7938,0.3062,0.7496,0.7249,1164,0.9321,Very Positive,"50,000 .. 100,000",75000.0,4.99,True,False,False,True,2021,Indie,1980s|Adventure|Atmospheric|Drama|Emotional|Exploration|FPS|First-Person|Horror|Immersive Sim|Indie|Linear|Mystery|Narration|Psychological Horror,PASS,PASS,PASS,PASS,PENDING_EXTERNAL_CHECK
426690,Narcissu 10th Anniversary Anthology Project,stage-nana,Sekai Project,0.6436,Low-cost option,0.6826,0.4783,0.5663,0.8471,578,0.9758,Overwhelmingly Positive,"20,000 .. 50,000",35000.0,2.99,True,False,False,True,,Casual|Indie,Anime|Atmospheric|Casual|Crowdfunded|Emotional|Female Protagonist|Great Soundtrack|Indie|Kickstarter|Singleplayer|Story Rich|Visual Novel,PASS,PASS,PASS,PASS,PENDING_EXTERNAL_CHECK
748970,Zen Chess: Mate in One,Minimol Games,Minimol Games,0.6435,Low-cost option,0.5986,0.7921,0.2256,0.9579,384,0.8698,Very Positive,"0 .. 20,000",10000.0,0.99,False,False,False,True,2018,Casual,2D|Abstract|Addictive|Atmospheric|Casual|Chess|Colorful|Education|Family Friendly|Indie|Logic|Minimalist|Mouse only|Puzzle|Relaxing,PASS,PASS,PASS,PASS,PENDING_EXTERNAL_CHECK
1598160,Bloodwash,"Black Eyed Priest, Henry Hoare",Torture Star Video,0.6435,Anchor,0.7928,0.3062,0.8974,0.5776,1157,0.917,Very Positive,"50,000 .. 100,000",75000.0,7.99,False,False,False,True,2021,Action,1980s|3D|Action|Action-Adventure|Atmospheric|Crime|Dark|FPS|Female Protagonist|First-Person|Gore|Horror|Interactive Fiction|Old School|Psychological Horror,PASS,PASS,PASS,PASS,PENDING_EXTERNAL_CHECK
1051290,ZIC – Zombies in City,Megame LLC,Megame LLC,0.6435,Low-cost option,0.1126,0.7921,0.9443,0.7249,67,0.8955,Very Positive,"0 .. 20,000",10000.0,4.99,True,True,True,True,2019,Action|Indie,Action|Action-Adventure|Adventure|Blood|Co-op|Co-op Campaign|FPS|First-Person|Horror|Indie|Multiplayer|Online Co-Op|Post-apocalyptic|Shooter|Singleplayer,PASS,PASS,PASS,PASS,PENDING_EXTERNAL_CHECK
254460,Obscure,Hydravision Entertainment,Mighty Rocket Studio,0.6434,Anchor,0.883,0.09,0.9831,0.6174,2474,0.9563,Overwhelmingly Positive,"200,000 .. 500,000",350000.0,6.99,False,False,True,True,2014,Action|Adventure,Action|Adventure|Atmospheric|Classic|Co-op|Co-op Campaign|Cult Classic|Female Protagonist|Gore|Great Soundtrack|Horror|Local Co-Op|Multiplayer|Online Co-Op|Psychological Horror,PASS,PASS,PASS,PASS,PENDING_EXTERNAL_CHECK
296240,The Promised Land,"Boolat Games, Alawar Entertainment",ESDigital Games,0.6434,Low-cost option,0.7274,0.4783,0.4356,0.9323,751,0.8642,Very Positive,"20,000 .. 50,000",35000.0,1.04,False,False,False,True,2014,Adventure|Casual|Strategy,Adventure|Atmospheric|Casual|City Builder|Colony Sim|Cute|Indie|Management|Resource Management|Simulation|Singleplayer|Strategy|Time Management,PASS,PASS,PASS,PASS,PENDING_EXTERNAL_CHECK
1295790,The Longest Road on Earth,"Brainwash Gang, TLR Games",Raw Fury,0.6433,Depth,0.6527,0.7921,0.6532,0.4752,495,0.7798,Mostly Positive,"0 .. 20,000",10000.0,9.99,True,False,False,True,2021,Adventure|Casual|Indie,2D|Casual|Cozy|Cute|Drama|Emotional|Historical|Indie|Interactive Fiction|Life Sim|Music|Narrative|Noir|Pixel Graphics|Point & Click,PASS,PASS,PASS,PASS,PENDING_EXTERNAL_CHECK
283290,Nosferatu: The Wrath of Malachi,Idol FX,Funbox Media Ltd,0.6432,Anchor,0.9003,0.09,0.7355,0.8471,2932,0.8748,Very Positive,"200,000 .. 500,000",350000.0,2.99,False,False,False,True,2014,Action|Adventure,Action|Adventure|Atmospheric|Classic|Dark|FPS|First-Person|Gothic|Horror|Old School|Open World|Procedural Generation|Retro|Roguelike|Shooter,PASS,PASS,PASS,PASS,PENDING_EXTERNAL_CHECK
1956040,Kingdom Eighties,Fury Studios,Raw Fury,0.6432,Anchor,0.8718,0.3062,0.7402,0.6546,2226,0.7534,Mostly Positive,"50,000 .. 100,000",75000.0,5.99,False,False,False,True,2023,Action|Strategy,2D|Action|Action RTS|Adventure|Base Building|Building|Casual|City Builder|Colony Sim|Exploration|Fantasy|Pixel Graphics|Sandbox|Sci-fi|Side Scroller,PASS,PASS,PASS,PASS,PENDING_EXTERNAL_CHECK
2693940,NEODUEL: Backpack Monsters,"DiceHit Games, Rogue Duck Interactive","Rogue Duck Interactive, The 4 Winds Entertainment",0.6432,Depth,0.5148,0.7921,0.8766,0.3892,264,0.8447,Very Positive,"0 .. 20,000",10000.0,11.99,False,False,True,True,2024,Casual|RPG|Strategy,Anime|Asynchronous Multiplayer|Auto Battler|Board Game|Card Battler|Casual|Colorful|Creature Collector|Cute|Deckbuilding|Inventory Management|Multiplayer|Party-Based RPG|PvP|RPG,PASS,PASS,PASS,PASS,PENDING_EXTERNAL_CHECK
940680,The Textorcist: The Story of Ray Bibbia,MorbidWare,Headup,0.643,Anchor,0.8212,0.09,0.7304,0.9305,1417,0.825,Very Positive,"200,000 .. 500,000",350000.0,1.19,True,False,False,True,2019,Action|Indie,2D|Action|Atmospheric|Beautiful|Bullet Hell|Dark Humor|Demons|Difficult|Funny|GameMaker|Gore|Great Soundtrack|Indie|Pixel Graphics|Retro,PASS,PASS,PASS,PASS,PENDING_EXTERNAL_CHECK
706130,Far from Noise,George Batchelor,George Batchelor,0.643,Depth,0.4253,0.7921,0.777,0.5776,183,0.8743,Very Positive,"0 .. 20,000",10000.0,7.99,True,False,False,True,2017,Casual|Indie,Atmospheric|Casual|Choices Matter|Conversation|Dark Humor|Emotional|Experimental|Funny|Indie|Interactive Fiction|Multiple Endings|Narrative|Nature|Philosophical|Relaxing,PASS,PASS,PASS,PASS,PENDING_EXTERNAL_CHECK
1674060,The Search For Fran,Archor Wright,Archor Games,0.6428,Low-cost option,0.3857,0.7921,0.4355,0.9579,157,0.8599,Very Positive,"0 .. 20,000",10000.0,0.99,True,False,False,True,2021,Action|Adventure|Casual|Indie|Simulation,3D|Action|Action-Adventure|Artificial Intelligence|Casual|Collectathon|Controller|Driving|Exploration|Family Friendly|First-Person|Flight|Life Sim|Open World|Realistic,PASS,PASS,PASS,PASS,PENDING_EXTERNAL_CHECK
2812820,Pape Rangers,Pape Game Studio,OKJOY,0.6427,Low-cost option,0.3567,0.7921,0.6229,0.7993,142,0.7535,Mostly Positive,"0 .. 20,000",10000.0,3.99,False,False,False,True,2024,Action|RPG,2D|Action|Action Roguelike|Adventure|Bullet Hell|Cartoony|Choices Matter|Combat|Deckbuilding|RPG|Roguelite|Singleplayer|Survival|Top-Down Shooter,PASS,PASS,PASS,PASS,PENDING_EXTERNAL_CHECK
1160330,Fight of Animals,Digital Crafter,"Digital Crafter, Light of Creators",0.6427,Depth,0.6393,0.7921,0.6643,0.4752,465,0.9441,Very Positive,"0 .. 20,000",10000.0,9.99,True,False,True,True,2019,Action|Casual|Indie|Sports,2.5D|2D Fighter|3D|3D Fighter|Action|Action-Adventure|Adventure|Cartoon|Casual|Cute|Fighting|Funny|Indie|Local Multiplayer|Memes,PASS,PASS,PASS,PASS,PENDING_EXTERNAL_CHECK
387060,Earth Overclocked,Chronicle Bench,Chronicle Bench,0.6427,Low-cost option,0.4362,0.4783,0.9312,0.7249,192,0.8177,Very Positive,"20,000 .. 50,000",35000.0,4.99,True,True,True,True,2015,Action|Adventure|Indie,4 Player Local|Action|Action Roguelike|Adventure|Anime|Indie|Local Co-Op|Local Multiplayer|Loot|Multiplayer|Pixel Graphics|Procedural Generation|Replay Value|Roguelike|Roguelite,PASS,PASS,PASS,PASS,PENDING_EXTERNAL_CHECK
2717080,Merry XMerge,PiHoEntertainment,Yin Games,0.6426,Low-cost option,0.5222,0.7921,0.2605,0.9957,272,0.9926,Very Positive,"0 .. 20,000",10000.0,0.49,True,False,False,True,2023,Casual|Indie|Strategy,2D|2D Platformer|Board Game|Casual|Cats|Colorful|Cooking|Cute|Dog|Family Friendly|Funny|Grand Strategy|LEGO|Logic|Lovecraftian,PASS,PASS,PASS,PASS,PENDING_EXTERNAL_CHECK
2192900,Knock'Em Out,BBear Studio,Comuesp,0.6426,Depth,0.262,0.7921,0.8617,0.6546,104,0.8846,Very Positive,"0 .. 20,000",10000.0,5.99,True,True,True,True,2024,Action|Casual|Early Access|Indie,2D Platformer|3D Fighter|4 Player Local|Action|Beat 'em up|Casual|Character Customization|Colorful|Controller|Early Access|Fighting|Funny|Gore|Multiplayer|Online Co-Op,PASS,PASS,PASS,PASS,PENDING_EXTERNAL_CHECK
1507190,Machinika: Museum,Littlefield Studio,Dear Villagers,0.6426,Anchor,0.9416,0.0215,0.6839,0.9233,4988,0.9262,Very Positive,"500,000 .. 1,000,000",750000.0,1.59,True,False,False,True,2021,Adventure|Casual|Indie,3D|Adventure|Aliens|Atmospheric|First-Person|Futuristic|Hidden Object|Indie|Investigation|Logic|Mystery|Narration|Physics|Point & Click|Puzzle,PASS,PASS,PASS,PASS,PENDING_EXTERNAL_CHECK
973580,Sniper Ghost Warrior Contracts,Underdog Studio,CI Games,0.6425,Anchor,0.9829,0.0215,0.9881,0.5776,11800,0.7273,Mostly Positive,"500,000 .. 1,000,000",750000.0,7.99,False,False,True,True,2019,Action,Action|Assassin|Atmospheric|Difficult|FPS|First-Person|Gore|Gun Customization|Military|Multiplayer|Open World|PvP|Realistic|Replay Value|Shooter,PASS,PASS,PASS,PASS,PENDING_EXTERNAL_CHECK
2197890,Paranormal Cleanup,Manic Mice,Manic Mice,0.6424,Low-cost option,0.6029,0.4783,0.7637,0.7249,392,0.7602,Mostly Positive,"20,000 .. 50,000",35000.0,4.99,True,True,True,True,2023,Action|Adventure|Early Access|Indie,3D|Action|Action-Adventure|Choices Matter|Collectathon|Dark|Demons|Early Access|First-Person|Horror|Multiplayer|Nonlinear|Online Co-Op|Procedural Generation|Psychological Horror,PASS,PASS,PASS,PASS,PENDING_EXTERNAL_CHECK
2408680,The Strongest TOFU,Zounoashi Games,Phoenixx Inc.,0.6424,Low-cost option,0.401,0.7921,0.6515,0.7249,166,0.994,Very Positive,"0 .. 20,000",10000.0,4.99,True,False,False,True,2024,Action|Indie,2D|2D Platformer|Abstract|Action|Adventure|Casual|Comedy|Cooking|Cute|Funny|Indie|Minimalist|Physics|Platformer|Precision Platformer,PASS,PASS,PASS,PASS,PENDING_EXTERNAL_CHECK
332390,Undefeated,Aldorlea Games,Aldorlea Games,0.6423,Low-cost option,0.4071,0.4783,0.7004,0.9835,170,0.8176,Very Positive,"20,000 .. 50,000",35000.0,0.89,True,False,False,True,2015,Adventure|Casual|Indie|RPG|Strategy,Adventure|Anime|Casual|Exploration|Female Protagonist|Funny|Great Soundtrack|Indie|JRPG|RPG|RPGMaker|Replay Value|Singleplayer|Story Rich|Strategy,PASS,PASS,PASS,PASS,PENDING_EXTERNAL_CHECK
498330,Cats are Liquid - A Light in the Shadows,Last Quarter Studios,Last Quarter Studios,0.6423,Low-cost option,0.7053,0.4783,0.4279,0.9579,658,0.9271,Very Positive,"20,000 .. 50,000",35000.0,0.99,True,False,False,True,2016,Adventure|Indie,2D|Adventure|Atmospheric|Casual|Cats|Cute|Female Protagonist|Indie|Platformer|Psychological Horror|Singleplayer|Story Rich,PASS,PASS,PASS,PASS,PENDING_EXTERNAL_CHECK
1433010,Tennis Manager 2021,Rebound CG,Rebound CG,0.6422,Depth,0.4781,0.7921,0.8236,0.4752,226,0.7655,Mostly Positive,"0 .. 20,000",10000.0,9.99,False,False,False,True,2021,Racing|Simulation|Sports|Strategy,Artificial Intelligence|Cycling|Early Access|Football (Soccer)|Inventory Management|Management|Mouse only|Multiplayer|Real Time Tactics|Realistic|Resource Management|Simulation|Singleplayer|Sports|Strategy,PASS,PASS,PASS,PASS,PENDING_EXTERNAL_CHECK
2517200,Repair this!,hgiSoft,hgiSoft,0.6422,Depth,0.63,0.7921,0.7577,0.3892,445,0.8742,Very Positive,"0 .. 20,000",10000.0,11.99,False,False,False,True,2024,Casual|Simulation,Adventure|Atmospheric|Casual|Choices Matter|Comedy|Exploration|Hand-drawn|Investigation|Job Simulator|Life Sim|Management|Multiple Endings|Point & Click|Relaxing|Resource Management,PASS,PASS,PASS,PASS,PENDING_EXTERNAL_CHECK
450500,Ace of Seafood,Calappa Games,PLAYISM,0.6421,Depth,0.6848,0.7921,0.7024,0.3892,585,0.8974,Very Positive,"0 .. 20,000",10000.0,11.99,True,True,True,True,2016,Action|Indie,3D|Action|Atmospheric|Comedy|Controller|Exploration|Fantasy|Fishing|Funny|Memes|Naval Combat|Open World|Realistic|Sci-fi|Shooter,PASS,PASS,PASS,PASS,PENDING_EXTERNAL_CHECK
757330,qop 2,Quiet River,Quiet River,0.6421,Low-cost option,0.6626,0.3062,0.7004,0.8992,520,0.9442,Very Positive,"50,000 .. 100,000",75000.0,1.99,True,False,False,True,2017,Casual|Indie,2D|Abstract|Action|Artificial Intelligence|Casual|Difficult|Indie|Logic|Minimalist|Multiplayer|Puzzle|Real-Time|Relaxing|Sequel|Singleplayer,PASS,PASS,PASS,PASS,PENDING_EXTERNAL_CHECK
2372170,NIDUS,Caleb Wood,Caleb Wood,0.642,Depth,0.4148,0.7921,0.8116,0.5498,175,0.96,Very Positive,"0 .. 20,000",10000.0,8.99,True,True,True,True,2024,Action|Indie,2D|Action|Arcade|Arena Shooter|Bullet Hell|Co-op|Combat|Controller|Hand-drawn|Local Co-Op|Local Multiplayer|Multiplayer|Psychedelic|Score Attack|Singleplayer,PASS,PASS,PASS,PASS,PENDING_EXTERNAL_CHECK
2450570,End of Edge,LightSpeed Studios,Yooreka Studio,0.6419,Low-cost option,0.4148,0.7921,0.5613,0.7993,175,0.7657,Mostly Positive,"0 .. 20,000",10000.0,3.99,True,False,False,True,2023,Action|Indie,2D|2D Platformer|Action|Action-Adventure|Anime|Beat 'em up|Combat|Controller|Historical|Indie|Linear|Martial Arts|Rhythm|Singleplayer|Top-Down,PASS,PASS,PASS,PASS,PENDING_EXTERNAL_CHECK
2450,Bloody Good Time,Outerlight Ltd.,Ubisoft,0.6418,Anchor,0.7792,0.1884,0.8748,0.7249,1053,0.7806,Mostly Positive,"100,000 .. 200,000",150000.0,4.99,False,False,True,True,2010,Action,Action|Blood|Comedy|FPS|First-Person|Funny|Gore|Multiplayer|Shooter|Singleplayer,PASS,PASS,PASS,PASS,PENDING_EXTERNAL_CHECK
2529120,Old School,MDickie,MDickie,0.6418,Depth,0.5887,0.7921,0.8878,0.2985,369,0.8509,Very Positive,"0 .. 20,000",10000.0,14.99,True,True,True,True,2023,Action|Adventure|Indie|RPG|Simulation,3D|Action|Adventure|Character Customization|Choose Your Own Adventure|Collectathon|Dark Humor|Dating Sim|Education|Life Sim|Multiplayer|Old School|Open World|RPG|Romance,PASS,PASS,PASS,PASS,PENDING_EXTERNAL_CHECK
798290,MXGP PRO,Milestone S.r.l.,Milestone S.r.l.,0.6417,Anchor,0.7943,0.3062,0.5673,0.8992,1169,0.8512,Very Positive,"50,000 .. 100,000",75000.0,1.99,False,False,True,True,2018,Racing|Simulation|Sports,Motocross|Motorbike|Multiplayer|Offroad|Racing|Simulation|Sports,PASS,PASS,PASS,PASS,PENDING_EXTERNAL_CHECK
1885030,Queen of the flies 蝇后,"吃了就睡工作室, 夜神说话",吃了就睡工作室,0.6417,Low-cost option,0.4931,0.7921,0.3236,0.9579,241,0.9046,Very Positive,"0 .. 20,000",10000.0,0.99,True,False,False,True,2022,Action|Casual|Indie,Action|Casual|Clicker|Dark Humor|Indie|Interactive Fiction|Minimalist|Philosophical|Point & Click|Singleplayer|Story Rich|Text-Based,PASS,PASS,PASS,PASS,PENDING_EXTERNAL_CHECK
338980,MOAI: Build Your Dream,"Alawar Entertainment, Toyman Interactive",ESDigital Games,0.6416,Low-cost option,0.4468,0.7921,0.3952,0.9323,200,0.805,Very Positive,"0 .. 20,000",10000.0,1.04,False,False,False,True,2015,Casual|Simulation|Strategy,Adventure|Atmospheric|Building|Casual|Cute|Indie|Relaxing|Simulation|Strategy|Time Management,PASS,PASS,PASS,PASS,PENDING_EXTERNAL_CHECK
2892000,Witch's Doll,Elite Lords Studios,Elite Lords Studios,0.6415,Depth,0.4282,0.7921,0.7283,0.6174,185,0.8811,Very Positive,"0 .. 20,000",10000.0,6.99,True,False,False,True,2024,Adventure|Indie,3D|Adventure|Atmospheric|Cinematic|Controller|Dark|Demons|First-Person|Gore|Horror|Indie|Linear|Mystery|Psychological Horror|Realistic,PASS,PASS,PASS,PASS,PENDING_EXTERNAL_CHECK
2430730,My Child Lebensborn Remastered,Sarepta Studio AS,"Sarepta Studio AS, Teknopilot",0.6415,Depth,0.6774,0.7921,0.5188,0.5776,561,0.9697,Overwhelmingly Positive,"0 .. 20,000",10000.0,7.99,True,False,False,True,2023,Indie|Simulation,Choices Matter|Emotional|Immersive Sim|Indie|Life Sim|Simulation|Singleplayer|Story Rich,PASS,PASS,PASS,PASS,PENDING_EXTERNAL_CHECK
1441230,Tanto Cuore,"Japanime Digital, Wedontknow Games","Japanime Games, Arclight Inc",0.6414,Depth,0.4542,0.7921,0.8442,0.4752,206,0.9272,Very Positive,"0 .. 20,000",10000.0,9.99,True,False,True,True,2021,Casual|Indie|Strategy,2D|Anime|Board Game|Card Game|Casual|Cute|Deckbuilding|Female Protagonist|Foreign|JRPG|LGBTQ+|Modern|Multiplayer|Puzzle|PvP,PASS,PASS,PASS,PASS,PENDING_EXTERNAL_CHECK
1953860,Garden In!,Dramatic Iceberg,Bonus Stage Publishing,0.641,Depth,0.5617,0.7921,0.7353,0.4752,324,0.8796,Very Positive,"0 .. 20,000",10000.0,9.99,False,False,False,True,2023,Casual|Simulation,Agriculture|Building|Cartoony|Casual|Colorful|Cozy|Crafting|Cute|Family Friendly|Fantasy|Farming|Farming Sim|Idler|Immersive Sim|Nature,PASS,PASS,PASS,PASS,PENDING_EXTERNAL_CHECK
1092140,Exit From,"White Box, Elendely",White Box,0.641,Low-cost option,0.6658,0.3062,0.8669,0.7249,527,0.871,Very Positive,"50,000 .. 100,000",75000.0,4.99,True,False,False,True,2021,Action|Adventure|Indie,Action|Adventure|Atmospheric|Dark|Difficult|First-Person|Hidden Object|Horror|Indie|Mystery|Physics|Procedural Generation|Psychological Horror|Puzzle|Replay Value,PASS,PASS,PASS,PASS,PENDING_EXTERNAL_CHECK
1177690,The Summoning,Randumb Studios,Randumb Studios,0.6409,Low-cost option,0.1433,0.7921,0.729,0.8992,73,0.7397,Mostly Positive,"0 .. 20,000",10000.0,1.99,True,False,False,True,2019,Adventure|Casual|Indie|RPG|Simulation,2D|Adventure|Atmospheric|Casual|Choices Matter|Horror|Immersive Sim|Indie|Narration|Open World|Pixel Graphics|Psychological|Psychological Horror|RPG|Simulation,PASS,PASS,PASS,PASS,PENDING_EXTERNAL_CHECK
2726450,Windowkill,torcado,torcado,0.6408,Anchor,0.8584,0.1884,0.7916,0.7249,1965,0.9634,Overwhelmingly Positive,"100,000 .. 200,000",150000.0,4.99,True,True,True,True,2024,Action|Indie,2D|Action|Action Roguelike|Arcade|Bullet Hell|Co-op|Controller|Experimental|Gun Customization|Indie|Local Co-Op|Local Multiplayer|Minimalist|Moddable|Multiplayer,PASS,PASS,PASS,PASS,PENDING_EXTERNAL_CHECK
1578860,Billionaire Lovers,Ayacat Games,Ayacat Games,0.6408,Anchor,0.9144,0.09,0.7117,0.8471,3508,0.9541,Overwhelmingly Positive,"200,000 .. 500,000",350000.0,2.99,True,False,False,True,2021,Casual|Indie|RPG,2D|2D Platformer|Anime|Cartoon|Casual|Conspiracy|Cute|Drama|Education|Emotional|First-Person|Indie|Interactive Fiction|Logic|Psychological Horror,PASS,PASS,PASS,PASS,PENDING_EXTERNAL_CHECK
2211190,BYTE FYTE (MULTIPLAYER),Archor Wright,Archor Games,0.6407,Low-cost option,0.0044,0.7921,0.8085,0.9579,50,0.74,Mostly Positive,"0 .. 20,000",10000.0,0.99,False,True,True,True,2022,RPG,3D|Co-op|Local Co-Op|Local Multiplayer|Looter Shooter|MMORPG|Multiplayer|Online Co-Op|PvP|RPG|Survival,PASS,PASS,PASS,PASS,PENDING_EXTERNAL_CHECK
1261530,Ponpu,Purple Tree Studio,"Zordix Publishing, Green Man Gaming Publishing",0.6405,Low-cost option,0.0882,0.7921,0.8348,0.8471,62,0.7419,Mostly Positive,"0 .. 20,000",10000.0,2.99,True,False,True,True,2020,Action|Indie,4 Player Local|Action|Arcade|Cartoony|Casual|Character Action Game|Colorful|Combat|Fast-Paced|Funny|Indie|Local Multiplayer|Multiplayer|Party|Party Game,PASS,PASS,PASS,PASS,PENDING_EXTERNAL_CHECK
6800,Commandos: Behind Enemy Lines,Pyro Studios,Kalypso Media Digital,0.6405,Anchor,0.9163,0.0215,0.8994,0.7249,3576,0.8982,Very Positive,"500,000 .. 1,000,000",750000.0,4.99,False,True,True,True,2007,Action,1990's|Action|Classic|Co-op|Difficult|Historical|Isometric|Military|Multiplayer|RTS|Real Time Tactics|Retro|Singleplayer|Stealth|Strategy,PASS,PASS,PASS,PASS,PENDING_EXTERNAL_CHECK
358130,Curious Expedition,Maschinen-Mensch,Maschinen-Mensch,0.6404,Anchor,0.9284,0.3062,0.4511,0.8759,4141,0.9126,Very Positive,"50,000 .. 100,000",75000.0,2.24,True,False,True,True,2016,Indie|RPG|Strategy,2D|Board Game|Choices Matter|Dinosaurs|Dynamic Narration|Exploration|Hex Grid|Lovecraftian|Moddable|Mouse only|Pixel Graphics|Procedural Generation|RPG|Roguelike|Roguelite,PASS,PASS,PASS,PASS,PENDING_EXTERNAL_CHECK
2511290,Two Cubes,Rombo,Team Rombo,0.6403,Low-cost option,0.2805,0.7921,0.5309,0.9579,110,0.9818,Very Positive,"0 .. 20,000",10000.0,0.99,True,True,True,False,2023,Adventure|Indie,2D|2D Platformer|Adventure|Casual|Co-op|Co-op Campaign|Colorful|Indie|Linear|Multiplayer|Online Co-Op|Pixel Graphics|Platformer|Puzzle|Puzzle Platformer,PASS,PASS,PASS,PASS,PENDING_EXTERNAL_CHECK
552880,STARDROP,Joure Visser,Joure Visser,0.6403,Depth,0.5135,0.7921,0.8663,0.3892,262,0.8779,Very Positive,"0 .. 20,000",10000.0,11.99,True,False,False,True,2019,Adventure|Casual|Indie,Adventure|Atmospheric|Casual|Cinematic|Emotional|Exploration|FPS|Family Friendly|Female Protagonist|First-Person|Funny|Indie|Lore-Rich|Mystery|Sci-fi,PASS,PASS,PASS,PASS,PENDING_EXTERNAL_CHECK
578690,Dog Duty,Zanardi and Liza,SOEDESCO,0.6402,Low-cost option,0.3002,0.7921,0.7434,0.7249,117,0.8034,Very Positive,"0 .. 20,000",10000.0,4.99,True,False,False,True,2020,Action|Indie|Strategy,Action|Colorful|Comedy|Dog|Funny|Indie|Military|Open World|Open World Survival Craft|Pixel Graphics|RTS|Real Time Tactics|Real-Time|Singleplayer|Strategy,PASS,PASS,PASS,PASS,PENDING_EXTERNAL_CHECK
1771070,Midnight Scenes: The Nanny,Octavi Navarro,Octavi Navarro,0.6402,Low-cost option,0.4282,0.7921,0.5411,0.7993,185,0.9676,Very Positive,"0 .. 20,000",10000.0,3.99,True,False,False,True,2021,Adventure|Casual|Indie,Adventure|Atmospheric|Dark|Demons|Emotional|Episodic|Hidden Object|Horror|Mystery|Narrative|Pixel Graphics|Point & Click|Psychological|Psychological Horror|Puzzle,PASS,PASS,PASS,PASS,PENDING_EXTERNAL_CHECK
2088670,Puzzline,Aineko Games,Aineko Games,0.6401,Low-cost option,0.2178,0.7921,0.7511,0.7993,91,0.989,Very Positive,"0 .. 20,000",10000.0,3.99,True,False,True,True,2022,Casual|Indie|Strategy,2D|Anime|Atmospheric|Board Game|Card Battler|Card Game|Casual|Comedy|Education|Family Friendly|Indie|Multiplayer|Puzzle|PvP|Singleplayer,PASS,PASS,PASS,PASS,PENDING_EXTERNAL_CHECK
490950,Frost,Jérôme Bodin,Le Studio des Ténèbres,0.6401,Depth,0.3707,0.7921,0.78,0.6174,149,0.8859,Very Positive,"0 .. 20,000",10000.0,6.99,False,False,False,True,2016,Strategy,Atmospheric|Card Battler|Card Game|Casual|Deckbuilding|Great Soundtrack|Indie|RPG|Relaxing|Roguelike|Roguelike Deckbuilder|Singleplayer|Snow|Solitaire|Strategy,PASS,PASS,PASS,PASS,PENDING_EXTERNAL_CHECK
444000,Super Night Riders,neko.works,neko.works,0.64,Low-cost option,0.4735,0.7921,0.5695,0.7249,222,0.8559,Very Positive,"0 .. 20,000",10000.0,4.99,True,False,False,True,2016,Indie|Racing|Simulation|Sports,1980s|Anime|Arcade|Atmospheric|Bikes|Classic|Controller|Difficult|Driving|Fast-Paced|Female Protagonist|Great Soundtrack|Indie|Minimalist|Motorbike,PASS,PASS,PASS,PASS,PENDING_EXTERNAL_CHECK
366320,Seasons after Fall,Swing Swing Submarine,Focus Entertainment,0.6399,Anchor,0.9011,0.1884,0.5445,0.9255,2954,0.8074,Very Positive,"100,000 .. 200,000",150000.0,1.49,True,False,False,True,2016,Adventure|Indie,2D|Adventure|Atmospheric|Beautiful|Cute|Fantasy|Fox|Great Soundtrack|Hand-drawn|Indie|Metroidvania|Platformer|Puzzle|Puzzle Platformer|Relaxing,PASS,PASS,PASS,PASS,PENDING_EXTERNAL_CHECK
746940,Nippon Marathon,Onion Soup Interactive,PQube,0.6398,Depth,0.5552,0.7921,0.9136,0.2985,315,0.9143,Very Positive,"0 .. 20,000",10000.0,14.99,True,False,True,True,2018,Indie|Racing|Sports,4 Player Local|Action|Action-Adventure|Anime|Arcade|Casual|Controller|Early Access|Family Friendly|Fighting|Funny|Indie|Local Multiplayer|Memes|Multiplayer,PASS,PASS,PASS,PASS,PENDING_EXTERNAL_CHECK
1389550,Mind Scanners,The Outer Zone,Brave At Night,0.6398,Anchor,0.7834,0.3062,0.7962,0.6735,1080,0.7722,Mostly Positive,"50,000 .. 100,000",75000.0,5.09,False,False,False,True,2021,Adventure|RPG|Simulation|Strategy,2D|Adventure|Atmospheric|Choices Matter|Choose Your Own Adventure|Dystopian|Futuristic|Management|Multiple Endings|Pixel Graphics|Political|Political Sim|Psychological|RPG|Retro,PASS,PASS,PASS,PASS,PENDING_EXTERNAL_CHECK
391260,Labyronia RPG,Labyrinthine,Senpai Studios,0.6398,Anchor,0.8089,0.09,0.6678,0.9925,1288,0.7461,Mostly Positive,"200,000 .. 500,000",350000.0,0.55,True,False,False,True,2015,Action|Adventure|Indie|RPG,2D|Action|Action RPG|Adventure|Anime|Classic|Fantasy|Indie|JRPG|Open World|Pixel Graphics|RPG|RPGMaker|Retro|Shoot 'Em Up,PASS,PASS,PASS,PASS,PENDING_EXTERNAL_CHECK
2268470,HOPE LEFT ME,Astrophysics,.orphans,0.6398,Low-cost option,0.6623,0.4783,0.5193,0.8992,519,0.9672,Overwhelmingly Positive,"20,000 .. 50,000",35000.0,1.99,True,False,False,True,2023,Casual|Indie,Anime|Atmospheric|Casual|Conversation|Dystopian|Great Soundtrack|Indie|Linear|Multiple Endings|Noir|Philosophical|Singleplayer|Stylized|Text-Based|Visual Novel,PASS,PASS,PASS,PASS,PENDING_EXTERNAL_CHECK
1344740,FOOTSIES Rollback Edition,HiFight,HiFight,0.6397,Low-cost option,0.6456,0.4783,0.6356,0.7993,479,0.9624,Very Positive,"20,000 .. 50,000",35000.0,3.99,False,False,True,True,2020,Action,2D|2D Fighter|Action|Arcade|Casual|Fighting|Funny|Indie|Minimalist|Multiplayer|Pixel Graphics|PvP|Retro|Singleplayer,PASS,PASS,PASS,PASS,PENDING_EXTERNAL_CHECK
959410,The Endless Empty,Erik Sheader-Smith,Erik Sheader-Smith,0.6397,Low-cost option,0.449,0.7921,0.5183,0.7993,202,0.9554,Very Positive,"0 .. 20,000",10000.0,3.99,True,False,False,True,2018,Adventure|Indie|RPG,2D|Abstract|Adventure|Atmospheric|Casual|Choices Matter|Colorful|Dark|Funny|Great Soundtrack|Indie|LGBTQ+|Psychedelic|Psychological Horror|Puzzle,PASS,PASS,PASS,PASS,PENDING_EXTERNAL_CHECK
1222040,Offroad Mania,Active Games,Active Games,0.6396,Depth,0.6531,0.7921,0.5356,0.5776,496,0.9456,Very Positive,"0 .. 20,000",10000.0,7.99,False,False,False,True,2020,Adventure|Racing|Simulation,3D|ATV|Adventure|Automobile Sim|Character Customization|Controller|Driving|Exploration|Family Friendly|Immersive Sim|Offroad|Physics|Procedural Generation|Racing|Relaxing,PASS,PASS,PASS,PASS,PENDING_EXTERNAL_CHECK
2709940,Shhh!,616 GAMES,616 GAMES,0.6394,Low-cost option,0.528,0.4783,0.6523,0.8992,278,0.7086,Mostly Positive,"20,000 .. 50,000",35000.0,1.99,False,False,False,True,2023,Action|Adventure|Simulation,1990's|Action|Adventure|Atmospheric|Cinematic|Exploration|First-Person|Horror|Immersive Sim|Linear|Perma Death|Psychological Horror|Realistic|Simulation|Singleplayer,PASS,PASS,PASS,PASS,PENDING_EXTERNAL_CHECK
1329600,Karting,RewindApp,RewindApp,0.6393,Low-cost option,0.6848,0.3062,0.6671,0.8992,585,0.8581,Very Positive,"50,000 .. 100,000",75000.0,1.99,True,False,True,True,2021,Casual|Indie|Racing|Simulation,Action|Arcade|Automobile Sim|Casual|Family Friendly|Indie|Multiplayer|PvP|Racing|Relaxing|Score Attack|Simulation|Singleplayer|Sports|Third Person,PASS,PASS,PASS,PASS,PENDING_EXTERNAL_CHECK
2054740,Cozy Time,Cozy Live,Cozy Live,0.6393,Low-cost option,0.5222,0.7921,0.3959,0.8471,272,0.9007,Very Positive,"0 .. 20,000",10000.0,2.99,True,False,False,True,2022,Casual|Indie|Simulation,2D|Atmospheric|Cartoon|Casual|Cozy|Cute|Experimental|Hand-drawn|Idler|Immersive Sim|Indie|Music|Relaxing|Resource Management|Simulation,PASS,PASS,PASS,PASS,PENDING_EXTERNAL_CHECK
926540,Prime & Load : 1776,Radio Silence Entertainment,Radio Silence Entertainment ,0.6393,Depth,0.5952,0.4783,0.9062,0.5776,378,0.7593,Mostly Positive,"20,000 .. 50,000",35000.0,7.99,True,False,True,False,2020,Action|Casual|Indie|Massively Multiplayer|RPG|Simulation|Strategy,Action|Action RPG|Casual|Early Access|FPS|Fighting|First-Person|Grand Strategy|Historical|Indie|Massively Multiplayer|Multiplayer|RPG|Shooter|Strategy,PASS,PASS,PASS,PASS,PENDING_EXTERNAL_CHECK
2634610,Sacabambaspis Chronicle,KIMIDORI SOFT,KIMIDORI SOFT,0.6393,Low-cost option,0.1232,0.7921,0.7948,0.8471,69,0.8986,Very Positive,"0 .. 20,000",10000.0,2.99,True,True,True,True,2023,Action|Adventure|Casual|Indie|RPG,3D|Action RPG|Action-Adventure|Adventure|Character Customization|Co-op|Collectathon|Controller|Exploration|Multiplayer|Nature|Online Co-Op|PvE|RPG|Singleplayer,PASS,PASS,PASS,PASS,PENDING_EXTERNAL_CHECK
1593490,Rescue Operation,Laush Dmitriy Sergeevich,Laush Studio,0.6393,Low-cost option,0.5222,0.7921,0.4435,0.7993,272,0.864,Very Positive,"0 .. 20,000",10000.0,3.99,True,False,False,True,2021,Action|Adventure|Indie,3D|Action|Choose Your Own Adventure|Demons|Dungeon Crawler|FPS|First-Person|Hero Shooter|Loot|Military|Mystery Dungeon|Psychological Horror|Sci-fi|Shooter|Spectacle fighter,PASS,PASS,PASS,PASS,PENDING_EXTERNAL_CHECK
33570,Patrician III,Ascaron Entertainment ltd.,Kalypso Media Digital,0.6391,Low-cost option,0.7527,0.1884,0.8905,0.7249,870,0.8207,Very Positive,"100,000 .. 200,000",150000.0,4.99,False,False,False,True,2010,RPG|Simulation|Strategy,Classic|Economy|Historical|Management|Medieval|Multiplayer|Naval|Pirates|RPG|Simulation|Strategy|Trading,PASS,PASS,PASS,PASS,PENDING_EXTERNAL_CHECK
1600,Dangerous Waters,Sonalysts,Strategy First,0.6391,Low-cost option,0.5847,0.1884,0.9362,0.8471,362,0.7845,Mostly Positive,"100,000 .. 200,000",150000.0,2.99,False,False,True,True,2006,Strategy,Action RPG|Cold War|Difficult|Free to Play|Immersive Sim|Military|Multiplayer|Naval|Naval Combat|Parody|Realistic|Sailing|Simulation|Singleplayer|Stealth,PASS,PASS,PASS,PASS,PENDING_EXTERNAL_CHECK
2605640,Buried,Authogin,Authogin,0.6391,Low-cost option,0.5606,0.7921,0.3045,0.8992,322,0.7888,Mostly Positive,"0 .. 20,000",10000.0,1.99,True,False,False,True,2023,Indie,3D|Adventure|Casual|Dark|Exploration|First-Person|Horror|Immersive Sim|Indie|Jump Scare|Linear|Mystery|Psychological Horror|Puzzle|Realistic,PASS,PASS,PASS,PASS,PENDING_EXTERNAL_CHECK
1059980,Just King,VISH,"VISH, IndieArk",0.639,Anchor,0.8178,0.4783,0.5351,0.7249,1380,0.8993,Very Positive,"20,000 .. 50,000",35000.0,4.99,True,False,False,True,2023,Action|Casual|Indie|RPG|Strategy,2D|Action|Action RPG|Action Roguelike|Arena Shooter|Auto Battler|Casual|Cute|Deckbuilding|Fantasy|Indie|Pixel Graphics|PvP|RPG|Replay Value,PASS,PASS,PASS,PASS,PENDING_EXTERNAL_CHECK
1918520,Ninja Village,"Kairosoft Co.,Ltd","Kairosoft Co.,Ltd",0.639,Depth,0.5958,0.7921,0.6184,0.5498,379,0.9393,Very Positive,"0 .. 20,000",10000.0,8.99,True,False,False,True,2022,Casual|Indie|RPG|Simulation|Strategy,2D|Building|Casual|City Builder|Colony Sim|Cute|Farming Sim|Historical|Life Sim|Ninja|Pixel Graphics|RPG|Simulation|Singleplayer|Strategy,PASS,PASS,PASS,PASS,PENDING_EXTERNAL_CHECK
1364130,Chaotic Airport Construction Manager,Illusive Reflection,Steckenpferd Enterprises,0.6389,Depth,0.4996,0.7921,0.6865,0.5776,247,0.8866,Very Positive,"0 .. 20,000",10000.0,7.99,False,False,False,True,2020,Simulation|Strategy,3D|Building|City Builder|Comedy|Crafting|Economy|Education|Funny|Management|Memes|Minimalist|Parody|Political|Politics|Satire,PASS,PASS,PASS,PASS,PENDING_EXTERNAL_CHECK
514130,European Air War,"MicroProse Software, Inc",Atari,0.6389,Low-cost option,0.0131,0.7921,0.8773,0.8733,51,0.8627,Very Positive,"0 .. 20,000",10000.0,2.49,False,True,True,True,2022,Simulation,Co-op|Combat|Flight|Local Co-Op|Local Multiplayer|Multiplayer|PvP|Retro|Simulation|Singleplayer|War|World War II,PASS,PASS,PASS,PASS,PENDING_EXTERNAL_CHECK
1959350,Homebody,Game Grumps,"Rogue Games, Inc.",0.6389,Depth,0.6907,0.7921,0.9103,0.1624,605,0.9471,Very Positive,"0 .. 20,000",10000.0,19.99,True,False,False,True,2023,Adventure|Indie,Adventure|Atmospheric|Choices Matter|Drama|Escape Room|Exploration|Indie|Minimalist|Mystery|Narrative|Point & Click|Psychological Horror|Puzzle|Romance|Singleplayer,PASS,PASS,PASS,PASS,PENDING_EXTERNAL_CHECK
689910,Another Lost Phone: Laura's Story,Accidental Queens,PID Games,0.6388,Low-cost option,0.7559,0.4783,0.3362,0.9848,887,0.9098,Very Positive,"20,000 .. 50,000",35000.0,0.83,True,False,False,True,2017,Casual|Indie,Casual|Detective|Great Soundtrack|Indie|Interactive Fiction|Mystery|Narration|Puzzle|Short|Singleplayer|Story Rich,PASS,PASS,PASS,PASS,PENDING_EXTERNAL_CHECK
1449510,Henchman Story,Silken Sail Entertainment,Silken Sail Entertainment,0.6388,Low-cost option,0.4977,0.7921,0.4862,0.7791,245,0.9714,Very Positive,"0 .. 20,000",10000.0,4.49,True,False,False,True,2021,Adventure|Indie,2D|Adventure|Cartoony|Casual|Choices Matter|Choose Your Own Adventure|Colorful|Comedy|Comic Book|Conversation|Dark Comedy|Dark Humor|Funny|Hand-drawn|Interactive Fiction,PASS,PASS,PASS,PASS,PENDING_EXTERNAL_CHECK
2774380,Hospital 666,Lokin,Lokin,0.6388,Depth,0.7588,0.4783,0.7403,0.5776,907,0.7155,Mostly Positive,"20,000 .. 50,000",35000.0,7.99,True,True,True,True,2024,Action|Adventure|Indie,3D|Action-Adventure|Adventure|Drama|Exploration|First-Person|Horror|Immersive Sim|Indie|Multiplayer|Multiple Endings|Mystery|Online Co-Op|Psychological Horror|PvE,PASS,PASS,PASS,PASS,PENDING_EXTERNAL_CHECK
2107090,KitHack Model Club,Floating Origin Interactive,"Floating Origin Interactive, Curve Games",0.6386,Depth,0.6456,0.7921,0.9545,0.1624,479,0.8747,Very Positive,"0 .. 20,000",10000.0,19.99,True,True,True,True,2024,Action|Indie|Racing|Simulation,3D|Animation & Modeling|Automation|Automobile Sim|Building|Combat|Destruction|Education|Flight|Funny|Immersive Sim|Level Editor|Multiplayer|Offroad|Physics,PASS,PASS,PASS,PASS,PENDING_EXTERNAL_CHECK
425580,The Room Two,Fireproof Games,Fireproof Games,0.6386,Anchor,0.9942,0.09,0.7453,0.7249,18916,0.9776,Overwhelmingly Positive,"200,000 .. 500,000",350000.0,4.99,True,False,False,True,2016,Adventure|Indie,Adventure|Atmospheric|Casual|Co-op|Dark|Escape Room|First-Person|Great Soundtrack|Hidden Object|Horror|Indie|Lovecraftian|Mystery|Point & Click|Psychological Horror,PASS,PASS,PASS,PASS,PENDING_EXTERNAL_CHECK
1722020,Old Coin Pusher Friends,STP WORKS,STP WORKS,0.6386,Low-cost option,0.5896,0.4783,0.6871,0.7993,370,0.8946,Very Positive,"20,000 .. 50,000",35000.0,3.99,True,True,True,True,2021,Casual|Indie|Simulation,3D|Arcade|Casual|Co-op|Collectathon|Controller|Indie|Multiplayer|Ninja|Online Co-Op|Physics|PvE|Realistic|Shooter|Simulation,PASS,PASS,PASS,PASS,PENDING_EXTERNAL_CHECK
409730,Death by Game Show,Oointah,,0.6386,Low-cost option,0.3198,0.7921,0.5432,0.8992,125,0.76,Mostly Positive,"0 .. 20,000",10000.0,1.99,True,False,False,True,2016,Action|Indie|Strategy,2D|Action|Comedy|Controller|Difficult|Fast-Paced|Funny|Indie|Level Editor|Replay Value|Singleplayer|Strategy|Tower Defense,PASS,PASS,PASS,PASS,PENDING_EXTERNAL_CHECK
735580,11-11 Memories Retold,"Aardman Animations, Digixart",BANDAI NAMCO Entertainment Europe,0.6386,Anchor,0.8554,0.1884,0.7312,0.7791,1907,0.861,Very Positive,"100,000 .. 200,000",150000.0,4.49,False,False,False,True,2018,Adventure|Casual,Adventure|Atmospheric|Casual|Choices Matter|Great Soundtrack|Historical|Singleplayer|Story Rich|Stylized|Third Person|Walking Simulator|War|World War I,PASS,PASS,PASS,PASS,PENDING_EXTERNAL_CHECK
1995880,Afterdream,Jesse Makkonen,Gamera Games,0.6385,Depth,0.4918,0.7921,0.865,0.4051,240,0.9458,Very Positive,"0 .. 20,000",10000.0,10.99,True,False,False,True,2023,Adventure|Indie,2D|Adventure|Atmospheric|Drama|Emotional|Female Protagonist|Horror|Linear|Minimalist|Mystery|Narration|Pixel Graphics|Psychological|Psychological Horror|Side Scroller,PASS,PASS,PASS,PASS,PENDING_EXTERNAL_CHECK
2336730,Dungeon Survivors,TopVR,TopVR,0.6384,Low-cost option,0.3879,0.7921,0.5512,0.8226,158,0.7089,Mostly Positive,"0 .. 20,000",10000.0,3.24,True,True,True,True,2024,Action|Casual|Indie|RPG,2D|Action|Action Roguelike|Bullet Hell|Casual|Co-op|Fantasy|Indie|Multiplayer|Online Co-Op|Pixel Graphics|PvE|RPG|Roguelike|Roguelite,PASS,PASS,PASS,PASS,PENDING_EXTERNAL_CHECK
1903730,IT Simulator,Bad Byte Games,Bad Byte Games,0.6384,Low-cost option,0.349,0.7921,0.6876,0.7249,138,0.9275,Very Positive,"0 .. 20,000",10000.0,4.99,False,True,True,False,2022,Adventure,3D|Adventure|Co-op|Co-op Campaign|Exploration|First-Person|Horror|Linear|Lovecraftian|Multiplayer|Online Co-Op|Pixel Graphics|Puzzle|Sci-fi|Stealth,PASS,PASS,PASS,PASS,PENDING_EXTERNAL_CHECK
400660,Reverse Crawl,Nerdook Productions,Digerati,0.6384,Low-cost option,0.6774,0.3062,0.5863,0.9835,561,0.8877,Very Positive,"50,000 .. 100,000",75000.0,0.89,False,False,False,True,2015,Action|Adventure|RPG|Strategy,2D|Action|Adventure|Anime|Casual|Dungeon Crawler|Fantasy|Indie|RPG|Singleplayer|Strategy|Strategy RPG|Survival|Tactical|Tactical RPG,PASS,PASS,PASS,PASS,PENDING_EXTERNAL_CHECK
1118880,Rituals in the Dark,ebi-hime,ebi-hime,0.638,Depth,0.3788,0.7921,0.7638,0.6174,153,0.8693,Very Positive,"0 .. 20,000",10000.0,6.99,True,False,False,True,2019,Indie|Simulation,2D|Anime|Atmospheric|Casual|Cute|Dark|Drama|Emotional|Female Protagonist|Gothic|Horror|Indie|LGBTQ+|Linear|Mystery,PASS,PASS,PASS,PASS,PENDING_EXTERNAL_CHECK
3061900,Revenge of the Boxer: Moscow Criminality,Alligator Friends Software,Strategy First,0.638,Low-cost option,0.1285,0.7921,0.9063,0.7249,70,0.8857,Very Positive,"0 .. 20,000",10000.0,4.99,False,False,False,True,2024,Action,1990's|3D|3D Fighter|Abstract|Action|Adventure|Atmospheric|Boxing|Combat|Comedy|Crime|Fighting|Multiplayer|Noir|PvE,PASS,PASS,PASS,PASS,PENDING_EXTERNAL_CHECK
577230,Three Kingdoms The Last Warlord,LongYou Game Studio,LongYou Tech Ltd,0.6379,Anchor,0.9198,0.1884,0.644,0.7993,3716,0.7075,Mostly Positive,"100,000 .. 200,000",150000.0,3.99,True,False,False,True,,Indie|Simulation|Strategy,2D|4X|Building|Grand Strategy|Historical|Lore-Rich|Military|Multiple Endings|Real Time Tactics|Realistic|Simulation|Story Rich|Strategy|Survival|Turn-Based,PASS,PASS,PASS,PASS,PENDING_EXTERNAL_CHECK
1186460,Songs of Wuxia,DreamStep,方块游戏(CubeGame),0.6378,Low-cost option,0.7384,0.1884,0.8251,0.7993,799,0.8123,Very Positive,"100,000 .. 200,000",150000.0,3.99,True,False,False,True,2020,Indie|RPG|Simulation,3D|Anime|CRPG|Cartoon|Cartoony|Cute|Dating Sim|Drama|Female Protagonist|Indie|Interactive Fiction|JRPG|Martial Arts|RPG|Simulation,PASS,PASS,PASS,PASS,PENDING_EXTERNAL_CHECK
2197760,Midnight Scenes: From the Woods,Octavi Navarro,Octavi Navarro,0.6378,Low-cost option,0.3729,0.7921,0.6613,0.7249,150,0.86,Very Positive,"0 .. 20,000",10000.0,4.99,True,False,False,True,2023,Adventure|Indie,Adventure|Atmospheric|Dark|Demons|Emotional|Episodic|Horror|LGBTQ+|Mystery|Narrative|Pixel Graphics|Point & Click|Psychological|Psychological Horror|Puzzle,PASS,PASS,PASS,PASS,PENDING_EXTERNAL_CHECK
1093910,Tales of the Black Forest,拾英工作室,SakuraGame,0.6377,Anchor,0.9854,0.09,0.6762,0.7993,12994,0.9773,Overwhelmingly Positive,"200,000 .. 500,000",350000.0,3.99,True,False,False,True,2019,Adventure|Indie|RPG,2D|Adventure|Anime|Atmospheric|Female Protagonist|Horror|Indie|Pixel Graphics|Psychological Horror|Puzzle|RPG|RPGMaker|Singleplayer|Story Rich|Visual Novel,PASS,PASS,PASS,PASS,PENDING_EXTERNAL_CHECK
6830,Commandos 2: Men of Courage,Pyro Studios,Kalypso Media Digital,0.6377,Anchor,0.8893,0.0215,0.9151,0.7249,2615,0.8532,Very Positive,"500,000 .. 1,000,000",750000.0,4.99,False,True,True,True,2007,Strategy,Action|Classic|Co-op|Difficult|Isometric|Military|Multiplayer|Old School|RTS|Real Time Tactics|Retro|Singleplayer|Stealth|Strategy|Tactical,PASS,PASS,PASS,PASS,PENDING_EXTERNAL_CHECK
2621150,Lizard Survivors: Battle for Hyperborea,Ephemeral Interaction,Agafonoff,0.6376,Anchor,0.8086,0.1884,0.5957,0.9579,1287,0.8679,Very Positive,"100,000 .. 200,000",150000.0,0.99,True,False,False,True,2023,Action|Casual|Indie|RPG,2D|Action|Action Roguelike|Bullet Hell|Casual|Controller|Dark Fantasy|Funny|Hack and Slash|Hand-drawn|Indie|Pixel Graphics|Procedural Generation|RPG|Retro,PASS,PASS,PASS,PASS,PENDING_EXTERNAL_CHECK
1480830,Evil Tonight,DYA Games,DYA Games,0.6376,Depth,0.6093,0.7921,0.7487,0.4004,404,0.8837,Very Positive,"0 .. 20,000",10000.0,11.24,True,False,False,True,2021,Action|Adventure|Indie,2D|Action|Action-Adventure|Adventure|Anime|Atmospheric|Dark|Exploration|Female Protagonist|Horror|Immersive|Indie|Mystery|Pixel Graphics|Singleplayer,PASS,PASS,PASS,PASS,PENDING_EXTERNAL_CHECK
1339860,Lumione,Glimmer Studio,Perfect World Games Singapore Pte Ltd,0.6376,Depth,0.643,0.7921,0.7261,0.3892,473,0.74,Mostly Positive,"0 .. 20,000",10000.0,11.99,True,False,False,True,2021,Action|Adventure|Indie|RPG,2D|2D Platformer|Action|Action RPG|Action-Adventure|Adventure|Atmospheric|Beautiful|Character Action Game|Cute|Fantasy|Flight|Indie|Linear|Platformer,PASS,PASS,PASS,PASS,PENDING_EXTERNAL_CHECK
2196790,Jianghu Survivor,Surprising Studio,Surprising Studio,0.6376,Anchor,0.7911,0.3062,0.8356,0.6174,1139,0.8762,Very Positive,"50,000 .. 100,000",75000.0,6.99,True,True,True,True,2023,Action|Adventure|Casual|Indie|RPG|Strategy,2D|Action|Action Roguelike|Action-Adventure|Adventure|Automation|Casual|Co-op|Combat|Cute|Hand-drawn|Indie|Magic|Multiplayer|Online Co-Op,PASS,PASS,PASS,PASS,PENDING_EXTERNAL_CHECK
691450,Misao - 2024 HD Remaster,sen,PLAYISM,0.6375,Anchor,0.868,0.4783,0.7284,0.4752,2133,0.9555,Overwhelmingly Positive,"20,000 .. 50,000",35000.0,9.99,True,False,False,True,2017,Adventure|Casual|Indie,2D|Adventure|Anime|Atmospheric|Blood|Casual|Dark|Dystopian|Exploration|Female Protagonist|Horror|Indie|Pixel Graphics|Psychological|Psychological Horror,PASS,PASS,PASS,PASS,PENDING_EXTERNAL_CHECK
852090,Penko Park,Ghostbutter,Ghostbutter,0.6374,Depth,0.6617,0.7921,0.7445,0.3512,517,0.9923,Overwhelmingly Positive,"0 .. 20,000",10000.0,13.99,True,False,False,True,2020,Adventure|Indie|Simulation,Adventure|Atmospheric|Casual|Collectathon|Colorful|Creature Collector|Cute|Exploration|Family Friendly|Funny|Hand-drawn|Horror|Hunting|Mystery|Nature,PASS,PASS,PASS,PASS,PENDING_EXTERNAL_CHECK
1341160,Infinite Tournament Paintball,FiveTwo Games,FiveTwo Games,0.6374,Depth,0.5423,0.7921,0.9166,0.2985,296,0.8378,Very Positive,"0 .. 20,000",10000.0,14.99,True,False,True,False,2020,Action|Indie|Massively Multiplayer|Simulation|Sports|Strategy,3D|Action|Arena Shooter|Combat|FPS|First-Person|Indie|Local Multiplayer|Multiplayer|PvP|Real Time Tactics|Realistic|Shooter|Simulation|Singleplayer,PASS,PASS,PASS,PASS,PENDING_EXTERNAL_CHECK
712730,SIMULACRA,Kaigan Games OÜ,"Kaigan Games OÜ, Neon Doctrine",0.6373,Anchor,0.9276,0.09,0.8068,0.7249,4104,0.9103,Very Positive,"200,000 .. 500,000",350000.0,4.99,True,False,False,True,2017,Adventure|Indie|Simulation,Adventure|Atmospheric|Choices Matter|Dark|Detective|Drama|FMV|Horror|Immersive Sim|Multiple Endings|Mystery|Point & Click|Psychological|Psychological Horror|Puzzle,PASS,PASS,PASS,PASS,PENDING_EXTERNAL_CHECK
22450,Hunted: The Demon’s Forge™,inXile Entertainment,Bethesda Softworks,0.6373,Anchor,0.8032,0.09,0.9312,0.7249,1240,0.75,Mostly Positive,"200,000 .. 500,000",350000.0,4.99,False,False,False,False,2011,Action|Adventure,Action|Action-Adventure|Adventure|Co-op|Dark Fantasy|Dungeon Crawler|Fantasy|Female Protagonist|Hack and Slash|Local Co-Op|Multiplayer|RPG|Singleplayer|Third Person|Third-Person Shooter,PASS,PASS,PASS,PASS,PENDING_EXTERNAL_CHECK
475960,Bombslinger,Mode4,Plug In Digital,0.6373,Low-cost option,0.3249,0.7921,0.5101,0.922,127,0.7874,Mostly Positive,"0 .. 20,000",10000.0,1.79,True,False,True,True,2018,Action|Adventure|Indie,4 Player Local|Action|Action Roguelike|Adventure|Difficult|Indie|Local Multiplayer|Perma Death|Pixel Graphics|Procedural Generation|Roguelike|Roguelite|Singleplayer|Western,PASS,PASS,PASS,PASS,PENDING_EXTERNAL_CHECK
867380,Up Left Out,Maciej Targoni,Maciej Targoni,0.6372,Low-cost option,0.6146,0.7921,0.243,0.8992,413,0.9395,Very Positive,"0 .. 20,000",10000.0,1.99,True,False,False,True,2018,Indie,2.5D|2D|Abstract|Atmospheric|Casual|Great Soundtrack|Indie|Minigames|Minimalist|Puzzle|Relaxing|Short|Singleplayer|Top-Down,PASS,PASS,PASS,PASS,PENDING_EXTERNAL_CHECK
1244910,My Supermarket,Nero Games,Nero Games,0.6372,Depth,0.4905,0.7921,0.9678,0.2985,239,0.8996,Very Positive,"0 .. 20,000",10000.0,14.99,True,True,True,True,2023,Early Access|Indie|Simulation|Strategy,Building|Capitalism|Co-op|Co-op Campaign|Early Access|Economy|Family Friendly|Immersive Sim|Inventory Management|Life Sim|Management|Multiplayer|Online Co-Op|Resource Management|Sandbox,PASS,PASS,PASS,PASS,PENDING_EXTERNAL_CHECK
1110380,Fit For a King,"Brent Ellison, Tanya X. Short",Kitfox Games,0.6372,Low-cost option,0.1702,0.7921,0.7655,0.8211,79,0.962,Very Positive,"0 .. 20,000",10000.0,3.49,False,False,False,True,2019,Adventure|RPG|Simulation,2D|Alternate History|CRPG|Collectathon|Dark Comedy|Dark Humor|Experimental|Exploration|Funny|Historical|Medieval|Multiple Endings|Open World|Pixel Graphics|Political Sim,PASS,PASS,PASS,PASS,PENDING_EXTERNAL_CHECK
1825740,Fat Baby,"Nick, Kieran",No one,0.6372,Depth,0.3707,0.7921,0.7313,0.6546,149,0.8121,Very Positive,"0 .. 20,000",10000.0,5.99,True,False,True,False,2021,Action|Casual|Early Access|Indie,3D Vision|Action|Casual|Combat|Comedy|Destruction|Early Access|Exploration|Funny|Indie|Multiplayer|PvP|Sandbox|Simulation|Singleplayer,PASS,PASS,PASS,PASS,PENDING_EXTERNAL_CHECK
289620,Collapse,Creoteam,ESDigital Games,0.6372,Low-cost option,0.7525,0.1884,0.7084,0.8992,869,0.7273,Mostly Positive,"100,000 .. 200,000",150000.0,1.99,False,False,False,True,2014,Action|Adventure,Action|Adventure|Atmospheric|Cult Classic|Great Soundtrack|Hack and Slash|Horror|Post-apocalyptic|Shooter|Singleplayer|Third Person|Third-Person Shooter,PASS,PASS,PASS,PASS,PENDING_EXTERNAL_CHECK
1096570,SONG OF HORROR COMPLETE EDITION,Protocol Games,,0.6371,Anchor,0.8938,0.4783,0.9494,0.2271,2731,0.7858,Mostly Positive,"20,000 .. 50,000",35000.0,17.99,False,False,False,True,2019,Adventure,Action|Action-Adventure|Adventure|Atmospheric|Choices Matter|Cinematic|Dark|Exploration|Horror|Investigation|Lovecraftian|Mature|Psychological Horror|Replay Value|Singleplayer,PASS,PASS,PASS,PASS,PENDING_EXTERNAL_CHECK
2976720,1 to 1 humanoid edible toys,"汉谟拉比炒面, 我的屁是香哒",无,0.6371,Anchor,0.8229,0.4783,0.6697,0.5776,1442,0.9508,Overwhelmingly Positive,"20,000 .. 50,000",35000.0,7.99,True,False,False,True,2024,Adventure|Casual|Indie|Simulation,Adventure|Anime|Casual|Clicker|Comic Book|Crime|Dark Humor|Dating Sim|Drama|Female Protagonist|Indie|Interactive Fiction|LGBTQ+|Multiple Endings|Romance,PASS,PASS,PASS,PASS,PENDING_EXTERNAL_CHECK
1381980,MOTHER,Irwin Segarane,Irwin Segarane,0.6371,Low-cost option,0.5975,0.4783,0.6255,0.8471,382,0.8796,Very Positive,"20,000 .. 50,000",35000.0,2.99,True,False,False,True,2020,Indie,Adventure|Combat|Dark|First-Person|Horror|Indie|Linear|Modern|Perma Death|Psychological|Psychological Horror|Short|Singleplayer|Story Rich|Survival,PASS,PASS,PASS,PASS,PENDING_EXTERNAL_CHECK
1237610,The Catch: Carp & Coarse Fishing,Dovetail Games,Dovetail Games - Fishing,0.6371,Depth,0.5526,0.7921,0.9051,0.2985,311,0.7299,Mostly Positive,"0 .. 20,000",10000.0,14.99,False,False,True,True,2020,Casual|Simulation|Sports|Strategy,Beautiful|Casual|Competitive|Controller|Family Friendly|Fishing|Hunting|Immersive Sim|Multiplayer|Nature|Realistic|Relaxing|Simulation|Sports|Strategy,PASS,PASS,PASS,PASS,PENDING_EXTERNAL_CHECK
573320,Underhero,Paper Castle Games,Paper Castle Games,0.6369,Anchor,0.786,0.7921,0.6711,0.2985,1098,0.8743,Very Positive,"0 .. 20,000",10000.0,14.99,True,False,False,True,2018,Adventure|Indie|RPG,2D|2D Platformer|Adventure|Colorful|Comedy|Cute|Funny|Great Soundtrack|Indie|JRPG|Linear|Pixel Graphics|Platformer|Puzzle|RPG,PASS,PASS,PASS,PASS,PENDING_EXTERNAL_CHECK
390730,Sora,Orange_Juice,Fruitbat Factory,0.6368,Depth,0.6276,0.4783,0.8914,0.5498,439,0.918,Very Positive,"20,000 .. 50,000",35000.0,8.99,True,False,False,True,2016,Action|Indie,2D Fighter|Action|Adventure|Anime|Atmospheric|Bullet Hell|Character Action Game|Cute|Dark|Difficult|Drama|Female Protagonist|Flight|Indie|Psychological Horror,PASS,PASS,PASS,PASS,PENDING_EXTERNAL_CHECK
364420,Roguelands,Sean Young,SmashGames,0.6367,Anchor,0.9197,0.09,0.8122,0.7249,3701,0.8033,Very Positive,"200,000 .. 500,000",350000.0,4.99,True,True,True,True,,Action|Adventure|Indie|RPG,2D|Action|Action Roguelike|Adventure|Co-op|Crafting|Difficult|Great Soundtrack|Indie|Multiplayer|Perma Death|Pixel Graphics|Platformer|RPG|Retro,PASS,PASS,PASS,PASS,PENDING_EXTERNAL_CHECK
2883280,Dog Brew,"Yuliy Oneshko, S-Grade","Yuliy Oneshko, S-Grade",0.6367,Anchor,0.8078,0.3062,0.6128,0.82,1283,0.9813,Overwhelmingly Positive,"50,000 .. 100,000",75000.0,3.5,False,False,False,True,2024,RPG|Simulation,3D|Comedy|Cooking|Crafting|Cute|Dog|Economy|Farming Sim|Indie|Life Sim|Management|RPG|Relaxing|Resource Management|Sandbox,PASS,PASS,PASS,PASS,PENDING_EXTERNAL_CHECK
2889460,Route8,PLAY Mephistowaltz,PLAY Mephistowaltz,0.6366,Low-cost option,0.2832,0.7921,0.5491,0.922,111,0.8378,Very Positive,"0 .. 20,000",10000.0,1.79,True,False,False,True,2024,Indie|Simulation,Choices Matter|First-Person|Horror|Immersive Sim|Indie|Mystery|Narration|Psychological|Psychological Horror|Puzzle|Realistic|Simulation|Singleplayer|Surreal|Walking Simulator,PASS,PASS,PASS,PASS,PENDING_EXTERNAL_CHECK
584890,Stayin' Alive,IndieGala,IndieGala,0.6364,Low-cost option,0.5318,0.3062,0.8606,0.8471,283,0.7385,Mostly Positive,"50,000 .. 100,000",75000.0,2.99,True,False,True,True,2018,Action|Casual|Indie,Action|Atmospheric|Casual|Co-op|Comedy|Dark Humor|Difficult|Early Access|First-Person|Funny|Gore|Indie|Multiplayer|Simulation|Survival,PASS,PASS,PASS,PASS,PENDING_EXTERNAL_CHECK
366220,Wurm Unlimited,Code Club AB,Plug In Digital,0.6364,Anchor,0.9034,0.09,0.9543,0.5978,3053,0.7108,Mostly Positive,"200,000 .. 500,000",350000.0,7.49,True,True,True,True,2015,Adventure|Indie|RPG,Adventure|Base Building|Building|Co-op|Crafting|Fantasy|First-Person|Indie|MMORPG|Massively Multiplayer|Medieval|Multiplayer|Open World|Open World Survival Craft|PvE,PASS,PASS,PASS,PASS,PENDING_EXTERNAL_CHECK
233350,Sudeki,Climax Studios,Climax Group,0.6363,Depth,0.7651,0.1884,0.9371,0.6546,947,0.887,Very Positive,"100,000 .. 200,000",150000.0,5.99,False,False,False,True,2014,Action|Adventure|RPG,Action|Action RPG|Adventure|Anime|Atmospheric|Classic|FPS|Fantasy|Female Protagonist|First-Person|Great Soundtrack|JRPG|Open World|RPG|Singleplayer,PASS,PASS,PASS,PASS,PENDING_EXTERNAL_CHECK
2599370,DEATHWATCHERS,SWAIN GAMES,SWAIN GAMES,0.6363,Depth,0.4604,0.7921,0.9034,0.3892,211,0.9384,Very Positive,"0 .. 20,000",10000.0,11.99,True,True,True,True,2024,Action|Early Access|Indie,3D|Action|Atmospheric|Co-op|Dark|Demons|Early Access|First-Person|Hidden Object|Horror|Investigation|Multiplayer|Mystery|Online Co-Op|Psychological Horror,PASS,PASS,PASS,PASS,PENDING_EXTERNAL_CHECK
6870,Battlestations: Midway,Eidos Interactive,Square Enix,0.6363,Low-cost option,0.7546,0.0215,0.7866,0.9824,882,0.78,Mostly Positive,"500,000 .. 1,000,000",750000.0,0.97,False,False,False,True,2007,Action,Action|Flight|Historical|Multiplayer|Naval|Naval Combat|RTS|Simulation|Singleplayer|Strategy|War|World War II,PASS,PASS,PASS,PASS,PENDING_EXTERNAL_CHECK
1548400,Roll a Ball With Your Friends,Utage Guys,Utage Guys,0.6361,Low-cost option,0.1126,0.7921,0.7928,0.8471,67,0.9552,Very Positive,"0 .. 20,000",10000.0,2.99,False,True,True,False,2021,Action|Casual|Racing,3D|3D Platformer|Action|Casual|Character Customization|Co-op|Comedy|Cute|Difficult|Family Friendly|Funny|Indie|Multiplayer|Online Co-Op|Parkour,PASS,PASS,PASS,PASS,PENDING_EXTERNAL_CHECK
2262610,Endless Monday: Dreams and Deadlines,hcnone,hcnone,0.6361,Anchor,0.8018,0.4783,0.7891,0.4752,1230,0.9911,Overwhelmingly Positive,"20,000 .. 50,000",35000.0,9.99,True,False,False,True,2023,Adventure|Indie,2D|Adventure|Anime|Choices Matter|Choose Your Own Adventure|Comedy|Comic Book|Conversation|Cute|Female Protagonist|Funny|Hand-drawn|Indie|Interactive Fiction|Multiple Endings,PASS,PASS,PASS,PASS,PENDING_EXTERNAL_CHECK
1874000,Life is Strange: Double Exposure,Deck Nine Games,Square Enix,0.636,Depth,0.7551,0.7921,0.9842,0.0127,884,0.8122,Very Positive,"0 .. 20,000",10000.0,49.99,False,False,False,True,,Action|Adventure,Action|Adventure|Atmospheric|Choices Matter|Choose Your Own Adventure|Cinematic|Drama|Emotional|Female Protagonist|Great Soundtrack|LGBTQ+|Multiple Endings|Mystery|Narrative|Romance,PASS,PASS,PASS,PASS,PENDING_EXTERNAL_CHECK
738270,Ciel Fledge: A Daughter Raising Simulator,Studio Namaapa,PQube,0.6359,Depth,0.3225,0.7921,0.9537,0.4752,126,0.7222,Mostly Positive,"0 .. 20,000",10000.0,9.99,True,False,False,True,2020,Indie|Simulation,Adventure|Anime|Atmospheric|Casual|Female Protagonist|Great Soundtrack|Indie|JRPG|Life Sim|Match 3|Puzzle|RPG|Simulation|Singleplayer|Space Sim,PASS,PASS,PASS,PASS,PENDING_EXTERNAL_CHECK
1456760,ROBOBEAT,Simon Fredholm,Kwalee,0.6358,Anchor,0.7957,0.7921,0.793,0.1624,1182,0.9585,Overwhelmingly Positive,"0 .. 20,000",10000.0,19.99,True,False,False,True,2024,Action|Adventure|Indie,Action|Action Roguelike|Adventure|Arcade|Arena Shooter|Boomer Shooter|Combat|Controller|FPS|First-Person|Futuristic|Looter Shooter|Music|Psychedelic|Rhythm,PASS,PASS,PASS,PASS,PENDING_EXTERNAL_CHECK
1034940,Higurashi When They Cry Hou - Ch.7 Minagoroshi,07th Expansion,MangaGamer,0.6357,Depth,0.6382,0.4783,0.7535,0.6729,462,0.9675,Very Positive,"20,000 .. 50,000",35000.0,5.19,False,False,False,True,2019,Adventure,2D|Adventure|Anime|Atmospheric|Dark|Female Protagonist|Gore|Great Soundtrack|Horror|Indie|Mystery|Psychological Horror|Singleplayer|Story Rich|Violent,PASS,PASS,PASS,PASS,PENDING_EXTERNAL_CHECK
874040,Ministry of Broadcast,Ministry of Broadcast Studios,"Hitcents, PLAYISM",0.6356,Depth,0.6166,0.7921,0.8353,0.2985,416,0.8365,Very Positive,"0 .. 20,000",10000.0,14.99,True,False,False,True,2020,Adventure|Indie,2D|Adventure|Atmospheric|Cinematic|Dark Humor|Difficult|Dystopian|Funny|Great Soundtrack|Indie|Multiple Endings|Pixel Graphics|Platformer|Political|Puzzle Platformer,PASS,PASS,PASS,PASS,PENDING_EXTERNAL_CHECK
244730,Divekick,Iron Galaxy Studios,Iron Galaxy Studios,0.6355,Anchor,0.8492,0.1884,0.7795,0.7249,1811,0.8377,Very Positive,"100,000 .. 200,000",150000.0,4.99,True,False,True,True,2013,Action|Indie,2D|2D Fighter|Action|Arcade|Casual|Comedy|Competitive|Controller|Fighting|Funny|Indie|Local Co-Op|Local Multiplayer|Memes|Multiplayer,PASS,PASS,PASS,PASS,PENDING_EXTERNAL_CHECK
1707550,Granny 3,DVloper,DVloper,0.6355,Low-cost option,0.7427,0.1884,0.8859,0.7249,818,0.9156,Very Positive,"100,000 .. 200,000",150000.0,4.99,True,False,False,True,2021,Adventure|Indie,Action|Adventure|Comedy|Dark|First-Person|Funny|Gore|Horror|Indie|Multiplayer|Puzzle|Singleplayer|Stealth|Survival|Survival Horror,PASS,PASS,PASS,PASS,PENDING_EXTERNAL_CHECK
22610,Alien Breed: Impact,Team17 Software Ltd.,Team17 Digital Ltd,0.6354,Anchor,0.8437,0.0215,0.7448,0.9317,1729,0.7473,Mostly Positive,"500,000 .. 1,000,000",750000.0,1.09,False,True,True,True,2010,Action,Action|Aliens|Arcade|Co-op|Horror|Isometric|Online Co-Op|Sci-fi|Shoot 'Em Up|Shooter|Singleplayer|Space|Third Person|Third-Person Shooter|Top-Down,PASS,PASS,PASS,PASS,PENDING_EXTERNAL_CHECK
1828690,Security Booth: Director's Cut,Kyle Horwood,Kyle Horwood,0.6354,Low-cost option,0.4812,0.7921,0.5433,0.7249,229,0.8908,Very Positive,"0 .. 20,000",10000.0,4.99,True,False,False,True,2022,Indie,3D|Atmospheric|Blood|Casual|Dark|Exploration|First-Person|Horror|Indie|Multiple Endings|Mystery|Old School|Psychological Horror|Retro|Sci-fi,PASS,PASS,PASS,PASS,PENDING_EXTERNAL_CHECK
2878710,Desvelado,"Valentín Zacarías, Pablo Cuello, Joaquín Calvo",Vampi Team,0.6353,Depth,0.4413,0.7921,0.6355,0.6725,196,0.9949,Very Positive,"0 .. 20,000",10000.0,5.24,True,False,False,True,2024,Adventure|Casual|Indie,2D|2D Platformer|Adventure|Cartoony|Casual|Controller|Cute|Funny|Gothic|Hand-drawn|Indie|Linear|Magic|Noir|Platformer,PASS,PASS,PASS,PASS,PENDING_EXTERNAL_CHECK
1169740,Danger Scavenger,"Piotr Wolk, Star Drifters","Star Drifters, Doyoyo Games",0.6353,Depth,0.6405,0.4783,0.9474,0.4752,468,0.7222,Mostly Positive,"20,000 .. 50,000",35000.0,9.99,True,True,True,True,2021,Action|Indie,Action|Action Roguelike|Bullet Hell|Co-op|Colorful|Cyberpunk|Local Co-Op|Local Multiplayer|Looter Shooter|Multiplayer|Perma Death|Procedural Generation|Roguelike|Roguelite|Shooter,PASS,PASS,PASS,PASS,PENDING_EXTERNAL_CHECK
755470,The World Next Door,Rose City Games,VIZ Media,0.6353,Depth,0.5552,0.7921,0.7188,0.4752,315,0.819,Very Positive,"0 .. 20,000",10000.0,9.99,True,False,True,True,2019,Action|Adventure|Indie,2D|Action|Adventure|Anime|Choices Matter|Colorful|Comic Book|Conversation|Fantasy|Female Protagonist|Funny|Indie|LGBTQ+|Match 3|Puzzle,PASS,PASS,PASS,PASS,PENDING_EXTERNAL_CHECK
1679510,Plushie from the Sky,fishwind,fishwind,0.6353,Depth,0.537,0.7921,0.8229,0.3892,289,0.9689,Very Positive,"0 .. 20,000",10000.0,11.99,True,False,False,True,2024,Action|Adventure|Indie|RPG,3D Platformer|Action|Action RPG|Action-Adventure|Adventure|Anime|Controller|Cute|Exploration|Female Protagonist|Funny|Hack and Slash|Indie|JRPG|RPG,PASS,PASS,PASS,PASS,PENDING_EXTERNAL_CHECK
1567200,The Wolf,Good Luck Games,Good Luck Games,0.6352,Depth,0.3913,0.7921,0.8823,0.4752,160,0.7188,Mostly Positive,"0 .. 20,000",10000.0,9.99,False,True,True,True,2021,Action|Massively Multiplayer|Simulation,3D|Action|Action RPG|Co-op|Combat|Immersive Sim|Local Co-Op|MMORPG|Massively Multiplayer|Multiplayer|Nature|Online Co-Op|Party-Based RPG|PvE|PvP,PASS,PASS,PASS,PASS,PENDING_EXTERNAL_CHECK
2985930,I Am Part-time Worker!!,KomeFukuro,KomeFukuro,0.6352,Depth,0.4712,0.7921,0.6228,0.6546,220,0.7727,Mostly Positive,"0 .. 20,000",10000.0,5.99,True,False,False,True,2024,Action|Indie|Simulation,3D|3D Platformer|Action|Action-Adventure|Comedy|Controller|First-Person|Funny|Indie|Life Sim|Realistic|Simulation|Singleplayer|Story Rich,PASS,PASS,PASS,PASS,PENDING_EXTERNAL_CHECK
439930,Control Craft 2,"Cristian Manolachi, Atomic Fabrik",Conglomerate 5,0.6351,Low-cost option,0.6146,0.3062,0.6618,0.9579,413,0.7627,Mostly Positive,"50,000 .. 100,000",75000.0,0.99,True,False,False,True,2016,Action|Casual|Indie|Simulation|Strategy,2D|Beat 'em up|Collectathon|Controller|Difficult|Funny|Grand Strategy|Metroidvania|Military|Post-apocalyptic|RTS|Real Time Tactics|Shooter|Strategy|Top-Down,PASS,PASS,PASS,PASS,PENDING_EXTERNAL_CHECK
413870,Sickness,Zetsubou,"Unwonted Studios, Zetsubou",0.635,Depth,0.345,0.7921,0.9279,0.4752,136,0.8971,Very Positive,"0 .. 20,000",10000.0,9.99,True,False,False,True,2016,Action|Adventure|Indie|Simulation,Action|Adventure|Anime|Choices Matter|Comedy|Crime|Dark|Gore|Horror|Indie|Memes|Multiple Endings|Psychological|Psychological Horror|Simulation,PASS,PASS,PASS,PASS,PENDING_EXTERNAL_CHECK
294140,They Breathe,The Working Parts,The Working Parts,0.6349,Anchor,0.8059,0.1884,0.5876,0.9579,1267,0.8414,Very Positive,"100,000 .. 200,000",150000.0,0.99,True,False,False,True,2014,Action|Adventure|Indie,2D|Action|Adventure|Atmospheric|Cute|Dark|Exploration|Hand-drawn|Horror|Indie|Lovecraftian|Nature|Psychological Horror|Short|Singleplayer,PASS,PASS,PASS,PASS,PENDING_EXTERNAL_CHECK
406550,Umineko When They Cry - Question Arcs,07th Expansion,MangaGamer,0.6349,Anchor,0.8634,0.4783,0.8994,0.2985,2054,0.9562,Overwhelmingly Positive,"20,000 .. 50,000",35000.0,14.99,False,False,False,True,2016,Adventure,Adventure|Anime|Atmospheric|Classic|Cult Classic|Dark|Detective|Fantasy|Great Soundtrack|Horror|Linear|Magic|Mystery|Philosophical|Psychological,PASS,PASS,PASS,PASS,PENDING_EXTERNAL_CHECK
2244480,REMEDIUM: Sentinels,Sobaka Studio,ESDigital Games,0.6348,Low-cost option,0.4822,0.7921,0.4437,0.8211,230,0.7043,Mostly Positive,"0 .. 20,000",10000.0,3.49,True,False,False,True,2023,Action|Casual|Indie|RPG,3D|Action|Action RPG|Action Roguelike|Bullet Hell|Casual|Controller|Dark|Dark Fantasy|Medieval|Post-apocalyptic|Retro|Roguelike|Roguelite|Score Attack,PASS,PASS,PASS,PASS,PENDING_EXTERNAL_CHECK
1715850,NAIR,Teridax,Teridax,0.6347,Low-cost option,0.1959,0.7921,0.7039,0.8471,85,0.9647,Very Positive,"0 .. 20,000",10000.0,2.99,True,False,True,False,2021,Action|Indie,2D|2D Fighter|Action|Arcade|Casual|Colorful|Combat|Controller|Cute|Fighting|Funny|Hand-drawn|Indie|Local Multiplayer|Minimalist,PASS,PASS,PASS,PASS,PENDING_EXTERNAL_CHECK
539280,Tetraminos,Sanuk Games,Nacon,0.6347,Low-cost option,0.2832,0.4783,0.8195,0.9579,111,0.7387,Mostly Positive,"20,000 .. 50,000",35000.0,0.99,False,False,True,True,2017,Casual,2D|4 Player Local|Action|Arcade|Atmospheric|Casual|Colorful|Cute|Family Friendly|Funny|Indie|Local Co-Op|Local Multiplayer|Multiplayer|Party,PASS,PASS,PASS,PASS,PENDING_EXTERNAL_CHECK
1603420,Doomsday Paradise,Lemonade Flashbang,"Lemonade Flashbang, Astrolabe Games",0.6346,Depth,0.4724,0.7921,0.9756,0.2985,221,0.905,Very Positive,"0 .. 20,000",10000.0,14.99,True,True,True,True,2023,Casual|Indie|RPG|Simulation,Anime|Card Game|Casual|Choose Your Own Adventure|Conversation|Dark Humor|Dating Sim|Funny|LGBTQ+|Local Co-Op|Multiple Endings|PvP|RPG|Roguelite|Romance,PASS,PASS,PASS,PASS,PENDING_EXTERNAL_CHECK
1257210,Rabbit Simulator,Meng Games,Meng Games,0.6346,Low-cost option,0.0688,0.7921,0.8043,0.8733,59,0.8305,Very Positive,"0 .. 20,000",10000.0,2.49,True,False,False,True,2024,Action|Casual|Indie|RPG|Simulation,Action|Atmospheric|Casual|Comedy|Cute|Family Friendly|Fast-Paced|Funny|Indie|Open World|RPG|Relaxing|Replay Value|Runner|Sandbox,PASS,PASS,PASS,PASS,PENDING_EXTERNAL_CHECK
339190,Dead Synchronicity: Tomorrow Comes Today,Fictiorama Studios,Daedalic Entertainment,0.6345,Anchor,0.821,0.1884,0.5707,0.9579,1416,0.834,Very Positive,"100,000 .. 200,000",150000.0,0.99,True,False,False,True,2015,Adventure|Indie,1990's|2D|Adventure|Atmospheric|Dark|Great Soundtrack|Horror|Indie|Kickstarter|Mature|Mystery|Point & Click|Post-apocalyptic|Psychological Horror|Puzzle,PASS,PASS,PASS,PASS,PENDING_EXTERNAL_CHECK
1416240,夜永 Eternal Love,白露社,PeriScope Game,0.6345,Low-cost option,0.768,0.3062,0.7388,0.7249,967,0.9131,Very Positive,"50,000 .. 100,000",75000.0,4.99,True,False,False,True,2020,Adventure|Casual|Indie|RPG|Simulation,Adventure|Anime|Casual|Dating Sim|Drama|Emotional|Female Protagonist|Indie|LGBTQ+|Multiple Endings|RPG|Simulation|Singleplayer|Story Rich|Visual Novel,PASS,PASS,PASS,PASS,PENDING_EXTERNAL_CHECK
556860,Gladiator School,Raptor Claw Games,"Raptor Claw Games, Millendream",0.6344,Depth,0.5687,0.7921,0.7015,0.4752,335,0.7224,Mostly Positive,"0 .. 20,000",10000.0,9.99,True,False,False,True,2017,Indie|Simulation|Strategy,2D|2D Fighter|Action|Atmospheric|Casual|Difficult|Funny|Great Soundtrack|Historical|Indie|Management|RPG|Simulation|Singleplayer|Strategy,PASS,PASS,PASS,PASS,PENDING_EXTERNAL_CHECK
452510,UNDER NIGHT IN-BIRTH Exe:Late,FRENCH-BREAD,Arc System Works,0.6343,Depth,0.7687,0.3062,0.8077,0.6546,971,0.9053,Very Positive,"50,000 .. 100,000",75000.0,5.99,False,False,True,True,2016,Action,2D|2D Fighter|Action|Anime|Arcade|Controller|Cute|Difficult|Fighting|Great Soundtrack|Local Multiplayer|Multiplayer|Singleplayer|eSports,PASS,PASS,PASS,PASS,PENDING_EXTERNAL_CHECK
1070580,Drift86,RewindApp,RewindApp,0.6341,Anchor,0.9531,0.1884,0.4957,0.8992,5926,0.9141,Very Positive,"100,000 .. 200,000",150000.0,1.99,True,False,True,True,2019,Casual|Indie|Racing,Action|Arcade|Automobile Sim|Casual|Colorful|Controller|Family Friendly|Great Soundtrack|Indie|Local Multiplayer|Multiplayer|Racing|Relaxing|Retro|Runner,PASS,PASS,PASS,PASS,PENDING_EXTERNAL_CHECK
678970,Modern Tales: Age of Invention,Orchid Games,Artifex Mundi,0.634,Low-cost option,0.5068,0.7921,0.4581,0.7791,255,0.9059,Very Positive,"0 .. 20,000",10000.0,4.49,False,False,False,True,2017,Adventure|Casual,2D|Adventure|Atmospheric|Casual|Colorful|Family Friendly|Fantasy|Female Protagonist|Great Soundtrack|Hidden Object|Indie|Mystery|Point & Click|Puzzle|Relaxing,PASS,PASS,PASS,PASS,PENDING_EXTERNAL_CHECK
1077520,The Light Remake,Носков Сергей,Носков Сергей,0.634,Anchor,0.8064,0.1884,0.8161,0.7249,1273,0.89,Very Positive,"100,000 .. 200,000",150000.0,4.99,True,False,False,True,2020,Adventure|Indie|Simulation,Atmospheric|FMV|First-Person|Horror|Logic|Multiple Endings|Mystery Dungeon|Philosophical|Post-apocalyptic|Psychedelic|Psychological Horror|Puzzle|Realistic|Sci-fi|Science,PASS,PASS,PASS,PASS,PENDING_EXTERNAL_CHECK
1257410,Cat in the Box,Gustav,Gustav,0.634,Anchor,0.8052,0.4783,0.635,0.6174,1253,0.9465,Very Positive,"20,000 .. 50,000",35000.0,6.99,True,False,False,True,2020,Adventure|Indie,2D|Adventure|Anime|Atmospheric|Dark|Female Protagonist|Great Soundtrack|Horror|Indie|Multiple Endings|Mystery|Pixel Graphics|Psychological Horror|Puzzle|RPGMaker,PASS,PASS,PASS,PASS,PENDING_EXTERNAL_CHECK
538100,Feel The Snow,Owlet,Owlet,0.6339,Anchor,0.8985,0.3062,0.9649,0.3662,2873,0.8785,Very Positive,"50,000 .. 100,000",75000.0,12.99,True,True,True,True,2019,Action|Adventure|Indie|Massively Multiplayer|RPG|Simulation,2D|Action|Adventure|Atmospheric|Co-op|Crafting|Cute|Early Access|Indie|Isometric|Multiplayer|Online Co-Op|Open World|Open World Survival Craft|Pixel Graphics,PASS,PASS,PASS,PASS,PENDING_EXTERNAL_CHECK
1385100,Insurmountable,ByteRockers' Games,Daedalic Entertainment,0.6338,Low-cost option,0.746,0.3062,0.758,0.7249,832,0.8029,Very Positive,"50,000 .. 100,000",75000.0,4.99,True,False,False,True,2021,Adventure|Indie|Simulation|Strategy,Adventure|Atmospheric|Choices Matter|Exploration|Indie|Management|Nature|Perma Death|Replay Value|Resource Management|Roguelike|Roguelite|Simulation|Singleplayer|Strategy,PASS,PASS,PASS,PASS,PENDING_EXTERNAL_CHECK
313480,Blitzkrieg Anthology,Nival,Nival,0.6337,Anchor,0.8187,0.09,0.9012,0.7249,1389,0.9042,Very Positive,"200,000 .. 500,000",350000.0,4.99,False,False,False,True,2014,Strategy,Atmospheric|Classic|Difficult|Dynamic Narration|Great Soundtrack|Historical|Isometric|Military|Multiplayer|RTS|Real Time Tactics|Realistic|Singleplayer|Strategy|Tactical,PASS,PASS,PASS,PASS,PENDING_EXTERNAL_CHECK
1737070,风起长安：驭骨人,轻梨工作室,咕咕工作室,0.6337,Depth,0.538,0.7921,0.8535,0.3512,290,0.8207,Very Positive,"0 .. 20,000",10000.0,13.99,True,False,False,True,2021,Adventure|Casual|Indie|RPG,2D Platformer|Adventure|Anime|Cartoony|Casual|Choices Matter|Dating Sim|Female Protagonist|First-Person|Indie|Interactive Fiction|Multiple Endings|Otome|RPG|Romance,PASS,PASS,PASS,PASS,PENDING_EXTERNAL_CHECK
2206560,Zup! Q,,,0.6337,Low-cost option,0.6857,0.7921,0.1802,0.8769,590,0.9695,Overwhelmingly Positive,"0 .. 20,000",10000.0,2.0696,True,False,False,True,2023,Casual|Indie,2D|Casual|Cute|Fast-Paced|Hidden Object|Indie|Linear|Minimalist|Physics|Point & Click|Puzzle|Relaxing|Retro|Short|Singleplayer,PASS,PASS,PASS,PASS,PENDING_EXTERNAL_CHECK
2477090,Mosa Lina,"Stuffed Wombat, Silkersoft, Lukke, RollinBarrel",Stuffed Wombat,0.6337,Anchor,0.8071,0.3062,0.6965,0.7249,1276,0.9498,Very Positive,"50,000 .. 100,000",75000.0,4.99,True,True,True,True,2023,Adventure|Indie|Simulation,2D|2D Platformer|Adventure|Atmospheric|Colorful|Dark|Gothic|Horror|Immersive Sim|Magic|Minimalist|Pixel Graphics|Platformer|Puzzle|Puzzle Platformer,PASS,PASS,PASS,PASS,PENDING_EXTERNAL_CHECK
829590,CryoFall,AtomicTorch Studio,Daedalic Entertainment,0.6337,Anchor,0.953,0.09,0.6446,0.8471,5916,0.7906,Mostly Positive,"200,000 .. 500,000",350000.0,2.99,True,True,True,True,2021,Action|Adventure|Indie|Massively Multiplayer|RPG|Simulation|Strategy,2D|Agriculture|Base Building|Building|Character Customization|Colony Sim|Crafting|Economy|Fishing|Management|Mechs|Mining|Open World|Open World Survival Craft|PvE,PASS,PASS,PASS,PASS,PENDING_EXTERNAL_CHECK
345430,The Cursed Forest,"KPy3O, Noostyche",Noostyche,0.6336,Depth,0.7417,0.4783,0.9634,0.3512,814,0.8931,Very Positive,"20,000 .. 50,000",35000.0,13.99,True,False,False,True,2019,Adventure|Indie,Adventure|Atmospheric|Dark|Dark Humor|Drama|Exploration|First-Person|Funny|Horror|Indie|Linear|Mystery|Nature|Realistic|Relaxing,PASS,PASS,PASS,PASS,PENDING_EXTERNAL_CHECK
598480,World of One,Grimwood Team,Grimwood Team,0.6336,Low-cost option,0.2318,0.7921,0.7111,0.7993,95,0.7158,Mostly Positive,"0 .. 20,000",10000.0,3.99,True,False,False,True,2017,Adventure|Indie,2D Platformer|Abstract|Adventure|Atmospheric|Dark|Difficult|Exploration|Gore|Horror|Idler|Indie|Lovecraftian|Minimalist|Physics|Psychedelic,PASS,PASS,PASS,PASS,PENDING_EXTERNAL_CHECK
1284130,Sclash,Bevel bakery,"Maximum Entertainment, Abiding Bridge",0.6335,Depth,0.5864,0.4783,0.9196,0.5498,365,0.8603,Very Positive,"20,000 .. 50,000",35000.0,8.99,False,False,True,True,2023,Action,2.5D|2D|2D Fighter|Action|Anime|Arcade|Casual|Character Customization|Controller|Fighting|Hand-drawn|Local Multiplayer|Martial Arts|Multiplayer|PvP,PASS,PASS,PASS,PASS,PENDING_EXTERNAL_CHECK
2387410,Aleph,"Haoge Liu, Tan Tan","Haoge Liu  , Tan Tan",0.6334,Low-cost option,0.1232,0.7921,0.7715,0.8471,69,0.971,Very Positive,"0 .. 20,000",10000.0,2.99,True,False,False,True,2024,Adventure|Casual|Indie,Abstract|Adventure|Atmospheric|Casual|Collectathon|Dungeon Crawler|Experimental|Exploration|First-Person|Hidden Object|Indie|Post-apocalyptic|Relaxing|Short|Singleplayer,PASS,PASS,PASS,PASS,PENDING_EXTERNAL_CHECK
758570,TOMORROW DON'T COME - Puzzling Depression,Peace & Love Games,Peace & Love Games,0.6334,Low-cost option,0.4324,0.7921,0.4621,0.8471,189,0.8201,Very Positive,"0 .. 20,000",10000.0,2.99,True,False,False,True,2018,Adventure|Casual|Indie,2D|Adventure|Atmospheric|Casual|Choices Matter|Dark|Experimental|Indie|Interactive Fiction|Minimalist|Multiple Endings|Mystery|Psychological|Psychological Horror|Short,PASS,PASS,PASS,PASS,PENDING_EXTERNAL_CHECK
809060,REVEIL,Pixelsplit,Daedalic Entertainment,0.6333,Depth,0.6486,0.7921,0.9303,0.1624,486,0.9136,Very Positive,"0 .. 20,000",10000.0,19.99,True,False,False,True,2024,Adventure|Indie,Adventure|Atmospheric|Beautiful|Dark|Drama|Exploration|First-Person|Horror|Indie|Mystery|Psychedelic|Psychological Horror|Puzzle|Singleplayer|Story Rich,PASS,PASS,PASS,PASS,PENDING_EXTERNAL_CHECK
1283970,YoloMouse - Game Cursor Changer,Dragonrise Games,Dragonrise Games,0.6333,Anchor,0.8581,0.0215,0.8541,0.7993,1958,0.9254,Very Positive,"500,000 .. 1,000,000",750000.0,3.99,False,False,False,False,,Animation & Modeling|Design & Illustration|Education|Software Training|Utilities,Action|Animation & Modeling|Anime|Cute|Design & Illustration|Early Access|Education|First-Person|Funny|Game Development|Horror|Indie|Mature|Memes|Photo Editing,PASS,PASS,PASS,PASS,PENDING_EXTERNAL_CHECK
628350,Lazaretto,Iron Monkey,D'Avekki Studios Ltd,0.6332,Depth,0.2245,0.7921,0.8987,0.6174,93,0.7634,Mostly Positive,"0 .. 20,000",10000.0,6.99,True,False,False,True,2017,Action|Adventure|Indie,Action|Adventure|Atmospheric|Classic|Dark|Exploration|First-Person|Gore|Horror|Indie|Jump Scare|Psychological|Psychological Horror|Puzzle|Singleplayer,PASS,PASS,PASS,PASS,PENDING_EXTERNAL_CHECK
1315610,Source of Madness,Carry Castle,Thunderful Publishing,0.6331,Depth,0.7611,0.7921,0.8168,0.1624,919,0.7465,Mostly Positive,"0 .. 20,000",10000.0,19.99,False,False,True,True,2022,Action,2D|Action|Action RPG|Action Roguelike|Action-Adventure|Atmospheric|Combat|Dark|Dark Fantasy|Fantasy|Lovecraftian|Magic|Metroidvania|Mystery|Physics,PASS,PASS,PASS,PASS,PENDING_EXTERNAL_CHECK
1312960,Epic Chef,Infinigon Games,Team17,0.6331,Depth,0.7114,0.7921,0.9417,0.0871,681,0.7783,Mostly Positive,"0 .. 20,000",10000.0,24.99,True,False,False,True,2021,Adventure|Indie|RPG|Simulation,Abstract|Adventure|Cartoon|Cartoony|Colorful|Comedy|Controller|Cooking|Crafting|Exploration|Farming Sim|Funny|Immersive Sim|Indie|Life Sim,PASS,PASS,PASS,PASS,PENDING_EXTERNAL_CHECK
2074480,Sunset Routes,Renka,Renka,0.633,Low-cost option,0.636,0.4783,0.4599,0.9579,458,0.9629,Very Positive,"20,000 .. 50,000",35000.0,0.99,True,False,False,True,2022,Indie|Strategy,2D|Anime|Card Game|Cartoon|Casual|Deckbuilding|Female Protagonist|Indie|Management|Multiple Endings|Procedural Generation|Relaxing|Resource Management|Roguelike|Roguelike Deckbuilder,PASS,PASS,PASS,PASS,PENDING_EXTERNAL_CHECK
2781210,CAT & ONION,Karl Zylinski,Karl Zylinski,0.633,Low-cost option,0.4553,0.7921,0.4634,0.8211,207,0.9952,Very Positive,"0 .. 20,000",10000.0,3.49,True,False,False,True,2024,Adventure|Indie,2D|Adventure|Atmospheric|Casual|Cats|Colorful|Conversation|Cozy|Cute|Exploration|Family Friendly|Funny|Indie|Mystery|Pixel Graphics,PASS,PASS,PASS,PASS,PENDING_EXTERNAL_CHECK
2087460,Ruff Ghanor,DX Gameworks,"DX Gameworks, Magalu Games, Nonsense Creations",0.6329,Depth,0.7055,0.7921,0.8717,0.1624,660,0.9288,Very Positive,"0 .. 20,000",10000.0,19.99,True,False,False,True,2024,Indie|Strategy,2D|Atmospheric|Card Battler|Card Game|Deckbuilding|Dragons|Faith|Fantasy|Hand-drawn|Lore-Rich|Magic|Roguelike|Roguelike Deckbuilder|Roguelite|Singleplayer,PASS,PASS,PASS,PASS,PENDING_EXTERNAL_CHECK
270850,Car Mechanic Simulator 2014,"PlayWay S.A., Red Dot Games",PlayWay S.A.,0.6328,Anchor,0.9426,0.0215,0.9497,0.6174,5052,0.83,Very Positive,"500,000 .. 1,000,000",750000.0,6.99,False,False,False,True,2014,Simulation,Automobile Sim|Casual|Education|First-Person|Great Soundtrack|Indie|Management|Multiplayer|Puzzle|RPG|Racing|Realistic|Simulation|Singleplayer|Strategy,PASS,PASS,PASS,PASS,PENDING_EXTERNAL_CHECK
6250,Making History: The Calm & the Storm,Muzzy Lane,Focus Entertainment,0.6328,Low-cost option,0.6922,0.3062,0.7335,0.7993,610,0.7934,Mostly Positive,"50,000 .. 100,000",75000.0,3.99,False,False,True,True,2007,Action|Strategy,Action|Grand Strategy|Historical|Multiplayer|Singleplayer|Strategy|Turn-Based|Turn-Based Strategy|World War II,PASS,PASS,PASS,PASS,PENDING_EXTERNAL_CHECK
331440,bit Dungeon II,Kinto Games LLC,Kinto Games LLC,0.6328,Anchor,0.8703,0.1884,0.6731,0.7993,2186,0.8257,Very Positive,"100,000 .. 200,000",150000.0,3.99,True,False,False,True,2014,Action|Adventure|Indie|RPG,2D|Action|Action Roguelike|Adventure|Dungeon Crawler|Indie|Multiplayer|Perma Death|Pixel Graphics|RPG|Roguelike|Roguelite|Singleplayer,PASS,PASS,PASS,PASS,PENDING_EXTERNAL_CHECK
733990,I Can't Believe It's Not Gambling,Mutant Entertainment Studios,Mutant Entertainment Studios,0.6327,Anchor,0.836,0.1884,0.5486,0.9579,1614,0.9145,Very Positive,"100,000 .. 200,000",150000.0,0.99,False,False,False,True,2017,Casual|Simulation,3D|Anime|Casual|Clicker|Collectathon|Comedy|Funny|Gambling|Horror|Loot|Memes|Parody|Point & Click|Psychological Horror|Realistic,PASS,PASS,PASS,PASS,PENDING_EXTERNAL_CHECK
239090,Samurai GUNN,"Beau Blyth, Doseone",Beau Blyth,0.6327,Low-cost option,0.6286,0.3062,0.871,0.7249,441,0.9252,Very Positive,"50,000 .. 100,000",75000.0,4.99,True,True,True,True,2013,Action|Indie,2D|2D Fighter|4 Player Local|Action|Arcade|Co-op|Combat|Competitive|Controller|Fighting|Great Soundtrack|Indie|Local Co-Op|Local Multiplayer|Multiplayer,PASS,PASS,PASS,PASS,PENDING_EXTERNAL_CHECK
1658150,Moonstone Island,Studio Supersoft,Raw Fury,0.6325,Anchor,0.9068,0.7921,0.6689,0.1624,3151,0.8578,Very Positive,"0 .. 20,000",10000.0,19.99,True,False,False,True,2023,Adventure|Indie|RPG,2D|Action-Adventure|Agriculture|Building|Card Battler|Cooking|Creature Collector|Cute|Dating Sim|Deckbuilding|Fantasy|Farming Sim|Fishing|Life Sim|Pixel Graphics,PASS,PASS,PASS,PASS,PENDING_EXTERNAL_CHECK
778930,Property,Kimi Karri,Kimi Karri,0.6325,Low-cost option,0.1788,0.7921,0.6601,0.8992,81,0.8025,Very Positive,"0 .. 20,000",10000.0,1.99,True,True,True,False,2018,Action|Indie,Action|Horror|Indie|Multiplayer|Survival|Violent,PASS,PASS,PASS,PASS,PENDING_EXTERNAL_CHECK
504390,Along the Edge,Nova-box,Nova-box,0.6325,Depth,0.5835,0.7921,0.8031,0.3512,360,0.9111,Very Positive,"0 .. 20,000",10000.0,13.99,True,False,False,True,2016,Indie,Adventure|Casual|Choices Matter|Choose Your Own Adventure|Comic Book|Controller|Fantasy|Female Protagonist|Indie|Interactive Fiction|Investigation|Magic|Mouse only|Multiple Endings|Mystery,PASS,PASS,PASS,PASS,PENDING_EXTERNAL_CHECK
1425270,PAGO FOREST: TOWER DEFENSE,Futurtech,Nova's Army,0.6322,Depth,0.1996,0.7921,0.8827,0.6546,86,0.8953,Very Positive,"0 .. 20,000",10000.0,5.99,False,False,False,True,2020,Strategy,Anime|Casual|Comedy|Cute|Fantasy|Funny|Loot|Magic|Medieval|Point & Click|RTS|Real Time Tactics|Resource Management|Singleplayer|Story Rich,PASS,PASS,PASS,PASS,PENDING_EXTERNAL_CHECK
3010070,Man I Just Wanna Go Home,JZPS Games,JZPS Games,0.6321,Low-cost option,0.3685,0.7921,0.5209,0.8471,148,0.9797,Very Positive,"0 .. 20,000",10000.0,2.99,True,False,False,True,2024,Casual|Indie,2D|Atmospheric|Casual|Choices Matter|Choose Your Own Adventure|Comic Book|Crime|Drama|Indie|Interactive Fiction|Multiple Endings|Noir|Pixel Graphics|Singleplayer|Story Rich,PASS,PASS,PASS,PASS,PENDING_EXTERNAL_CHECK
457010,StarsOne,IllusoryWorldEntertainment,IllusoryWorldEntertainment,0.632,Depth,0.6681,0.7921,0.5929,0.4752,532,0.7368,Mostly Positive,"0 .. 20,000",10000.0,9.99,True,True,True,True,2016,Action|Indie|Massively Multiplayer,Action|Crafting|Early Access|Indie|Massively Multiplayer|Multiplayer|Open World|Sandbox|Survival,PASS,PASS,PASS,PASS,PENDING_EXTERNAL_CHECK
1164850,Sinking Simulator,Wicpar,Pac0master,0.632,Anchor,0.9298,0.0215,0.6187,0.9579,4208,0.8529,Very Positive,"500,000 .. 1,000,000",750000.0,0.99,True,False,False,True,2019,Casual|Indie|Simulation,2D|Casual|Destruction|Free to Play|Indie|Multiplayer|Naval|Physics|Psychological Horror|Sandbox|Simulation|Singleplayer,PASS,PASS,PASS,PASS,PENDING_EXTERNAL_CHECK
622670,Huusuienbu - Chapter spring and Summer,REAL co.Ltd,REAL co.Ltd,0.6319,Low-cost option,0.0932,0.7921,0.7213,0.921,63,0.746,Mostly Positive,"0 .. 20,000",10000.0,1.95,True,False,False,True,2019,Adventure|Indie|RPG|Strategy,2D Platformer|Adventure|Anime|Battle Royale|Casual|Cute|FPS|Fantasy|Funny|Hack and Slash|Indie|JRPG|RPG|RTS|Singleplayer,PASS,PASS,PASS,PASS,PENDING_EXTERNAL_CHECK
2593370,The Hungry Lamb: Traveling in the Late Ming Dynasty,零创游戏(ZerocreationGame),"零创游戏(ZerocreationGame), 2P Games",0.6318,Anchor,0.9996,0.0215,0.9084,0.5978,38601,0.967,Overwhelmingly Positive,"500,000 .. 1,000,000",750000.0,7.49,True,False,False,True,2024,Adventure|Indie|RPG,Adventure|Anime|Casual|Cooking|Cute|Dark|Dating Sim|Drama|Historical|Interactive Fiction|Medieval|Multiple Endings|Mystery|Psychological Horror|RPG,PASS,PASS,PASS,PASS,PENDING_EXTERNAL_CHECK
2319030,Lotus Lantern: Rescue Mother,Unstable Games,Plaisir Games,0.6318,Depth,0.7012,0.4783,0.8727,0.4752,643,0.7807,Mostly Positive,"20,000 .. 50,000",35000.0,9.99,True,False,False,True,2024,Action|Adventure|Indie|RPG,2.5D|Action|Action RPG|Action Roguelike|Action-Adventure|Adventure|Combat|Drama|Hack and Slash|Indie|Martial Arts|Mythology|Procedural Generation|RPG|Roguelike,PASS,PASS,PASS,PASS,PENDING_EXTERNAL_CHECK
463270,Ghost 1.0,@unepic_fran,Unepic Games,0.6318,Anchor,0.8624,0.1884,0.6046,0.8718,2041,0.9118,Very Positive,"100,000 .. 200,000",150000.0,2.59,True,False,False,True,2016,Action|Adventure|Indie,2D|Action|Adventure|Anime|Comedy|Cyberpunk|Difficult|Female Protagonist|Indie|Metroidvania|Platformer|Robots|Roguelike|Roguevania|Sci-fi,PASS,PASS,PASS,PASS,PENDING_EXTERNAL_CHECK
1191070,[Chilla's Art] Yuki Onna | 雪女,Chilla's Art,Chilla's Art,0.6318,Low-cost option,0.4324,0.7921,0.5778,0.7249,189,0.7672,Mostly Positive,"0 .. 20,000",10000.0,4.99,True,False,False,True,2020,Action|Adventure|Indie|Strategy,Action|Adventure|Anime|Atmospheric|Experience|Exploration|First-Person|Gore|Horror|Indie|Mature|Mystery|Psychological|Psychological Horror|Retro,PASS,PASS,PASS,PASS,PENDING_EXTERNAL_CHECK
3109370,Slot Waste,,,0.6318,Low-cost option,0.0044,0.7921,0.8538,0.8769,50,0.8,Very Positive,"0 .. 20,000",10000.0,2.0696,True,False,False,True,2024,Indie|Simulation,3D|Aliens|America|Atmospheric|Capitalism|Cinematic|Dark|Dark Humor|Economy|Funny|Horror|Life Sim|Mystery|Philosophical|Psychological,PASS,PASS,PASS,PASS,PENDING_EXTERNAL_CHECK
596620,Gas Guzzlers: Combat Carnage,Gamepires,Jagex Ltd,0.6317,Low-cost option,0.3381,0.7921,0.6717,0.7249,133,0.8571,Very Positive,"0 .. 20,000",10000.0,4.99,False,False,True,True,2017,Action|Racing,Action|Arcade|Automobile Sim|Combat Racing|Driving|Fast-Paced|Multiplayer|Racing|Shooter|Vehicular Combat,PASS,PASS,PASS,PASS,PENDING_EXTERNAL_CHECK
111800,Blocks That Matter,Swing Swing Submarine,Swing Swing Submarine,0.6317,Low-cost option,0.7323,0.7921,0.2774,0.7249,773,0.7788,Mostly Positive,"0 .. 20,000",10000.0,4.99,True,False,False,True,2011,Adventure|Casual|Indie|Strategy,2D|2D Platformer|Adventure|Casual|Colorful|Controller|Cute|Difficult|Funny|Games Workshop|Hand-drawn|Indie|Logic|Platformer|Puzzle,PASS,PASS,PASS,PASS,PENDING_EXTERNAL_CHECK
1879640,甜點王子2 典藏版,EnjoyPlay Corp.,EnjoyPlay Corp.,0.6316,Depth,0.3996,0.7921,0.8597,0.4752,165,0.9091,Very Positive,"0 .. 20,000",10000.0,9.99,True,False,False,True,2022,Indie|RPG|Simulation|Strategy,Adventure|Anime|Casual|Cooking|Dating Sim|Drama|Female Protagonist|Idler|Immersive Sim|Indie|JRPG|Lore-Rich|Otome|RPG|Romance,PASS,PASS,PASS,PASS,PENDING_EXTERNAL_CHECK
2004180,DAGURI: Gambling Apocalypse,DakeCraft,PsychoFlux Entertainment,0.6315,Low-cost option,0.3947,0.7921,0.492,0.8471,162,0.9506,Very Positive,"0 .. 20,000",10000.0,2.99,True,False,False,True,2022,Casual|Indie,2D|Adventure|Board Game|Card Game|Casual|Comedy|Crowdfunded|Funny|Gambling|Indie|Open World|Parody|Puzzle|RPGMaker|Simulation,PASS,PASS,PASS,PASS,PENDING_EXTERNAL_CHECK
1021770, Wanba Warriors,Wanba Studio,Wanba Studio,0.6315,Anchor,0.8877,0.09,0.8232,0.7249,2582,0.8962,Very Positive,"200,000 .. 500,000",350000.0,4.99,True,False,True,True,2020,Action|Indie,2D|2D Fighter|Action|Combat|Comedy|Controller|Cute|Family Friendly|Fighting|Funny|Local Co-Op|Local Multiplayer|Memes|Multiplayer|Online Co-Op,PASS,PASS,PASS,PASS,PENDING_EXTERNAL_CHECK
1065020,Micro Mages,Morphcat Games,Morphcat Games UG,0.6314,Depth,0.5981,0.4783,0.9742,0.4752,383,0.9582,Very Positive,"20,000 .. 50,000",35000.0,9.99,True,True,True,True,2019,Action|Indie,1980s|2D Platformer|Action|Co-op|Cute|Difficult|Family Friendly|Fantasy|Funny|Indie|Local Co-Op|Local Multiplayer|Medieval|Multiplayer|Old School,PASS,PASS,PASS,PASS,PENDING_EXTERNAL_CHECK
1297160,a new life.,Angela He,Angela He,0.6314,Anchor,0.8685,0.3062,0.5037,0.8471,2145,0.966,Overwhelmingly Positive,"50,000 .. 100,000",75000.0,2.99,True,False,False,True,2020,Indie,Atmospheric|Choices Matter|Cute|Emotional|Female Protagonist|Indie|LGBTQ+|Multiple Endings|Psychological Horror|Romance|Short|Singleplayer|Story Rich|Visual Novel,PASS,PASS,PASS,PASS,PENDING_EXTERNAL_CHECK
1558990,Siege of Avalon: Anthology,"Digital Tome, General Arcade, Steffen Nyeland",SNEG,0.6313,Low-cost option,0.4996,0.4783,0.7481,0.7993,247,0.8583,Very Positive,"20,000 .. 50,000",35000.0,3.99,False,False,False,True,2021,Action|RPG,Action|Action RPG|CRPG|Character Customization|Classic|Combat|Exploration|Fantasy|Hack and Slash|Isometric|Lore-Rich|Medieval|Old School|Party|Party-Based RPG,PASS,PASS,PASS,PASS,PENDING_EXTERNAL_CHECK
346460,Vector 36,Red River Studio,Red River Studio,0.6313,Depth,0.506,0.7921,0.9286,0.2985,254,0.8228,Very Positive,"0 .. 20,000",10000.0,14.99,True,False,True,True,2017,Action|Indie|Racing|Simulation,Action|Atmospheric|Automobile Sim|Building|Combat Racing|Difficult|Driving|Family Friendly|First-Person|Indie|Multiplayer|Physics|PvP|Racing|Sci-fi,PASS,PASS,PASS,PASS,PENDING_EXTERNAL_CHECK
1216490,Knock Harder,Snail-Ninja Studio,Snail-Ninja Studio,0.6312,Depth,0.5881,0.7921,0.6693,0.4752,368,0.9429,Very Positive,"0 .. 20,000",10000.0,9.99,True,False,False,True,2020,Action|Adventure|Casual|Indie|RPG|Simulation,2D|Action|Addictive|Adventure|Atmospheric|Casual|Comedy|Difficult|Experimental|Hand-drawn|Horror|Indie|Mystery|RPG|Replay Value,PASS,PASS,PASS,PASS,PENDING_EXTERNAL_CHECK
2025660,Trust No Bunny,"Friendly Pixel, Inc.","Friendly Pixel, Inc.",0.6311,Depth,0.3806,0.7921,0.697,0.6546,154,0.961,Very Positive,"0 .. 20,000",10000.0,5.99,True,False,True,False,2023,Casual|Indie|Strategy,2D|Board Game|Cartoony|Casual|Character Customization|Conspiracy|Cute|Detective|Family Friendly|Funny|Logic|Multiplayer|Mystery|Party|Party Game,PASS,PASS,PASS,PASS,PENDING_EXTERNAL_CHECK
2220870,Fantasy Survivors,ButtonSoft,ButtonSoft,0.6311,Depth,0.3981,0.7921,0.7166,0.6174,164,0.9146,Very Positive,"0 .. 20,000",10000.0,6.99,True,True,True,True,2024,Action|Casual|Indie,Action|Action Roguelike|Bullet Hell|Casual|Co-op|Combat|Fantasy|Indie|Loot|Multiplayer|Online Co-Op|Pixel Graphics|PvE|Retro|Roguelite,PASS,PASS,PASS,PASS,PENDING_EXTERNAL_CHECK
289180,A.I.M.2 Clan Wars,SkyRiver Studios,Fulqrum Publishing,0.631,Low-cost option,0.646,0.3062,0.7247,0.8471,480,0.7771,Mostly Positive,"50,000 .. 100,000",75000.0,2.99,False,False,False,True,2014,Action|RPG|Simulation,Action|Atmospheric|Classic|FPS|First-Person|Open World|RPG|Robots|Sci-fi|Simulation|Singleplayer,PASS,PASS,PASS,PASS,PENDING_EXTERNAL_CHECK
420520,Lost Technology,Studio 4D,PLAYISM,0.631,Low-cost option,0.6681,0.4783,0.6526,0.7249,532,0.8628,Very Positive,"20,000 .. 50,000",35000.0,4.99,True,False,False,True,2017,Indie|Simulation,Adventure|Anime|Fantasy|Grand Strategy|Great Soundtrack|Indie|Magic|RTS|Real Time Tactics|Real-Time with Pause|Simulation|Singleplayer|Strategy|Tactical|War,PASS,PASS,PASS,PASS,PENDING_EXTERNAL_CHECK
1597400,LOST EGG 2: Be together,KIMIDORI SOFT,KIMIDORI SOFT,0.631,Low-cost option,0.469,0.7921,0.4157,0.8471,218,0.8486,Very Positive,"0 .. 20,000",10000.0,2.99,True,True,True,True,2021,Action|Adventure|Casual|Indie,3D|3D Platformer|Action|Adventure|Atmospheric|Casual|Character Customization|Controller|Funny|Online Co-Op|Open World|Philosophical|Physics|Platformer|Precision Platformer,PASS,PASS,PASS,PASS,PENDING_EXTERNAL_CHECK
2508210,Lair of Torment,"Admia, a1esska, Notex","Admia, a1esska, Notex",0.631,Low-cost option,0.2973,0.7921,0.6351,0.7993,116,0.7759,Mostly Positive,"0 .. 20,000",10000.0,3.99,True,False,False,True,2023,Adventure|Indie|Simulation,3D|Adventure|Controller|Dark|Emotional|First-Person|Horror|Indie|Linear|Logic|Physics|Psychedelic|Psychological|Psychological Horror|Puzzle,PASS,PASS,PASS,PASS,PENDING_EXTERNAL_CHECK
40380,nail'd,Techland,Deep Silver,0.6309,Anchor,0.8029,0.1884,0.8074,0.7249,1238,0.8045,Very Positive,"100,000 .. 200,000",150000.0,4.99,False,False,False,True,2010,Racing,ATV|Action|Arcade|Bikes|Fast-Paced|Great Soundtrack|Multiplayer|Offroad|Racing|Simulation|Singleplayer,PASS,PASS,PASS,PASS,PENDING_EXTERNAL_CHECK
263400,War of the Human Tanks,Yakiniku Banzai,Fruitbat Factory,0.6308,Depth,0.6693,0.7921,0.5868,0.4752,535,0.8673,Very Positive,"0 .. 20,000",10000.0,9.99,True,False,False,True,2014,Adventure|Indie|Strategy,2D|Adventure|Alternate History|Anime|Comedy|Cute|Dystopian|Episodic|Hex Grid|Indie|Military|Robots|Sci-fi|Singleplayer|Strategy,PASS,PASS,PASS,PASS,PENDING_EXTERNAL_CHECK
255300,Journey of a Roach,"Koboldgames, Daedalic Entertainment",Daedalic Entertainment,0.6308,Anchor,0.8556,0.09,0.6453,0.9323,1908,0.892,Very Positive,"200,000 .. 500,000",350000.0,1.04,True,False,False,True,2013,Adventure|Indie,Adventure|Casual|Comedy|Controller|Cute|Escape Room|Funny|Indie|Point & Click|Post-apocalyptic|Puzzle|Short|Singleplayer,PASS,PASS,PASS,PASS,PENDING_EXTERNAL_CHECK
786450,Don't Bite Me Bro! +,MUIFWEGO,MUIFWEGO,0.6306,Low-cost option,0.5625,0.1884,0.8138,0.9579,325,0.8092,Very Positive,"100,000 .. 200,000",150000.0,0.99,True,True,True,True,2018,Action|Adventure|Indie|RPG|Simulation|Strategy,Action|Adventure|Co-op|Indie|Local Multiplayer|Multiplayer|RPG|Simulation|Strategy|Survival|Zombies,PASS,PASS,PASS,PASS,PENDING_EXTERNAL_CHECK
914290,Welcome to Princeland,"Eren Aydin, Serhat Yucekaya",Eren Aydin,0.6306,Low-cost option,0.5896,0.4783,0.7296,0.7249,370,0.7703,Mostly Positive,"20,000 .. 50,000",35000.0,4.99,False,True,True,True,2018,Action|Adventure|Casual,Action|Adventure|Casual|Gore|Multiplayer|Open World|Third-Person Shooter|Violent,PASS,PASS,PASS,PASS,PENDING_EXTERNAL_CHECK
1454730,Chenso Club,Pixadome,Aurora Punks,0.6306,Depth,0.5393,0.7921,0.7158,0.4752,292,0.75,Mostly Positive,"0 .. 20,000",10000.0,9.99,True,True,True,True,2022,Action|Indie,2D|2D Platformer|Action|Action Roguelike|Aliens|Beat 'em up|Character Action Game|Co-op|Colorful|Comedy|Cute|Female Protagonist|Funny|Indie|Pixel Graphics,PASS,PASS,PASS,PASS,PENDING_EXTERNAL_CHECK
2206140,GeoDepths,A Little More Games,A Little More Games,0.6306,Depth,0.4951,0.7921,0.676,0.5591,243,0.8601,Very Positive,"0 .. 20,000",10000.0,8.49,False,False,False,True,2023,Adventure|Strategy,Action-Adventure|Adventure|Automation|Base Building|Building|Crafting|Exploration|Farming|First-Person|Indie|Mining|Resource Management|Sci-fi|Singleplayer|Strategy,PASS,PASS,PASS,PASS,PENDING_EXTERNAL_CHECK
1160020,AshenForest,GentleRaven Games,PsychoFlux Entertainment,0.6305,Depth,0.4316,0.7921,0.681,0.6174,188,0.9574,Very Positive,"0 .. 20,000",10000.0,6.99,True,False,False,True,2020,Action|Adventure|Indie|RPG,2D|Action|Action Roguelike|Adventure|Atmospheric|Dark|Dark Fantasy|Exploration|Female Protagonist|GameMaker|Indie|Pixel Graphics|RPG|Roguelike|Roguelite,PASS,PASS,PASS,PASS,PENDING_EXTERNAL_CHECK
2281360,Old Coin Pusher Friends 2,STP WORKS,STP WORKS,0.6304,Low-cost option,0.6286,0.4783,0.6155,0.7993,441,0.9025,Very Positive,"20,000 .. 50,000",35000.0,3.99,True,True,True,True,2023,Casual|Indie|Simulation,3D|Arcade|Casual|Co-op|Collectathon|Controller|Immersive Sim|Indie|Medieval|Multiplayer|Online Co-Op|Physics|Relaxing|Simulation|Singleplayer,PASS,PASS,PASS,PASS,PENDING_EXTERNAL_CHECK
2685200,Where Christmas Elves 圣诞精灵在哪里,,,0.6304,Low-cost option,0.2543,0.7921,0.5419,0.9332,102,0.9804,Very Positive,"0 .. 20,000",10000.0,1.0296,True,False,False,True,2023,Casual|Indie,Casual|Cats|Clicker|Collectathon|Comedy|Creature Collector|Cute|Education|Family Friendly|Funny|Hand-drawn|Hidden Object|Indie|Investigation|Minimalist,PASS,PASS,PASS,PASS,PENDING_EXTERNAL_CHECK
1134100,Frozenheim,Paranoid Interactive,"Untold Tales, Hyperstrange, Gamersky Games",0.6304,Anchor,0.9133,0.09,0.9007,0.6174,3456,0.708,Mostly Positive,"200,000 .. 500,000",350000.0,6.99,False,True,True,True,2022,Simulation|Strategy,3D|Base Building|Colony Sim|Combat|Exploration|Fantasy|Gore|Grand Strategy|Management|Medieval|Multiplayer|Naval Combat|RTS|Real Time Tactics|Singleplayer,PASS,PASS,PASS,PASS,PENDING_EXTERNAL_CHECK
1755100,The Last Clockwinder,Pontoco,Cyan Ventures,0.6303,Depth,0.6924,0.7921,0.7383,0.2985,611,0.964,Overwhelmingly Positive,"0 .. 20,000",10000.0,14.99,True,False,False,True,2022,Adventure|Indie|Simulation,Adventure|Atmospheric|Automation|Cozy|Exploration|Family Friendly|Immersive Sim|Logic|Management|Nature|Puzzle|Relaxing|Resource Management|Sci-fi|Simulation,PASS,PASS,PASS,PASS,PENDING_EXTERNAL_CHECK
2367230,[Chilla's Art] Night Security | 夜間警備,Chilla's Art,Chilla's Art,0.6303,Depth,0.7329,0.7921,0.4187,0.5776,775,0.8981,Very Positive,"0 .. 20,000",10000.0,7.99,True,False,False,True,2023,Indie,1980s|1990's|3D|Adventure|Atmospheric|Casual|Crime|Dark|Dark Fantasy|Demons|Detective|First-Person|Horror|Immersive|Immersive Sim,PASS,PASS,PASS,PASS,PENDING_EXTERNAL_CHECK
1055610,Deep Space Battle Simulator,yeswecamp,yeswecamp,0.6302,Depth,0.601,0.4783,0.9664,0.4752,389,0.7918,Mostly Positive,"20,000 .. 50,000",35000.0,9.99,True,True,True,True,2021,Action|Indie|Strategy,6DOF|Action|Automobile Sim|Early Access|FPS|First-Person|Indie|Multiplayer|RTS|Sci-fi|Shooter|Simulation|Singleplayer|Space|Space Sim,PASS,PASS,PASS,PASS,PENDING_EXTERNAL_CHECK
1379200,Escape from Skull Dungeon,Taichi Games,Taichi Games,0.6302,Low-cost option,0.1743,0.7921,0.8295,0.7249,80,0.7125,Mostly Positive,"0 .. 20,000",10000.0,4.99,True,True,True,True,2020,Adventure|Indie,3D Platformer|Action|Action-Adventure|Adventure|Atmospheric|Co-op|Demons|Fantasy|Hidden Object|Horror|Logic|Magic|Medieval|Multiplayer|Mystery,PASS,PASS,PASS,PASS,PENDING_EXTERNAL_CHECK
366250,METAL SLUG,Dotemu,SNK CORPORATION,0.6302,Anchor,0.9224,0.09,0.9307,0.5776,3829,0.8942,Very Positive,"200,000 .. 500,000",350000.0,7.99,False,True,True,True,2015,Action,2D|Action|Adventure|Arcade|Cartoony|Classic|Co-op|Fast-Paced|Funny|Great Soundtrack|Local Co-Op|Local Multiplayer|Multiplayer|Pixel Graphics|Platformer,PASS,PASS,PASS,PASS,PENDING_EXTERNAL_CHECK
734920,MEANDERS,"ATOMIC BREATH, FraZack","ATOMIC BREATH, FraZack",0.6302,Low-cost option,0.6106,0.4783,0.5847,0.8471,406,0.9187,Very Positive,"20,000 .. 50,000",35000.0,2.99,True,False,False,True,2018,Action|Adventure|Casual|Indie,3D Platformer|Action|Adventure|Atmospheric|Casual|Colorful|Controller|Difficult|First-Person|Funny|Great Soundtrack|Indie|Parkour|Platformer|Puzzle,PASS,PASS,PASS,PASS,PENDING_EXTERNAL_CHECK
740410,Puzzle Chambers,Entertainment Forge,GrabTheGames,0.6301,Low-cost option,0.214,0.7921,0.6673,0.8471,90,0.8,Very Positive,"0 .. 20,000",10000.0,2.99,True,False,False,True,2017,Indie,2D|Atmospheric|Casual|Comedy|Dark Humor|Difficult|Education|Family Friendly|Funny|Great Soundtrack|Indie|Mystery|Pixel Graphics|Puzzle|Singleplayer,PASS,PASS,PASS,PASS,PENDING_EXTERNAL_CHECK
1037020,ScourgeBringer,"Flying Oak Games, E-Studio",Dear Villagers,0.6301,Anchor,0.8934,0.1884,0.6163,0.8223,2728,0.8765,Very Positive,"100,000 .. 200,000",150000.0,3.39,True,False,False,True,2020,Action|Adventure|Indie,2D|Action|Action Roguelike|Adventure|Bullet Hell|Difficult|Fast-Paced|Female Protagonist|Great Soundtrack|Indie|Metroidvania|Perma Death|Pixel Graphics|Platformer|Procedural Generation,PASS,PASS,PASS,PASS,PENDING_EXTERNAL_CHECK
1935470,The Tales of Bayun,FlyinDogs,"FlyinDogs, East2West Games",0.6301,Depth,0.4306,0.7921,0.6802,0.6174,187,0.7968,Mostly Positive,"0 .. 20,000",10000.0,6.99,True,False,False,True,2023,Adventure|Indie|RPG,2D|Adventure|Atmospheric|Choices Matter|Choose Your Own Adventure|Dark|Dark Fantasy|Drama|Faith|Fantasy|Hand-drawn|Indie|Magic|Multiple Endings|Point & Click,PASS,PASS,PASS,PASS,PENDING_EXTERNAL_CHECK
1097770,Aeolis Tournament,Beyond Fun Studio,"Beyond Fun Studio, NA Publishing Inc",0.63,Low-cost option,0.2318,0.7921,0.7713,0.7249,95,0.8211,Very Positive,"0 .. 20,000",10000.0,4.99,True,True,True,True,2020,Action|Casual|Indie|Sports,4 Player Local|Action|Casual|Co-op|Colorful|Competitive|Controller|Cute|Family Friendly|Funny|Indie|Local Co-Op|Minigames|Multiplayer|Online Co-Op,PASS,PASS,PASS,PASS,PENDING_EXTERNAL_CHECK
1592290,PARANOIA PLACE,Bloody Pixel Games,Bloody Pixel Games,0.63,Low-cost option,0.6882,0.4783,0.6286,0.7249,597,0.8794,Very Positive,"20,000 .. 50,000",35000.0,4.99,True,True,True,True,2023,Action|Adventure|Early Access|Indie|Simulation,Action|Action-Adventure|Adventure|Atmospheric|Co-op|Dark|Early Access|FPS|First-Person|Horror|Hunting|Local Co-Op|Local Multiplayer|Online Co-Op|Realistic,PASS,PASS,PASS,PASS,PENDING_EXTERNAL_CHECK
1347600,Dad's Monster House,Cotton Game,Cotton Game,0.63,Low-cost option,0.449,0.7921,0.4014,0.8774,202,0.9505,Very Positive,"0 .. 20,000",10000.0,2.0,True,False,False,True,2021,Adventure|Casual|Indie|RPG,2D|2D Platformer|Adventure|Anime|Cartoony|Casual|Dark|Fantasy|Hand-drawn|Hidden Object|Horror|Indie|Point & Click|Psychological Horror|Puzzle,PASS,PASS,PASS,PASS,PENDING_EXTERNAL_CHECK
1422540,云端之约,White Star Studio,White Star Studio,0.6299,Depth,0.6595,0.4783,0.8043,0.5776,512,0.9355,Very Positive,"20,000 .. 50,000",35000.0,7.99,True,False,False,True,2021,Indie|RPG,Anime|Artificial Intelligence|Atmospheric|Choices Matter|Cyberpunk|Dating Sim|Drama|Early Access|Emotional|Indie|Interactive Fiction|Multiple Endings|RPG|Sci-fi|Singleplayer,PASS,PASS,PASS,PASS,PENDING_EXTERNAL_CHECK
938310,12 Labours of Hercules VIII: How I Met Megara,"Jetdogs Studios, Zoom Out Games",Jetdogs Studios,0.6299,Low-cost option,0.3685,0.7921,0.5119,0.8471,148,0.9662,Very Positive,"0 .. 20,000",10000.0,2.99,False,False,False,True,2018,Adventure|Strategy,Adventure|Casual|Cats|Cute|Family Friendly|Indie|Mouse only|Mythology|Point & Click|Puzzle|Resource Management|Singleplayer|Strategy|Time Management,PASS,PASS,PASS,PASS,PENDING_EXTERNAL_CHECK
2543760,Shadow of the Ninja - Reborn,NatsumeAtari,"NatsumeAtari, Edigger, ININ",0.6298,Depth,0.6166,0.7921,0.9482,0.1624,416,0.7572,Mostly Positive,"0 .. 20,000",10000.0,19.99,False,True,True,True,2024,Action|Adventure|RPG,2D|2D Fighter|2D Platformer|Action|Action RPG|Action-Adventure|Adventure|Anime|Cartoon|Colorful|Local Co-Op|Multiplayer|Ninja|Pixel Graphics|Platformer,PASS,PASS,PASS,PASS,PENDING_EXTERNAL_CHECK
2961880,Grocery Store Simulator,FEKK Games,EXPERIMENT ONE,0.6298,Anchor,0.9157,0.1884,0.8374,0.5776,3555,0.9435,Very Positive,"100,000 .. 200,000",150000.0,7.99,True,True,True,True,2024,Casual|Early Access|Indie|Simulation,3D|Casual|Co-op|Early Access|Economy|Family Friendly|First-Person|Immersive Sim|Inventory Management|Life Sim|Management|Multiplayer|Online Co-Op|Realistic|Relaxing,PASS,PASS,PASS,PASS,PENDING_EXTERNAL_CHECK
239250,Castlevania: Lords of Shadow 2,MercurySteam,KONAMI,0.6297,Anchor,0.9465,0.09,0.9047,0.5776,5397,0.8464,Very Positive,"200,000 .. 500,000",350000.0,7.99,False,False,False,True,2014,Action|Adventure,Action|Action RPG|Adventure|Atmospheric|Dark|Epic|Fantasy|Gore|Gothic|Great Soundtrack|Hack and Slash|Horror|Metroidvania|RPG|Sequel,PASS,PASS,PASS,PASS,PENDING_EXTERNAL_CHECK
2305970,Королевская ночь,SNch,SNch,0.6296,Low-cost option,0.2513,0.7921,0.628,0.8471,101,0.8713,Very Positive,"0 .. 20,000",10000.0,2.99,False,False,False,True,2023,Adventure,2D|Adventure|Anime|Choices Matter|Choose Your Own Adventure|Cute|Gore|Hand-drawn|Horror|Multiple Endings|Psychedelic|Romance|Singleplayer|Story Rich|Visual Novel,PASS,PASS,PASS,PASS,PENDING_EXTERNAL_CHECK
582890,Estranged: The Departure,Alan Edwardes,Alan Edwardes,0.6296,Anchor,0.8711,0.09,0.9026,0.6546,2209,0.8674,Very Positive,"200,000 .. 500,000",350000.0,5.99,True,False,False,True,2020,Action|Adventure|Casual|Indie,Action|Adventure|Atmospheric|Casual|Early Access|FPS|First-Person|Free to Play|Horror|Indie|Mod|Multiplayer|Puzzle|Shooter|Singleplayer,PASS,PASS,PASS,PASS,PENDING_EXTERNAL_CHECK
2253470,Capoo Pals,"Alienkingdom Co., Ltd., DE GAMES","Poshen Co., Ltd.",0.6295,Depth,0.6082,0.7921,0.6427,0.4752,402,0.8259,Very Positive,"0 .. 20,000",10000.0,9.99,False,False,False,True,2023,Animation & Modeling,2D|Animation & Modeling|Atmospheric|Cartoony|Casual|Clicker|Collectathon|Colorful|Comedy|Comic Book|Creature Collector|Cute|Emotional|Funny|Idler,PASS,PASS,PASS,PASS,PENDING_EXTERNAL_CHECK
666330,Inertia,Loneminded,Loneminded,0.6295,Low-cost option,0.7101,0.3062,0.5061,0.9957,676,0.8432,Very Positive,"50,000 .. 100,000",75000.0,0.49,True,False,False,True,2017,Action|Casual|Indie,3D|3D Platformer|Abstract|Action|Beautiful|Casual|Colorful|Competitive|Difficult|First-Person|Level Editor|Minimalist|Multiplayer|Parkour|Platformer,PASS,PASS,PASS,PASS,PENDING_EXTERNAL_CHECK
1512710,TunTown,"SOFTSTAR ENTERTAINMENT, DOMO Studio",SOFTSTAR ENTERTAINMENT,0.6295,Low-cost option,0.4103,0.7921,0.5908,0.7249,172,0.9826,Very Positive,"0 .. 20,000",10000.0,4.99,False,False,False,True,2024,RPG,1990's|2D|2D Platformer|Cartoon|Cats|Cute|Dog|Family Friendly|Pixel Graphics|RPG|Relaxing|Singleplayer|Story Rich|Turn-Based Combat|Turn-Based Tactics,PASS,PASS,PASS,PASS,PENDING_EXTERNAL_CHECK
594050,Red Alliance,2ndUp Studios,2ndUp Studios,0.6295,Depth,0.5141,0.7921,0.8227,0.3892,263,0.7795,Mostly Positive,"0 .. 20,000",10000.0,11.99,True,False,False,True,2018,Action|Adventure|Indie,Action|Adventure|Atmospheric|Dark|Dystopian|FPS|First-Person|Horror|Indie|Linear|Modern|Nostalgia|PvE|Sci-fi|Shooter,PASS,PASS,PASS,PASS,PENDING_EXTERNAL_CHECK
1172520,Colorgrid,Minimol Games,Minimol Games,0.6294,Low-cost option,0.3663,0.7921,0.4016,0.9579,147,0.9116,Very Positive,"0 .. 20,000",10000.0,0.99,False,False,False,True,2019,Casual|Strategy,Atmospheric|Building|Casual|Colorful|Difficult|Education|Futuristic|Logic|Minimalist|Physics|Puzzle|Relaxing|Resource Management|Robots|Sci-fi,PASS,PASS,PASS,PASS,PENDING_EXTERNAL_CHECK
1073870,Self Shot,Vadd games,Conglomerate 5,0.6294,Low-cost option,0.248,0.7921,0.6306,0.8471,100,0.77,Mostly Positive,"0 .. 20,000",10000.0,2.99,True,False,False,True,2019,Action|Adventure|Casual|Indie,3D Platformer|Action|Anime|Arena Shooter|Atmospheric|Blood|Bullet Hell|Character Action Game|Demons|Difficult|FPS|Female Protagonist|First-Person|Old School|Platformer,PASS,PASS,PASS,PASS,PENDING_EXTERNAL_CHECK
1038280,Nobodies: Murder Cleaner,Blyts,Blyts,0.6294,Depth,0.5869,0.7921,0.5212,0.6174,366,0.9153,Very Positive,"0 .. 20,000",10000.0,6.99,True,False,False,True,2019,Adventure|Casual|Indie,2D|Adventure|Atmospheric|Cartoony|Casual|Crime|Dark|Dark Humor|First-Person|Gore|Hand-drawn|Horror|Indie|Linear|Mystery,PASS,PASS,PASS,PASS,PENDING_EXTERNAL_CHECK
573170,Fidel Dungeon Rescue,"Daniel Benmergui, Jeremías Babini, Hernán Rozenwasser",Daniel Benmergui,0.6294,Depth,0.6029,0.7921,0.6474,0.4752,392,0.9388,Very Positive,"0 .. 20,000",10000.0,9.99,True,False,False,True,2017,Indie|RPG,2D|Colorful|Cute|Difficult|Dog|Dungeon Crawler|Funny|Grid-Based Movement|Multiple Endings|Pixel Graphics|Procedural Generation|Puzzle|RPG|Replay Value|Retro,PASS,PASS,PASS,PASS,PENDING_EXTERNAL_CHECK
853860,aMAZE Classic,Blender Games,Blender Games,0.6293,Low-cost option,0.5431,0.7921,0.2829,0.8992,297,0.7912,Mostly Positive,"0 .. 20,000",10000.0,1.99,True,False,False,True,2018,Adventure|Casual|Indie|Simulation|Strategy,2D|Abstract|Adventure|Atmospheric|Cute|Difficult|Experimental|Family Friendly|Fast-Paced|Old School|Puzzle|Relaxing|Replay Value|Retro|Short,PASS,PASS,PASS,PASS,PENDING_EXTERNAL_CHECK
1749350,Gobby McGobblenutz Presents: The Art of the Dad Joke: Chapter 1,Randumb Studios,Randumb Studios,0.6293,Low-cost option,0.3857,0.4783,0.754,0.8992,157,0.9236,Very Positive,"20,000 .. 50,000",35000.0,1.99,True,False,False,True,2021,Casual|Indie|RPG|Simulation,Board Game|Choices Matter|Choose Your Own Adventure|Comedy|Conspiracy|Dark Comedy|Dark Humor|Funny|Horror|Immersive Sim|LGBTQ+|Multiple Endings|Pixel Graphics|Psychological Horror|RPG,PASS,PASS,PASS,PASS,PENDING_EXTERNAL_CHECK
676420,SiNKR,Robert Wahler,Wahler Digital,0.6292,Low-cost option,0.6585,0.4783,0.5808,0.7993,510,0.949,Very Positive,"20,000 .. 50,000",35000.0,3.99,True,False,False,True,2017,Casual|Indie|Strategy,2D|Abstract|Atmospheric|Casual|Difficult|Family Friendly|Great Soundtrack|Indie|Minimalist|Physics|Puzzle|Relaxing|Singleplayer|Strategy|Stylized,PASS,PASS,PASS,PASS,PENDING_EXTERNAL_CHECK
688130,Pogostuck: Rage With Your Friends,Hendrik Felix Pohl,Hendrik Felix Pohl,0.6292,Anchor,0.9532,0.09,0.8562,0.6174,5940,0.8377,Very Positive,"200,000 .. 500,000",350000.0,6.99,True,True,True,True,2019,Action|Adventure|Casual|Indie,2.5D|Action|Adventure|Casual|Co-op|Colorful|Difficult|Funny|Indie|Multiplayer|Platformer|Precision Platformer|Procedural Generation|Psychological Horror|Replay Value,PASS,PASS,PASS,PASS,PENDING_EXTERNAL_CHECK
346180,David.,Fermenter Games,First Break Labs,0.6292,Low-cost option,0.7267,0.1884,0.7025,0.8992,747,0.7871,Mostly Positive,"100,000 .. 200,000",150000.0,1.99,True,False,False,True,2015,Action|Indie,2D|2D Fighter|2D Platformer|Abstract|Action|Arena Shooter|Atmospheric|Bullet Time|Difficult|Fast-Paced|Indie|Minimalist|Physics|Platformer|Short,PASS,PASS,PASS,PASS,PENDING_EXTERNAL_CHECK
268750,Magicite,Sean Young,SmashGames,0.6292,Anchor,0.9653,0.0215,0.8051,0.7249,7553,0.8526,Very Positive,"500,000 .. 1,000,000",750000.0,4.99,True,False,True,True,2014,Action|Adventure|Indie|RPG,2D|Action|Action Roguelike|Adventure|Co-op|Crafting|Difficult|Indie|Multiplayer|Online Co-Op|Perma Death|Pixel Graphics|Platformer|RPG|Roguelike,PASS,PASS,PASS,PASS,PENDING_EXTERNAL_CHECK
253430,CastleMiner Z,DigitalDNA Games LLC,DigitalDNA Games LLC,0.6292,Anchor,0.9785,0.0215,0.8622,0.6546,10517,0.8042,Very Positive,"500,000 .. 1,000,000",750000.0,5.99,True,True,True,True,2014,Action|Adventure|Indie|Violent,Action|Adventure|Co-op|Crafting|Dragons|FPS|First-Person|Horror|Indie|Multiplayer|Online Co-Op|Open World|Open World Survival Craft|PvP|Sandbox,PASS,PASS,PASS,PASS,PENDING_EXTERNAL_CHECK
2884590,Darkchaser: Battletide,DB Studio,Luckycalf,0.6292,Low-cost option,0.1532,0.7921,0.7925,0.7791,75,0.8533,Very Positive,"0 .. 20,000",10000.0,4.49,True,False,True,True,2024,Action|Casual|Early Access|Indie|RPG,2D|Action|Action RPG|Action Roguelike|Adventure|Bullet Hell|Cartoony|Casual|Choices Matter|Controller|Early Access|Fantasy|Multiplayer|Perma Death|PvP,PASS,PASS,PASS,PASS,PENDING_EXTERNAL_CHECK
2878420,Old Market Simulator,Alcedo Games,"Alcedo Games, Gamersky Games",0.6292,Anchor,0.7914,0.3062,0.944,0.4752,1142,0.8757,Very Positive,"50,000 .. 100,000",75000.0,9.99,False,True,True,True,2024,Simulation,3D|Agriculture|Atmospheric|Co-op|Economy|Exploration|Farming|First-Person|Immersive Sim|Inventory Management|Life Sim|Management|Medieval|Multiplayer|Online Co-Op,PASS,PASS,PASS,PASS,PENDING_EXTERNAL_CHECK
1876730,蔚蓝月下的回忆~SAPPHIRE MOON-FOREVER MEMORIES,星愿游戏制作组,星愿游戏制作组,0.6292,Low-cost option,0.5598,0.4783,0.5795,0.8992,321,0.8162,Very Positive,"20,000 .. 50,000",35000.0,1.99,True,False,False,True,2022,Indie|RPG|Simulation,2D|2D Platformer|Anime|Atmospheric|Colorful|Dating Sim|Drama|Emotional|Indie|Interactive Fiction|Linear|Multiple Endings|RPG|Relaxing|Simulation,PASS,PASS,PASS,PASS,PENDING_EXTERNAL_CHECK
43190,The Haunted: Hells Reach,KTX Software,Signo &amp; Arte,0.6291,Depth,0.7269,0.3062,0.9337,0.5498,748,0.8556,Very Positive,"50,000 .. 100,000",75000.0,8.99,True,True,True,True,2011,Action|Indie,3D|Action|Blood|Co-op|Combat|Controller|Demons|FPS|Hack and Slash|Horror|Indie|Multiplayer|Online Co-Op|Shooter|Singleplayer,PASS,PASS,PASS,PASS,PENDING_EXTERNAL_CHECK
2894960,Inverted Angel,SCIKA,SCIKA,0.6291,Depth,0.538,0.7921,0.569,0.6174,290,0.9069,Very Positive,"0 .. 20,000",10000.0,6.99,True,False,False,True,2024,Adventure|Indie,2D|2D Platformer|Adventure|Anime|Artificial Intelligence|Atmospheric|Choices Matter|Choose Your Own Adventure|Comedy|Cute|Drama|Immersive Sim|Interactive Fiction|Logic|Multiple Endings,PASS,PASS,PASS,PASS,PENDING_EXTERNAL_CHECK
418300,Wick,Hellbent Games,Hellbent Games,0.6291,Depth,0.7032,0.3062,0.8524,0.6546,651,0.8556,Very Positive,"50,000 .. 100,000",75000.0,5.99,True,False,False,True,2015,Action|Adventure|Indie,Action|Adventure|Atmospheric|First-Person|Horror|Indie|Multiplayer|Psychological Horror|Singleplayer|Survival|Survival Horror,PASS,PASS,PASS,PASS,PENDING_EXTERNAL_CHECK
2026870,Night At the Gates of Hell,"Black Eyed Priest, Henry Hoare",Torture Star Video,0.629,Depth,0.7242,0.4783,0.9245,0.3892,737,0.8955,Very Positive,"20,000 .. 50,000",35000.0,11.99,False,False,False,True,2022,Action,1980s|Adventure|Blood|Cinematic|Dark Comedy|FPS|First-Person|Gore|Horror|Indie|Old School|Psychological Horror|Puzzle|Retro|Shooter,PASS,PASS,PASS,PASS,PENDING_EXTERNAL_CHECK
449250,A Little Lily Princess,Hanabira,Hanako Games,0.629,Depth,0.5473,0.7921,0.8782,0.2985,303,0.9274,Very Positive,"0 .. 20,000",10000.0,14.99,True,False,False,True,2016,Indie|Simulation,2D|Anime|Based On A Novel|Cute|Dating Sim|Drama|Emotional|Female Protagonist|Indie|LGBTQ+|Multiple Endings|Otome|Romance|Simulation|Singleplayer,PASS,PASS,PASS,PASS,PENDING_EXTERNAL_CHECK
6310,The Longest Journey,Funcom,Funcom,0.6289,Anchor,0.858,0.09,0.7205,0.8471,1957,0.9014,Very Positive,"200,000 .. 500,000",350000.0,2.99,False,False,False,True,2007,Action|Adventure|RPG,1990's|Adventure|Atmospheric|Classic|Comedy|Cult Classic|Cyberpunk|Fantasy|Female Protagonist|Funny|Futuristic|Great Soundtrack|Point & Click|Puzzle|Remake,PASS,PASS,PASS,PASS,PENDING_EXTERNAL_CHECK
1173380,NEKO ARENA,Neko Cloud,Neko Cloud,0.6289,Low-cost option,0.697,0.4783,0.441,0.8992,630,0.827,Very Positive,"20,000 .. 50,000",35000.0,1.99,True,False,False,True,2021,Action|Adventure|Casual|Indie|Simulation,Action|Adventure|Anime|Arena Shooter|Battle Royale|Casual|Cats|Colorful|Cute|Early Access|Female Protagonist|Funny|Hand-drawn|PvP|Score Attack,PASS,PASS,PASS,PASS,PENDING_EXTERNAL_CHECK
13600,Prince of Persia®: The Sands of Time,Kudosoft,Ubisoft,0.6289,Anchor,0.9268,0.0215,0.668,0.8992,4065,0.859,Very Positive,"500,000 .. 1,000,000",750000.0,1.99,False,False,False,True,,Action|Adventure,3D Platformer|Action|Action-Adventure|Adventure|Atmospheric|Classic|Controller|Fantasy|Great Soundtrack|Hack and Slash|Parkour|Platformer|Puzzle|Puzzle Platformer|Retro,PASS,PASS,PASS,PASS,PENDING_EXTERNAL_CHECK
284460,DeadCore,5 Bits Games,BANDAI NAMCO Entertainment,0.6288,Anchor,0.8609,0.09,0.6909,0.8733,2013,0.85,Very Positive,"200,000 .. 500,000",350000.0,2.49,True,False,False,True,2014,Action|Indie,3D Platformer|Action|Atmospheric|Cyberpunk|Difficult|FPS|Fast-Paced|First-Person|Great Soundtrack|Indie|Parkour|Platformer|Puzzle|Puzzle Platformer|Runner,PASS,PASS,PASS,PASS,PENDING_EXTERNAL_CHECK
403830,The Consuming Shadow,Ben 'Yahtzee' Croshaw,Ben 'Yahtzee' Croshaw,0.6288,Low-cost option,0.5968,0.4783,0.4823,0.9579,381,0.9501,Very Positive,"20,000 .. 50,000",35000.0,0.99,False,False,False,True,2015,Adventure,2D|Adventure|Atmospheric|Dark|Horror|Indie|Lovecraftian|Procedural Generation|Psychological Horror|Roguelike|Roguelite|Singleplayer|Survival Horror,PASS,PASS,PASS,PASS,PENDING_EXTERNAL_CHECK
266510,Hand of Fate,Defiant Development,Defiant Development,0.6288,Anchor,0.9783,0.0215,0.7159,0.7993,10465,0.8953,Very Positive,"500,000 .. 1,000,000",750000.0,3.99,True,False,False,True,2015,Action|Indie|RPG,Action|Action RPG|Action Roguelike|Adventure|Atmospheric|Board Game|Card Game|Choose Your Own Adventure|Deckbuilding|Difficult|Fantasy|Hack and Slash|Indie|RPG|Roguelike,PASS,PASS,PASS,PASS,PENDING_EXTERNAL_CHECK
2017370,Trash Horror Collection,616 GAMES,616 GAMES,0.6287,Depth,0.6212,0.7921,0.447,0.6546,424,0.9505,Very Positive,"0 .. 20,000",10000.0,5.99,True,False,False,True,2022,Adventure|Indie,1980s|3D|Action-Adventure|Adventure|Assassin|Atmospheric|Choices Matter|Choose Your Own Adventure|Dark|First-Person|Gore|Horror|Indie|Old School|Pixel Graphics,PASS,PASS,PASS,PASS,PENDING_EXTERNAL_CHECK
2661210,WhaleGameOnline,NekokujiraLab,NekokujiraLab,0.6286,Low-cost option,0.2106,0.7921,0.6647,0.8471,89,0.9326,Very Positive,"0 .. 20,000",10000.0,2.99,True,False,True,True,2023,Casual|Early Access|Indie|Simulation|Strategy,2D|2D Platformer|Atmospheric|Casual|Colorful|Cute|Early Access|Hand-drawn|Indie|Multiplayer|Puzzle|Puzzle Platformer|PvP|Simulation|Singleplayer,PASS,PASS,PASS,PASS,PENDING_EXTERNAL_CHECK
850320,PHOGS!,Bit Loom Games,Coatsink,0.6285,Depth,0.7541,0.4783,0.7226,0.559,878,0.8519,Very Positive,"20,000 .. 50,000",35000.0,8.74,True,True,True,True,2020,Adventure|Casual|Indie,3D Platformer|Adventure|Cartoon|Cartoony|Casual|Character Customization|Co-op|Co-op Campaign|Colorful|Comedy|Cute|Dog|Funny|Indie|Local Co-Op,PASS,PASS,PASS,PASS,PENDING_EXTERNAL_CHECK
2817690,天呐！找不到真爱就扑街！,國王互娛King Interactive,國王互娛King Interactive,0.6284,Depth,0.6297,0.4783,0.7881,0.6174,444,0.8266,Very Positive,"20,000 .. 50,000",35000.0,6.99,True,False,False,True,2024,Indie|RPG|Simulation,Atmospheric|Cinematic|Clicker|Conversation|Dating Sim|Drama|Emotional|Exploration|FMV|First-Person|Immersive Sim|Interactive Fiction|Modern|Multiple Endings|RPG,PASS,PASS,PASS,PASS,PENDING_EXTERNAL_CHECK
1346980,Lawnmower Game: Next Generation,"Tero Lunkka, Valkeala Software, Black Thug",Tero Lunkka,0.6284,Low-cost option,0.3879,0.7921,0.3756,0.9579,158,0.9051,Very Positive,"0 .. 20,000",10000.0,0.99,True,False,False,True,2020,Casual|Indie|Simulation,3D|Automobile Sim|Casual|Choices Matter|Comedy|Driving|Epic|Family Friendly|Funny|Indie|Life Sim|Memes|Simulation|Singleplayer|Third Person,PASS,PASS,PASS,PASS,PENDING_EXTERNAL_CHECK
313500,Blitzkrieg 2 Anthology,Nival,Nival,0.6283,Anchor,0.7971,0.09,0.9012,0.7249,1192,0.8482,Very Positive,"200,000 .. 500,000",350000.0,4.99,False,False,False,True,2014,Strategy,Action|Atmospheric|Classic|Difficult|Dynamic Narration|Great Soundtrack|Historical|Military|Multiplayer|RTS|Real Time Tactics|Realistic|Singleplayer|Strategy|Tactical,PASS,PASS,PASS,PASS,PENDING_EXTERNAL_CHECK
1039280,ProtoCorgi,Kemono Games,Ravenscourt,0.6283,Low-cost option,0.345,0.7921,0.4537,0.9224,136,0.9191,Very Positive,"0 .. 20,000",10000.0,1.74,True,False,False,True,2023,Action|Indie,2D|Action|Anime|Arcade|Bullet Hell|Bullet Time|Combat|Cute|Difficult|Dog|Family Friendly|Great Soundtrack|Indie|Pixel Graphics|Retro,PASS,PASS,PASS,PASS,PENDING_EXTERNAL_CHECK
497180,Street Legal Racing: Redline v2.3.1,"Invictus Games Ltd., ImageCode","Activision Value Inc., ImageCode",0.6283,Anchor,0.9228,0.09,0.8456,0.6546,3839,0.8823,Very Positive,"200,000 .. 500,000",350000.0,5.99,False,False,False,True,2016,Racing|Simulation,Automobile Sim|Building|Destruction|Driving|Kickstarter|Moddable|Multiplayer|Open World|Racing|Simulation|Singleplayer,PASS,PASS,PASS,PASS,PENDING_EXTERNAL_CHECK
972770,Thousand Threads,Seamount,Seamount,0.6282,Low-cost option,0.214,0.7921,0.6598,0.8471,90,0.8111,Very Positive,"0 .. 20,000",10000.0,2.99,True,False,False,True,2020,Action|Adventure|Indie|Simulation,Action-Adventure|Adventure|Atmospheric|Choices Matter|Colorful|Crafting|Cute|Exploration|FPS|First-Person|Funny|Hunting|Indie|Nature|Nonlinear,PASS,PASS,PASS,PASS,PENDING_EXTERNAL_CHECK
463210,State of Anarchy,Lapovich,New Reality Games,0.6282,Anchor,0.7817,0.09,0.6833,0.9579,1071,0.8478,Very Positive,"200,000 .. 500,000",350000.0,0.99,True,False,False,True,2016,Action|Casual|Indie|Simulation,2D|Action|Casual|Funny|Hand-drawn|Indie|Multiplayer|Shoot 'Em Up|Shooter|Simulation|Singleplayer|Top-Down Shooter,PASS,PASS,PASS,PASS,PENDING_EXTERNAL_CHECK
941480,Giraffe Town,Samer Khatib (Snowconesolid Productions),Samer Khatib (Snowconesolid Productions),0.6281,Low-cost option,0.5875,0.4783,0.5996,0.8471,367,0.8093,Very Positive,"20,000 .. 50,000",35000.0,2.99,True,False,False,True,2018,Action|Adventure|Indie,3D|3D Platformer|Action|Adventure|Comedy|Difficult|Funny|Great Soundtrack|Horror|Indie|Physics|Platformer|Psychological Horror|Puzzle|Singleplayer,PASS,PASS,PASS,PASS,PENDING_EXTERNAL_CHECK
751250,Big Tower Tiny Square,Evil Objective,EO Interactive,0.6281,Low-cost option,0.3198,0.7921,0.4427,0.9579,125,0.92,Very Positive,"0 .. 20,000",10000.0,0.99,True,False,False,True,2018,Action|Adventure|Indie,2D|Action|Adventure|Arcade|Comedy|Controller|Cute|Dark Humor|Difficult|Funny|Great Soundtrack|Indie|Minimalist|Platformer|Precision Platformer,PASS,PASS,PASS,PASS,PENDING_EXTERNAL_CHECK
1931940,Black Lily's Tale,1000-REKA,"1000-REKA, mirai works",0.6281,Depth,0.5519,0.7921,0.9489,0.2194,310,0.8484,Very Positive,"0 .. 20,000",10000.0,18.99,True,False,False,True,2023,Adventure|Indie,2D Platformer|Adventure|Anime|Atmospheric|Cute|Detective|Drama|Emotional|Female Protagonist|Hand-drawn|Hidden Object|Immersive Sim|Indie|LGBTQ+|Mystery,PASS,PASS,PASS,PASS,PENDING_EXTERNAL_CHECK
1076880,Air Marty,Myles Jorgensen,Dipster Productions LLC,0.628,Low-cost option,0.5981,0.7921,0.2749,0.8471,383,0.9556,Very Positive,"0 .. 20,000",10000.0,2.99,True,False,False,True,2019,Indie,2D|Cartoon|Comedy|Dark Comedy|Great Soundtrack|Indie|Multiple Endings|Psychological Horror|Replay Value,PASS,PASS,PASS,PASS,PENDING_EXTERNAL_CHECK
913850,103,Dystopia Interactive,Dystopia Interactive,0.628,Low-cost option,0.4362,0.7921,0.5589,0.7249,192,0.7448,Mostly Positive,"0 .. 20,000",10000.0,4.99,True,False,False,True,2018,Adventure|Casual|Indie,Adventure|Atmospheric|Casual|Colorful|Dark|Drama|Emotional|Exploration|Female Protagonist|First-Person|Hidden Object|Indie|Linear|Mystery|Narration,PASS,PASS,PASS,PASS,PENDING_EXTERNAL_CHECK
1080010,Witchtastic,Red Fur Games,Application Systems Heidelberg,0.6279,Depth,0.5214,0.7921,0.9712,0.2271,271,0.9151,Very Positive,"0 .. 20,000",10000.0,17.99,True,True,True,True,2021,Action|Casual|Indie|Simulation,4 Player Local|Action|Casual|Co-op|Colorful|Comedy|Controller|Cooking|Cute|Difficult|Family Friendly|Funny|Indie|Local Co-Op|Local Multiplayer,PASS,PASS,PASS,PASS,PENDING_EXTERNAL_CHECK
2321310,Hidden Cats In Town,Peach Rain,"Peach Rain, cdhy interactive",0.6279,Low-cost option,0.3947,0.7921,0.4256,0.8992,162,0.821,Very Positive,"0 .. 20,000",10000.0,1.99,True,False,False,True,2023,Adventure|Casual|Indie,2D|Cartoony|Casual|Cats|Clicker|Collectathon|Cozy|Creature Collector|Cute|Family Friendly|Funny|Hand-drawn|Hidden Object|Indie|Minimalist,PASS,PASS,PASS,PASS,PENDING_EXTERNAL_CHECK
1480030,A Way To Be Dead,Crania Games,Crania Games,0.6279,Depth,0.2245,0.7921,0.8776,0.6174,93,0.7097,Mostly Positive,"0 .. 20,000",10000.0,6.99,True,True,True,True,2021,Adventure|Early Access|Indie,Action|Action-Adventure|Adventure|Atmospheric|Co-op|Combat|Early Access|Fighting|First-Person|Hidden Object|Horror|Multiplayer|Online Co-Op|Psychedelic|Psychological Horror,PASS,PASS,PASS,PASS,PENDING_EXTERNAL_CHECK
291170,Royal Defense,"Good Games, Creobit",8Floor,0.6279,Low-cost option,0.5875,0.7921,0.2063,0.9255,367,0.7248,Mostly Positive,"0 .. 20,000",10000.0,1.49,True,False,False,True,2014,Adventure|Casual|Indie|Strategy,2D|Adventure|Anime|Arcade|Cartoon|Casual|Co-op|Comedy|Exploration|Fantasy|Grand Strategy|Great Soundtrack|Indie|Remake|Singleplayer,PASS,PASS,PASS,PASS,PENDING_EXTERNAL_CHECK
1191770,混世萌王喵霸霸 Cute Chaos Demon Nyanbaba,冷笑黑妖,冷笑黑妖,0.6278,Low-cost option,0.2973,0.7921,0.4639,0.9579,116,1.0,Very Positive,"0 .. 20,000",10000.0,0.99,True,False,False,True,2022,Casual|Indie,Anime|Casual|Clicker|Comedy|Creature Collector|Cute|Exploration|Family Friendly|Female Protagonist|Funny|Hand-drawn|Hidden Object|Horror|Indie|Investigation,PASS,PASS,PASS,PASS,PENDING_EXTERNAL_CHECK
1393570,Superbugs: Awaken,Together Games,Together Games,0.6278,Depth,0.4268,0.7921,0.6945,0.5978,184,0.8696,Very Positive,"0 .. 20,000",10000.0,7.49,True,True,True,False,2022,Action|Adventure|Casual|Indie,3D|Action|Action-Adventure|Adventure|Co-op|Conversation|Difficult|FPS|Fast-Paced|First-Person|Funny|Indie|Local Co-Op|Local Multiplayer|Multiplayer,PASS,PASS,PASS,PASS,PENDING_EXTERNAL_CHECK
1085160,Palmyra Orphanage,Steppe Hare Studio,Steppe Hare Studio,0.6278,Depth,0.7114,0.4783,0.6668,0.6546,681,0.8899,Very Positive,"20,000 .. 50,000",35000.0,5.99,True,False,False,True,2019,Indie,Adventure|Atmospheric|Blood|Choices Matter|Dark|Difficult|Early Access|Exploration|First-Person|Gore|Horror|Indie|Mature|Psychological Horror|Puzzle,PASS,PASS,PASS,PASS,PENDING_EXTERNAL_CHECK
2704110,彼方的她-Aliya,TDGame,Anotherindie,0.6278,Anchor,0.864,0.1884,0.6115,0.8471,2065,0.986,Overwhelmingly Positive,"100,000 .. 200,000",150000.0,2.99,True,False,False,True,2024,Indie|RPG,2D|Choices Matter|Emotional|Indie|Interactive Fiction|Minimalist|Multiple Endings|Otome|Perma Death|RPG|Sci-fi|Singleplayer|Space|Story Rich|Text-Based,PASS,PASS,PASS,PASS,PENDING_EXTERNAL_CHECK
2559470,Ghost Road Awakening,Ghost Road Game Studio,Luna Infinity Games,0.6277,Low-cost option,0.1788,0.7921,0.6683,0.8718,81,0.8765,Very Positive,"0 .. 20,000",10000.0,2.59,True,False,False,True,2023,Adventure|Casual|Indie|RPG|Strategy,Abstract|Adventure|Dynamic Narration|Emotional|First-Person|Idler|Interactive Fiction|Multiple Endings|Mythology|Psychological Horror|RPG|Romance|Soundtrack|Story Rich|Strategy,PASS,PASS,PASS,PASS,PENDING_EXTERNAL_CHECK
2113490,Mess Quest,Ryan Forrester,Ryan Forrester,0.6277,Low-cost option,0.2581,0.7921,0.5899,0.8707,103,0.932,Very Positive,"0 .. 20,000",10000.0,2.79,False,False,False,True,2022,Simulation,2D|Blood|Casual|Colorful|Comedy|Controller|Cozy|Funny|Immersive Sim|Indie|Parody|Physics|Pixel Graphics|Relaxing|Retro,PASS,PASS,PASS,PASS,PENDING_EXTERNAL_CHECK
2475490,Mouthwashing,Wrong Organ,CRITICAL REFLEX,0.6277,Anchor,0.9306,0.3062,0.9077,0.3662,4240,0.9693,Overwhelmingly Positive,"50,000 .. 100,000",75000.0,12.99,True,False,False,True,2024,Adventure|Indie,Adventure|Atmospheric|Dark|Dark Humor|Exploration|First-Person|Gore|Horror|Indie|Mystery|Narrative|Psychological|Psychological Horror|Retro|Singleplayer,PASS,PASS,PASS,PASS,PENDING_EXTERNAL_CHECK
1430970,Astatos,Studio Klondike Australia,Studio Klondike,0.6276,Depth,0.4951,0.7921,0.8342,0.3892,243,0.8189,Very Positive,"0 .. 20,000",10000.0,11.99,True,True,True,True,2021,Adventure|Early Access|Indie|Strategy,2D|Adventure|Anime|Card Battler|Card Game|Co-op|Colorful|Early Access|Fantasy|Hand-drawn|LGBTQ+|Multiplayer|Online Co-Op|PvP|Romance,PASS,PASS,PASS,PASS,PENDING_EXTERNAL_CHECK
403120,THE GAME OF LIFE,Marmalade Game Studio Ltd,Marmalade Game Studio Ltd,0.6276,Anchor,0.8787,0.09,0.9046,0.6371,2378,0.7405,Mostly Positive,"200,000 .. 500,000",350000.0,6.49,False,False,True,True,2015,Adventure|Casual|Simulation,Addictive|Adventure|Board Game|Card Game|Casual|Classic|Co-op|Cult Classic|Family Friendly|Funny|Local Multiplayer|Multiplayer|Online Co-Op|Psychological Horror|Simulation,PASS,PASS,PASS,PASS,PENDING_EXTERNAL_CHECK
2741620,Exiled,John Szymanski,John Szymanski,0.6276,Low-cost option,0.458,0.4783,0.8491,0.7249,209,0.933,Very Positive,"20,000 .. 50,000",35000.0,4.99,False,False,False,True,2024,Adventure,3D|Adventure|Atmospheric|Choices Matter|Cinematic|Dark|First-Person|Funny|Horror|Linear|Multiple Endings|Mystery|Point & Click|Psychological Horror|Puzzle,PASS,PASS,PASS,PASS,PENDING_EXTERNAL_CHECK
1573280,WW2 Rebuilder,Madnetic Games,"Madnetic Games, PlayWay S.A.",0.6275,Anchor,0.7927,0.3062,0.8337,0.5776,1155,0.8745,Very Positive,"50,000 .. 100,000",75000.0,7.99,True,False,False,True,2023,Action|Adventure|Casual|Indie|RPG|Simulation|Strategy,Adventure|Base Building|Building|Casual|City Builder|Crafting|Design & Illustration|Education|Exploration|First-Person|God Game|Immersive Sim|Management|Realistic|Relaxing,PASS,PASS,PASS,PASS,PENDING_EXTERNAL_CHECK
3205080,Bad Parenting 1: Mr. Red Face,"2OO2, VN",2OO2,0.6275,Low-cost option,0.6981,0.4783,0.4345,0.8992,633,0.9763,Overwhelmingly Positive,"20,000 .. 50,000",35000.0,1.99,True,False,False,True,2024,Adventure|Indie,1990's|3D|Adventure|Atmospheric|Cartoon|Dark|Exploration|Horror|Indie|Linear|Lore-Rich|Mystery|Psychological Horror|Retro|Singleplayer,PASS,PASS,PASS,PASS,PENDING_EXTERNAL_CHECK
814530,Death Crown,5WORD Team, 5WORD Team,0.6275,Low-cost option,0.6595,0.4783,0.6473,0.7249,512,0.9023,Very Positive,"20,000 .. 50,000",35000.0,4.99,True,True,True,True,2019,Indie|Strategy,2D|Atmospheric|Co-op|Difficult|Epic|Fantasy|Great Soundtrack|Grid-Based Movement|Local Multiplayer|Management|Pixel Graphics|PvP|Simulation|Singleplayer|Soundtrack,PASS,PASS,PASS,PASS,PENDING_EXTERNAL_CHECK
1902650,Come See My Hole,Trip Time Games,Trip Time Games,0.6273,Low-cost option,0.3913,0.7921,0.3682,0.9579,160,0.9438,Very Positive,"0 .. 20,000",10000.0,0.99,False,True,True,True,2022,Casual,3D|Atmospheric|Casual|Colorful|Conversation|First-Person|Multiplayer|Psychological Horror|Singleplayer,PASS,PASS,PASS,PASS,PENDING_EXTERNAL_CHECK
1009750,Flappatron,Dexter Manning,Manning Media,0.6272,Low-cost option,0.349,0.7921,0.4683,0.8992,138,0.9565,Very Positive,"0 .. 20,000",10000.0,1.99,True,False,False,True,2019,Action|Adventure|Casual|Indie,2D|Action|Anime|Arcade|Bullet Hell|Cartoony|Casual|Dark Humor|Difficult|Fantasy|Funny|Parody|Romance|Score Attack|Shoot 'Em Up,PASS,PASS,PASS,PASS,PENDING_EXTERNAL_CHECK
450170,BOOR,DazlogStudio,BadLand Publishing,0.6271,Low-cost option,0.4746,0.3062,0.7696,0.9579,223,0.8296,Very Positive,"50,000 .. 100,000",75000.0,0.99,True,False,False,True,2017,Adventure|Casual|Indie,2D|Adventure|Arcade|Casual|Cute|Difficult|Female Protagonist|Great Soundtrack|Horror|Indie|Minimalist|Multiplayer|Platformer|Puzzle|Puzzle Platformer,PASS,PASS,PASS,PASS,PENDING_EXTERNAL_CHECK
1955330,Save Room - Organization Puzzle,Fractal Projects,Fractal Projects,0.627,Anchor,0.8683,0.1884,0.604,0.8471,2143,0.9715,Overwhelmingly Positive,"100,000 .. 200,000",150000.0,2.99,True,False,False,True,2022,Casual|Indie,Casual|Controller|Crafting|Grid-Based Movement|Gun Customization|Horror|Hunting|Indie|Inventory Management|Logic|Management|Military|Minimalist|Puzzle|Relaxing,PASS,PASS,PASS,PASS,PENDING_EXTERNAL_CHECK
1794780,SiNiSistar Lite Version,Uu,DLsite,0.6269,Low-cost option,0.6518,0.7921,0.3388,0.7249,493,0.8864,Very Positive,"0 .. 20,000",10000.0,4.99,True,False,False,True,2021,Action|Adventure|Indie,2D|2D Platformer|Action|Action-Adventure|Adventure|Anime|Beat 'em up|Dark|Dark Fantasy|Demons|Exploration|Fantasy|Horror|Metroidvania|Pixel Graphics,PASS,PASS,PASS,PASS,PENDING_EXTERNAL_CHECK
1188080,Cats are Liquid - A Better Place,Last Quarter Studios,Last Quarter Studios,0.6268,Low-cost option,0.5263,0.7921,0.2897,0.8992,276,0.9529,Very Positive,"0 .. 20,000",10000.0,1.99,True,False,False,True,2019,Adventure|Indie,2D|Adventure|Cats|Female Protagonist|Indie|Platformer|Psychological Horror|Singleplayer|Story Rich,PASS,PASS,PASS,PASS,PENDING_EXTERNAL_CHECK
2114770,零岁的星光,Hippocampus制作组,WindField Games,0.6268,Low-cost option,0.343,0.7921,0.525,0.8471,135,0.9037,Very Positive,"0 .. 20,000",10000.0,2.99,True,False,False,True,2023,Adventure|Indie|RPG,2D|2D Platformer|Adventure|Anime|Conversation|Cute|Dating Sim|Indie|RPG|Singleplayer|Visual Novel|Word Game,PASS,PASS,PASS,PASS,PENDING_EXTERNAL_CHECK
412770,Boogeyman,Clockwork Wolf,Clockwork Wolf,0.6268,Low-cost option,0.6994,0.3062,0.7766,0.7249,638,0.8103,Very Positive,"50,000 .. 100,000",75000.0,4.99,True,False,False,True,2015,Action|Indie|Strategy,Action|Atmospheric|First-Person|Horror|Indie|Multiplayer|Psychological Horror|Singleplayer|Strategy|Survival|VR,PASS,PASS,PASS,PASS,PENDING_EXTERNAL_CHECK
1433890,Lawnmower Game: Racing,"Tero Lunkka, Valkeala Software",Tero Lunkka,0.6267,Low-cost option,0.2318,0.7921,0.4873,0.9957,95,0.7789,Mostly Positive,"0 .. 20,000",10000.0,0.49,True,False,False,True,2020,Indie|Racing,Automobile Sim|Choices Matter|Competitive|Driving|Funny|Hidden Object|Indie|Memes|Minimalist|Offroad|Racing|Singleplayer|Third Person|Time Management,PASS,PASS,PASS,PASS,PENDING_EXTERNAL_CHECK
1998170,Second Thoughts,Gestmorph Games,Gestmorph Games,0.6267,Low-cost option,0.1532,0.7921,0.6622,0.8992,75,0.72,Mostly Positive,"0 .. 20,000",10000.0,1.99,True,False,False,True,2022,Indie,2D|Abstract|Adventure|Atmospheric|Choices Matter|Choose Your Own Adventure|Dark|Dynamic Narration|Dystopian|Horror|Interactive Fiction|LGBTQ+|Minimalist|Philosophical|Psychological,PASS,PASS,PASS,PASS,PENDING_EXTERNAL_CHECK
1739070,Bone's Cafe,Acute Owl Studio,Acute Owl Studio,0.6266,Depth,0.5156,0.7921,0.9004,0.2985,265,0.9736,Very Positive,"0 .. 20,000",10000.0,14.99,True,True,True,True,2022,Action|Casual|Indie|Simulation|Strategy,4 Player Local|Automation|Base Building|Building|Co-op|Co-op Campaign|Colorful|Controller|Cooking|Cute|Dark Humor|Local Co-Op|Management|Multiplayer|Programming,PASS,PASS,PASS,PASS,PENDING_EXTERNAL_CHECK
1395540,BOT.vinnik Chess: Winning Patterns,Deep Green Games,Abyssal Studios,0.6266,Low-cost option,0.1483,0.7921,0.6084,0.9579,74,0.9189,Very Positive,"0 .. 20,000",10000.0,0.99,True,False,False,True,2020,Casual|Indie|Strategy,Artificial Intelligence|Atmospheric|Board Game|Casual|Chess|Education|Foreign|Indie|Minimalist|Mouse only|Nostalgia|Puzzle|Relaxing|Singleplayer|Strategy,PASS,PASS,PASS,PASS,PENDING_EXTERNAL_CHECK
1564560,Island Farmer - Jigsaw Puzzle,Mens Sana Interactive,Mens Sana Interactive,0.6265,Low-cost option,0.6242,0.7921,0.1905,0.8992,431,0.9327,Very Positive,"0 .. 20,000",10000.0,1.99,False,False,False,True,2021,Casual,3D|Agriculture|Base Building|Board Game|Casual|Colorful|Cozy|Cute|Family Friendly|Farming|Farming Sim|Isometric|Logic|Minimalist|Point & Click,PASS,PASS,PASS,PASS,PENDING_EXTERNAL_CHECK
2484500,Ontotis,Xenoplasis Games,Xenoplasis Games,0.6264,Depth,0.2447,0.7921,0.8143,0.6546,99,0.8182,Very Positive,"0 .. 20,000",10000.0,5.99,True,False,False,True,2023,Action|Adventure|Indie,Action|Adventure|Atmospheric|Dark|Exploration|First-Person|Horror|Indie|Jump Scare|Linear|Multiple Endings|Mystery|Psychological|Psychological Horror|Puzzle,PASS,PASS,PASS,PASS,PENDING_EXTERNAL_CHECK
2633500,Dragon Throne: Battle of Red Cliffs,"Object Software, ZOOM Platform Media, Jordan Freeman Group",Strategy First,0.6264,Low-cost option,0.2973,0.7921,0.517,0.8992,116,0.8103,Very Positive,"0 .. 20,000",10000.0,1.99,False,False,True,True,2024,RPG|Strategy,2D|Alternate History|Archery|Combat|Diplomacy|Fantasy|Foreign|Historical|Isometric|Management|Martial Arts|Mythology|PvP|RPG|RTS,PASS,PASS,PASS,PASS,PENDING_EXTERNAL_CHECK
1088950,Touring Karts,Ivanovich Games,Ivanovich Games,0.6264,Depth,0.3381,0.7921,0.7977,0.5776,133,0.7744,Mostly Positive,"0 .. 20,000",10000.0,7.99,False,False,True,True,2019,Racing|Simulation|Sports,Artificial Intelligence|Automobile Sim|Casual|Combat Racing|Competitive|Controller|Difficult|Driving|Early Access|FPS|Family Friendly|First-Person|Great Soundtrack|Moddable|Multiplayer,PASS,PASS,PASS,PASS,PENDING_EXTERNAL_CHECK
1793260,Delivery INC,DIGIFOX,Games Operators,0.6263,Depth,0.4324,0.7921,0.9823,0.2985,189,0.7249,Mostly Positive,"0 .. 20,000",10000.0,14.99,False,True,True,True,2023,Casual|Simulation|Strategy,2.5D|Atmospheric|Casual|Choices Matter|Economy|Logic|Management|Minimalist|Modern|Multiplayer|RTS|Real Time Tactics|Realistic|Sandbox|Simulation,PASS,PASS,PASS,PASS,PENDING_EXTERNAL_CHECK
2233120,A Quiet Place: The Road Ahead,Stormind Games,Saber Interactive,0.6263,Depth,0.6964,0.7921,0.9624,0.0542,626,0.754,Mostly Positive,"0 .. 20,000",10000.0,29.99,False,False,False,False,,Acción|Aventura,Action|Adventure|Aliens|Atmospheric|Cinematic|Drama|Emotional|Female Protagonist|First-Person|Horror|Linear|Post-apocalyptic|Puzzle|Quick-Time Events|Silent Protagonist,PASS,PASS,PASS,PASS,PENDING_EXTERNAL_CHECK
400450,NeuroVoider,Flying Oak Games,Dear Villagers,0.6261,Low-cost option,0.7261,0.1884,0.6619,0.9281,745,0.7638,Mostly Positive,"100,000 .. 200,000",150000.0,1.39,True,True,True,True,2016,Action|Indie|RPG,2D|Action|Action Roguelike|Bullet Hell|Co-op|Co-op Campaign|Cyberpunk|Futuristic|Great Soundtrack|Indie|Local Co-Op|Perma Death|Pixel Graphics|RPG|Robots,PASS,PASS,PASS,PASS,PENDING_EXTERNAL_CHECK
579110,Interkosmos,Ovid Works,Ovid Works,0.6261,Low-cost option,0.6073,0.4783,0.694,0.7249,400,0.8425,Very Positive,"20,000 .. 50,000",35000.0,4.99,True,False,False,True,2017,Action|Adventure|Indie|Simulation,Action|Action-Adventure|Adventure|Alternate History|Atmospheric|Cold War|Comedy|First-Person|Flight|Funny|Indie|Puzzle|Replay Value|Satire|Simulation,PASS,PASS,PASS,PASS,PENDING_EXTERNAL_CHECK
1476350,Brain Meltdown - Into Despair,Onfire Games,Onfire Games,0.6261,Low-cost option,0.4842,0.7921,0.4288,0.7993,232,0.9224,Very Positive,"0 .. 20,000",10000.0,3.99,True,False,True,True,2020,Action|Adventure|Casual|Early Access|Indie,2D|2D Platformer|Action|Action-Adventure|Adventure|Atmospheric|Casual|Character Action Game|Cute|Difficult|Early Access|Emotional|Family Friendly|Hand-drawn|Indie,PASS,PASS,PASS,PASS,PENDING_EXTERNAL_CHECK
950700,VICCP,quasardeep,quasardeep,0.626,Low-cost option,0.4175,0.7921,0.5697,0.7249,177,0.7232,Mostly Positive,"0 .. 20,000",10000.0,4.99,True,False,False,True,2019,Adventure|Casual|Indie|Simulation,Adventure|Atmospheric|Casual|Cyberpunk|Difficult|Experimental|Great Soundtrack|Hacking|Hidden Object|Horror|Indie|Multiple Endings|Nonlinear|Point & Click|Puzzle,PASS,PASS,PASS,PASS,PENDING_EXTERNAL_CHECK
1016790,West of Dead,Upstream Arcade,Raw Fury,0.626,Anchor,0.8536,0.09,0.8352,0.7249,1874,0.7247,Mostly Positive,"200,000 .. 500,000",350000.0,4.99,True,False,False,True,2020,Action|Adventure|Indie,Action|Action Roguelike|Adventure|Atmospheric|Dark|Difficult|Fast-Paced|Horror|Isometric|Procedural Generation|Replay Value|Roguelike|Roguelite|Shooter|Singleplayer,PASS,PASS,PASS,PASS,PENDING_EXTERNAL_CHECK
351230,Counter Spell,Abnormal Software,Abnormal Software,0.6259,Low-cost option,0.3604,0.7921,0.6264,0.7249,144,0.8611,Very Positive,"0 .. 20,000",10000.0,4.99,True,True,True,True,2015,Action|Indie|RPG,Action|Indie|Multiplayer|Open World|RPG,PASS,PASS,PASS,PASS,PENDING_EXTERNAL_CHECK
629440,Graze Counter,Bikkuri Software,Henteko Doujin,0.6259,Depth,0.5334,0.7921,0.7031,0.4752,285,0.9579,Very Positive,"0 .. 20,000",10000.0,9.99,False,False,False,True,2017,Action|Casual,1990's|2D|Action|Anime|Arcade|Bullet Hell|Casual|Cute|Dark Fantasy|Difficult|Female Protagonist|Indie|Lore-Rich|Mechs|Pixel Graphics,PASS,PASS,PASS,PASS,PENDING_EXTERNAL_CHECK
314810,Randal's Monday,Nexus Game Studios,Daedalic Entertainment,0.6259,Anchor,0.8303,0.09,0.6839,0.8992,1541,0.7768,Mostly Positive,"200,000 .. 500,000",350000.0,1.99,True,False,False,True,2014,Adventure|Indie,2D|Adventure|Cartoon|Choices Matter|Comedy|Dark Humor|Drama|Funny|Hand-drawn|Indie|Multiple Endings|Point & Click|Puzzle|Singleplayer|Story Rich,PASS,PASS,PASS,PASS,PENDING_EXTERNAL_CHECK
260309,Company of Heroes 2 - The Western Front Armies,"Relic Entertainment, Feral Interactive (Mac), Feral Interactive (Linux)","SEGA, Feral Interactive (Mac), Feral Interactive (Linux)",0.6258,Depth,0.4268,0.7921,0.9183,0.3662,184,0.8533,Very Positive,"0 .. 20,000",10000.0,12.99,False,False,True,False,2014,Strategy,Action|Adventure|FPS|Free to Play|Historical|Military|Multiplayer|RTS|Realistic|Singleplayer|Strategy|Tactical|War|World War II,PASS,PASS,PASS,PASS,PENDING_EXTERNAL_CHECK
391580,Egyptian Senet,Ezzat Studios,Ezzat Studios,0.6258,Low-cost option,0.5722,0.7921,0.1513,0.9876,341,0.7859,Mostly Positive,"0 .. 20,000",10000.0,0.76,True,False,True,True,2015,Casual|Indie|Simulation|Sports|Strategy,Arcade|Board Game|Casual|Chess|Clicker|Education|Family Friendly|Historical|Indie|Life Sim|Mystery|Mythology|Puzzle|Relaxing|Simulation,PASS,PASS,PASS,PASS,PENDING_EXTERNAL_CHECK
1430680,Clash: Artifacts of Chaos,ACE Team,Nacon,0.6257,Depth,0.7627,0.4783,0.7119,0.5498,930,0.9269,Very Positive,"20,000 .. 50,000",35000.0,8.99,True,False,False,True,2023,Action|Adventure|Indie,Action|Action RPG|Action-Adventure|Adventure|Atmospheric|Beat 'em up|Colorful|Combat|Exploration|Fantasy|Indie|Martial Arts|RPG|Singleplayer|Souls-like,PASS,PASS,PASS,PASS,PENDING_EXTERNAL_CHECK
758500,Loot Box Quest,Going Loud Studios,Going Loud Studios,0.6256,Low-cost option,0.629,0.3062,0.6093,0.9579,442,0.9299,Very Positive,"50,000 .. 100,000",75000.0,0.99,False,False,False,True,2017,Casual,Capitalism|Casual|Choose Your Own Adventure|Clicker|Dark Comedy|Destruction|Dystopian|Economy|Funny|Horror|Idler|Indie|Loot|Memes|Psychological Horror,PASS,PASS,PASS,PASS,PENDING_EXTERNAL_CHECK
2070550,A Castle Full of Cats,Devcats,Devcats,0.6256,Anchor,0.9182,0.3062,0.4073,0.8707,3654,0.994,Overwhelmingly Positive,"50,000 .. 100,000",75000.0,2.79,False,False,False,True,2022,Adventure|Casual,Adventure|Cartoony|Casual|Cats|Collectathon|Cozy|Creature Collector|Cute|Exploration|Hand-drawn|Hidden Object|Horror|Metroidvania|Minimalist|Point & Click,PASS,PASS,PASS,PASS,PENDING_EXTERNAL_CHECK
2111170,STORY OF SEASONS: A Wonderful Life,Marvelous Inc.,"Marvelous, Marvelous Europe, XSEED Games",0.6255,Anchor,0.7872,0.7921,0.8978,0.025,1109,0.7863,Mostly Positive,"0 .. 20,000",10000.0,39.99,False,False,False,True,2023,Casual|RPG|Simulation,3D|Agriculture|Casual|Cats|Character Customization|Cozy|Cute|Dog|Family Friendly|Farming|Farming Sim|Horses|Life Sim|Nature|RPG,PASS,PASS,PASS,PASS,PENDING_EXTERNAL_CHECK
1004610,Roombo: First Blood,Samurai Punk,Samurai Punk,0.6255,Low-cost option,0.5864,0.4783,0.7124,0.7249,365,0.8877,Very Positive,"20,000 .. 50,000",35000.0,4.99,True,False,False,True,2019,Action|Indie,Action|Action-Adventure|Comedy|Crime|Dark Comedy|Dark Humor|Funny|Gore|Great Soundtrack|Hacking|Indie|Robots|Short|Simulation|Singleplayer,PASS,PASS,PASS,PASS,PENDING_EXTERNAL_CHECK
1569810,24 Solar Terms,FreeMenFreeTime,Gamera Games,0.6255,Depth,0.3685,0.7921,0.7239,0.6174,148,0.9054,Very Positive,"0 .. 20,000",10000.0,6.99,True,False,False,True,2023,Indie,2D|Agriculture|Atmospheric|Cartoon|Cartoony|Casual|Clicker|Colorful|Cute|Farming Sim|Funny|Hand-drawn|Hidden Object|Historical|Indie,PASS,PASS,PASS,PASS,PENDING_EXTERNAL_CHECK
897030,Paratopic,Arbitrary Metric,Serenity Forge,0.6254,Anchor,0.8538,0.1884,0.7874,0.6721,1878,0.7412,Mostly Positive,"100,000 .. 200,000",150000.0,5.49,True,False,False,True,2018,Adventure|Indie,Adventure|Atmospheric|Dark|Experimental|First-Person|Great Soundtrack|Horror|Indie|Mystery|Pixel Graphics|Psychological Horror|Retro|Short|Singleplayer|Stylized,PASS,PASS,PASS,PASS,PENDING_EXTERNAL_CHECK
1785150,Friends vs Friends,Brainwash Gang,Raw Fury,0.6254,Anchor,0.9832,0.09,0.9533,0.4752,12013,0.8307,Very Positive,"200,000 .. 500,000",350000.0,9.99,True,True,True,False,2023,Action|Indie,Action|Arena Shooter|Battle Royale|Card Game|Co-op|Colorful|Combat|Destruction|FPS|First-Person|Gun Customization|Hero Shooter|Indie|Multiplayer|Old School,PASS,PASS,PASS,PASS,PENDING_EXTERNAL_CHECK
330580,Shark Attack Deathmatch 2,Lighthouse Games Studio,Lighthouse Games Studio,0.6253,Anchor,0.8547,0.09,0.8317,0.7249,1898,0.7608,Mostly Positive,"200,000 .. 500,000",350000.0,4.99,True,True,True,True,2019,Action|Indie,3D|Action|Adventure|Arena Shooter|Combat|Exploration|FPS|Fighting|First-Person|Gore|Horror|Hunting|Multiplayer|Open World|PvP,PASS,PASS,PASS,PASS,PENDING_EXTERNAL_CHECK
1381530,Mess Adventures,Marvelous Games,Marvelous Games,0.6253,Low-cost option,0.6527,0.7921,0.2092,0.8471,495,0.8182,Very Positive,"0 .. 20,000",10000.0,2.99,True,False,False,True,2020,Action|Adventure|Casual|Indie|Strategy,2D|Abstract|Action|Action-Adventure|Adventure|Cartoon|Casual|Character Action Game|Combat|Comedy|Dark Humor|Funny|Memes|Noir|Parody,PASS,PASS,PASS,PASS,PENDING_EXTERNAL_CHECK
311480,Vertical Drop Heroes HD,Nerdook Productions,Digerati,0.6253,Depth,0.7233,0.1884,0.9719,0.6174,731,0.8071,Very Positive,"100,000 .. 200,000",150000.0,6.99,False,True,True,True,2014,Action|RPG,2D|Action|Action RPG|Action Roguelike|Casual|Co-op|Controller|Free to Play|Indie|Local Co-Op|Local Multiplayer|Multiplayer|Perma Death|Platformer|Procedural Generation,PASS,PASS,PASS,PASS,PENDING_EXTERNAL_CHECK
944010,S.W.I.N.E. HD Remaster,Kite Games,"Assemble Entertainment, WhisperGames",0.6253,Anchor,0.7858,0.3062,0.9339,0.4752,1097,0.9088,Very Positive,"50,000 .. 100,000",75000.0,9.99,False,False,True,True,2019,Strategy,Action|Classic|Cold War|Comedy|Difficult|Funny|Great Soundtrack|Indie|Moddable|Multiplayer|PvE|RTS|Real Time Tactics|Real-Time|Real-Time with Pause,PASS,PASS,PASS,PASS,PENDING_EXTERNAL_CHECK
2754690,I've Fallen For You!,LOVE MOOD STUDIO LIMITED,LOVE MOOD STUDIO LIMITED,0.6252,Depth,0.5896,0.4783,0.7954,0.6378,370,0.927,Very Positive,"20,000 .. 50,000",35000.0,6.39,False,False,False,True,2024,RPG|Simulation,Choose Your Own Adventure|Cinematic|Dark Humor|Dating Sim|Drama|Emotional|Exploration|FMV|First-Person|Immersive Sim|Interactive Fiction|Life Sim|Lore-Rich|Multiple Endings|RPG,PASS,PASS,PASS,PASS,PENDING_EXTERNAL_CHECK
2299240,Fateweaver: Smash or Pass,Randumb Studios,Randumb Studios,0.6251,Low-cost option,0.1232,0.7921,0.7381,0.8471,69,0.942,Very Positive,"0 .. 20,000",10000.0,2.99,True,False,False,True,2023,Adventure|Casual|Indie|RPG|Simulation,Anime|Choices Matter|Choose Your Own Adventure|Emotional|Female Protagonist|Horror|Interactive Fiction|Investigation|LGBTQ+|Memes|Multiple Endings|Philosophical|Psychological|RPG|Relaxing,PASS,PASS,PASS,PASS,PENDING_EXTERNAL_CHECK
1167140,Siege Survival: Gloria Victis,Black Eye Games,Ravenscourt,0.6251,Anchor,0.8336,0.09,0.7773,0.7993,1577,0.7888,Mostly Positive,"200,000 .. 500,000",350000.0,3.99,True,False,False,True,2021,Adventure|Indie|RPG|Simulation|Strategy,Base Building|Choices Matter|City Builder|Crafting|Economy|Historical|Immersive Sim|Isometric|Management|Medieval|RPG|Resource Management|Simulation|Singleplayer|Stealth,PASS,PASS,PASS,PASS,PENDING_EXTERNAL_CHECK
477740,Zero Escape: The Nonary Games,"Spike Chunsoft Co., Ltd.","Spike Chunsoft Co., Ltd.",0.6251,Anchor,0.9476,0.09,0.9128,0.5498,5498,0.9376,Very Positive,"200,000 .. 500,000",350000.0,8.99,False,False,False,True,2017,Adventure,Adventure|Anime|Atmospheric|Choices Matter|Detective|Escape Room|Gore|Great Soundtrack|Horror|Multiple Endings|Mystery|Point & Click|Psychological Horror|Puzzle|Sci-fi,PASS,PASS,PASS,PASS,PENDING_EXTERNAL_CHECK
2423300,迷宮校舎 | School Labyrinth,RainyDollGames,RainyDollGames,0.625,Depth,0.6916,0.4783,0.7128,0.6174,608,0.8339,Very Positive,"20,000 .. 50,000",35000.0,6.99,True,True,True,True,2024,Action|Indie,3D|Action|Co-op|Controller|Horror|Indie|Multiplayer|Online Co-Op|Procedural Generation|Roguelike|Roguelite|Singleplayer|Stealth,PASS,PASS,PASS,PASS,PENDING_EXTERNAL_CHECK
2094190,苍白花树繁茂之时Blood Flowers,Bone Nail,Bone Nail,0.625,Depth,0.4735,0.7921,0.6567,0.5776,222,0.8514,Very Positive,"0 .. 20,000",10000.0,7.99,True,False,False,True,2023,Adventure|Casual|Indie|RPG|Simulation|Strategy,2D|2D Platformer|Adventure|Anime|Atmospheric|Casual|Drama|Early Access|Exploration|Horror|Indie|JRPG|Lore-Rich|Mystery|Puzzle,PASS,PASS,PASS,PASS,PENDING_EXTERNAL_CHECK
1934030,Virtua Unlimited Project,Virtua Ride System,Neverland Entertainment,0.6249,Depth,0.538,0.7921,0.7643,0.4051,290,0.9207,Very Positive,"0 .. 20,000",10000.0,10.99,True,False,False,True,2024,Action|Adventure|Indie|RPG,2D|2D Platformer|Action|Action RPG|Action-Adventure|Adventure|Anime|Drama|Female Protagonist|Futuristic|Indie|Pixel Graphics|Post-apocalyptic|RPG|Singleplayer,PASS,PASS,PASS,PASS,PENDING_EXTERNAL_CHECK
2389930,"Ayase, the Sexy Archer",PiHoEntertainment,Yin Games,0.6249,Low-cost option,0.7112,0.7921,0.0057,0.9905,680,0.9603,Overwhelmingly Positive,"0 .. 20,000",10000.0,0.64,True,False,False,True,2023,Action|Adventure|Casual|Indie|Simulation|Sports|Strategy,,PASS,PASS,PASS,PASS,PENDING_EXTERNAL_CHECK
2482440,Leap up no Justu: Double,PiHoEntertainment,Yin Games,0.6248,Low-cost option,0.6309,0.7921,0.1184,0.9579,447,0.9866,Very Positive,"0 .. 20,000",10000.0,0.99,True,False,False,True,2023,Action|Casual|Indie|Sports,2D|2D Platformer|Action|Action RTS|Animation & Modeling|Cartoony|Casual|Cats|Character Customization|Clicker|Colorful|Cute|Funny|Platformer|Point & Click,PASS,PASS,PASS,PASS,PENDING_EXTERNAL_CHECK
1078510,Alluris,562 Interactive,562 Interactive,0.6248,Depth,0.4085,0.7921,0.8234,0.4752,171,0.9181,Very Positive,"0 .. 20,000",10000.0,9.99,False,False,False,True,2019,Adventure|Casual|RPG,Adventure|Atmospheric|Card Game|Casual|Character Customization|Choices Matter|Choose Your Own Adventure|Comedy|Dungeon Crawler|Dungeons & Dragons|Exploration|Hand-drawn|Indie|Metroidvania|Procedural Generation,PASS,PASS,PASS,PASS,PENDING_EXTERNAL_CHECK
1273690,Ashwalkers,Nameless XIII,"Dear Villagers, 24 Entertainment",0.6247,Low-cost option,0.4205,0.7921,0.3644,0.922,179,0.7318,Mostly Positive,"0 .. 20,000",10000.0,1.79,True,False,False,True,2021,Adventure|Indie,3D|Adventure|Atmospheric|Choices Matter|Choose Your Own Adventure|Conversation|Dark|Emotional|Indie|Interactive Fiction|Management|Multiple Endings|Mystery|Narrative|Nonlinear,PASS,PASS,PASS,PASS,PENDING_EXTERNAL_CHECK
359040,The Music Machine,David Szymanski,David Szymanski,0.6247,Low-cost option,0.6612,0.4783,0.6345,0.7249,516,0.8876,Very Positive,"20,000 .. 50,000",35000.0,4.99,True,False,False,True,2015,Adventure|Indie,Adventure|Atmospheric|Dark|Dark Humor|Exploration|Female Protagonist|First-Person|Great Soundtrack|Horror|Indie|Music|Mystery|Pixel Graphics|Point & Click|Psychological Horror,PASS,PASS,PASS,PASS,PENDING_EXTERNAL_CHECK
718200,Forever Home,Pixel Blade Games,Pixel Blade Games,0.6247,Low-cost option,0.4191,0.7921,0.3885,0.8992,178,0.9213,Very Positive,"0 .. 20,000",10000.0,1.99,True,False,False,True,2017,Adventure|Indie|RPG,Adventure|Anime|Funny|Indie|JRPG|RPG|RPGMaker,PASS,PASS,PASS,PASS,PENDING_EXTERNAL_CHECK
1615290,Ravenous Devils,Bad Vices Games,Bad Vices Games,0.6247,Anchor,0.9671,0.09,0.7168,0.7249,7763,0.9292,Very Positive,"200,000 .. 500,000",350000.0,4.99,True,False,False,True,2022,Casual|Indie|Simulation,2.5D|Casual|Clicker|Controller|Cooking|Crime|Dark Comedy|Dark Humor|Economy|Farming Sim|Gore|Horror|Management|Relaxing|Resource Management,PASS,PASS,PASS,PASS,PENDING_EXTERNAL_CHECK
1431780,The Black Heart,Andrés Borghi,Saibot Studios,0.6247,Depth,0.5342,0.7921,0.6972,0.4752,286,0.9685,Very Positive,"0 .. 20,000",10000.0,9.99,True,True,True,True,2021,Action|Adventure|Indie,2D|2D Fighter|Action|Adventure|Arcade|Atmospheric|Cartoon|Combat|Dark|Dark Fantasy|Fighting|Gothic|Horror|Local Multiplayer|Narration,PASS,PASS,PASS,PASS,PENDING_EXTERNAL_CHECK
1945260,Jelly Express,xxgamestudio,Playworks,0.6247,Depth,0.3604,0.7921,0.7288,0.6174,144,0.8472,Very Positive,"0 .. 20,000",10000.0,6.99,True,True,True,True,2023,Adventure|Casual|Indie|Strategy,2D|2D Platformer|Action-Adventure|Casual|Co-op|Cute|Difficult|Funny|Hand-drawn|Indie|LEGO|Local Co-Op|Party Game|Physics|Platformer,PASS,PASS,PASS,PASS,PENDING_EXTERNAL_CHECK
1139890,Dictators:No Peace Countryballs,RPN Indie Developer,RPN Indie Developer,0.6246,Anchor,0.9534,0.3062,0.2808,0.9579,5954,0.9429,Very Positive,"50,000 .. 100,000",75000.0,0.99,True,False,False,True,2020,Casual|Indie|Simulation|Strategy,2D|Casual|Indie|Memes|Multiplayer|Simulation|Strategy|War,PASS,PASS,PASS,PASS,PENDING_EXTERNAL_CHECK
2204130,Sid Meier's Alpha Centauri™ Planetary Pack,Firaxis Games,Electronic Arts,0.6245,Low-cost option,0.5625,0.4783,0.7323,0.7249,325,0.9354,Very Positive,"20,000 .. 50,000",35000.0,4.99,False,False,True,True,2024,Strategy,4X|Multiplayer|Sci-fi|Singleplayer|Space|Strategy|Turn-Based Strategy,PASS,PASS,PASS,PASS,PENDING_EXTERNAL_CHECK
251170,Damned,9heads Game Studios,9heads Game Studios,0.6245,Anchor,0.9226,0.09,0.9355,0.5498,3835,0.7072,Mostly Positive,"200,000 .. 500,000",350000.0,8.99,False,True,True,False,2014,Adventure,3D|Action|Action-Adventure|Adventure|Atmospheric|Co-op|Dark|Exploration|First-Person|Horror|Indie|Multiplayer|Mystery Dungeon|Online Co-Op|Psychological Horror,PASS,PASS,PASS,PASS,PENDING_EXTERNAL_CHECK
1871510,Within Skerry,Stanislaw Truchowski,TurnVex,0.6244,Low-cost option,0.5068,0.4783,0.7878,0.7249,255,0.8235,Very Positive,"20,000 .. 50,000",35000.0,4.99,True,False,False,True,2022,Action|Adventure|Indie,Action|Adventure|Atmospheric|Choices Matter|Collectathon|Dark|Exploration|First-Person|Gore|Horror|Investigation|Multiple Endings|Mystery|Psychological Horror|Puzzle,PASS,PASS,PASS,PASS,PENDING_EXTERNAL_CHECK
1949010,Room 301 NO.6,Inter Frame Studio,Gamera Games,0.6244,Low-cost option,0.4218,0.7921,0.4846,0.7993,180,0.9167,Very Positive,"0 .. 20,000",10000.0,3.99,True,False,False,True,2022,Indie|Simulation,2D|Casual|Dungeon Crawler|Emotional|Hand-drawn|Immersive Sim|Indie|Life Sim|Psychological|Puzzle|RPG|Simulation|Singleplayer|Split Screen|Stylized,PASS,PASS,PASS,PASS,PENDING_EXTERNAL_CHECK
3173890,开局五个亿,"东阳开局互动影视有限公司, 上海哈昔互联网科技有限公司",坤舆科技,0.6244,Depth,0.643,0.4783,0.8357,0.5405,473,0.7992,Mostly Positive,"20,000 .. 50,000",35000.0,9.59,,,,,,休閒|冒險|模擬|獨立製作|策略|角色扮演,Choose Your Own Adventure|Cinematic|Comedy|Conversation|Dating Sim|Drama|Emotional|Exploration|FMV|First-Person|Immersive Sim|Interactive Fiction|Linear|Multiple Endings|Narration,PASS,PASS,PASS,PASS,PENDING_EXTERNAL_CHECK
285500,Hard Truck Apocalypse / Ex Machina,Targem Games,ESDigital Games,0.6244,Anchor,0.882,0.1884,0.8495,0.5776,2444,0.8396,Very Positive,"100,000 .. 200,000",150000.0,7.99,False,False,False,True,2014,Action|RPG|Racing,Action|Adventure|Atmospheric|Automobile Sim|Classic|Cult Classic|Driving|Great Soundtrack|Indie|Nostalgia|Old School|Open World|Post-apocalyptic|RPG|Racing,PASS,PASS,PASS,PASS,PENDING_EXTERNAL_CHECK
1717090,Into the Necrovale,Casey Clyde,Tribal-Storm,0.6243,Depth,0.6215,0.7921,0.7852,0.2985,425,0.9035,Very Positive,"0 .. 20,000",10000.0,14.99,True,False,False,True,2024,Action|Adventure|Indie|RPG,2D|Action|Action RPG|Action Roguelike|Action-Adventure|Adventure|Atmospheric|Combat|Dark Fantasy|Dungeon Crawler|Hack and Slash|Indie|Inventory Management|Loot|Medieval,PASS,PASS,PASS,PASS,PENDING_EXTERNAL_CHECK
1322100,Battle Bands: Rock & Roll Deckbuilder,Aerie Digital,Aerie Digital,0.6243,Depth,0.44,0.7921,0.914,0.3512,195,0.8974,Very Positive,"0 .. 20,000",10000.0,13.99,True,True,True,True,2023,Indie|Strategy,1990's|Card Battler|Character Customization|Co-op|Competitive|Deckbuilding|Early Access|Hand-drawn|Multiplayer|Online Co-Op|PvE|PvP|RPG|Roguelike|Roguelike Deckbuilder,PASS,PASS,PASS,PASS,PENDING_EXTERNAL_CHECK
1575670,SNK VS. CAPCOM: THE MATCH OF THE MILLENNIUM,"SNK CORPORATION, Code Mystics",SNK CORPORATION,0.6243,Depth,0.3685,0.7921,0.7591,0.5776,148,0.9459,Very Positive,"0 .. 20,000",10000.0,7.99,False,False,True,True,2021,Action|Casual,1990's|2D|2D Fighter|Action|Anime|Casual|Cute|Fighting|Multiplayer|Pixel Graphics|Singleplayer,PASS,PASS,PASS,PASS,PENDING_EXTERNAL_CHECK
2583300,Simulator of Ukraine 1991,Almost Games,Almost Games,0.6243,Low-cost option,0.4057,0.7921,0.5001,0.7993,169,0.9408,Very Positive,"0 .. 20,000",10000.0,3.99,True,False,False,True,2024,Indie|Simulation|Strategy,1990's|Alternate History|Capitalism|Economy|Grand Strategy|Indie|Lore-Rich|Nonlinear|Political Sim|RTS|Real Time Tactics|Simulation|Singleplayer|Strategy|Top-Down,PASS,PASS,PASS,PASS,PENDING_EXTERNAL_CHECK
2115390,Project Unknown,PsychoRavens,Nightmare Studios,0.6242,Depth,0.4617,0.7921,0.7678,0.4752,212,0.8726,Very Positive,"0 .. 20,000",10000.0,9.99,True,True,True,True,2024,Action|Adventure|Early Access|Indie,3D|Action|Co-op|Dark|Demons|Detective|Difficult|Early Access|First-Person|Horror|Indie|Investigation|Multiplayer|Mystery|Online Co-Op,PASS,PASS,PASS,PASS,PENDING_EXTERNAL_CHECK
951670,Precipice,"LRDGames, Inc.","LRDGames, Inc.",0.6241,Depth,0.5539,0.4783,0.8865,0.5776,313,0.7955,Mostly Positive,"20,000 .. 50,000",35000.0,7.99,True,False,True,True,2019,Indie|Simulation|Strategy,4X|Alternate History|Board Game|Cold War|Diplomacy|Great Soundtrack|Historical|Indie|Military|Multiplayer|Political Sim|Politics|Simulation|Singleplayer|Strategy,PASS,PASS,PASS,PASS,PENDING_EXTERNAL_CHECK
2380310,Living Cell,Blazing Planet Studio,Blazing Planet Studio,0.624,Low-cost option,0.4103,0.7921,0.5686,0.7249,172,0.9709,Very Positive,"0 .. 20,000",10000.0,4.99,True,False,False,True,2023,Adventure|Casual|Indie,1990's|2.5D|2D|Adventure|Atmospheric|Casual|Dystopian|Exploration|Hidden Object|Horror|Mystery|Post-apocalyptic|Psychedelic|Puzzle|Realistic,PASS,PASS,PASS,PASS,PENDING_EXTERNAL_CHECK
1233540,How Buddy’s parents met - a jigsaw puzzle tale,Mens Sana Interactive,Mens Sana Interactive,0.624,Low-cost option,0.458,0.7921,0.3177,0.9281,209,0.9234,Very Positive,"0 .. 20,000",10000.0,1.39,False,False,False,True,2020,Casual,Beautiful|Cartoon|Cartoony|Casual|Cats|Cute|Family Friendly|Hand-drawn|Immersive|Minimalist|Puzzle|Relaxing|Romance|Singleplayer|Solitaire,PASS,PASS,PASS,PASS,PENDING_EXTERNAL_CHECK
539270,Mahjong,Sanuk Games,Nacon,0.6239,Depth,0.6319,0.4783,0.9102,0.4752,449,0.8285,Very Positive,"20,000 .. 50,000",35000.0,9.99,False,False,False,True,2017,Casual,2D|Action|Board Game|Bullet Hell|Casual|Cold War|Colorful|Cute|Dark Humor|Family Friendly|Funny|Indie|Mahjong|Multiplayer|Physics,PASS,PASS,PASS,PASS,PENDING_EXTERNAL_CHECK
687830,Transparent Black,LR Studio,LR Studio,0.6239,Low-cost option,0.5117,0.7921,0.2338,0.9579,260,0.95,Very Positive,"0 .. 20,000",10000.0,0.99,True,False,False,True,2017,Adventure|Indie|RPG,Adventure|Gore|Horror|Indie|RPG|RPGMaker,PASS,PASS,PASS,PASS,PENDING_EXTERNAL_CHECK
312610,METAL SLUG X,"SNK CORPORATION, Dotemu",SNK CORPORATION,0.6238,Anchor,0.9092,0.09,0.9184,0.5776,3270,0.8853,Very Positive,"200,000 .. 500,000",350000.0,7.99,False,True,True,True,2014,Action,2D|Action|Adventure|Anime|Arcade|Classic|Co-op|Difficult|Great Soundtrack|Local Co-Op|Local Multiplayer|Multiplayer|Old School|Pixel Graphics|Platformer,PASS,PASS,PASS,PASS,PENDING_EXTERNAL_CHECK
647960,Rusted Warfare - RTS,Corroding Games,Corroding Games,0.6238,Anchor,0.9464,0.09,0.7337,0.7249,5385,0.9684,Overwhelmingly Positive,"200,000 .. 500,000",350000.0,4.99,True,True,True,True,2017,Indie|Strategy,2D|Action|Base Building|Co-op|Indie|Mechs|Mod|Moddable|Multiplayer|Pixel Graphics|RTS|Real-Time|Real-Time with Pause|Retro|Robots,PASS,PASS,PASS,PASS,PENDING_EXTERNAL_CHECK
258010,Ring Runner: Flight of the Sages,Triple.B.Titles,Triple.B.Titles,0.6237,Low-cost option,0.7395,0.1884,0.842,0.7249,805,0.8335,Very Positive,"100,000 .. 200,000",150000.0,4.99,True,True,True,True,2013,Action|Indie|RPG,2D|Action|Co-op|Flight|Great Soundtrack|Indie|Local Co-Op|Multiplayer|RPG|Sci-fi|Shoot 'Em Up|Shooter|Space|Story Rich|Top-Down,PASS,PASS,PASS,PASS,PENDING_EXTERNAL_CHECK
2974060,[REC] Paroxysm,Perspektik,Perspektik,0.6237,Low-cost option,0.4085,0.7921,0.4949,0.7993,171,0.9123,Very Positive,"0 .. 20,000",10000.0,3.99,True,False,False,True,2024,Indie,Atmospheric|Dark|First-Person|Horror|Indie|Psychological Horror|Realistic|Singleplayer|Story Rich|Thriller,PASS,PASS,PASS,PASS,PENDING_EXTERNAL_CHECK
1195360,Re:Turn - One Way Trip,Red Ego Games,Green Man Gaming Publishing ,0.6237,Depth,0.3879,0.7921,0.9256,0.3892,158,0.8038,Very Positive,"0 .. 20,000",10000.0,11.99,True,False,False,True,2020,Adventure|Indie,Adventure|Anime|Atmospheric|Dark|Drama|Female Protagonist|Gore|Horror|Indie|Mature|Mystery|Pixel Graphics|Psychological Horror|Puzzle|RPG,PASS,PASS,PASS,PASS,PENDING_EXTERNAL_CHECK
2956280,花恋月依,一辈子百合工作室,WindField Games,0.6237,Depth,0.4468,0.7921,0.6011,0.6546,200,0.945,Very Positive,"0 .. 20,000",10000.0,5.99,True,False,False,True,2024,Indie|RPG,Anime|Female Protagonist|Indie|LGBTQ+|RPG|Romance|Singleplayer|Story Rich|Visual Novel,PASS,PASS,PASS,PASS,PENDING_EXTERNAL_CHECK
581760,True or False 2,Vladimir Maslov,Vladimir Maslov,0.6236,Low-cost option,0.3806,0.7921,0.5969,0.7249,154,0.8831,Very Positive,"0 .. 20,000",10000.0,4.99,True,False,False,True,2017,Casual|Indie,2D|Atmospheric|Casual|Comedy|Cute|Education|Family Friendly|Fast-Paced|Funny|Great Soundtrack|Hand-drawn|Illuminati|Indie|Memes|Puzzle,PASS,PASS,PASS,PASS,PENDING_EXTERNAL_CHECK
1176160,Space Wars,High and Wide,khukhrovr,0.6236,Low-cost option,0.1483,0.7921,0.5557,0.9984,74,0.7838,Mostly Positive,"0 .. 20,000",10000.0,0.39,False,False,False,True,2020,Simulation,2D|Addictive|Aliens|Arcade|Casual|Character Customization|Combat Racing|Family Friendly|Hand-drawn|Hidden Object|Indie|Shooter|Short|Side Scroller|Simulation,PASS,PASS,PASS,PASS,PENDING_EXTERNAL_CHECK
1750710,Boxville,Triomatica Games,Triomatica Games,0.6235,Depth,0.4869,0.7921,0.5976,0.6174,235,0.9234,Very Positive,"0 .. 20,000",10000.0,6.99,True,False,False,True,2022,Adventure|Indie,2D|Adventure|Atmospheric|Cartoony|Colorful|Comedy|Cute|Emotional|Exploration|Family Friendly|Funny|Hand-drawn|Investigation|Logic|Old School,PASS,PASS,PASS,PASS,PENDING_EXTERNAL_CHECK
314450,Star Saviors,Sharpened Edge Studios,"Activision Value Inc., ImageCode",0.6234,Anchor,0.8406,0.09,0.6638,0.8992,1675,0.8227,Very Positive,"200,000 .. 500,000",350000.0,1.99,True,False,True,True,2016,Action|Indie|Strategy,2D|Action|Anime|Arcade|Atmospheric|Bullet Hell|Difficult|Gore|Great Soundtrack|Indie|Local Co-Op|Retro|Sandbox|Sci-fi|Shoot 'Em Up,PASS,PASS,PASS,PASS,PENDING_EXTERNAL_CHECK
341310,Greyfox RPG,Lesley Dodd,Senpai Studios,0.6234,Anchor,0.8501,0.0215,0.6295,0.9925,1826,0.7503,Mostly Positive,"500,000 .. 1,000,000",750000.0,0.55,True,False,False,True,2015,Adventure|Indie|RPG,2D|Adventure|Anime|Casual|Exploration|Fantasy|Female Protagonist|Indie|JRPG|Pixel Graphics|Puzzle|RPG|RPGMaker|Retro|Short,PASS,PASS,PASS,PASS,PENDING_EXTERNAL_CHECK
703940,Ball 2D: Soccer Online,Unusualsoft,Unusualsoft,0.6234,Low-cost option,0.6281,0.3062,0.6013,0.9579,440,0.7705,Mostly Positive,"50,000 .. 100,000",75000.0,0.99,False,True,True,False,2017,Sports,2D|Action|Arcade|Casual|Co-op|Competitive|Family Friendly|Football (Soccer)|Hockey|Indie|Multiplayer|Online Co-Op|PvP|Realistic|Simulation,PASS,PASS,PASS,PASS,PENDING_EXTERNAL_CHECK
2160220,Shipwrecked 64,"Squeaks D'Corgeh, Cogware Games",Cogware Games,0.6233,Anchor,0.8201,0.1884,0.907,0.5776,1405,0.9594,Overwhelmingly Positive,"100,000 .. 200,000",150000.0,7.99,False,False,True,True,2024,Adventure|Casual|Strategy,1980s|1990's|3D|Adventure|Casual|Choices Matter|Co-op|Controller|Dark|Exploration|Horror|Multiplayer|Online Co-Op|Pixel Graphics|Platformer,PASS,PASS,PASS,PASS,PENDING_EXTERNAL_CHECK
1377360,Vampires' Melody,AsicxArt,SakuraGame,0.6233,Anchor,0.9421,0.09,0.4746,0.9863,5020,0.9767,Overwhelmingly Positive,"200,000 .. 500,000",350000.0,0.79,True,False,False,True,2020,Adventure|Casual|Indie|RPG,2D|Adventure|Alternate History|Anime|Cartoon|Cartoony|Casual|Comic Book|Cute|Dating Sim|Drama|Funny|Interactive Fiction|JRPG|Multiple Endings,PASS,PASS,PASS,PASS,PENDING_EXTERNAL_CHECK
1076130,fox soldier,"yousoi, sadboy",Yousoi,0.6233,Depth,0.449,0.7921,0.9535,0.2985,202,0.9851,Very Positive,"0 .. 20,000",10000.0,14.99,False,False,True,True,2022,Action|Adventure|Massively Multiplayer|RPG|Strategy,Action|Action RPG|Action-Adventure|Adventure|Combat|Driving|FPS|Gun Customization|Massively Multiplayer|Military|Multiplayer|PvP|RPG|Sci-fi|Shoot 'Em Up,PASS,PASS,PASS,PASS,PENDING_EXTERNAL_CHECK
1628610,Paquerette Down the Bunburrows,Bunstack,Abiding Bridge,0.6232,Depth,0.7568,0.7921,0.5548,0.3892,894,0.9787,Overwhelmingly Positive,"0 .. 20,000",10000.0,11.99,True,False,False,True,2023,Adventure|Casual|Indie,2D|Casual|Creature Collector|Cute|Difficult|Exploration|Family Friendly|Female Protagonist|Indie|Logic|Minimalist|Nonlinear|Open World|Pixel Graphics|Puzzle,PASS,PASS,PASS,PASS,PENDING_EXTERNAL_CHECK
1321440,Cassette Beasts,Bytten Studio,Raw Fury,0.6232,Anchor,0.9658,0.7921,0.5724,0.1624,7575,0.9555,Overwhelmingly Positive,"0 .. 20,000",10000.0,19.99,True,True,True,True,2023,Indie|RPG,2D|3D|Adventure|Cartoony|Co-op|Collectathon|Colorful|Comedy|Controller|Creature Collector|JRPG|Local Co-Op|Open World|Pixel Graphics|PvP,PASS,PASS,PASS,PASS,PENDING_EXTERNAL_CHECK
249680,Marlow Briggs and the Mask of Death,Zootfly,505 Games,0.6231,Anchor,0.8743,0.1884,0.7048,0.7249,2285,0.9055,Very Positive,"100,000 .. 200,000",150000.0,4.99,False,False,False,True,2013,Action|Adventure,Action|Adventure|Beat 'em up|Character Action Game|Comedy|Funny|Hack and Slash|Indie|Platformer|Singleplayer|Spectacle fighter|Third Person,PASS,PASS,PASS,PASS,PENDING_EXTERNAL_CHECK
2103710,Gabenwood: 99 Hidden Bucks,,,0.6231,Low-cost option,0.4349,0.7921,0.3324,0.9332,191,0.9319,Very Positive,"0 .. 20,000",10000.0,1.0296,False,False,False,True,2022,Casual,Alternate History|Casual|Comedy|Family Friendly|Hand-drawn|Hidden Object|Investigation|Point & Click|Puzzle|Relaxing|Singleplayer,PASS,PASS,PASS,PASS,PENDING_EXTERNAL_CHECK
388970,iZBOT,Ruxar,Ruxar,0.6231,Low-cost option,0.5263,0.7921,0.2436,0.9305,276,0.8225,Very Positive,"0 .. 20,000",10000.0,1.19,True,False,False,True,2015,Action|Indie,2D|2D Platformer|Action|Arcade|Casual|Controller|Difficult|Fast-Paced|GameMaker|Pixel Graphics|Platformer|Precision Platformer|Retro|Robots|Sci-fi,PASS,PASS,PASS,PASS,PENDING_EXTERNAL_CHECK
677160,We Were Here Too,Total Mayhem Games,Total Mayhem Games,0.6231,Anchor,0.9728,0.09,0.9543,0.4752,8933,0.807,Very Positive,"200,000 .. 500,000",350000.0,9.99,True,True,True,False,2018,Adventure|Casual|Indie,Action-Adventure|Adventure|Atmospheric|Casual|Co-op|Co-op Campaign|Dark|Escape Room|First-Person|Horror|Immersive|Indie|Investigation|Linear|Multiplayer,PASS,PASS,PASS,PASS,PENDING_EXTERNAL_CHECK
1374480,爱人 Lover,埋月山枯,埋月山枯,0.6231,Depth,0.5625,0.7921,0.5203,0.6174,325,0.84,Very Positive,"0 .. 20,000",10000.0,6.99,True,False,False,True,2021,Casual|Indie|RPG,2D|2D Platformer|Anime|CRPG|Casual|Cute|Drama|Emotional|Female Protagonist|Hand-drawn|Immersive Sim|Interactive Fiction|Linear|Multiple Endings|Otome,PASS,PASS,PASS,PASS,PENDING_EXTERNAL_CHECK
1299690,Gori: Cuddly Carnage,Angry Demon Studio,"Wired Productions, CouchPlay Interactive (Greater China)",0.6231,Depth,0.7359,0.7921,0.8574,0.1069,788,0.9772,Overwhelmingly Positive,"0 .. 20,000",10000.0,21.99,True,False,False,True,2024,Action|Adventure|Indie,3D Platformer|Action|Action-Adventure|Adventure|Blood|Cats|Character Customization|Combat|Comedy|Controller|Cyberpunk|Destruction|Difficult|Gore|Hack and Slash,PASS,PASS,PASS,PASS,PENDING_EXTERNAL_CHECK
1587970,ArcticBoy: The Interactive Story,TopSkyGames,TopSkyGames,0.623,Low-cost option,0.2805,0.7921,0.4616,0.9579,110,0.7,Mostly Positive,"0 .. 20,000",10000.0,0.99,True,False,False,True,2021,Adventure|Casual|Indie,3D|Action-Adventure|Adventure|Atmospheric|Cinematic|Drama|Driving|Exploration|First-Person|Funny|Hidden Object|Horror|Life Sim|Psychological Horror|Racing,PASS,PASS,PASS,PASS,PENDING_EXTERNAL_CHECK
327410,A Bird Story,Freebird Games,Freebird Games,0.623,Anchor,0.9766,0.09,0.6261,0.7993,9956,0.8459,Very Positive,"200,000 .. 500,000",350000.0,3.99,False,,,,,RPG|アドベンチャー|インディー,2D|Adventure|Atmospheric|Casual|Cute|Emotional|Great Soundtrack|Indie|Interactive Fiction|Pixel Graphics|RPG|RPGMaker|Retro|Short|Singleplayer,PASS,PASS,PASS,PASS,PENDING_EXTERNAL_CHECK
1946550,Toilet Chronicles,Madi Abdykarimov,Bomi Games,0.623,Anchor,0.7792,0.4783,0.7594,0.4752,1053,0.9031,Very Positive,"20,000 .. 50,000",35000.0,9.99,True,False,False,True,2022,Action|Adventure|Indie|Simulation,3D|Action|Action-Adventure|Adventure|Atmospheric|Choices Matter|Comedy|Dark Humor|Detective|Escape Room|First-Person|Funny|Horror|Memes|Multiple Endings,PASS,PASS,PASS,PASS,PENDING_EXTERNAL_CHECK
1529220,Block'Em!,Cat Shawl Games,"Aurora Punks, IndieArk",0.623,Depth,0.2832,0.7921,0.7991,0.6174,111,0.9189,Very Positive,"0 .. 20,000",10000.0,6.99,True,False,True,False,2022,Action|Casual|Indie,2.5D|4 Player Local|Action|Arcade|Building|Casual|Colorful|Controller|Cute|Family Friendly|Fast-Paced|Funny|Indie|Local Multiplayer|Multiplayer,PASS,PASS,PASS,PASS,PENDING_EXTERNAL_CHECK
1120210,Make War,Creepy Brothers,"Creepy Brothers, Maple Whispering Limited",0.6229,Low-cost option,0.2106,0.7921,0.5898,0.8992,89,0.7079,Mostly Positive,"0 .. 20,000",10000.0,1.99,True,False,False,True,2019,Indie|Simulation|Strategy,Casual|Comedy|Difficult|Funny|Indie|Realistic|Sandbox|Simulation|Singleplayer|Strategy|War,PASS,PASS,PASS,PASS,PENDING_EXTERNAL_CHECK
2246350,Backroom Warfare II,Naughty Clogs,Naughty Clogs,0.6228,Low-cost option,0.0555,0.7921,0.7444,0.8992,57,0.7368,Mostly Positive,"0 .. 20,000",10000.0,1.99,False,True,True,True,2023,Action,3D|Action|Atmospheric|Combat|FPS|First-Person|Horror|Multiplayer|PvP|Realistic|Shooter|Singleplayer|Violent,PASS,PASS,PASS,PASS,PENDING_EXTERNAL_CHECK
1892030,Dummynation,Alejandro Hernández Ferrero,Alejandro Hernández Ferrero,0.6228,Anchor,0.8344,0.4783,0.7893,0.3892,1590,0.8371,Very Positive,"20,000 .. 50,000",35000.0,11.99,True,False,True,True,2022,Indie|Simulation|Strategy,Choices Matter|Colorful|Diplomacy|Economy|Grand Strategy|Indie|Management|Military|Minimalist|Multiplayer|Political Sim|Politics|PvP|RTS|Real Time Tactics,PASS,PASS,PASS,PASS,PENDING_EXTERNAL_CHECK
1066140,Now You See - A Hand Painted Horror Adventure,Screaming Void,Screaming Void,0.6228,Low-cost option,0.3981,0.7921,0.5761,0.7249,164,0.8232,Very Positive,"0 .. 20,000",10000.0,4.99,True,False,False,True,2019,Adventure|Indie,2D|Adventure|Atmospheric|Classic|Dark|Exploration|First-Person|Gore|Great Soundtrack|Horror|Indie|Mystery|Point & Click|Psychological Horror|Puzzle,PASS,PASS,PASS,PASS,PENDING_EXTERNAL_CHECK
1488810,Rabbit Hole,"Nikita Ustinov, Nikolay Lazarev", Blazes Games,0.6227,Low-cost option,0.4781,0.3062,0.8314,0.8752,226,0.7699,Mostly Positive,"50,000 .. 100,000",75000.0,2.39,True,False,False,True,2022,Action|Adventure|Indie,Action|Action-Adventure|Adventure|Choose Your Own Adventure|Detective|Gore|Hack and Slash|Horror|Idler|Indie|Puzzle|Shooter|Singleplayer|Story Rich|Survival Horror,PASS,PASS,PASS,PASS,PENDING_EXTERNAL_CHECK
461170,Bucket Detective,the whale husband,the whale husband,0.6227,Low-cost option,0.5148,0.7921,0.3847,0.7993,264,0.8561,Very Positive,"0 .. 20,000",10000.0,3.99,True,False,False,True,2017,Adventure|Indie,Adventure|First-Person|Horror|Indie|Psychological Horror|Story Rich|Walking Simulator,PASS,PASS,PASS,PASS,PENDING_EXTERNAL_CHECK
1687550,Bear's Restaurant,Odencat,Odencat,0.6227,Depth,0.678,0.7921,0.6546,0.3662,563,0.9591,Overwhelmingly Positive,"0 .. 20,000",10000.0,12.99,True,False,False,True,2021,Adventure|Indie|RPG,2D|Adventure|Atmospheric|Cats|Choices Matter|Cute|Dark|Emotional|Exploration|Indie|Interactive Fiction|JRPG|Linear|Philosophical|Pixel Graphics,PASS,PASS,PASS,PASS,PENDING_EXTERNAL_CHECK
2113920,The Legend of Heroes: Kuro no Kiseki Ⅱ -CRIMSON SiN-	,Nihon Falcom,Clouded Leopard Entertainment,0.6227,Depth,0.7207,0.7921,0.9722,0.0057,720,0.8264,Very Positive,"0 .. 20,000",10000.0,59.99,False,False,False,True,2023,RPG,3D|Anime|Cute|Emotional|Fantasy|Foreign|Interactive Fiction|JRPG|Narration|Party-Based RPG|RPG|Romance|Sequel|Singleplayer|Story Rich,PASS,PASS,PASS,PASS,PENDING_EXTERNAL_CHECK
264730,Deadly 30,Ignatus Zuk and Gonzalo Villagomez,Ignatus Zuk and Gonzalo Villagomez,0.6226,Anchor,0.8486,0.1884,0.4635,0.99,1805,0.7662,Mostly Positive,"100,000 .. 200,000",150000.0,0.69,True,False,False,True,2014,Action|Indie,2D|Action|Gore|Horror|Indie|Multiplayer|Platformer|Retro|Shooter|Side Scroller|Singleplayer|Survival|Tower Defense|Zombies,PASS,PASS,PASS,PASS,PENDING_EXTERNAL_CHECK
577670,Demolish & Build 2018,Noble Muffins,Demolish Games S.A.,0.6226,Anchor,0.8351,0.1884,0.9918,0.4752,1598,0.7603,Mostly Positive,"100,000 .. 200,000",150000.0,9.99,True,False,True,True,2018,Indie|Simulation,Action|Atmospheric|Automobile Sim|Building|Casual|Destruction|Driving|Economy|Family Friendly|First-Person|Indie|Multiplayer|Open World|Physics|Realistic,PASS,PASS,PASS,PASS,PENDING_EXTERNAL_CHECK
1585910,Roll,Joseph Distler,Joseph Distler,0.6226,Low-cost option,0.6023,0.7921,0.3712,0.7249,391,0.9207,Very Positive,"0 .. 20,000",10000.0,4.99,True,False,False,True,2021,Casual|Indie|Simulation|Strategy,Arcade|Board Game|Casual|Choices Matter|Deckbuilding|Family Friendly|Gambling|Indie|Minimalist|Procedural Generation|Puzzle|Relaxing|Replay Value|Roguelike|Roguelike Deckbuilder,PASS,PASS,PASS,PASS,PENDING_EXTERNAL_CHECK
1367690,Tony Stewart's All-American Racing,"Monster Games, Inc.","Monster Games, Inc.",0.6226,Depth,0.4218,0.7921,0.8014,0.4752,180,0.8444,Very Positive,"0 .. 20,000",10000.0,9.99,False,False,True,True,2020,Racing|Simulation|Sports,3D|America|Automobile Sim|Character Customization|Driving|First-Person|Local Multiplayer|Multiplayer|Offroad|Physics|Racing|Simulation|Singleplayer|Split Screen|Sports,PASS,PASS,PASS,PASS,PENDING_EXTERNAL_CHECK
2961530,Fears to Fathom - Woodbury Getaway,Rayll Studios,Rayll Studios,0.6226,Anchor,0.8449,0.3062,0.8641,0.4752,1742,0.8485,Very Positive,"50,000 .. 100,000",75000.0,9.99,True,False,False,True,2024,Adventure|Casual|Indie,1990's|Adventure|Atmospheric|Casual|Conversation|Crime|Driving|Episodic|Exploration|Female Protagonist|First-Person|Fishing|Horror|Indie|Multiplayer,PASS,PASS,PASS,PASS,PENDING_EXTERNAL_CHECK
791180,1 Screen Platformer,"Return To Adventure Mountain, LLC","Return To Adventure Mountain, LLC",0.6226,Low-cost option,0.6153,0.7921,0.2359,0.8471,414,0.8744,Very Positive,"0 .. 20,000",10000.0,2.99,True,False,False,True,2019,Action|Adventure|Indie,2D|2D Platformer|Action|Adventure|Difficult|Female Protagonist|Minimalist|Pixel Graphics|Platformer|Precision Platformer|Retro|Sci-fi|Short|Side Scroller|Singleplayer,PASS,PASS,PASS,PASS,PENDING_EXTERNAL_CHECK
1584090,Touhou Mystia's Izakaya,"二色幽紫蝶, Re零同人社","二色幽紫蝶, Re零同人社",0.6225,Anchor,0.9965,0.0215,0.6947,0.7771,23399,0.9864,Overwhelmingly Positive,"500,000 .. 1,000,000",750000.0,4.79,True,False,False,True,2021,Casual|Indie|RPG|Simulation,1990's|2D|Anime|Capitalism|Cartoon|Casual|Clicker|Comedy|Cooking|Drama|Economy|Faith|Female Protagonist|JRPG|Old School,PASS,PASS,PASS,PASS,PENDING_EXTERNAL_CHECK
288160,The Room,Fireproof Games,Fireproof Games,0.6224,Anchor,0.9981,0.0215,0.7453,0.7249,27490,0.9785,Overwhelmingly Positive,"500,000 .. 1,000,000",750000.0,4.99,True,False,False,True,2014,Adventure|Indie,Adventure|Atmospheric|Beautiful|Casual|Dark|Escape Room|First-Person|Hidden Object|Horror|Indie|Lovecraftian|Mystery|Point & Click|Psychological Horror|Puzzle,PASS,PASS,PASS,PASS,PENDING_EXTERNAL_CHECK
222420,THE KING OF FIGHTERS '98 ULTIMATE MATCH FINAL EDITION,"SNK CORPORATION, Code Mystics",SNK CORPORATION,0.6224,Anchor,0.8923,0.09,0.6884,0.8187,2707,0.9051,Very Positive,"200,000 .. 500,000",350000.0,3.74,False,False,True,True,2014,Action,1990's|2D|2D Fighter|Action|Anime|Arcade|Classic|Competitive|Controller|Fighting|Great Soundtrack|Local Multiplayer|Multiplayer|Pixel Graphics|Retro,PASS,PASS,PASS,PASS,PENDING_EXTERNAL_CHECK
527340,What The Box?,Bitten Toast Games Inc.,Bitten Toast Games Inc.,0.6224,Low-cost option,0.7256,0.3062,0.7327,0.7249,743,0.7914,Mostly Positive,"50,000 .. 100,000",75000.0,4.99,True,False,True,False,2016,Action|Indie,Action|Arena Shooter|FPS|Funny|Great Soundtrack|Indie|Memes|Multiplayer|Stealth,PASS,PASS,PASS,PASS,PENDING_EXTERNAL_CHECK
1530470,Daymare: 1994 Sandcastle,Invader Studios,"Leonardo Interactive, 4Divinity",0.6224,Depth,0.7043,0.7921,0.9388,0.0542,655,0.7328,Mostly Positive,"0 .. 20,000",10000.0,29.99,False,False,False,True,2023,Action,Action|Adventure|Combat|Exploration|Female Protagonist|Gore|Horror|Military|Old School|Shooter|Singleplayer|Story Rich|Survival|Survival Horror|Third Person,PASS,PASS,PASS,PASS,PENDING_EXTERNAL_CHECK
2281480,Battle Grid,Barking Dogs,"Barking Dogs, Electronic Sheep Games",0.6222,Depth,0.4542,0.4783,0.9018,0.6546,206,0.8301,Very Positive,"20,000 .. 50,000",35000.0,5.99,False,False,False,True,2023,,2.5D|Action|Action Roguelike|Aliens|Atmospheric|Auto Battler|Bullet Hell|Combat|Dark|Gun Customization|Inventory Management|Mechs|Resource Management|Roguelike|Roguelite,PASS,PASS,PASS,PASS,PENDING_EXTERNAL_CHECK
1404530,RoboSkate,Matas Sakalauskas,Matas Sakalauskas,0.6222,Depth,0.2447,0.7921,0.8347,0.6174,99,0.8889,Very Positive,"0 .. 20,000",10000.0,6.99,True,True,True,True,2020,Action|Adventure|Indie|Simulation,3D Platformer|4 Player Local|Action|Action-Adventure|Adventure|Co-op|Co-op Campaign|Difficult|Funny|Local Co-Op|Physics|Platformer|Puzzle|Puzzle Platformer|Short,PASS,PASS,PASS,PASS,PENDING_EXTERNAL_CHECK
1266430,Lost In Fantaland,Supernature Studio,NPC Entertainment,0.6221,Depth,0.6585,0.7921,0.6867,0.3512,510,0.8784,Very Positive,"0 .. 20,000",10000.0,13.99,True,False,False,True,2024,Indie|RPG|Strategy,Anime|Board Game|Card Battler|Deckbuilding|Indie|Pixel Graphics|RPG|Roguelike Deckbuilder|Roguelite|Strategy|Turn-Based Tactics,PASS,PASS,PASS,PASS,PENDING_EXTERNAL_CHECK
593960,Lorelai,Harvester Games,Screen 7,0.6221,Anchor,0.8168,0.3062,0.8901,0.4752,1371,0.9015,Very Positive,"50,000 .. 100,000",75000.0,9.99,False,False,False,True,2019,Adventure,2D|Adventure|Atmospheric|Casual|Dark|Drama|Exploration|Female Protagonist|Horror|Indie|Point & Click|Psychological Horror|Puzzle|Realistic|Sequel,PASS,PASS,PASS,PASS,PENDING_EXTERNAL_CHECK
1352680,Winter War 1939,Thorium Game Lab,Thorium Game Lab,0.622,Low-cost option,0.3249,0.7921,0.6461,0.7249,127,0.9134,Very Positive,"0 .. 20,000",10000.0,4.99,False,False,False,True,2020,Action,Action|Combat|FPS|First-Person|Flight|Historical|Indie|Military|Sandbox|Shooter|Singleplayer|Snow|Stylized|Tactical|Tanks,PASS,PASS,PASS,PASS,PENDING_EXTERNAL_CHECK
1054510,Survivalist: Invisible Strain,Bob,Ginormocorp Holdings Ltd,0.6219,Anchor,0.9076,0.3062,0.7986,0.4752,3204,0.8792,Very Positive,"50,000 .. 100,000",75000.0,9.99,True,True,True,True,2020,Action|Adventure|Early Access|Indie|RPG|Simulation|Strategy,Action|Base Building|Character Customization|Choices Matter|Conversation|Early Access|Exploration|Hunting|Online Co-Op|Open World|Open World Survival Craft|Post-apocalyptic|Procedural Generation|RPG|RTS,PASS,PASS,PASS,PASS,PENDING_EXTERNAL_CHECK
1162070,Nyakori's Rabbit Doll,赤瞳大白猫,赤瞳大白猫,0.6219,Anchor,0.8035,0.3062,0.5307,0.8471,1242,0.9549,Overwhelmingly Positive,"50,000 .. 100,000",75000.0,2.99,True,False,False,True,2020,Indie,Adventure|Anime|Cute|Drama|Female Protagonist|Horror|Indie|JRPG|Multiple Endings|Mystery|Puzzle|RPG|RPGMaker|Touch-Friendly,PASS,PASS,PASS,PASS,PENDING_EXTERNAL_CHECK
738540,Tales of Vesperia: Definitive Edition,"QLOC, BANDAI NAMCO Studios Inc.",BANDAI NAMCO Entertainment,0.6219,Anchor,0.9313,0.09,0.9909,0.4752,4292,0.8106,Very Positive,"200,000 .. 500,000",350000.0,9.99,False,True,True,True,2019,RPG,Action|Action RPG|Adventure|Anime|Classic|Co-op|Fantasy|Great Soundtrack|JRPG|Local Co-Op|Multiplayer|Open World|Party-Based RPG|RPG|Singleplayer,PASS,PASS,PASS,PASS,PENDING_EXTERNAL_CHECK
1540060,Angry Putin,Seito Games,Seito Games,0.6218,Low-cost option,0.4335,0.7921,0.3038,0.9579,190,0.9105,Very Positive,"0 .. 20,000",10000.0,0.99,True,False,False,True,2022,Casual|Indie|Simulation,3D|3D Fighter|3D Platformer|Building|Casual|Collectathon|Comedy|Exploration|Funny|Gore|Life Sim|Memes|Platformer|Shoot 'Em Up|Simulation,PASS,PASS,PASS,PASS,PENDING_EXTERNAL_CHECK
1494560,Rogue Voltage,Horizont Computergrafik,"Horizont Computergrafik, IndieArk",0.6218,Depth,0.5552,0.7921,0.895,0.2449,315,0.9365,Very Positive,"0 .. 20,000",10000.0,15.99,True,False,False,True,2024,Early Access|Indie|RPG|Simulation|Strategy,Auto Battler|Automation|Card Battler|Deckbuilding|Early Access|JRPG|Management|Pixel Graphics|Programming|Replay Value|Roguelike|Roguelike Deckbuilder|Roguelite|Simulation|Singleplayer,PASS,PASS,PASS,PASS,PENDING_EXTERNAL_CHECK
6200,Ghost Master®,Sick Puppies,Strategy First,0.6218,Anchor,0.8509,0.1884,0.7227,0.7249,1836,0.8965,Very Positive,"100,000 .. 200,000",150000.0,4.99,False,False,False,True,2006,Strategy,Classic|Comedy|Funny|Great Soundtrack|Horror|Management|Puzzle|Sandbox|Simulation|Singleplayer|Strategy|Supernatural|Tactical|Villain Protagonist,PASS,PASS,PASS,PASS,PENDING_EXTERNAL_CHECK
1436990,Feign,Teneke Kafalar,Teneke Kafalar,0.6218,Anchor,0.9345,0.09,0.7376,0.7249,4471,0.9049,Very Positive,"200,000 .. 500,000",350000.0,4.99,False,True,True,False,2021,Casual|Early Access|RPG|Strategy,2D|CRPG|Cartoon|Cartoony|Casual|Co-op|Cute|Early Access|Investigation|Multiplayer|Mystery|Online Co-Op|PvP|RPG|Social Deduction,PASS,PASS,PASS,PASS,PENDING_EXTERNAL_CHECK
1035510,Ultimate Zombie Defense,Terror Dog Studio,Terror Dog Studio,0.6217,Anchor,0.9031,0.09,0.8393,0.6546,3043,0.8643,Very Positive,"200,000 .. 500,000",350000.0,5.99,False,True,True,True,2020,Action|Adventure|Casual|Strategy,Action|Adventure|Base Building|Casual|Co-op|Difficult|Gore|Multiplayer|Online Co-Op|Shooter|Singleplayer|Strategy|Survival|Survival Horror|Team-Based,PASS,PASS,PASS,PASS,PENDING_EXTERNAL_CHECK
425210,Shadwen,Frozenbyte,Frozenbyte,0.6217,Anchor,0.8099,0.09,0.7675,0.8195,1303,0.7659,Mostly Positive,"200,000 .. 500,000",350000.0,3.73,False,False,False,True,2016,Action|Adventure,Action|Action-Adventure|Adventure|Assassin|Atmospheric|Crafting|Dark|Female Protagonist|Great Soundtrack|Indie|Level Editor|Medieval|Open World|Physics|Puzzle,PASS,PASS,PASS,PASS,PENDING_EXTERNAL_CHECK
2685220,Where Pandas 熊猫在哪里,,,0.6217,Low-cost option,0.1873,0.7921,0.5145,0.993,83,0.9639,Very Positive,"0 .. 20,000",10000.0,0.5096,True,False,False,True,2023,Casual|Indie,Cartoon|Cartoony|Casual|Cats|Clicker|Collectathon|Creature Collector|Cute|Family Friendly|Funny|Hand-drawn|Hidden Object|Indie|Relaxing|Singleplayer,PASS,PASS,PASS,PASS,PENDING_EXTERNAL_CHECK
488550,Dream Car Builder,RoKo0 (Roman Konyukhov),RoKo0 (Roman Konyukhov),0.6216,Anchor,0.7776,0.4783,0.7555,0.4752,1037,0.9267,Very Positive,"20,000 .. 50,000",35000.0,9.99,True,False,True,True,2018,Indie|Racing|Simulation,Automobile Sim|Building|Destruction|Driving|Early Access|Indie|Multiplayer|Physics|Racing|Sandbox|Simulation,PASS,PASS,PASS,PASS,PENDING_EXTERNAL_CHECK
710600,Red Bow,Stranga,GrabTheGames,0.6216,Low-cost option,0.5051,0.7921,0.4643,0.7249,253,0.8577,Very Positive,"0 .. 20,000",10000.0,4.99,True,False,False,True,2020,Adventure|Casual|Indie,2D|Adventure|Atmospheric|Casual|Dark|Exploration|Female Protagonist|Gore|Horror|Indie|Linear|Multiple Endings|Pixel Graphics|Psychological Horror|Puzzle,PASS,PASS,PASS,PASS,PENDING_EXTERNAL_CHECK
457210,SEUM: Speedrunners from Hell,Pine Studio,Pine Studio,0.6215,Anchor,0.9002,0.09,0.8413,0.6546,2931,0.9488,Very Positive,"200,000 .. 500,000",350000.0,5.99,True,False,False,True,2016,Action|Indie|Racing,3D Platformer|Action|Demons|Difficult|FPS|Fast-Paced|First-Person|Great Soundtrack|Horror|Indie|Level Editor|Multiplayer|Parkour|Platformer|Precision Platformer,PASS,PASS,PASS,PASS,PENDING_EXTERNAL_CHECK
1990740,Barro GT,SC Jogos,SC Jogos,0.6215,Low-cost option,0.6451,0.3062,0.8098,0.7249,478,0.8347,Very Positive,"50,000 .. 100,000",75000.0,4.99,True,False,True,True,2022,Casual|Indie|Racing,4 Player Local|Arcade|Automobile Sim|Casual|Driving|Funny|Immersive Sim|Indie|Local Co-Op|Local Multiplayer|Multiplayer|PvP|Racing|Remake|Sequel,PASS,PASS,PASS,PASS,PENDING_EXTERNAL_CHECK
453690,Dark Quest 2,Brain Seal Ltd,Brain Seal Ltd,0.6215,Depth,0.6924,0.3062,0.9374,0.5498,611,0.838,Very Positive,"50,000 .. 100,000",75000.0,8.99,True,True,True,True,2018,Indie|RPG|Strategy,Adventure|Board Game|Dungeon Crawler|Early Access|Fantasy|Great Soundtrack|Indie|Isometric|Local Co-Op|Local Multiplayer|Multiplayer|Online Co-Op|RPG|Singleplayer|Story Rich,PASS,PASS,PASS,PASS,PENDING_EXTERNAL_CHECK
2089110,HOTEL GREENWOOD,Altered Games,SKYFOSTER,0.6214,Depth,0.4375,0.7921,0.7809,0.4752,193,0.7513,Mostly Positive,"0 .. 20,000",10000.0,9.99,True,False,False,True,2022,Indie,3D|3D Vision|Atmospheric|Cinematic|Dark|Demons|Exploration|FPS|First-Person|God Game|Hidden Object|Horror|Immersive Sim|Mystery|Psychological Horror,PASS,PASS,PASS,PASS,PENDING_EXTERNAL_CHECK
1916850,Doomed to Hell,"Gagonfe, Ulon, Rhowsl",Gagonfe,0.6213,Depth,0.4528,0.7921,0.8512,0.3892,205,0.8683,Very Positive,"0 .. 20,000",10000.0,11.99,False,False,False,True,2022,Action|Adventure,2D|Action|Action Roguelike|Action-Adventure|Adventure|Atmospheric|Bullet Hell|Cute|Difficult|Funny|Loot|Perma Death|Pixel Graphics|Roguelike|Roguelite,PASS,PASS,PASS,PASS,PENDING_EXTERNAL_CHECK
9200,RAGE,id Software,Bethesda Softworks,0.6213,Anchor,0.9921,0.0215,0.9965,0.4752,17219,0.7753,Mostly Positive,"500,000 .. 1,000,000",750000.0,9.99,False,True,True,True,2011,Action,Action|Adventure|Atmospheric|Co-op|Crafting|FPS|First-Person|Gore|Horror|Linear|Multiplayer|Online Co-Op|Open World|Post-apocalyptic|RPG,PASS,PASS,PASS,PASS,PENDING_EXTERNAL_CHECK
615010,Runic Rampage - Action RPG,Electrocosmos,Electrocosmos,0.6213,Low-cost option,0.4656,0.7921,0.5025,0.7249,215,0.8791,Very Positive,"0 .. 20,000",10000.0,4.99,True,False,False,True,2017,Action|Adventure|Casual|Indie|RPG,Action|Action RPG|Adventure|Beat 'em up|Blood|Combat|Difficult|Dungeon Crawler|Fantasy|Fighting|Gore|Hack and Slash|Indie|Isometric|Magic,PASS,PASS,PASS,PASS,PENDING_EXTERNAL_CHECK
1092530,Anthology of Fear,"OhDeer Studio, 100 GAMES","100 GAMES, Gamersky Games",0.6213,Depth,0.5092,0.7921,0.7086,0.4752,257,0.7588,Mostly Positive,"0 .. 20,000",10000.0,9.99,True,False,False,True,2023,Adventure|Indie,Atmospheric|Blood|Difficult|First-Person|Gore|Horror|Mature|Psychological Horror|Stealth|Survival|Survival Horror|Violent,PASS,PASS,PASS,PASS,PENDING_EXTERNAL_CHECK
1882040,Craft Hero,PandaCat 熊喵独立游戏,OKJOY,0.6212,Low-cost option,0.5945,0.3062,0.8592,0.7249,377,0.8382,Very Positive,"50,000 .. 100,000",75000.0,4.99,True,False,False,True,2022,Adventure|Indie|RPG|Simulation|Strategy,Adventure|Base Building|Building|Combat|Crafting|Dungeon Crawler|Early Access|Exploration|Indie|Pixel Graphics|RPG|Roguelike|Roguelite|Sandbox|Simulation,PASS,PASS,PASS,PASS,PENDING_EXTERNAL_CHECK
1681840,Abalon: Roguelike Tactics CCG,"D20Studios, LLC","D20Studios, LLC, WhisperGames",0.6212,Depth,0.6385,0.7921,0.7557,0.2985,463,0.9266,Very Positive,"0 .. 20,000",10000.0,14.99,True,False,False,True,2023,Adventure|Indie|RPG|Strategy,2D|Adventure|Board Game|Card Battler|Controller|Deckbuilding|Dungeon Crawler|Fantasy|Grid-Based Movement|Party-Based RPG|RPG|Roguelike|Singleplayer|Strategy|Tabletop,PASS,PASS,PASS,PASS,PENDING_EXTERNAL_CHECK
2598930,Game Store Simulator,Pex Entertainment,Pex Entertainment,0.6211,Low-cost option,0.4294,0.7921,0.5382,0.7249,186,0.8387,Very Positive,"0 .. 20,000",10000.0,4.99,True,False,False,True,2024,Indie|Simulation,Automobile Sim|Driving|Economy|Family Friendly|First-Person|Immersive Sim|Indie|Inventory Management|Life Sim|Open World|Realistic|Resource Management|Simulation|Singleplayer|Third Person,PASS,PASS,PASS,PASS,PENDING_EXTERNAL_CHECK
3057180,Abnormal1999:Sector 49,QZQ Studio,QZQ Studio,0.6211,Low-cost option,0.401,0.7921,0.4444,0.8471,166,0.9759,Very Positive,"0 .. 20,000",10000.0,2.99,False,False,False,True,2024,Adventure,1980s|3D|Adventure|Collectathon|Conspiracy|Exploration|Horror|Immersive Sim|Mystery|Psychological Horror|Puzzle|Sci-fi|Singleplayer|Story Rich|Walking Simulator,PASS,PASS,PASS,PASS,PENDING_EXTERNAL_CHECK
2708450,Oh Deer,Cozy Cabin Studios,Cozy Cabin Studios,0.6211,Anchor,0.8273,0.3062,0.6261,0.7249,1505,0.8458,Very Positive,"50,000 .. 100,000",75000.0,4.99,True,True,True,False,2024,Action|Casual|Indie,3D|Action|Archery|Casual|Co-op|Colorful|Comedy|Detective|First-Person|Funny|Horror|Multiplayer|Nature|Online Co-Op|PvP,PASS,PASS,PASS,PASS,PENDING_EXTERNAL_CHECK
538840,City Climber,Ondrej Angelovic,Ondrej Angelovic,0.6211,Low-cost option,0.6153,0.3062,0.6638,0.8992,414,0.7681,Mostly Positive,"50,000 .. 100,000",75000.0,1.99,True,True,True,True,2017,Action|Adventure|Casual|Indie|Simulation|Sports,4 Player Local|Action|Adventure|Casual|Comedy|Difficult|Funny|Horror|Indie|Local Co-Op|Local Multiplayer|Parkour|Physics|Platformer|Precision Platformer,PASS,PASS,PASS,PASS,PENDING_EXTERNAL_CHECK
440420,True Fear: Forsaken Souls Part 1,Goblinz Enterprises Ltd,The Digital Lounge,0.6211,Depth,0.7582,0.3062,0.8703,0.5498,902,0.918,Very Positive,"50,000 .. 100,000",75000.0,8.99,False,False,False,True,2016,Adventure|Casual,2D|Adventure|Atmospheric|Casual|Dark|Detective|Exploration|Female Protagonist|First-Person|Hidden Object|Horror|Indie|Minimalist|Mystery|Point & Click,PASS,PASS,PASS,PASS,PENDING_EXTERNAL_CHECK
4850,Cossacks: Back to War,GSC Game World,GSC World Publishing,0.6211,Anchor,0.8896,0.09,0.7797,0.7249,2628,0.8858,Very Positive,"200,000 .. 500,000",350000.0,4.99,False,False,True,True,2010,Strategy,Classic|Free to Play|Historical|Multiplayer|Nostalgia|RTS|Singleplayer|Strategy|War,PASS,PASS,PASS,PASS,PENDING_EXTERNAL_CHECK
2865490,恋爱单选题,无忧传媒,"无忧传媒, 指间宇宙",0.6211,Anchor,0.8724,0.3062,0.9006,0.4051,2241,0.826,Very Positive,"50,000 .. 100,000",75000.0,10.99,True,False,False,True,2024,Adventure|Indie|RPG|Simulation|Strategy,Choices Matter|Choose Your Own Adventure|Cinematic|Dating Sim|Drama|Emotional|Exploration|FMV|Female Protagonist|First-Person|Immersive|Immersive Sim|Life Sim|Multiple Endings|Quick-Time Events,PASS,PASS,PASS,PASS,PENDING_EXTERNAL_CHECK
1833490,GOODBYE WORLD,YO FUJII,"Flyhigh Works, IndieArk",0.6211,Depth,0.7211,0.4783,0.8957,0.3892,721,0.8571,Very Positive,"20,000 .. 50,000",35000.0,11.99,True,False,False,True,2022,Adventure|Indie,2D Platformer|Adventure|Atmospheric|Cinematic|Drama|Emotional|Indie|Interactive Fiction|Linear|Pixel Graphics|Platformer|Psychological Horror|Puzzle|Relaxing|Side Scroller,PASS,PASS,PASS,PASS,PENDING_EXTERNAL_CHECK
427030,Xuan-Yuan Sword: The Gate of Firmament,"DOMO Studio, SOFTSTAR ENTERTAINMENT","方块游戏(CubeGame), SOFTSTAR ENTERTAINMENT",0.621,Anchor,0.8249,0.4783,0.8824,0.2985,1474,0.7246,Mostly Positive,"20,000 .. 50,000",35000.0,14.99,False,False,False,True,2016,RPG,Adventure|Anime|CRPG|Fantasy|Great Soundtrack|Historical|JRPG|Martial Arts|Mythology|RPG|Romance|Singleplayer|Story Rich,PASS,PASS,PASS,PASS,PENDING_EXTERNAL_CHECK
2264020,Saiko no sutoka no shiki,Habupain,Habupain,0.6209,Depth,0.4294,0.7921,0.6448,0.6174,186,0.8978,Very Positive,"0 .. 20,000",10000.0,6.99,False,False,False,True,2024,Action|Adventure,3D|Action|Action-Adventure|Adventure|Anime|Artificial Intelligence|Cartoon|Controller|Dating Sim|FPS|Female Protagonist|First-Person|Gore|Horror|Singleplayer,PASS,PASS,PASS,PASS,PENDING_EXTERNAL_CHECK
2179380,Sand:box,smellymoo,smellymoo,0.6209,Low-cost option,0.6902,0.7921,0.2021,0.7993,603,0.9436,Very Positive,"0 .. 20,000",10000.0,3.99,True,False,False,True,2023,Casual|Indie|Simulation,2D|Automation|Building|Casual|Colorful|Crafting|Destruction|Education|Electronic|Indie|Logic|Old School|Physics|Pixel Graphics|Relaxing,PASS,PASS,PASS,PASS,PENDING_EXTERNAL_CHECK
1901950,Raid on Taihoku,"Mizoriot Creative Company LTD., Fun2 Studio CO., LTD.",Loftstar Entertainment Inc.,0.6209,Depth,0.4205,0.7921,0.9048,0.3662,179,0.8324,Very Positive,"0 .. 20,000",10000.0,12.99,False,False,False,True,2023,Action|Adventure,Action-Adventure|Adventure|Choices Matter|Drama|Female Protagonist|Gore|Historical|Point & Click|Politics|Psychological Horror|Puzzle|Puzzle Platformer|RPG|Singleplayer|Story Rich,PASS,PASS,PASS,PASS,PENDING_EXTERNAL_CHECK
805270,Playcraft,Bebop Games,Bebop Games,0.6209,Depth,0.7222,0.4783,0.9845,0.2985,726,0.7893,Mostly Positive,"20,000 .. 50,000",35000.0,14.99,True,True,True,True,2023,Action|Adventure|Indie|Massively Multiplayer|Simulation,Action|Action-Adventure|Adventure|Building|Co-op|FPS|Funny|Hack and Slash|Indie|Massively Multiplayer|Multiplayer|Online Co-Op|Open World|RPG|Sandbox,PASS,PASS,PASS,PASS,PENDING_EXTERNAL_CHECK
1156000,Raindancer,Strange Creatures Studio LLC,Strange Creatures Studio LLC,0.6207,Low-cost option,0.5584,0.7921,0.1746,0.9579,319,0.8997,Very Positive,"0 .. 20,000",10000.0,0.99,True,True,True,True,2019,Action|Adventure|Indie|RPG,2D|Action|Adventure|Boss Rush|Difficult|Hand-drawn|Indie|RPG|Souls-like,PASS,PASS,PASS,PASS,PENDING_EXTERNAL_CHECK
537000,Nelo,Magic and Mirrors,Magic and Mirrors,0.6207,Low-cost option,0.3381,0.7921,0.6278,0.7249,133,0.7293,Mostly Positive,"0 .. 20,000",10000.0,4.99,True,True,True,True,2017,Action|Early Access|Indie,Action|Adventure|Aliens|Bullet Hell|Bullet Time|Character Action Game|Cyberpunk|Early Access|Fast-Paced|Great Soundtrack|Hack and Slash|Indie|Metroidvania|Ninja|Robots,PASS,PASS,PASS,PASS,PENDING_EXTERNAL_CHECK
1056490,The World is Your Weapon,kagaya,"DWANGO Co., Ltd.",0.6206,Depth,0.6961,0.4783,0.833,0.4752,625,0.968,Overwhelmingly Positive,"20,000 .. 50,000",35000.0,9.99,True,False,False,True,2019,Action|Indie|RPG,2D|Action|Action RPG|Addictive|Anime|Cute|Dungeon Crawler|Exploration|Female Protagonist|Funny|Hack and Slash|Indie|Mystery Dungeon|Pixel Graphics|RPG,PASS,PASS,PASS,PASS,PENDING_EXTERNAL_CHECK
1184570,Last Neighbor,Edco Games,TrerPlay,0.6206,Low-cost option,0.4656,0.7921,0.3777,0.8471,215,0.7674,Mostly Positive,"0 .. 20,000",10000.0,2.99,True,False,False,True,2019,Action|Casual|Indie,3D|Action|Action-Adventure|Artificial Intelligence|Casual|Dark|First-Person|Horror|Immersive Sim|Indie|Jump Scare|Lore-Rich|Old School|Point & Click|Psychological Horror,PASS,PASS,PASS,PASS,PENDING_EXTERNAL_CHECK
568570,Force of Nature,A.Y.std,A.Y.std,0.6205,Anchor,0.9282,0.09,0.8863,0.5776,4131,0.757,Mostly Positive,"200,000 .. 500,000",350000.0,7.99,True,True,True,True,2016,Action|Adventure|Indie|RPG|Simulation|Strategy,Action|Adventure|Base Building|Building|Co-op|Crafting|Exploration|Fantasy|Indie|Management|Multiplayer|Open World|Open World Survival Craft|RPG|Sandbox,PASS,PASS,PASS,PASS,PENDING_EXTERNAL_CHECK
3002930,心动满屋,成都萌创科技有限公司,Orange mutual entertainment,0.6205,Low-cost option,0.5111,0.4783,0.6935,0.7993,259,0.8069,Very Positive,"20,000 .. 50,000",35000.0,3.99,False,False,False,True,2024,Casual|RPG|Simulation,2.5D|360 Video|Action RPG|CRPG|Casual|Comedy|Crafting|Dating Sim|Drama|Exploration|FMV|Fantasy|First-Person|Immersive Sim|Life Sim,PASS,PASS,PASS,PASS,PENDING_EXTERNAL_CHECK
2833860,KUNKUN League,Seal,Seal,0.6204,Low-cost option,0.286,0.7921,0.5285,0.8752,112,1.0,Very Positive,"0 .. 20,000",10000.0,2.39,False,False,True,True,2024,Action,3D|Action|Action Roguelike|Bullet Hell|Bullet Time|Card Game|FPS|First-Person|Funny|Horror|Memes|Psychological Horror|Roguelike|Shooter|Singleplayer,PASS,PASS,PASS,PASS,PENDING_EXTERNAL_CHECK
296010,NeonXSZ,Intravenous Software,None - Independent,0.6204,Depth,0.286,0.7921,0.9285,0.4752,112,0.7857,Mostly Positive,"0 .. 20,000",10000.0,9.99,True,False,False,True,2016,Action|Indie|RPG,6DOF|Action|Action RPG|Arena Shooter|Combat|Cyberpunk|Difficult|FPS|First-Person|Funny|Indie|Loot|Open World|Procedural Generation|RPG,PASS,PASS,PASS,PASS,PENDING_EXTERNAL_CHECK
965310,The Settlers® : Rise of an Empire - History Edition,Ubisoft Blue Byte,Ubisoft,0.6204,Low-cost option,0.6919,0.3062,0.7065,0.7771,609,0.7635,Mostly Positive,"50,000 .. 100,000",75000.0,4.79,False,False,True,True,2019,Strategy,City Builder|Medieval|Multiplayer|RTS|Singleplayer|Strategy,PASS,PASS,PASS,PASS,PENDING_EXTERNAL_CHECK
303610,Suicide Guy,Fabio Ferrara,Chubby Pixel,0.6204,Anchor,0.8745,0.0215,0.9309,0.6546,2289,0.8772,Very Positive,"500,000 .. 1,000,000",750000.0,5.99,False,False,False,True,2017,Action,3D Platformer|Action|Adventure|Atmospheric|Classic|Comedy|Dark Humor|FPS|Female Protagonist|First-Person|Funny|Indie|Physics|Platformer|Puzzle,PASS,PASS,PASS,PASS,PENDING_EXTERNAL_CHECK
324310,Bus Simulator 16,stillalive studios,astragon Entertainment,0.6204,Anchor,0.9176,0.09,0.9986,0.4752,3633,0.7058,Mostly Positive,"200,000 .. 500,000",350000.0,9.99,False,True,True,True,2016,Simulation,Adventure|Atmospheric|Automobile Sim|Casual|Co-op|Co-op Campaign|Driving|First-Person|Free to Play|Management|Mod|Moddable|Multiplayer|Online Co-Op|Open World,PASS,PASS,PASS,PASS,PENDING_EXTERNAL_CHECK
270110,Block Story™,"MindBlocks Studio, LLC","MindBlocks Studio, LLC",0.6203,Anchor,0.8358,0.3062,0.6144,0.7249,1612,0.8207,Very Positive,"50,000 .. 100,000",75000.0,4.99,True,False,False,True,2015,Action|Adventure|Indie|RPG,Action|Action RPG|Adventure|Building|Crafting|Dragons|FPS|Fantasy|First-Person|Indie|Open World|Open World Survival Craft|Pixel Graphics|RPG|Sandbox,PASS,PASS,PASS,PASS,PENDING_EXTERNAL_CHECK
2130540,目盲/Blind,GOCORE,GOCORE,0.6203,Low-cost option,0.7376,0.4783,0.4183,0.8471,795,0.8767,Very Positive,"20,000 .. 50,000",35000.0,2.99,False,False,False,True,2022,Adventure|Casual|RPG|Simulation,2D|Anime|Casual|Colorful|Dating Sim|Detective|Drama|Emotional|Female Protagonist|Multiple Endings|Narration|Psychological|Psychological Horror|Puzzle|RPG,PASS,PASS,PASS,PASS,PENDING_EXTERNAL_CHECK
1773180,The Matriarch,Chewa,Chewa,0.6203,Low-cost option,0.7403,0.1884,0.8275,0.7249,808,0.7673,Mostly Positive,"100,000 .. 200,000",150000.0,4.99,False,True,True,False,2022,Casual,2D|Cartoony|Casual|Co-op|Comedy|Conspiracy|Dark Comedy|Funny|Indie|Multiplayer|Party Game|Satire|Social Deduction|Stealth|Strategy,PASS,PASS,PASS,PASS,PENDING_EXTERNAL_CHECK
1080130,QuietMansion2,K App.,K App.,0.6203,Low-cost option,0.0131,0.7921,0.8767,0.7993,51,0.7059,Mostly Positive,"0 .. 20,000",10000.0,3.99,True,False,False,True,2019,Action|Adventure|Indie,Action|Adventure|Atmospheric|Dark|Early Access|FPS|First-Person|Funny|Gore|Horror|Indie|Psychological Horror|Replay Value|Silent Protagonist|Singleplayer,PASS,PASS,PASS,PASS,PENDING_EXTERNAL_CHECK
363600,Holy Potatoes! A Weapon Shop?!,Daylight Studios,"Daedalic Entertainment, Daylight Studios",0.6202,Anchor,0.8612,0.1884,0.4734,0.9579,2018,0.7161,Mostly Positive,"100,000 .. 200,000",150000.0,0.99,True,False,False,True,2015,Indie|Simulation,Casual|Crafting|Funny|Indie|Management|RPG|Simulation|Singleplayer,PASS,PASS,PASS,PASS,PENDING_EXTERNAL_CHECK
2757350,Spy Alliance,ALT Lab,ALT Lab,0.6202,Low-cost option,0.7369,0.1884,0.6563,0.8992,793,0.7163,Mostly Positive,"100,000 .. 200,000",150000.0,1.99,False,True,True,True,2024,Adventure|Casual|RPG|Simulation|Strategy,Action RPG|CRPG|Casual|Choices Matter|Choose Your Own Adventure|Detective|Exploration|FMV|Funny|Historical|Immersive Sim|Interactive Fiction|Multiple Endings|Point & Click|Puzzle,PASS,PASS,PASS,PASS,PENDING_EXTERNAL_CHECK
2681530,Late Night Drift,Voxel Bytes,Voxel Bytes,0.6202,Low-cost option,0.2106,0.7921,0.579,0.8992,89,0.8989,Very Positive,"0 .. 20,000",10000.0,1.99,True,True,True,True,2024,Casual|Indie|Racing|Simulation,3D|Automobile Sim|Casual|Co-op|Driving|Indie|Multiplayer|Online Co-Op|Racing|Simulation|Singleplayer|Third Person,PASS,PASS,PASS,PASS,PENDING_EXTERNAL_CHECK
577690,Spooky's Jump Scare Mansion: HD Renovation,Albino Moose Games,Albino Moose Games,0.6201,Anchor,0.9048,0.1884,0.9119,0.4752,3082,0.9604,Overwhelmingly Positive,"100,000 .. 200,000",150000.0,9.99,True,False,False,True,2017,Action|Adventure|Indie,Action|Adventure|Atmospheric|Cute|First-Person|Funny|Gore|Great Soundtrack|Horror|Indie|Jump Scare|Multiplayer|Psychological Horror|Singleplayer|Survival Horror,PASS,PASS,PASS,PASS,PENDING_EXTERNAL_CHECK
757200,EMERGENCY 3,Sixteen Tons Entertainment,Sixteen Tons Entertainment,0.6201,Depth,0.3663,0.7921,0.8468,0.4752,147,0.7959,Mostly Positive,"0 .. 20,000",10000.0,9.99,False,False,False,True,2017,Simulation|Strategy,Classic|Co-op|Cult Classic|Mod|Moddable|Multiplayer|Online Co-Op|RTS|Real Time Tactics|Real-Time|Realistic|Retro|Simulation|Singleplayer|Strategy,PASS,PASS,PASS,PASS,PENDING_EXTERNAL_CHECK
1696960,Lake Haven - Chrysalis,Encrypt Games,Encrypt Games,0.6201,Low-cost option,0.6166,0.4783,0.5383,0.8471,416,0.976,Very Positive,"20,000 .. 50,000",35000.0,2.99,False,False,False,True,2023,Action|Adventure,1990's|3D|Action|Action-Adventure|Adventure|Atmospheric|Controller|Dark|Exploration|Horror|Mystery|Old School|Psychological Horror|Puzzle|Retro,PASS,PASS,PASS,PASS,PENDING_EXTERNAL_CHECK
661230,Progress Bar Simulator,"SpielmannSpiel, bison",SpielmannSpiel,0.6201,Low-cost option,0.2415,0.7921,0.4889,0.9579,98,0.8878,Very Positive,"0 .. 20,000",10000.0,0.99,True,True,True,True,2019,Casual|Indie|Simulation,2D|Abstract|Auto Battler|Casual|Clicker|Cyberpunk|Funny|Historical|Idler|Immersive Sim|Life Sim|Linear|Parody|Psychological Horror|Relaxing,PASS,PASS,PASS,PASS,PENDING_EXTERNAL_CHECK
1647420,GROSS,hangry owl games,"hangry owl games, Hawthorn Games",0.62,Depth,0.458,0.7921,0.8639,0.3662,209,0.823,Very Positive,"0 .. 20,000",10000.0,12.99,False,False,False,True,2023,Action|Strategy,3D|Action|Base Building|Controller|Dark Humor|FPS|First-Person|Funny|Gore|Gun Customization|PvE|Replay Value|Score Attack|Shooter|Singleplayer,PASS,PASS,PASS,PASS,PENDING_EXTERNAL_CHECK
1398910,Jorel’s Brother and The Most Important Game of the Galaxy - Complete Edition,"Double Dash Studios, Copa Studio",Double Dash Studios,0.6199,Depth,0.4324,0.7921,0.9568,0.2985,189,0.836,Very Positive,"0 .. 20,000",10000.0,14.99,True,False,False,True,2023,Adventure|Indie,2D|Adventure|Anime|Collectathon|Colorful|Comedy|Controller|Episodic|Exploration|Family Friendly|Funny|Hand-drawn|Indie|Multiplayer|Mystery,PASS,PASS,PASS,PASS,PENDING_EXTERNAL_CHECK
2065840,TROUBLE JUICE,dietzribi,dietzribi,0.6199,Low-cost option,0.3101,0.7921,0.6525,0.7249,121,0.9587,Very Positive,"0 .. 20,000",10000.0,4.99,False,False,False,True,2023,Action,2D|Action|Action Roguelike|Bullet Hell|Bullet Time|Dystopian|Horror|Platformer|Post-apocalyptic|Procedural Generation|Psychedelic|Replay Value|Roguelike|Roguelite|Shoot 'Em Up,PASS,PASS,PASS,PASS,PENDING_EXTERNAL_CHECK
1913370,OPERATOR,VECTOR INTERACTIVE,VECTOR INTERACTIVE,0.6199,Anchor,0.869,0.3062,0.9489,0.3554,2159,0.7735,Mostly Positive,"50,000 .. 100,000",75000.0,13.39,True,True,True,True,2023,Action|Early Access|Indie|RPG|Simulation|Strategy,Action|Co-op|Combat|Dark|Early Access|FPS|First-Person|Gore|Gun Customization|Multiplayer|Perma Death|PvE|Real Time Tactics|Realistic|Shooter,PASS,PASS,PASS,PASS,PENDING_EXTERNAL_CHECK
32380,STAR WARS™ Jedi Knight: Dark Forces II,LucasArts,"LucasArts, Lucasfilm, Disney",0.6198,Anchor,0.8592,0.0215,0.9439,0.6546,1980,0.7975,Mostly Positive,"500,000 .. 1,000,000",750000.0,5.99,False,False,True,True,2009,Action,1990's|Action|Adventure|Boomer Shooter|Classic|FMV|FPS|First-Person|Great Soundtrack|Multiplayer|Retro|Sci-fi|Shooter|Singleplayer|Space,PASS,PASS,PASS,PASS,PENDING_EXTERNAL_CHECK
1368820,RollerCoaster Tycoon® 3: Complete Edition,"Frontier Developments, Aspyr (Mac)","Atari, Aspyr (Mac)",0.6198,Anchor,0.8702,0.09,0.8644,0.6546,2185,0.8654,Very Positive,"200,000 .. 500,000",350000.0,5.99,False,False,False,True,2020,Simulation|Strategy,3D|Base Building|Building|Cartoony|Casual|Cinematic|City Builder|Colorful|Family Friendly|Funny|Management|Multiplayer|Resource Management|Sandbox|Simulation,PASS,PASS,PASS,PASS,PENDING_EXTERNAL_CHECK
1371330,Vessels,Local Space Survey Corps,"Local Space Survey Corps, LLC",0.6197,Low-cost option,0.2686,0.4783,0.7743,0.9579,106,0.9528,Very Positive,"20,000 .. 50,000",35000.0,0.99,True,False,False,True,2020,Adventure|Indie,Adventure|Atmospheric|Choices Matter|Conversation|Dark|Drama|Exploration|First-Person|Indie|Multiple Endings|Mystery|Narrative|Philosophical|Psychological|Puzzle,PASS,PASS,PASS,PASS,PENDING_EXTERNAL_CHECK
1619230,The Star Named EOS,Silver Lining Studio,PLAYISM,0.6197,Depth,0.5327,0.7921,0.8554,0.2985,284,0.9754,Very Positive,"0 .. 20,000",10000.0,14.99,True,False,False,True,2024,Adventure|Indie,360 Video|Adventure|Anime|Atmospheric|Casual|Colorful|Drama|Emotional|Exploration|First-Person|Hand-drawn|Hidden Object|Interactive Fiction|Linear|Narration,PASS,PASS,PASS,PASS,PENDING_EXTERNAL_CHECK
1138410,Demons Never Lie,IndieBug,RecordMedia,0.6197,Low-cost option,0.6326,0.4783,0.5685,0.7993,451,0.9268,Very Positive,"20,000 .. 50,000",35000.0,3.99,True,False,False,True,2019,Adventure|Casual|Indie,Adventure|Atmospheric|Casual|Dark|Horror|Indie|Philosophical|Point & Click|Psychological|Psychological Horror|Singleplayer|Story Rich|Surreal|Visual Novel|Voxel,PASS,PASS,PASS,PASS,PENDING_EXTERNAL_CHECK
575330,Oh...Sir! The Hollywood Roast,Vile Monarch,Good Shepherd Entertainment,0.6196,Low-cost option,0.6051,0.3062,0.7679,0.7993,396,0.8535,Very Positive,"50,000 .. 100,000",75000.0,3.99,True,False,True,True,2017,Adventure|Indie|Simulation,2D|Adventure|Comedy|Funny|Indie|Memes|Multiplayer|Pixel Graphics|Simulation,PASS,PASS,PASS,PASS,PENDING_EXTERNAL_CHECK
340340,Domestic Dog Simulator,Sean Davy,Sean Davy,0.6196,Low-cost option,0.6494,0.4783,0.6257,0.7249,488,0.8094,Very Positive,"20,000 .. 50,000",35000.0,4.99,True,False,False,True,,Casual|Indie|Simulation,Casual|Comedy|Cute|Dog|Exploration|Family Friendly|Funny|Indie|Life Sim|Memes|Old School|Open World|Perma Death|Pixel Graphics|Retro,PASS,PASS,PASS,PASS,PENDING_EXTERNAL_CHECK
2854690,Cats of the Ming Dynasty,,,0.6196,Low-cost option,0.353,0.7921,0.3458,0.9874,140,0.9786,Very Positive,"0 .. 20,000",10000.0,0.7696000000000001,False,False,False,True,2024,Casual,2D|Casual|Clicker|Dungeon Crawler|Education|Exploration|Hand-drawn|Hidden Object|Historical|Idler|Point & Click|Puzzle|Relaxing|Retro|Side Scroller,PASS,PASS,PASS,PASS,PENDING_EXTERNAL_CHECK
1164690,Wigmund,The Scholastics,The Scholastics,0.6195,Low-cost option,0.7043,0.1884,0.8063,0.7791,655,0.8183,Very Positive,"100,000 .. 200,000",150000.0,4.49,False,False,False,True,2022,RPG,Action RPG|Atmospheric|Dark|Dragons|Dungeon Crawler|Exploration|Fantasy|Hack and Slash|Isometric|Loot|Medieval|Old School|Open World|RPG|Realistic,PASS,PASS,PASS,PASS,PENDING_EXTERNAL_CHECK
21980,Call of Juarez: Bound in Blood,Techland,Techland Publishing,0.6195,Anchor,0.9312,0.09,0.9817,0.4752,4284,0.8667,Very Positive,"200,000 .. 500,000",350000.0,9.99,False,False,False,True,2009,Action,Action|Adventure|Atmospheric|Bullet Time|Classic|Co-op|Controller|FPS|First-Person|Gore|Great Soundtrack|Historical|Multiplayer|Open World|Shooter,PASS,PASS,PASS,PASS,PENDING_EXTERNAL_CHECK
1347030,THE CORRIDOR,Thomas Mackinnon,Thomas Mackinnon,0.6194,Anchor,0.8973,0.09,0.5912,0.8992,2838,0.9443,Very Positive,"200,000 .. 500,000",350000.0,1.99,True,False,False,True,2020,Adventure|Indie,3D|Cartoony|Comedy|Dark Comedy|Dark Humor|Emotional|First-Person|Funny|Game Development|Interactive Fiction|Memes|Minimalist|Narration|Parody|Psychological,PASS,PASS,PASS,PASS,PENDING_EXTERNAL_CHECK
949600,Intergalactic Fishing,Boat Anchor Games,Boat Anchor Games,0.6194,Low-cost option,0.5289,0.4783,0.6518,0.8187,279,0.9785,Very Positive,"20,000 .. 50,000",35000.0,3.74,True,False,False,True,2020,Indie|RPG|Simulation|Sports,2D|Casual|Controller|Exploration|Fishing|Indie|Nature|Old School|Open World|Procedural Generation|RPG|Relaxing|Sandbox|Sci-fi|Science,PASS,PASS,PASS,PASS,PENDING_EXTERNAL_CHECK
1003120,Hitchhiker - A Mystery Game,Mad About Pandas,Versus Evil,0.6194,Depth,0.4468,0.7921,0.9401,0.2985,200,0.71,Mostly Positive,"0 .. 20,000",10000.0,14.99,True,False,False,True,2021,Adventure|Indie,Adventure|Atmospheric|Conversation|Dark|Drama|Emotional|First-Person|Indie|Interactive Fiction|Mature|Mystery|Narration|Philosophical|Psychological|Short,PASS,PASS,PASS,PASS,PENDING_EXTERNAL_CHECK
2447260,Cats on Duty,Prikol Team,ESDigital Games,0.6194,Depth,0.3857,0.7921,0.8245,0.4752,157,0.9554,Very Positive,"0 .. 20,000",10000.0,9.99,True,True,True,True,2024,Action|Casual|Indie|Strategy,Action|Adventure|Casual|Cats|Co-op|Cute|Deckbuilding|Family Friendly|Funny|Indie|Local Co-Op|Match 3|Pixel Graphics|Puzzle|RTS,PASS,PASS,PASS,PASS,PENDING_EXTERNAL_CHECK
1135230,Ember Knights,Doom Turtle,Twin Sails Interactive,0.6193,Anchor,0.946,0.09,0.966,0.4752,5356,0.9369,Very Positive,"200,000 .. 500,000",350000.0,9.99,False,True,True,True,2023,Action|Adventure|RPG,2D|Action|Action Roguelike|Adventure|Choices Matter|Co-op|Combat|Dungeon Crawler|Hack and Slash|Local Co-Op|Local Multiplayer|Multiplayer|Online Co-Op|Pixel Graphics|Procedural Generation,PASS,PASS,PASS,PASS,PENDING_EXTERNAL_CHECK
804700,The House in Fata Morgana: A Requiem for Innocence,NOVECT,MangaGamer,0.6193,Anchor,0.7961,0.4783,0.6626,0.5401,1184,0.9747,Overwhelmingly Positive,"20,000 .. 50,000",35000.0,9.74,False,False,False,True,2018,Adventure,Adventure|Anime|Dark|Female Protagonist|Gore|Gothic|Great Soundtrack|Horror|Psychological Horror|Story Rich|Violent|Visual Novel,PASS,PASS,PASS,PASS,PENDING_EXTERNAL_CHECK
351340,Belladonna,Neckbolt,Plug In Digital,0.6192,Low-cost option,0.7249,0.3062,0.463,0.9828,740,0.7216,Mostly Positive,"50,000 .. 100,000",75000.0,0.9,True,False,False,True,2015,Adventure|Indie,Adventure|Female Protagonist|Gothic|Horror|Indie|LGBTQ+|Point & Click|Short|Singleplayer|Story Rich,PASS,PASS,PASS,PASS,PENDING_EXTERNAL_CHECK
988980,GLAD VALAKAS TOWER DEFENCE,Snkl Studio,Snkl Studio,0.6192,Low-cost option,0.3749,0.7921,0.3519,0.9579,151,0.9272,Very Positive,"0 .. 20,000",10000.0,0.99,True,False,False,True,2018,Action|Casual|Indie|Strategy,2D|Action|Anime|Atmospheric|Casual|Character Action Game|Comedy|Dark Humor|Funny|Indie|Memes|Relaxing|Singleplayer|Strategy|Stylized,PASS,PASS,PASS,PASS,PENDING_EXTERNAL_CHECK
591000,Deep Sixed,"LRDGames, Inc.","LRDGames, Inc.",0.6192,Low-cost option,0.248,0.7921,0.7116,0.7249,100,0.86,Very Positive,"0 .. 20,000",10000.0,4.99,True,False,False,True,2018,Action|Adventure|Indie|Simulation|Strategy,Action|Action Roguelike|Adventure|Artificial Intelligence|Atmospheric|Choices Matter|Comedy|Dark Comedy|Difficult|Funny|Indie|Post-apocalyptic|Roguelike|Roguelite|Sci-fi,PASS,PASS,PASS,PASS,PENDING_EXTERNAL_CHECK
745950,Apparition,MrCiastku,No Gravity Games,0.6191,Depth,0.2447,0.7921,0.9647,0.4752,99,0.7778,Mostly Positive,"0 .. 20,000",10000.0,9.99,True,False,False,True,,Action|Early Access|Indie,Action|Action-Adventure|Adventure|Atmospheric|Crime|Dark|Demons|Early Access|First-Person|Gore|Horror|Indie|Local Multiplayer|Multiplayer|Mystery,PASS,PASS,PASS,PASS,PENDING_EXTERNAL_CHECK
1955830,Touhou Hero of Ice Fairy,GAMEPULSE 游戏脉冲,GAMEPULSE 游戏脉冲,0.6191,Anchor,0.9432,0.1884,0.7274,0.6174,5095,0.9727,Overwhelmingly Positive,"100,000 .. 200,000",150000.0,6.99,True,False,False,True,2024,Action|Adventure|Indie|RPG,2D|Action|Action-Adventure|Adventure|Anime|Bullet Hell|Combat|Cute|Drama|Female Protagonist|Indie|JRPG|Platformer|RPG|Replay Value,PASS,PASS,PASS,PASS,PENDING_EXTERNAL_CHECK
1298480,Kardboard Kings: Card Shop Simulator,"Henry's House, Oscar Brittain, Rob Gross",Akupara Games,0.619,Depth,0.619,0.7921,0.9027,0.1624,420,0.7405,Mostly Positive,"0 .. 20,000",10000.0,19.99,True,False,False,True,2022,Casual|Indie|Simulation|Strategy,2D|Capitalism|Cartoon|Casual|Collectathon|Conversation|Economy|Funny|Immersive Sim|Inventory Management|LGBTQ+|Management|Resource Management|Simulation|Singleplayer,PASS,PASS,PASS,PASS,PENDING_EXTERNAL_CHECK
740290,Irony Of Nightmare,Steppe Hare Studio,Steppe Hare Studio,0.619,Low-cost option,0.7038,0.4783,0.3359,0.9579,654,0.8899,Very Positive,"20,000 .. 50,000",35000.0,0.99,True,False,False,True,2017,Early Access|Indie,Adventure|Atmospheric|Cyberpunk|Detective|Early Access|Gore|Horror|Indie|Singleplayer|Story Rich|Violent,PASS,PASS,PASS,PASS,PENDING_EXTERNAL_CHECK
2485750,Midnight Scenes: A Safe Place,Octavi Navarro,Octavi Navarro,0.6188,Depth,0.3604,0.7921,0.668,0.6546,144,0.9653,Very Positive,"0 .. 20,000",10000.0,5.99,True,False,False,True,2024,Adventure|Indie,Adventure|Atmospheric|Conversation|Dark|Emotional|Episodic|Gore|Horror|Mystery|Narrative|Pixel Graphics|Point & Click|Psychological|Psychological Horror|Puzzle,PASS,PASS,PASS,PASS,PENDING_EXTERNAL_CHECK
1382730,Midnight Scenes Episode 2 (Special Edition),Octavi Navarro,Octavi Navarro,0.6187,Low-cost option,0.3052,0.7921,0.5783,0.7993,119,0.9748,Very Positive,"0 .. 20,000",10000.0,3.99,True,False,False,True,2020,Adventure|Indie,Adventure|Aliens|Conspiracy|Dark|Episodic|Hidden Object|Horror|Lovecraftian|Mystery|Narrative|Pixel Graphics|Point & Click|Psychological|Psychological Horror|Puzzle,PASS,PASS,PASS,PASS,PENDING_EXTERNAL_CHECK
1849570,恋~一些小清新的猎奇故事~,桐生バトラ（疑狐社）,"Miwu Studio, WindField Games",0.6187,Low-cost option,0.4148,0.4783,0.6826,0.8992,175,0.8286,Very Positive,"20,000 .. 50,000",35000.0,1.99,False,False,False,True,2022,Adventure,2D|2D Platformer|Adventure|Anime|Drama|Emotional|Gore|Hand-drawn|Interactive Fiction|Multiple Endings|Mystery|Psychological Horror|Romance|Singleplayer|Story Rich,PASS,PASS,PASS,PASS,PENDING_EXTERNAL_CHECK
211740,Thief™ II: The Metal Age,Looking Glass Studios,Eidos Interactive Corp.,0.6186,Anchor,0.8528,0.09,0.9141,0.6174,1863,0.9436,Very Positive,"200,000 .. 500,000",350000.0,6.99,False,False,False,True,2012,Action|Simulation,Action|Adventure|Atmospheric|Classic|Cult Classic|Dark|Dark Fantasy|FPS|Fantasy|First-Person|Great Soundtrack|Horror|Immersive|Immersive Sim|Medieval,PASS,PASS,PASS,PASS,PENDING_EXTERNAL_CHECK
1361320,The Room 4: Old Sins,Fireproof Games,Fireproof Games,0.6186,Anchor,0.9893,0.09,0.8452,0.5498,15120,0.9858,Overwhelmingly Positive,"200,000 .. 500,000",350000.0,8.99,False,False,False,True,2021,Adventure,3D|Adventure|Atmospheric|Casual|Escape Room|Exploration|First-Person|Hidden Object|Horror|Indie|Lovecraftian|Multiplayer|Mystery|Point & Click|Puzzle,PASS,PASS,PASS,PASS,PENDING_EXTERNAL_CHECK
227780,Serious Sam Classics: Revolution,"Croteam, Alligator Pit",Devolver Digital,0.6185,Anchor,0.9134,0.09,0.9954,0.4752,3458,0.9069,Very Positive,"200,000 .. 500,000",350000.0,9.99,True,True,True,True,2019,Action|Indie,Action|Adventure|Atmospheric|Boomer Shooter|Classic|Co-op|Comedy|Difficult|FPS|First-Person|Funny|Gore|Indie|Multiplayer|Old School,PASS,PASS,PASS,PASS,PENDING_EXTERNAL_CHECK
1609230,Scarlet Hollow,Black Tabby Games,Black Tabby Games,0.6185,Anchor,0.8765,0.7921,0.7183,0.0871,2338,0.9876,Overwhelmingly Positive,"0 .. 20,000",10000.0,24.99,True,False,False,True,2021,Adventure|Casual|Early Access|Indie|RPG,Adventure|Choices Matter|Choose Your Own Adventure|Dark Fantasy|Dark Humor|Dating Sim|Early Access|Horror|Interactive Fiction|Lovecraftian|Multiple Endings|Mystery|Narrative|Point & Click|Psychological Horror,PASS,PASS,PASS,PASS,PENDING_EXTERNAL_CHECK
1511630,TrackDayR,MadCow S.r.l.,MadCow S.r.l.,0.6185,Depth,0.7253,0.7921,0.8693,0.0871,742,0.814,Very Positive,"0 .. 20,000",10000.0,24.99,True,False,True,True,2021,Early Access|Indie|Massively Multiplayer|Racing|Simulation|Sports,3D|ATV|Automobile Sim|Bikes|Driving|Early Access|First-Person|Indie|Massively Multiplayer|Motocross|Motorbike|Multiplayer|Offroad|PvP|Racing,PASS,PASS,PASS,PASS,PENDING_EXTERNAL_CHECK
270950,Ski Region Simulator - Gold Edition,Giants Software,Giants Software,0.6184,Depth,0.6468,0.4783,0.7989,0.5498,482,0.7656,Mostly Positive,"20,000 .. 50,000",35000.0,8.99,False,False,True,True,2014,Casual|Simulation,Casual|Management|Multiplayer|Open World|Realistic|Simulation|Singleplayer|Skiing|Snow,PASS,PASS,PASS,PASS,PENDING_EXTERNAL_CHECK
1340180,Sherwood Extreme,CAGE Studios,CAGE Studios,0.6184,Depth,0.6565,0.7921,0.8627,0.1624,504,0.7877,Mostly Positive,"0 .. 20,000",10000.0,19.99,True,True,True,True,2024,Action|Adventure|Casual|Free To Play|Indie|RPG,Action|Action RPG|Action-Adventure|Adventure|Arcade|Archery|Boomer Shooter|Cartoony|Comic Book|Funny|Online Co-Op|Parkour|Physics|PvE|RPG,PASS,PASS,PASS,PASS,PENDING_EXTERNAL_CHECK
277450,Imperial Glory,Pyro Studios,Kalypso Media Digital,0.6184,Anchor,0.8023,0.1884,0.7579,0.7249,1234,0.7771,Mostly Positive,"100,000 .. 200,000",150000.0,4.99,False,False,True,True,2014,Strategy,Classic|Historical|Multiplayer|RTS|Singleplayer|Strategy|Turn-Based Strategy|War,PASS,PASS,PASS,PASS,PENDING_EXTERNAL_CHECK
937170,Otaku's Adventure,Spacelight Studio,Spacelight Studio,0.6184,Anchor,0.9689,0.09,0.797,0.6174,8059,0.9484,Very Positive,"200,000 .. 500,000",350000.0,6.99,True,False,False,True,2019,Adventure|Indie|RPG,Adventure|Anime|Choices Matter|Comedy|Cute|Dating Sim|Female Protagonist|Funny|Indie|Interactive Fiction|Mouse only|Multiple Endings|Point & Click|Puzzle|RPG,PASS,PASS,PASS,PASS,PENDING_EXTERNAL_CHECK
1335940,Ball-it Hell,Jamesika,Gamersky Games,0.6184,Low-cost option,0.4479,0.7921,0.3864,0.8471,201,0.9602,Very Positive,"0 .. 20,000",10000.0,2.99,True,False,False,True,2024,Action|Casual|Indie,2D|Abstract|Action|Arcade|Arena Shooter|Baseball|Beat 'em up|Bullet Hell|Bullet Time|Casual|Indie|Minimalist|Procedural Generation|Score Attack|Shoot 'Em Up,PASS,PASS,PASS,PASS,PENDING_EXTERNAL_CHECK
282400,SuperPower 2 Steam Edition,GolemLabs,THQ Nordic,0.6182,Anchor,0.8922,0.1884,0.917,0.4752,2701,0.8023,Very Positive,"100,000 .. 200,000",150000.0,9.99,False,False,True,True,2014,Simulation|Strategy,Economy|Grand Strategy|Management|Military|Multiplayer|Political|Political Sim|Politics|RTS|Simulation|Singleplayer|Strategy|War,PASS,PASS,PASS,PASS,PENDING_EXTERNAL_CHECK
2686690,Suika Shapes,Zanthous,Zanthous,0.6182,Low-cost option,0.1702,0.7921,0.7856,0.7249,79,0.9747,Very Positive,"0 .. 20,000",10000.0,4.99,False,True,True,True,2023,Action|Casual,2D|Action|Arcade|Atmospheric|Casual|Co-op|Colorful|Cozy|Cute|Family Friendly|Funny|Local Multiplayer|Multiplayer|Physics|Puzzle,PASS,PASS,PASS,PASS,PENDING_EXTERNAL_CHECK
2981650,Shift 87,Pixelsplit,Daedalic Entertainment,0.6182,Low-cost option,0.2973,0.7921,0.6584,0.7249,116,0.931,Very Positive,"0 .. 20,000",10000.0,4.99,True,False,False,True,2024,Adventure|Casual|Indie,3D|Adventure|Atmospheric|Capitalism|Casual|Cinematic|Dark|First-Person|Hidden Object|Horror|Mystery|Psychedelic|Psychological|Psychological Horror|Puzzle,PASS,PASS,PASS,PASS,PENDING_EXTERNAL_CHECK
516600,Bai Qu: Hundreds of Melodies,Magenta Factory,Magenta Factory,0.6181,Depth,0.7117,0.4783,0.8073,0.4752,682,0.9619,Overwhelmingly Positive,"20,000 .. 50,000",35000.0,9.99,True,False,False,True,2017,Indie,2.5D|Adventure|Anime|Atmospheric|Beautiful|Casual|Choices Matter|Colorful|Cute|Drama|Emotional|Female Protagonist|Modern|Multiple Endings|Philosophical,PASS,PASS,PASS,PASS,PENDING_EXTERNAL_CHECK
1426490,LOST EPIC,"oneoreight, Team EARTHWARS",oneoreight,0.618,Anchor,0.7839,0.4783,0.9829,0.2271,1082,0.7283,Mostly Positive,"20,000 .. 50,000",35000.0,17.99,True,True,True,True,2022,Action|Indie|RPG,2D|Action|Action RPG|Anime|Character Customization|Co-op|Dark Fantasy|Dark Humor|Difficult|Early Access|Female Protagonist|Hack and Slash|Indie|Metroidvania|Multiplayer,PASS,PASS,PASS,PASS,PENDING_EXTERNAL_CHECK
2088840,Picayune Dreams,"Stepford, Andyland, milkypossum",2 Left Thumbs,0.618,Anchor,0.8601,0.1884,0.6241,0.7993,1993,0.988,Overwhelmingly Positive,"100,000 .. 200,000",150000.0,3.99,False,False,False,True,2023,Action,Action|Action Roguelike|Arena Shooter|Bullet Hell|Colorful|Exploration|Female Protagonist|Futuristic|Lore-Rich|Pixel Graphics|Procedural Generation|Psychedelic|Roguelike|Roguelite|Sci-fi,PASS,PASS,PASS,PASS,PENDING_EXTERNAL_CHECK
559910,Terroir,General Interactive Co.,General Interactive Co.,0.618,Depth,0.6001,0.7921,0.5022,0.5776,387,0.7364,Mostly Positive,"0 .. 20,000",10000.0,7.99,True,False,False,True,2017,Indie|Simulation|Strategy,3D|Agriculture|Ambient|Atmospheric|Base Building|Building|City Builder|Economy|Farming Sim|Hex Grid|Isometric|Management|Nature|Relaxing|Resource Management,PASS,PASS,PASS,PASS,PENDING_EXTERNAL_CHECK
13570,Tom Clancy's Splinter Cell Chaos Theory®,Ubisoft Montreal,Ubisoft,0.618,Anchor,0.9399,0.09,0.9668,0.4752,4814,0.9335,Very Positive,"200,000 .. 500,000",350000.0,9.99,False,False,False,True,2009,Action,Action|Adventure|Atmospheric|Classic|Co-op|Controller|Great Soundtrack|Immersive|Local Co-Op|Multiplayer|Shooter|Singleplayer|Stealth|Story Rich|Strategy,PASS,PASS,PASS,PASS,PENDING_EXTERNAL_CHECK
2532050,Vampires' Melody 2,AsicxArt,SakuraGame,0.618,Low-cost option,0.7183,0.3062,0.5481,0.8992,712,0.8708,Very Positive,"50,000 .. 100,000",75000.0,1.99,True,False,False,True,2023,Adventure|Casual|Indie|RPG,2D|Alternate History|Casual|Choices Matter|Comic Book|Conversation|Cute|Dating Sim|Female Protagonist|Funny|Interactive Fiction|JRPG|Multiple Endings|RPG|Relaxing,PASS,PASS,PASS,PASS,PENDING_EXTERNAL_CHECK
2092730,Archaeogem,"Gagonfe, HugoBDesigner",Gagonfe,0.6179,Low-cost option,0.2832,0.7921,0.6714,0.7249,111,0.9009,Very Positive,"0 .. 20,000",10000.0,4.99,False,False,False,True,2024,Adventure,2D|2D Platformer|Action|Action-Adventure|Adventure|Atmospheric|Collectathon|Cute|Difficult|Exploration|Linear|Nature|Pixel Graphics|Platformer|Precision Platformer,PASS,PASS,PASS,PASS,PENDING_EXTERNAL_CHECK
2692800,I Love You Freddy,Madwriter games,Madwriter games,0.6179,Low-cost option,0.2776,0.7921,0.6768,0.7249,109,0.9817,Very Positive,"0 .. 20,000",10000.0,4.99,False,False,False,True,2023,Action|Casual,3D|Action|Action-Adventure|Casual|Comedy|Controller|Dark Humor|Exploration|First-Person|Funny|Hidden Object|Horror|Ninja|Open World|PvE,PASS,PASS,PASS,PASS,PENDING_EXTERNAL_CHECK
2115610,If only I could go home early,五十游戏,NPC Entertainment,0.6178,Low-cost option,0.3076,0.7921,0.4722,0.8992,120,0.9167,Very Positive,"0 .. 20,000",10000.0,1.99,True,False,False,True,2023,Casual|Indie,2D Platformer|Casual|Cats|Dating Sim|Detective|Drama|Emotional|Exploration|Life Sim|Linear|Multiple Endings|Mystery|Pixel Graphics|Point & Click|Puzzle,PASS,PASS,PASS,PASS,PENDING_EXTERNAL_CHECK
1058710,Medieval Monarch,Mr.Lordy,Mr.Lordy,0.6177,Depth,0.5584,0.7921,0.6452,0.4752,319,0.7618,Mostly Positive,"0 .. 20,000",10000.0,9.99,True,False,False,True,,Early Access|Indie|RPG|Simulation|Strategy,CRPG|Choices Matter|Early Access|Economy|Grand Strategy|Historical|Immersive Sim|Life Sim|Management|Medieval|Political Sim|RPG|Sandbox|Simulation|Singleplayer,PASS,PASS,PASS,PASS,PENDING_EXTERNAL_CHECK
1334000,Wordle,PreoNus Games,Gigantum Games,0.6177,Low-cost option,0.7483,0.1884,0.5354,0.9987,845,0.8142,Very Positive,"100,000 .. 200,000",150000.0,0.38,True,False,False,True,2021,Casual|Indie|Simulation|Sports,2D|Casual|Early Access|Family Friendly|Fast-Paced|Indie|Logic|Minimalist|Mouse only|Physics|Point & Click|Puzzle|Puzzle Platformer|Relaxing|Short,PASS,PASS,PASS,PASS,PENDING_EXTERNAL_CHECK
3058890,Mewing Simulator 🤫🧏🏻‍♂️,,,0.6176,Low-cost option,0.3407,0.7921,0.4045,0.9332,134,0.9627,Very Positive,"0 .. 20,000",10000.0,1.0296,True,False,False,True,2024,Casual|Indie|Simulation,2D|3D|Atmospheric|Casual|Clicker|Comedy|Funny|Idler|Indie|Management|Memes|Simulation|Singleplayer|Soundtrack|Story Rich,PASS,PASS,PASS,PASS,PENDING_EXTERNAL_CHECK
1177130,NABOKI,Maciej Targoni,Maciej Targoni,0.6176,Low-cost option,0.57,0.7921,0.209,0.8992,337,0.9318,Very Positive,"0 .. 20,000",10000.0,1.99,False,False,False,True,2019,Casual,2D|Abstract|Atmospheric|Casual|Cute|Family Friendly|Indie|Isometric|Minigames|Minimalist|Puzzle|Relaxing|Short|Singleplayer,PASS,PASS,PASS,PASS,PENDING_EXTERNAL_CHECK
1355650,Filcher,Johan Hjärpe,MythoLogic Interactive,0.6176,Depth,0.401,0.7921,0.8021,0.4752,166,0.9398,Very Positive,"0 .. 20,000",10000.0,9.99,True,False,False,True,2021,Action|Adventure|Indie|Simulation,2.5D|Action|Adventure|Atmospheric|Crime|Dark|Exploration|Female Protagonist|First-Person|Immersive Sim|Indie|Mystery|Noir|Retro|Simulation,PASS,PASS,PASS,PASS,PENDING_EXTERNAL_CHECK
971680,Montaro RE,"JCKSLAP, Sherlerk, 我師父的徒兒, Eazie",02GAMES,0.6175,Anchor,0.8103,0.3062,0.3957,0.9579,1307,0.9526,Overwhelmingly Positive,"50,000 .. 100,000",75000.0,0.99,True,False,False,True,2018,Casual|Indie,2D|Anime|Casual|Cute|Dog|Funny|Great Soundtrack|Indie|Memes|Pixel Graphics|Platformer|Runner|Side Scroller,PASS,PASS,PASS,PASS,PENDING_EXTERNAL_CHECK
2744150,Proud To Love,Master Entertainment,"Master Entertainment , LGD Gaming",0.6175,Anchor,0.8095,0.3062,0.879,0.4752,1294,0.84,Very Positive,"50,000 .. 100,000",75000.0,9.99,False,False,False,True,2024,Casual|RPG|Simulation,Casual|Choices Matter|Cinematic|Conversation|Dating Sim|Drama|Emotional|FMV|Female Protagonist|First-Person|Immersive Sim|Interactive Fiction|Multiple Endings|RPG|Relaxing,PASS,PASS,PASS,PASS,PENDING_EXTERNAL_CHECK
252890,Dracula: Love Kills,Waterlily Games,Frogwares,0.6175,Depth,0.5503,0.7921,0.6523,0.4752,307,0.8013,Very Positive,"0 .. 20,000",10000.0,9.99,False,False,False,True,2013,Adventure|Casual,2D|Adventure|Atmospheric|Beautiful|Casual|Choose Your Own Adventure|Fantasy|Gothic|Great Soundtrack|Hidden Object|Horror|Indie|Medieval|Mystery Dungeon|Point & Click,PASS,PASS,PASS,PASS,PENDING_EXTERNAL_CHECK
1125910,Crowns and Pawns: Kingdom of Deceit,Tag of Joy,Headup,0.6174,Depth,0.6034,0.4783,0.8105,0.5776,393,0.8168,Very Positive,"20,000 .. 50,000",35000.0,7.99,True,False,False,True,2022,Adventure|Indie,1990's|2D|Adventure|Atmospheric|Cartoony|Casual|Choices Matter|Colorful|Conspiracy|Detective|Female Protagonist|Funny|Great Soundtrack|Hand-drawn|Investigation,PASS,PASS,PASS,PASS,PENDING_EXTERNAL_CHECK
1212400,Heroines of Swords & Spells,Kirillkrm,Kirillkrm,0.6174,Depth,0.6804,0.4783,0.6937,0.6174,570,0.9439,Very Positive,"20,000 .. 50,000",35000.0,6.99,True,False,False,True,2020,Adventure|Indie|RPG,2D|Action RPG|Action-Adventure|Anime|Choices Matter|Exploration|Fantasy|Female Protagonist|Funny|JRPG|Loot|Magic|Parody|Party-Based RPG|Pixel Graphics,PASS,PASS,PASS,PASS,PENDING_EXTERNAL_CHECK
489360,CASE: Animatronics,"Walnut LLC, Last Level",Walnut LLC,0.6174,Anchor,0.9209,0.09,0.9836,0.4752,3770,0.8371,Very Positive,"200,000 .. 500,000",350000.0,9.99,True,False,False,True,2016,Action|Adventure|Indie|Simulation,Action|Action-Adventure|Adventure|Atmospheric|Dark|Difficult|First-Person|Gore|Horror|Indie|Multiplayer|Psychological Horror|Robots|Sci-fi|Simulation,PASS,PASS,PASS,PASS,PENDING_EXTERNAL_CHECK
1599470,Purrfect Apawcalypse: Patches' Infurno,"Denny Truong, Andy Schneider",90% Studios,0.6174,Depth,0.57,0.4783,0.804,0.6174,337,0.9911,Very Positive,"20,000 .. 50,000",35000.0,6.99,True,False,False,True,2021,Adventure|Indie|RPG,Cats|Choices Matter|Choose Your Own Adventure|Cute|Dark Humor|Dating Sim|Dog|Funny|Horror|Interactive Fiction|LGBTQ+|Magic|Multiple Endings|Point & Click|Post-apocalyptic,PASS,PASS,PASS,PASS,PENDING_EXTERNAL_CHECK
1597720,Feed All Monsters,DU&amp;I,DU&amp;I,0.6174,Low-cost option,0.5454,0.7921,0.259,0.8733,300,0.9833,Very Positive,"0 .. 20,000",10000.0,2.49,True,False,False,True,2023,Casual|Indie,2D|Adventure|Atmospheric|Cartoony|Casual|Colorful|Cozy|Cute|Family Friendly|Funny|Grid-Based Movement|Hand-drawn|Logic|Minimalist|Puzzle,PASS,PASS,PASS,PASS,PENDING_EXTERNAL_CHECK
2616420,Hans,at0m,at0m,0.6174,Low-cost option,0.7214,0.4783,0.5451,0.7249,722,0.9044,Very Positive,"20,000 .. 50,000",35000.0,4.99,False,False,False,True,2023,Adventure,3D|3D Platformer|Adventure|Arcade|Cartoony|Casual|Comedy|Dark Humor|Difficult|Exploration|Funny|Physics|Platformer|Post-apocalyptic|Precision Platformer,PASS,PASS,PASS,PASS,PENDING_EXTERNAL_CHECK
1315270,PEE WAR！,"LBR games, Integer games","LBR games, Integer games",0.6174,Low-cost option,0.1996,0.7921,0.5786,0.8992,86,0.9302,Very Positive,"0 .. 20,000",10000.0,1.99,True,False,False,True,2020,Action|Casual|Indie|Simulation,3D|3D Platformer|Action|Bullet Time|Casual|Destruction|Driving|FPS|First-Person|Funny|Indie|Physics|Real Time Tactics|Runner|Sandbox,PASS,PASS,PASS,PASS,PENDING_EXTERNAL_CHECK
2281820,Evolings,Sørb,"Super Rare Originals, Gamersky Games",0.6174,Low-cost option,0.5706,0.4783,0.6956,0.7249,338,0.7663,Mostly Positive,"20,000 .. 50,000",35000.0,4.99,True,False,False,True,2023,Action|Indie|RPG,Action|Action Roguelike|Combat|Creature Collector|Cute|Fantasy|Indie|Magic|PvE|RPG|Singleplayer|Strategy|Strategy RPG|Tactical|Turn-Based Combat,PASS,PASS,PASS,PASS,PENDING_EXTERNAL_CHECK
1305420,Agrou,Osmose Studio,Wankil Studio,0.6173,Anchor,0.8932,0.09,0.761,0.7249,2723,0.8781,Very Positive,"200,000 .. 500,000",350000.0,4.99,True,True,True,False,2020,Casual|Indie|Strategy,Board Game|Casual|Co-op|Comedy|Family Friendly|Indie|Multiplayer|Online Co-Op|Relaxing|Social Deduction|Strategy|Tactical|Werewolves,PASS,PASS,PASS,PASS,PENDING_EXTERNAL_CHECK
652190,Emily Wants to Play Too,Shawn Hitchcock,Hitchcock Games,0.6172,Depth,0.6473,0.3062,0.9376,0.5776,483,0.8137,Very Positive,"50,000 .. 100,000",75000.0,7.99,True,False,False,True,2017,Action|Adventure|Indie|Simulation|Strategy,Action|Adventure|First-Person|Horror|Indie|Multiplayer|Psychological Horror|Simulation|Singleplayer|Strategy|Survival Horror,PASS,PASS,PASS,PASS,PENDING_EXTERNAL_CHECK
2685620,反转21克,想象颗粒,想象颗粒,0.6172,Anchor,0.7844,0.3062,0.8283,0.5498,1087,0.7534,Mostly Positive,"50,000 .. 100,000",75000.0,8.99,False,False,False,True,2024,RPG,Adventure|Choices Matter|Choose Your Own Adventure|Cyberpunk|Dating Sim|Driving|FMV|First-Person|Futuristic|Immersive Sim|Indie|Interactive Fiction|Multiple Endings|Open World|Quick-Time Events,PASS,PASS,PASS,PASS,PENDING_EXTERNAL_CHECK
1600780,MY LITTLE PONY: A Maretime Bay Adventure,Melbot Studios,Outright Games Ltd.,0.6171,Depth,0.7126,0.7921,0.9387,0.025,686,0.8163,Very Positive,"0 .. 20,000",10000.0,39.99,False,True,True,True,2022,Adventure,3D|3D Platformer|Adventure|Arcade|Cartoon|Casual|Co-op|Colorful|Controller|Cute|Family Friendly|Female Protagonist|Horses|Local Co-Op|Local Multiplayer,PASS,PASS,PASS,PASS,PENDING_EXTERNAL_CHECK
589530,Hakuoki: Kyoto Winds,"Idea Factory, Design Factory",Idea Factory International,0.6171,Anchor,0.843,0.3062,0.844,0.4752,1712,0.9246,Very Positive,"50,000 .. 100,000",75000.0,9.99,False,False,False,True,2017,Adventure,Adventure|Anime|Cute|Dating Sim|Female Protagonist|Historical|Multiple Endings|Otome|Romance|Singleplayer|Story Rich|Violent|Visual Novel,PASS,PASS,PASS,PASS,PENDING_EXTERNAL_CHECK
1153150,PARA♰BELLUM ~ 魔弹帕菈,ChronoYuki,马家沟红旗农机合作社,0.6171,Low-cost option,0.3101,0.7921,0.5191,0.8471,121,0.9835,Very Positive,"0 .. 20,000",10000.0,2.99,True,False,False,True,2024,Action|Indie,2D|Action|Action Roguelike|Anime|Bullet Hell|Capitalism|Combat|Fantasy|Female Protagonist|Funny|Indie|Magic|Pixel Graphics|Retro|Roguelite,PASS,PASS,PASS,PASS,PENDING_EXTERNAL_CHECK
1550730,Ikonei Island: An Earthlock Adventure,Snowcastle Games,"Jetpack Collective, The Iterative Collective",0.617,Depth,0.601,0.7921,0.9879,0.0871,389,0.7892,Mostly Positive,"0 .. 20,000",10000.0,24.99,True,True,True,True,2023,Action|Adventure|Indie|RPG|Simulation,Adventure|Building|Cartoony|Co-op|Colorful|Controller|Cozy|Crafting|Creature Collector|Exploration|Family Friendly|Farming Sim|Multiplayer|RPG|Relaxing,PASS,PASS,PASS,PASS,PENDING_EXTERNAL_CHECK
913550,I wanna be the Creator,Aikesi,HeyBox Games,0.617,Anchor,0.8934,0.09,0.83,0.6546,2728,0.952,Overwhelmingly Positive,"200,000 .. 500,000",350000.0,5.99,True,False,True,True,2019,Action|Adventure|Indie,2D|2D Platformer|Action|Action-Adventure|Adventure|Difficult|Funny|Indie|Level Editor|Local Multiplayer|Multiplayer|Parkour|Pixel Graphics|Platformer|Precision Platformer,PASS,PASS,PASS,PASS,PENDING_EXTERNAL_CHECK
790740,Tick Tock: A Tale for Two,Other Tales Interactive,Other Tales Interactive,0.617,Anchor,0.9786,0.0215,0.8133,0.6546,10527,0.8624,Very Positive,"500,000 .. 1,000,000",750000.0,5.99,True,True,True,False,2019,Adventure|Casual|Indie,2D|Adventure|Asynchronous Multiplayer|Atmospheric|Casual|Co-op|Co-op Campaign|Escape Room|Family Friendly|Horror|Indie|Local Co-Op|Local Multiplayer|Multiplayer|Mystery,PASS,PASS,PASS,PASS,PENDING_EXTERNAL_CHECK
1596540,TAISHO x ALICE epilogue,Primula,pencil,0.6169,Low-cost option,0.618,0.4783,0.5721,0.7993,418,0.9426,Very Positive,"20,000 .. 50,000",35000.0,3.99,False,False,False,True,2021,Adventure,Adventure|Anime|Choose Your Own Adventure|Female Protagonist|Otome|Romance|Singleplayer|Story Rich|Visual Novel,PASS,PASS,PASS,PASS,PENDING_EXTERNAL_CHECK
1034060,Samosbor,rocketship,rocketship,0.6169,Low-cost option,0.4812,0.7921,0.2365,0.9579,229,0.7205,Mostly Positive,"0 .. 20,000",10000.0,0.99,True,False,False,True,2020,Action|Adventure|Indie,Action|Adventure|Atmospheric|FPS|First-Person|Gore|Horror|Indie|Roguelike|Survival Horror|Violent,PASS,PASS,PASS,PASS,PENDING_EXTERNAL_CHECK
3151830,Yugo: the non-game,In Two Minds Studio,In Two Minds Studio,0.6169,Low-cost option,0.1232,0.7921,0.7758,0.7766,69,0.971,Very Positive,"0 .. 20,000",10000.0,4.8,True,True,True,True,2024,Casual|Indie|Simulation,3D|Abstract|Atmospheric|Automobile Sim|Casual|Co-op|Colorful|Conversation|Driving|Exploration|First-Person|Minimalist|Multiplayer|Old School|Online Co-Op,PASS,PASS,PASS,PASS,PENDING_EXTERNAL_CHECK
1434880,ROBO OH,Foxy Boxy Games,Foxy Boxy Games,0.6169,Low-cost option,0.0621,0.7921,0.7143,0.8992,58,1.0,Very Positive,"0 .. 20,000",10000.0,1.99,False,False,True,True,2020,Action,1980s|1990's|2D|2D Fighter|Action|Adventure|Anime|Arcade|Exploration|Fighting|Indie|Mechs|Multiplayer|Pixel Graphics|PvP,PASS,PASS,PASS,PASS,PENDING_EXTERNAL_CHECK
701730,Yi and the Thousand Moons,David Su,David Su,0.6169,Low-cost option,0.4479,0.7921,0.3805,0.8471,201,0.8159,Very Positive,"0 .. 20,000",10000.0,2.99,True,False,False,True,2017,Adventure|Indie,3D|Adventure|Atmospheric|Cartoony|Casual|Emotional|Experience|Experimental|Family Friendly|Fantasy|Female Protagonist|Great Soundtrack|Indie|Music|Relaxing,PASS,PASS,PASS,PASS,PENDING_EXTERNAL_CHECK
940710,Colt Canyon,Retrific,Headup,0.6169,Anchor,0.8045,0.09,0.7259,0.8471,1249,0.8823,Very Positive,"200,000 .. 500,000",350000.0,2.99,True,True,True,True,2020,Action|Casual|Indie|RPG,2D|Action|Action Roguelike|Atmospheric|Blood|Fast-Paced|Indie|Local Co-Op|Open World|Pixel Graphics|Procedural Generation|Roguelike|Roguelite|Sandbox|Shooter,PASS,PASS,PASS,PASS,PENDING_EXTERNAL_CHECK
2894980,4.1.60Co,DEADDEVICE,DEADDEVICE,0.6169,Low-cost option,0.2973,0.7921,0.6531,0.7249,116,0.8707,Very Positive,"0 .. 20,000",10000.0,4.99,False,False,False,True,2024,RPG,1990's|Anime|CRPG|Cartoon|Dark Fantasy|Drama|Magic|Multiple Endings|RPG|Singleplayer|Story Rich|Thriller|Visual Novel|Word Game,PASS,PASS,PASS,PASS,PENDING_EXTERNAL_CHECK
356430,Chris Sawyer's Locomotion™,Chris Sawyer,Atari,0.6168,Low-cost option,0.6879,0.4783,0.3754,0.9255,596,0.8624,Very Positive,"20,000 .. 50,000",35000.0,1.49,False,False,True,True,2015,Simulation|Strategy,City Builder|Classic|Economy|Management|Simulation|Strategy|Trains|Transportation,PASS,PASS,PASS,PASS,PENDING_EXTERNAL_CHECK
1708990,Bingus: My Beloved,"beelopeelo, jerome","beelopeelo, jerome",0.6168,Low-cost option,0.3076,0.7921,0.6425,0.7249,120,0.9083,Very Positive,"0 .. 20,000",10000.0,4.99,True,False,False,True,2022,Adventure|Casual|Indie|Simulation,Cartoon|Casual|Cats|Choices Matter|Choose Your Own Adventure|Conversation|Cute|Dating Sim|Funny|Interactive Fiction|Life Sim|Memes|Multiple Endings|Parody|Point & Click,PASS,PASS,PASS,PASS,PENDING_EXTERNAL_CHECK
642610,Shape of the World,Hollow Tree Games,Plug In Digital,0.6167,Low-cost option,0.5958,0.4783,0.464,0.9286,379,0.7968,Mostly Positive,"20,000 .. 50,000",35000.0,1.29,True,False,False,True,2018,Casual|Indie,Adventure|Atmospheric|Casual|Colorful|Exploration|First-Person|Great Soundtrack|Indie|Nature|Relaxing|Singleplayer|Surreal|Walking Simulator,PASS,PASS,PASS,PASS,PENDING_EXTERNAL_CHECK
1856030,Fresh Start Cleaning Simulator,Chicken Launcher,Awaken Realms,0.6167,Anchor,0.8379,0.3062,0.8474,0.4752,1634,0.877,Very Positive,"50,000 .. 100,000",75000.0,9.99,True,False,False,True,2022,Action|Adventure|Casual|Indie|Simulation,3D|Action|Adventure|Atmospheric|Building|Casual|Early Access|Education|FPS|Family Friendly|First-Person|Funny|Immersive Sim|Indie|Realistic,PASS,PASS,PASS,PASS,PENDING_EXTERNAL_CHECK
1395030,Kathy Rain: Director's Cut,Clifftop Games,Raw Fury,0.6166,Depth,0.722,0.3062,0.7835,0.6546,725,0.9421,Very Positive,"50,000 .. 100,000",75000.0,5.99,True,False,False,True,2021,Adventure|Indie,1990's|2D|Adventure|Atmospheric|Dark|Detective|Emotional|Exploration|Female Protagonist|Hand-drawn|Investigation|Mystery|Narrative|Pixel Graphics|Point & Click,PASS,PASS,PASS,PASS,PENDING_EXTERNAL_CHECK
664750,Wrongworld,Sludj Games,Sludj Games,0.6166,Depth,0.6476,0.4783,0.7229,0.6174,484,0.9401,Very Positive,"20,000 .. 50,000",35000.0,6.99,True,False,False,True,2018,Action|Adventure|Indie|Simulation,Action|Adventure|Building|Comedy|Crafting|Cute|Exploration|Funny|Indie|Open World|Open World Survival Craft|Perma Death|Replay Value|Roguelike|Sandbox,PASS,PASS,PASS,PASS,PENDING_EXTERNAL_CHECK
965640,Horror Legends,October Games,October Games,0.6165,Low-cost option,0.3331,0.4783,0.9298,0.7249,131,0.9008,Very Positive,"20,000 .. 50,000",35000.0,4.99,True,False,True,False,2021,Action|Indie,Action|Atmospheric|Comic Book|Dark Fantasy|Demons|First-Person|Hero Shooter|Horror|Indie|Multiplayer|PvP|Retro|Shooter|Supernatural|Survival,PASS,PASS,PASS,PASS,PENDING_EXTERNAL_CHECK
2166050,Moonleap,guselect,guselect,0.6165,Depth,0.7476,0.7921,0.3766,0.5498,842,0.9917,Overwhelmingly Positive,"0 .. 20,000",10000.0,8.99,True,False,False,True,2023,Action|Adventure|Casual|Indie|Strategy,2D|2D Platformer|Adventure|Casual|Cute|Emotional|Family Friendly|Funny|Linear|Logic|Minimalist|Old School|Pixel Graphics|Platformer|Puzzle,PASS,PASS,PASS,PASS,PENDING_EXTERNAL_CHECK
2445990,Bloomtown: A Different Story,"Lazy Bear Games, Different Sense Games",Twin Sails Interactive,0.6165,Depth,0.659,0.7921,0.9278,0.0871,511,0.8571,Very Positive,"0 .. 20,000",10000.0,24.99,True,False,False,True,2024,Adventure|Indie|RPG,Adventure|Atmospheric|Comedy|Cooking|Crafting|Creature Collector|Cute|Exploration|Fantasy|Female Protagonist|JRPG|Life Sim|Lore-Rich|Party-Based RPG|Pixel Graphics,PASS,PASS,PASS,PASS,PENDING_EXTERNAL_CHECK
282530,Castlevania: Lords of Shadow – Mirror of Fate HD,MercurySteam,KONAMI,0.6165,Anchor,0.8712,0.1884,0.5594,0.8471,2210,0.8371,Very Positive,"100,000 .. 200,000",150000.0,2.99,False,False,False,True,2014,Action|Adventure,2.5D|2D|Action|Adventure|Atmospheric|Dark|Dark Fantasy|Fantasy|Gothic|Hack and Slash|Metroidvania|Platformer|Side Scroller|Singleplayer|Vampire,PASS,PASS,PASS,PASS,PENDING_EXTERNAL_CHECK
294530,Freddi Fish 2: The Case of the Haunted Schoolhouse,Humongous Entertainment,"Humongous Entertainment, Nightdive Studios",0.6165,Depth,0.5387,0.7921,0.5178,0.6174,291,0.9691,Very Positive,"0 .. 20,000",10000.0,6.99,False,False,False,True,2014,Adventure|Casual,1990's|Adventure|Atmospheric|Casual|Education|Family Friendly|NSFW|Nostalgia|Point & Click|Singleplayer|Story Rich,PASS,PASS,PASS,PASS,PENDING_EXTERNAL_CHECK
524850,Alicemare,△○□× (Miwashiba),PLAYISM,0.6165,Anchor,0.7807,0.1884,0.6497,0.8471,1063,0.8833,Very Positive,"100,000 .. 200,000",150000.0,2.99,True,False,False,True,2016,Adventure|Indie,2D|Adventure|Anime|Atmospheric|Casual|Cute|Dark Fantasy|Fantasy|Great Soundtrack|Horror|Indie|Multiple Endings|Pixel Graphics|Psychological Horror|Puzzle,PASS,PASS,PASS,PASS,PENDING_EXTERNAL_CHECK
833040,Hiveswap Friendsim,"What Pumpkin Games, Inc.",Fellow Traveller,0.6165,Anchor,0.8116,0.3062,0.9819,0.3662,1324,0.9282,Very Positive,"50,000 .. 100,000",75000.0,12.99,True,False,False,True,2018,Adventure|Indie|RPG|Simulation,Adventure|Anime|Cartoon|Casual|Cute|Dating Sim|First-Person|Funny|Great Soundtrack|Indie|LGBTQ+|Memes|Music|Psychological Horror|RPG,PASS,PASS,PASS,PASS,PENDING_EXTERNAL_CHECK
1233070,Isles of Sea and Sky,Cicada Games,"Cicada Games, Gamera Games",0.6164,Depth,0.7038,0.7921,0.8075,0.1624,654,0.9251,Very Positive,"0 .. 20,000",10000.0,19.99,True,False,False,True,2024,Adventure|Indie,Adventure|Atmospheric|Casual|Collectathon|Crowdfunded|Exploration|Kickstarter|Metroidvania|Multiple Endings|Mythology|Nonlinear|Old School|Open World|Pixel Graphics|Puzzle,PASS,PASS,PASS,PASS,PENDING_EXTERNAL_CHECK
289300,Faces of War,Best Way,Fulqrum Publishing,0.6164,Anchor,0.778,0.1884,0.7742,0.7249,1041,0.8828,Very Positive,"100,000 .. 200,000",150000.0,4.99,False,False,True,True,2014,Action|Simulation|Strategy,Action|Co-op|Multiplayer|RTS|Real Time Tactics|Simulation|Strategy|Tactical|War|World War II,PASS,PASS,PASS,PASS,PENDING_EXTERNAL_CHECK
2821850,Baisu,Tripleducks studio,Tripleducks studio,0.6164,Depth,0.4542,0.7921,0.7442,0.4752,206,0.8641,Very Positive,"0 .. 20,000",10000.0,9.99,True,False,False,True,2024,Indie,Action|Atmospheric|Choices Matter|Dark|Demons|Detective|Dog|Gore|Hidden Object|Horror|Indie|Multiple Endings|Mystery|Psychological|Psychological Horror,PASS,PASS,PASS,PASS,PENDING_EXTERNAL_CHECK
1847510,Boba Simulator : Idle Shop Management,Napas Torteeka,Napas Torteeka,0.6164,Low-cost option,0.5092,0.7921,0.3649,0.7993,257,0.9066,Very Positive,"0 .. 20,000",10000.0,3.99,True,False,False,True,2022,Casual|Early Access|Indie|Simulation|Strategy,Automation|Cartoony|Casual|Cats|Clicker|Colorful|Cozy|Cute|Early Access|Family Friendly|Funny|Idler|Isometric|Management|Point & Click,PASS,PASS,PASS,PASS,PENDING_EXTERNAL_CHECK
1526870,Otherwar,kantal collective,"Untold Tales, Hyperstrange",0.6164,Low-cost option,0.1919,0.7921,0.6063,0.8752,84,0.7738,Mostly Positive,"0 .. 20,000",10000.0,2.39,True,False,False,True,2023,Indie,2D|Atmospheric|Base Building|Building|Bullet Hell|Dark Fantasy|Demons|Fantasy|Flight|Old School|On-Rails Shooter|Pixel Graphics|Retro|Runner|Shoot 'Em Up,PASS,PASS,PASS,PASS,PENDING_EXTERNAL_CHECK
434290,Typefighters (Steam Edition),Christian Reuter,Christian Reuter,0.6164,Low-cost option,0.3806,0.4783,0.7073,0.8992,154,0.7013,Mostly Positive,"20,000 .. 50,000",35000.0,1.99,True,False,True,True,2016,Indie,2D|Abstract|Beat 'em up|Casual|Education|Experimental|FPS|Indie|Memes|Minimalist|Moddable|Multiplayer|Photo Editing|Score Attack|Singleplayer,PASS,PASS,PASS,PASS,PENDING_EXTERNAL_CHECK
506610,Five Nights at Freddy's: Sister Location,Scott Cawthon,Scott Cawthon,0.6163,Anchor,0.9817,0.0215,0.8844,0.5776,11414,0.9068,Very Positive,"500,000 .. 1,000,000",750000.0,7.99,True,False,False,True,2016,Action|Indie|Simulation,Adventure|Atmospheric|Dark|Difficult|First-Person|Funny|Gore|Horror|Indie|Lore-Rich|Memes|Mystery|Psychological Horror|Robots|Simulation,PASS,PASS,PASS,PASS,PENDING_EXTERNAL_CHECK
1482380,Maniac,Transhuman Design,Skystone Games,0.6163,Anchor,0.7979,0.3062,0.6362,0.7249,1198,0.9207,Very Positive,"50,000 .. 100,000",75000.0,4.99,True,False,False,True,2024,Action|Indie|RPG|Racing|Simulation,3D|Action|Action Roguelike|Arcade|Bullet Hell|Character Customization|Dark Humor|Driving|Funny|Gun Customization|Open World|RPG|Roguelike|Sandbox|Score Attack,PASS,PASS,PASS,PASS,PENDING_EXTERNAL_CHECK
976890,Hidden Deep,Cogwheel Software,Daedalic Entertainment,0.6162,Anchor,0.925,0.09,0.9001,0.5498,3929,0.7804,Mostly Positive,"200,000 .. 500,000",350000.0,8.99,True,True,True,True,2022,Action|Adventure|Early Access|Indie,2D|2D Platformer|Action|Action-Adventure|Aliens|Co-op|Dark|Early Access|Exploration|Horror|Mining|Multiplayer|Mystery|Nostalgia|Physics,PASS,PASS,PASS,PASS,PENDING_EXTERNAL_CHECK
12320,Sacred Gold,Studio II,THQ Nordic,0.6162,Anchor,0.9257,0.09,0.9739,0.4752,3979,0.8492,Very Positive,"200,000 .. 500,000",350000.0,9.99,False,False,False,True,2008,Action|RPG,Action|Action RPG|Adventure|Atmospheric|Classic|Co-op|Dark Fantasy|Dwarf|Exploration|Fantasy|Female Protagonist|Hack and Slash|Isometric|Loot|Multiplayer,PASS,PASS,PASS,PASS,PENDING_EXTERNAL_CHECK
486380,Shigatari,Super Legit Games,Super Legit Games,0.6162,Low-cost option,0.5156,0.7921,0.3099,0.8471,265,0.9774,Very Positive,"0 .. 20,000",10000.0,2.99,True,False,False,True,2017,Indie|RPG,Adventure|Choices Matter|Difficult|Funny|Historical|Indie|RPG|Replay Value|Roguelike|Turn-Based Combat|Violent,PASS,PASS,PASS,PASS,PENDING_EXTERNAL_CHECK
1085220,Figment 2: Creed Valley,Bedtime Digital Games,"Bedtime Digital Games, 4Divinity",0.6161,Depth,0.7559,0.7921,0.8293,0.0871,887,0.9459,Very Positive,"0 .. 20,000",10000.0,24.99,True,True,True,True,2023,Action|Adventure|Casual|Indie,2D|Action|Action-Adventure|Adventure|Atmospheric|Controller|Cute|Emotional|Exploration|Fantasy|Funny|Hand-drawn|Indie|Isometric|Metroidvania,PASS,PASS,PASS,PASS,PENDING_EXTERNAL_CHECK
1584450,Rooten,Amortiz Games,Amortiz Games,0.616,Low-cost option,0.262,0.7921,0.6852,0.7249,104,0.8462,Very Positive,"0 .. 20,000",10000.0,4.99,True,False,False,True,2021,Adventure|Indie,2D|6DOF|Adventure|Atmospheric|Choices Matter|Dark|Exploration|Horror|Indie|Lovecraftian|Minimalist|Narration|Nature|Open World|Singleplayer,PASS,PASS,PASS,PASS,PENDING_EXTERNAL_CHECK
2450820,Radiant Silvergun,"Live Wire, Treasure",Live Wire,0.616,Depth,0.3685,0.7921,0.7077,0.5959,148,0.9189,Very Positive,"0 .. 20,000",10000.0,7.79,False,True,True,True,2023,Action,2.5D|3D|Action|Anime|Arcade|Bullet Hell|Controller|Dark|Difficult|Futuristic|Post-apocalyptic|RPG|Retro|Sci-fi|Score Attack,PASS,PASS,PASS,PASS,PENDING_EXTERNAL_CHECK
686440,Hard Time,MDickie,MDickie,0.616,Low-cost option,0.5342,0.7921,0.4129,0.7249,286,0.8846,Very Positive,"0 .. 20,000",10000.0,4.99,True,True,True,True,2017,Action|Adventure|Indie|RPG|Simulation,2D|Action|Adventure|Character Customization|Funny|Gore|Indie|RPG|Simulation|Violent,PASS,PASS,PASS,PASS,PENDING_EXTERNAL_CHECK
1596070,Angry Squirrel,LTZinc,LTZinc,0.616,Low-cost option,0.3002,0.7921,0.4138,0.9579,117,0.7179,Mostly Positive,"0 .. 20,000",10000.0,0.99,True,False,False,True,2021,Adventure|Casual|Indie|Simulation,2D|Action|Adventure|Atmospheric|Casual|Clicker|Comedy|Exploration|Indie|Massively Multiplayer|Minimalist|Platformer|Racing|Side Scroller|Simulation,PASS,PASS,PASS,PASS,PENDING_EXTERNAL_CHECK
1232580,Knock on the Coffin Lid,RedBoon,RedBoon,0.616,Anchor,0.8557,0.7921,0.7291,0.0871,1909,0.8559,Very Positive,"0 .. 20,000",10000.0,24.99,True,False,False,True,2024,Adventure|Indie|RPG|Strategy,2D|Adventure|Atmospheric|Card Battler|Card Game|Deckbuilding|Difficult|Early Access|Indie|Perma Death|RPG|Replay Value|Roguelike|Roguelike Deckbuilder|Roguelite,PASS,PASS,PASS,PASS,PENDING_EXTERNAL_CHECK
705290,Strange Telephone,HZ3 Software,PLAYISM,0.616,Low-cost option,0.5722,0.4783,0.6885,0.7249,341,0.8358,Very Positive,"20,000 .. 50,000",35000.0,4.99,True,False,False,True,2019,Adventure|Casual|Indie,2D|Adventure|Anime|Atmospheric|Casual|Cute|Exploration|Fantasy|Female Protagonist|Great Soundtrack|Indie|Pixel Graphics|Point & Click|Psychological|Side Scroller,PASS,PASS,PASS,PASS,PENDING_EXTERNAL_CHECK
486310,Meadow,Might and Delight,Might and Delight,0.616,Anchor,0.9521,0.09,0.8042,0.6174,5859,0.8952,Very Positive,"200,000 .. 500,000",350000.0,6.99,True,True,True,False,2016,Adventure|Indie|Massively Multiplayer,Adventure|Atmospheric|Beautiful|Casual|Co-op|Colorful|Cute|Exploration|Family Friendly|Great Soundtrack|Indie|Massively Multiplayer|Multiplayer|Nature|Open World,PASS,PASS,PASS,PASS,PENDING_EXTERNAL_CHECK
733340,Hakuoki: Edo Blossoms,"Idea Factory, Design Factory",Idea Factory International,0.6159,Depth,0.7515,0.4783,0.7588,0.4752,862,0.9606,Overwhelmingly Positive,"20,000 .. 50,000",35000.0,9.99,False,False,False,True,2018,Adventure,Adventure|Anime|Dating Sim|Female Protagonist|Historical|Multiple Endings|Mystery|Otome|Romance|Story Rich|Visual Novel,PASS,PASS,PASS,PASS,PENDING_EXTERNAL_CHECK
808080,Ultimate Racing 2D,Applimazing,Applimazing,0.6159,Low-cost option,0.6601,0.4783,0.4261,0.8992,513,0.883,Very Positive,"20,000 .. 50,000",35000.0,1.99,True,False,True,True,2018,Action|Casual|Indie|Racing|Simulation|Sports,2D|4 Player Local|Action|Arcade|Automobile Sim|Casual|Co-op|Combat Racing|Controller|Design & Illustration|Indie|Local Multiplayer|Multiplayer|Racing|Remake,PASS,PASS,PASS,PASS,PENDING_EXTERNAL_CHECK
1636700,Wirewalk()↳,"debugChicken, daniserranu",debugChicken,0.6159,Low-cost option,0.1743,0.7921,0.6501,0.8471,80,0.9625,Very Positive,"0 .. 20,000",10000.0,2.99,True,False,False,True,2021,Action|Adventure|Indie|RPG,2D|Action|Action RPG|Action-Adventure|Adventure|Controller|Dog|Dungeon Crawler|Dystopian|Female Protagonist|Futuristic|Hacking|Indie|Linear|Old School,PASS,PASS,PASS,PASS,PENDING_EXTERNAL_CHECK
523780,Emily is Away Too,Kyle Seeley,Kyle Seeley,0.6159,Anchor,0.9511,0.09,0.6974,0.7249,5806,0.9342,Very Positive,"200,000 .. 500,000",350000.0,4.99,True,False,False,True,2017,Adventure|Casual|Indie|RPG|Simulation,Adventure|Atmospheric|Casual|Choices Matter|Dating Sim|Funny|Great Soundtrack|Indie|Memes|Multiple Endings|Pixel Graphics|Psychological Horror|RPG|Retro|Romance,PASS,PASS,PASS,PASS,PENDING_EXTERNAL_CHECK
1525660,Sunblaze,Games From Earth,"Bonus Stage Publishing, Leoful",0.6159,Depth,0.5963,0.7921,0.7766,0.2985,380,0.9079,Very Positive,"0 .. 20,000",10000.0,14.99,True,False,False,True,2021,Action|Adventure|Indie,2D|2D Platformer|Action|Cartoony|Controller|Cute|Difficult|Female Protagonist|Funny|Pixel Graphics|Platformer|Precision Platformer|Puzzle|Puzzle Platformer|Retro,PASS,PASS,PASS,PASS,PENDING_EXTERNAL_CHECK
905450,NASCAR Heat 3,Monster Games,704 Games Company,0.6158,Depth,0.6621,0.4783,0.8479,0.4752,518,0.7606,Mostly Positive,"20,000 .. 50,000",35000.0,9.99,False,False,True,True,2018,Racing,Automobile Sim|Driving|Local Multiplayer|Multiplayer|Racing|Simulation|Singleplayer|Sports,PASS,PASS,PASS,PASS,PENDING_EXTERNAL_CHECK
386990,Asphyxia,ebi-hime,ebi-hime,0.6158,Depth,0.5051,0.4783,0.8252,0.6546,253,0.7628,Mostly Positive,"20,000 .. 50,000",35000.0,5.99,True,False,False,True,2015,Indie|Simulation,Abstract|Anime|Atmospheric|Casual|Choices Matter|Cute|Dating Sim|Drama|Emotional|Female Protagonist|Indie|Interactive Fiction|LGBTQ+|Mystery|Psychological,PASS,PASS,PASS,PASS,PENDING_EXTERNAL_CHECK
38430,Kingpin — Life of Crime,Xatrix Entertainment,Interplay Inc.,0.6158,Depth,0.6255,0.4783,0.8841,0.4752,435,0.7977,Mostly Positive,"20,000 .. 50,000",35000.0,9.99,False,False,True,True,2009,Action,1990's|Action|Atmospheric|Classic|Crime|FPS|First-Person|Gore|Multiplayer|Retro|Shooter|Singleplayer|Violent,PASS,PASS,PASS,PASS,PENDING_EXTERNAL_CHECK
2520580,Up N' Down,CashcowGames,CashcowGames,0.6157,Low-cost option,0.1334,0.7921,0.7379,0.7993,71,0.831,Very Positive,"0 .. 20,000",10000.0,3.99,True,True,True,True,2023,Action|Casual|Indie|Racing,3D Platformer|Action|Casual|Co-op|Combat Racing|Competitive|Difficult|Emotional|Family Friendly|Funny|Indie|Multiplayer|Online Co-Op|Parkour|Platformer,PASS,PASS,PASS,PASS,PENDING_EXTERNAL_CHECK
462240,Post Human W.A.R,Studio Chahut,Dear Villagers,0.6156,Low-cost option,0.3076,0.4783,0.7512,0.9255,120,0.8333,Very Positive,"20,000 .. 50,000",35000.0,1.49,True,False,True,True,2017,Indie|Strategy,Funny|Hex Grid|Indie|Local Multiplayer|Multiplayer|Post-apocalyptic|Strategy|Tactical|Turn-Based|Turn-Based Strategy|Turn-Based Tactics,PASS,PASS,PASS,PASS,PENDING_EXTERNAL_CHECK
845030,Evergate,Stone Lantern Games,PQube,0.6156,Depth,0.3981,0.7921,0.7972,0.4752,164,0.9451,Very Positive,"0 .. 20,000",10000.0,9.99,True,False,False,True,2020,Action|Adventure|Indie,2D Platformer|Action|Adventure|Atmospheric|Colorful|Cozy|Cute|Emotional|Female Protagonist|Hand-drawn|Indie|Linear|Music|Platformer|Puzzle,PASS,PASS,PASS,PASS,PENDING_EXTERNAL_CHECK
1455120,Pumping Simulator,Lance Games,Lance Games,0.6156,Depth,0.6639,0.3062,0.8749,0.6174,523,0.7285,Mostly Positive,"50,000 .. 100,000",75000.0,6.99,True,True,True,True,2020,Casual|Indie|Simulation,Artificial Intelligence|Automation|Choices Matter|Co-op|Conversation|Driving|Economy|Education|FPS|First-Person|Immersive Sim|Management|Modern|Multiplayer|Physics,PASS,PASS,PASS,PASS,PENDING_EXTERNAL_CHECK
662230,Trendpoker 3D: Texas Hold'em Poker,BufoProject,BufoProject,0.6156,Depth,0.2178,0.7921,0.7978,0.6546,91,0.7363,Mostly Positive,"0 .. 20,000",10000.0,5.99,True,False,True,True,2017,Casual|Indie|Massively Multiplayer|Simulation|Sports|Strategy,Adventure|Board Game|Card Game|Casual|Chess|Free to Play|Indie|Massively Multiplayer|Moddable|Multiplayer|Physics|PvP|Relaxing|Replay Value|Sandbox,PASS,PASS,PASS,PASS,PENDING_EXTERNAL_CHECK
909820,Songbird Symphony,Joysteak Studios,PQube,0.6155,Depth,0.6867,0.7921,0.7466,0.2368,593,0.9106,Very Positive,"0 .. 20,000",10000.0,16.99,True,False,False,True,2019,Adventure|Indie,2D|Adventure|Atmospheric|Cozy|Cute|Exploration|Indie|Metroidvania|Music|Pixel Graphics|Platformer|Puzzle|Puzzle Platformer|Retro|Rhythm,PASS,PASS,PASS,PASS,PENDING_EXTERNAL_CHECK
313590,Boo Bunny Plague,On The Level Game Studios,On The Level Game Studios,0.6155,Low-cost option,0.5252,0.7921,0.2455,0.8992,275,0.7527,Mostly Positive,"0 .. 20,000",10000.0,1.99,True,False,False,True,2014,Action|Adventure|Indie,Action|Adventure|Comedy|Funny|Great Soundtrack|Indie|Music|Sci-fi,PASS,PASS,PASS,PASS,PENDING_EXTERNAL_CHECK
904540,Indiana Jones® and the Infernal Machine™,LucasArts,"Lucasfilm, Disney",0.6155,Depth,0.6106,0.7921,0.4046,0.6546,406,0.8251,Very Positive,"0 .. 20,000",10000.0,5.99,False,False,False,True,,Action|Adventure,1990's|3D Platformer|Action|Adventure|Classic|Retro|Singleplayer|Third Person,PASS,PASS,PASS,PASS,PENDING_EXTERNAL_CHECK
1463780,Mohism: Battle of Words,玄镜工作室,Yooreka Studio,0.6155,Depth,0.6823,0.4783,0.8262,0.4752,577,0.7799,Mostly Positive,"20,000 .. 50,000",35000.0,9.99,True,False,False,True,2023,Adventure|Indie,2D|Adventure|Anime|Atmospheric|Casual|Choices Matter|Conversation|Crime|Detective|Indie|Investigation|Mystery|Point & Click|Puzzle|Singleplayer,PASS,PASS,PASS,PASS,PENDING_EXTERNAL_CHECK
2429490,Nextbots In The Backrooms,Performance Artist,Performance Artist,0.6154,Low-cost option,0.0621,0.7921,0.6119,0.9957,58,0.7586,Mostly Positive,"0 .. 20,000",10000.0,0.49,True,False,False,True,2023,Action|Adventure|Casual|Indie|RPG|Simulation,Action|Action-Adventure|Adventure|Atmospheric|Cinematic|Comedy|Dark|Exploration|Funny|Horror|Memes|Psychological Horror|Puzzle|RPG|Realistic,PASS,PASS,PASS,PASS,PENDING_EXTERNAL_CHECK
2369950,Blade of the Netherworld,DuDu Games,"DuDu Games, Hurricane Games",0.6154,Depth,0.3768,0.7921,0.6754,0.6174,152,0.7961,Mostly Positive,"0 .. 20,000",10000.0,6.99,True,False,False,True,2024,Action|Adventure|Indie|RPG,2D|2D Platformer|Action|Action Roguelike|Action-Adventure|Adventure|Beat 'em up|Combat|Comedy|Dark|Dark Humor|Hack and Slash|Indie|Pixel Graphics|Platformer,PASS,PASS,PASS,PASS,PENDING_EXTERNAL_CHECK
1147130,Countryballs: Modern Ballfare,Mildly Professional,Mildly Professional,0.6154,Low-cost option,0.5092,0.4783,0.7491,0.7249,257,0.9416,Very Positive,"20,000 .. 50,000",35000.0,4.99,True,True,True,True,2023,Action|Indie|Simulation,3D|Action|Arcade|Arena Shooter|Character Customization|Comedy|Comic Book|Dark Comedy|Dark Humor|Indie|Memes|Multiplayer|Online Co-Op|Political|Political Sim,PASS,PASS,PASS,PASS,PENDING_EXTERNAL_CHECK
2015620,Valkyrie of Phantasm,AREAZERO,PLAYISM,0.6153,Depth,0.6756,0.7921,0.9394,0.0542,554,0.87,Very Positive,"0 .. 20,000",10000.0,29.99,True,False,True,True,2024,Action|Indie,3D|3D Fighter|Action|Anime|Character Action Game|Co-op|Cute|Early Access|Faith|Fantasy|Female Protagonist|Flight|Indie|JRPG|Multiplayer,PASS,PASS,PASS,PASS,PENDING_EXTERNAL_CHECK
286810,Hard Truck Apocalypse: Rise Of Clans / Ex Machina: Meridian 113,Targem Games,ESDigital Games,0.6153,Depth,0.7333,0.3062,0.7671,0.6546,777,0.7465,Mostly Positive,"50,000 .. 100,000",75000.0,5.99,False,False,True,True,2014,Action|Racing,Action|Adventure|Atmospheric|Automobile Sim|Classic|Cult Classic|Driving|Indie|Multiplayer|Open World|Post-apocalyptic|RPG|Racing,PASS,PASS,PASS,PASS,PENDING_EXTERNAL_CHECK
1008510,Who Is This Man,Cocopo,Cocopo,0.6153,Low-cost option,0.5454,0.4783,0.4511,0.9863,300,0.7,Mostly Positive,"20,000 .. 50,000",35000.0,0.79,True,False,False,True,2019,Action|Adventure|Indie|Simulation|Strategy,Action|Adventure|Horror|Indie|Multiplayer|Simulation|Strategy,PASS,PASS,PASS,PASS,PENDING_EXTERNAL_CHECK
341500,Camera Obscura,Anteater Games,"Anteater Games, BindleBot",0.6153,Anchor,0.8296,0.09,0.6422,0.8992,1534,0.7249,Mostly Positive,"200,000 .. 500,000",350000.0,1.99,True,False,False,True,2015,Action|Adventure|Indie|Strategy,2D|Action|Adventure|Anime|Casual|Difficult|Fantasy|Female Protagonist|Great Soundtrack|Indie|Level Editor|Music|Pixel Graphics|Platformer|Puzzle,PASS,PASS,PASS,PASS,PENDING_EXTERNAL_CHECK
1737340,Noobs Want to Live,元气弹工作室,Lightning Games,0.6152,Anchor,0.9393,0.09,0.7067,0.7249,4763,0.8986,Very Positive,"200,000 .. 500,000",350000.0,4.99,True,False,False,True,2023,Action|Adventure|Casual|Indie,2.5D|Action|Action RPG|Action Roguelike|Adventure|Bullet Hell|Cartoony|Casual|Combat|Cute|Funny|Perma Death|Pixel Graphics|Procedural Generation|Relaxing,PASS,PASS,PASS,PASS,PENDING_EXTERNAL_CHECK
2334780,CANINE,Puko,Puko,0.6152,Low-cost option,0.4781,0.7921,0.3435,0.8471,226,0.9823,Very Positive,"0 .. 20,000",10000.0,2.99,True,False,False,True,2023,Indie,3D|Action|Action-Adventure|Adventure|Dog|First-Person|Gore|Horror|Indie|Multiple Endings|Psychological Horror|Retro|Singleplayer|Stealth|Survival Horror,PASS,PASS,PASS,PASS,PENDING_EXTERNAL_CHECK
3007660,Bella Wants Blood,Sonderland,Sonderland,0.6152,Low-cost option,0.2513,0.7921,0.5986,0.8187,101,0.9604,Very Positive,"0 .. 20,000",10000.0,3.74,False,False,False,True,2024,Casual|Strategy,2D|Blood|Cartoony|Casual|Choices Matter|Controller|Dark|Funny|Gore|Hand-drawn|Horror|Procedural Generation|Roguelike|Roguelite|Singleplayer,PASS,PASS,PASS,PASS,PENDING_EXTERNAL_CHECK
2420350,The Mildew Children,The Growing Stones,Valkyrie Initiative,0.6151,Depth,0.4349,0.7921,0.7582,0.4752,191,0.9424,Very Positive,"0 .. 20,000",10000.0,9.99,False,False,False,True,2024,Adventure,2D|Adventure|Atmospheric|Choices Matter|Colorful|Dark|Detective|Emotional|Exploration|Faith|Female Protagonist|Horror|Magic|Mystery|Point & Click,PASS,PASS,PASS,PASS,PENDING_EXTERNAL_CHECK
699180,Human-powered spacecraft,Shiv,Shiv,0.6151,Low-cost option,0.7126,0.4783,0.3116,0.9579,686,0.9344,Very Positive,"20,000 .. 50,000",35000.0,0.99,True,False,False,True,2018,Casual|Indie,2D|Automation|Casual|Clicker|Comedy|Cute|Family Friendly|Funny|Hand-drawn|Idler|Narration|Pixel Graphics|Point & Click|Relaxing|Retro,PASS,PASS,PASS,PASS,PENDING_EXTERNAL_CHECK
567800,12 Labours of Hercules VI: Race for Olympus (Platinum Edition),"Jetdogs Studios, Zoom Out Games",Jetdogs Studios,0.6151,Low-cost option,0.4869,0.7921,0.3342,0.8471,235,0.8681,Very Positive,"0 .. 20,000",10000.0,2.99,True,False,False,True,2016,Casual|Indie|Strategy,Adventure|Casual|Family Friendly|Indie|Investigation|Mouse only|Mythology|Point & Click|Puzzle|Resource Management|Singleplayer|Strategy|Time Management,PASS,PASS,PASS,PASS,PENDING_EXTERNAL_CHECK
414510,5089: The Action RPG,Phr00t's Software,Phr00t's Software,0.615,Depth,0.5598,0.4783,0.8443,0.5776,321,0.8287,Very Positive,"20,000 .. 50,000",35000.0,7.99,True,True,True,True,2016,Action|Indie|RPG,Action|Action RPG|Atmospheric|Building|Co-op|FPS|First-Person|Futuristic|Gun Customization|Indie|Multiplayer|Multiple Endings|Open World|Procedural Generation|RPG,PASS,PASS,PASS,PASS,PENDING_EXTERNAL_CHECK
1298080,Almost My Floor,Potata Company,Potata Company,0.615,Depth,0.4468,0.7921,0.7459,0.4752,200,0.91,Very Positive,"0 .. 20,000",10000.0,9.99,True,False,False,True,2021,Adventure|Indie,2D|Adventure|Atmospheric|Cartoony|Choices Matter|Comic Book|Dark|Detective|Drama|Hand-drawn|Horror|Indie|Mystery|Point & Click|Psychological,PASS,PASS,PASS,PASS,PENDING_EXTERNAL_CHECK
904750,Zniw Adventure,Azure Mountain,"Azure Mountain, Kurki.games",0.615,Depth,0.5103,0.7921,0.6077,0.5498,258,0.9961,Very Positive,"0 .. 20,000",10000.0,8.99,True,False,False,True,2020,Adventure|Indie,2D|Adventure|Cartoon|Cartoony|Casual|Conversation|Cute|Dinosaurs|Education|Exploration|Female Protagonist|Funny|Hand-drawn|Indie|Minigames,PASS,PASS,PASS,PASS,PENDING_EXTERNAL_CHECK
1745480,Phantom Project,Astravelari LLC,Astravelari LLC,0.6149,Low-cost option,0.4812,0.3062,0.9474,0.7249,229,0.8297,Very Positive,"50,000 .. 100,000",75000.0,4.99,True,False,False,True,2021,Indie,Adventure|Anime|Dark|Female Protagonist|Free to Play|Horror|Indie|Investigation|Multiplayer|Mystery|Psychological|Psychological Horror|Realistic|Singleplayer|Supernatural,PASS,PASS,PASS,PASS,PENDING_EXTERNAL_CHECK
1931950,Vade Retro : Exorcist,Forceight,Forceight,0.6149,Anchor,0.7761,0.3062,0.7599,0.6174,1024,0.7168,Mostly Positive,"50,000 .. 100,000",75000.0,6.99,True,True,True,False,2022,Action|Casual|Indie|Simulation,3D|Action|Action RTS|Action-Adventure|Class-Based|Co-op|First-Person|God Game|Horror|Magic|Multiplayer|Online Co-Op|Psychological Horror|PvP|Realistic,PASS,PASS,PASS,PASS,PENDING_EXTERNAL_CHECK
645270,30 days to survive,HeX,Laush Studio,0.6147,Depth,0.2714,0.7921,0.7407,0.6546,107,0.7383,Mostly Positive,"0 .. 20,000",10000.0,5.99,True,False,False,True,2021,Action|Adventure|Indie|Simulation,Action|Adventure|Atmospheric|Crafting|Early Access|Gore|Indie|Inventory Management|Open World|Open World Survival Craft|Post-apocalyptic|Procedural Generation|Realistic|Side Scroller|Simulation,PASS,PASS,PASS,PASS,PENDING_EXTERNAL_CHECK
38700,Toki Tori,Two Tribes,Two Tribes Publishing,0.6146,Anchor,0.8664,0.09,0.7772,0.7249,2099,0.879,Very Positive,"200,000 .. 500,000",350000.0,4.99,True,False,False,True,2010,Casual|Indie,2D|Action|Adventure|Casual|Cute|Difficult|Family Friendly|Indie|Level Editor|Multiplayer|Platformer|Puzzle|Puzzle Platformer|Side Scroller|Singleplayer,PASS,PASS,PASS,PASS,PENDING_EXTERNAL_CHECK
2839450,Turkish Throne,Kurultaic,Kurultaic,0.6146,Low-cost option,0.4832,0.7921,0.3361,0.8471,231,0.9307,Very Positive,"0 .. 20,000",10000.0,2.99,False,False,False,True,2024,Early Access|Simulation,2D|Alternate History|Capitalism|Early Access|Management|Multiple Endings|Nonlinear|Political|Political Sim|Politics|Resource Management|Sandbox|Simulation|Singleplayer|Strategy,PASS,PASS,PASS,PASS,PENDING_EXTERNAL_CHECK
2761100,Pomberito,Lara the Pitbull,Lara the Pitbull,0.6146,Depth,0.5566,0.7921,0.455,0.6546,317,0.9527,Very Positive,"0 .. 20,000",10000.0,5.99,True,False,False,True,2024,Action|Adventure|Indie|Simulation,3D|Action-Adventure|Atmospheric|Dark|Demons|Exploration|First-Person|Horror|Jump Scare|Lore-Rich|Minimalist|Multiple Endings|Mystery|Psychological Horror|Simulation,PASS,PASS,PASS,PASS,PENDING_EXTERNAL_CHECK
1406850,The Legend of Tianding,"Creative Games Computer Graphics Corporation, Neon Doctrine", Neon Doctrine,0.6145,Anchor,0.9172,0.09,0.8732,0.5776,3616,0.9483,Very Positive,"200,000 .. 500,000",350000.0,7.99,False,False,False,True,2021,Action|Adventure|RPG,2D|Action|Adventure|Anime|Beat 'em up|Combat|Comic Book|Controller|Hack and Slash|Historical|Linear|Martial Arts|Multiple Endings|Platformer|RPG,PASS,PASS,PASS,PASS,PENDING_EXTERNAL_CHECK
3006630,Loser Simulator,Frosted Wings Studio,Frosted Wings Studio,0.6145,Low-cost option,0.1788,0.7921,0.588,0.8992,81,0.9259,Very Positive,"0 .. 20,000",10000.0,1.99,True,False,False,True,2024,Action|Adventure|Indie|RPG|Simulation,1990's|3D Platformer|Action|Action-Adventure|Adventure|America|Atmospheric|Choices Matter|Comedy|Exploration|Hidden Object|Logic|Management|Perma Death|Puzzle,PASS,PASS,PASS,PASS,PENDING_EXTERNAL_CHECK
1440360,Tanks in Labyrinth,Rogalik,Rogalik,0.6145,Low-cost option,0.4426,0.4783,0.5792,0.9579,197,0.8832,Very Positive,"20,000 .. 50,000",35000.0,0.99,True,False,True,True,2023,Action|Indie|Massively Multiplayer,Action|Combat|Free to Play|Indie|Massively Multiplayer|Minimalist|Multiplayer|PvE|PvP|Singleplayer|Tanks,PASS,PASS,PASS,PASS,PENDING_EXTERNAL_CHECK
1155420,Dino Zoo Transport Simulator,A Nostru,My Way Games,0.6144,Low-cost option,0.2743,0.7921,0.3997,0.9914,108,0.713,Mostly Positive,"0 .. 20,000",10000.0,0.59,True,False,False,True,2019,Action|Adventure|Casual|Indie|Racing|Simulation|Sports,Action|Action-Adventure|Adventure|Casual|Colorful|Dinosaurs|Funny|Gore|Great Soundtrack|Indie|Old School|Racing|Roguelike|Sci-fi|Simulation,PASS,PASS,PASS,PASS,PENDING_EXTERNAL_CHECK
358830,Good Robot,Pyrodactyl,Pyrodactyl,0.6144,Depth,0.506,0.7921,0.6095,0.5498,254,0.8386,Very Positive,"0 .. 20,000",10000.0,8.99,True,False,False,True,2016,Action|Indie|RPG,Action|Action Roguelike|Bullet Hell|Controller|Dark Humor|Funny|Illuminati|Indie|Procedural Generation|RPG|Robots|Roguelike|Roguelite|Shoot 'Em Up|Twin Stick Shooter,PASS,PASS,PASS,PASS,PENDING_EXTERNAL_CHECK
407230,Legend of Mysteria RPG,Labyrinthine,Senpai Studios,0.6143,Low-cost option,0.7421,0.09,0.6327,0.9925,815,0.7166,Mostly Positive,"200,000 .. 500,000",350000.0,0.55,True,False,False,True,2015,Action|Adventure|Indie|RPG,2D|Action|Adventure|Anime|Casual|Exploration|Fantasy|Great Soundtrack|Horror|Indie|JRPG|Open World|Pixel Graphics|Puzzle|RPG,PASS,PASS,PASS,PASS,PENDING_EXTERNAL_CHECK
22230,Rock of Ages,ACE Team,SEGA,0.6143,Anchor,0.9195,0.09,0.9723,0.4752,3690,0.919,Very Positive,"200,000 .. 500,000",350000.0,9.99,True,True,True,True,2011,Action|Indie|Racing|Strategy,Action|Bowling|Casual|Co-op|Comedy|Destruction|Funny|Historical|Indie|Local Multiplayer|Medieval|Multiplayer|Physics|Racing|Singleplayer,PASS,PASS,PASS,PASS,PENDING_EXTERNAL_CHECK
977230,Mars Power Industries Deluxe,"7A Games, Rarykos","7A Games, Kurki.games",0.6142,Depth,0.6907,0.4783,0.6334,0.6546,605,0.9405,Very Positive,"20,000 .. 50,000",35000.0,5.99,True,False,False,True,2019,Casual|Indie,2D|Abstract|Atmospheric|Board Game|Building|Casual|Cozy|Cute|Management|Minimalist|Pixel Graphics|Puzzle|Relaxing|Resource Management|Simulation,PASS,PASS,PASS,PASS,PENDING_EXTERNAL_CHECK
360940,The Mean Greens - Plastic Warfare,"Virtual Basement LLC, Code Headquarters LLC",Virtual Basement LLC,0.6142,Anchor,0.977,0.0215,0.9832,0.4752,10078,0.8176,Very Positive,"500,000 .. 1,000,000",750000.0,9.99,True,False,True,False,2015,Action|Indie,Action|Atmospheric|Cartoony|Casual|Co-op|Colorful|FPS|Family Friendly|Fast-Paced|First-Person|Funny|Great Soundtrack|Indie|Military|Multiplayer,PASS,PASS,PASS,PASS,PENDING_EXTERNAL_CHECK
1999360,Placid Plastic Duck Simulator,turbolento games,turbolento games,0.6142,Anchor,0.99,0.09,0.4775,0.8992,15337,0.9809,Overwhelmingly Positive,"200,000 .. 500,000",350000.0,1.99,False,True,True,True,2022,Casual|Simulation,1990's|3D|Atmospheric|Casual|Collectathon|Colorful|Cute|Family Friendly|Funny|Horror|Immersive Sim|Life Sim|Memes|Physics|Realistic,PASS,PASS,PASS,PASS,PENDING_EXTERNAL_CHECK
1085270,Fat Prisoner Simulator 2,Kiddy,Kiddy,0.6142,Low-cost option,0.3623,0.4783,0.6584,0.9579,145,0.7034,Mostly Positive,"20,000 .. 50,000",35000.0,0.99,True,False,False,True,2019,Action|Adventure|Casual|Indie|Simulation|Sports,Action|Adventure|Arcade|Atmospheric|Casual|Comedy|Fast-Paced|Fighting|Funny|Indie|Multiplayer|Physics|Relaxing|Replay Value|Sandbox,PASS,PASS,PASS,PASS,PENDING_EXTERNAL_CHECK
299660,6180 the moon,"Turtle Cream, PokPoong Games",Turtle Cream,0.6142,Low-cost option,0.6511,0.4783,0.528,0.7993,492,0.9106,Very Positive,"20,000 .. 50,000",35000.0,3.99,True,False,False,True,2014,Action|Casual|Indie,2D|2D Platformer|Action|Atmospheric|Casual|Controller|Experimental|Family Friendly|Great Soundtrack|Indie|Minimalist|Music|Platformer|Puzzle Platformer|Retro,PASS,PASS,PASS,PASS,PENDING_EXTERNAL_CHECK
1211930,Ghost on the Shore,like Charlie,Application Systems Heidelberg,0.6141,Depth,0.4175,0.7921,0.8805,0.3662,177,0.8418,Very Positive,"0 .. 20,000",10000.0,12.99,False,False,False,True,2022,Adventure,Adventure|Atmospheric|Choices Matter|Colorful|Drama|Emotional|Exploration|Female Protagonist|Great Soundtrack|Indie|Investigation|Multiple Endings|Mystery|Narration|Point & Click,PASS,PASS,PASS,PASS,PENDING_EXTERNAL_CHECK
211600,Thief™ Gold,Looking Glass Studios,Eidos Interactive Corp.,0.614,Anchor,0.9188,0.0215,0.8984,0.6174,3673,0.924,Very Positive,"500,000 .. 1,000,000",750000.0,6.99,False,False,False,True,2012,Action|Simulation,1990's|Action|Adventure|Atmospheric|Classic|Cult Classic|Dark|Dark Fantasy|Exploration|Fantasy|First-Person|Horror|Immersive|Immersive Sim|Medieval,PASS,PASS,PASS,PASS,PENDING_EXTERNAL_CHECK
2392760,GLASS2,TeamSnowball,TSB,0.614,Low-cost option,0.444,0.7921,0.4207,0.7993,198,0.798,Mostly Positive,"0 .. 20,000",10000.0,3.99,True,False,False,True,2023,Adventure|Casual|Indie,2D|Adventure|Anime|Board Game|Card Game|Cartoony|Casual|Cute|Emotional|Funny|Immersive Sim|Lore-Rich|Magic|Mature|Puzzle,PASS,PASS,PASS,PASS,PENDING_EXTERNAL_CHECK
1986840,POPGOES Arcade,Kane Carter,Clickteam,0.614,Anchor,0.8234,0.3062,0.6014,0.7249,1451,0.9711,Overwhelmingly Positive,"50,000 .. 100,000",75000.0,4.99,False,False,False,True,2022,RPG,2D|Action RPG|Adventure|Arcade|Exploration|Funny|Great Soundtrack|Horror|Indie|Pixel Graphics|RPG|Robots|Singleplayer,PASS,PASS,PASS,PASS,PENDING_EXTERNAL_CHECK
249330,Unholy Heights,Petit Depotto,PLAYISM,0.614,Anchor,0.8331,0.1884,0.6352,0.7993,1572,0.8893,Very Positive,"100,000 .. 200,000",150000.0,3.99,True,False,False,True,2013,Indie|Simulation|Strategy,2D|Auto Battler|Building|Cartoony|Casual|City Builder|Creature Collector|Cute|Dark Humor|Funny|Hand-drawn|Immersive Sim|Lovecraftian|Management|RTS,PASS,PASS,PASS,PASS,PENDING_EXTERNAL_CHECK
867960,Remorse: The List,"Ashkandi, Truthkey","Ashkandi, Feardemic",0.614,Depth,0.5214,0.7921,0.844,0.2985,271,0.8081,Very Positive,"0 .. 20,000",10000.0,14.99,True,False,False,True,2022,Action|Indie,3D|Action|Action-Adventure|Atmospheric|Controller|Dark|Exploration|FPS|First-Person|Gore|Horror|Indie|Open World|Psychological Horror|Puzzle,PASS,PASS,PASS,PASS,PENDING_EXTERNAL_CHECK
775940,Rise of Liberty,Sandstorm Studios Inc.,Sandstorm Studios Inc.,0.6139,Anchor,0.8517,0.1884,0.8379,0.5776,1848,0.8442,Very Positive,"100,000 .. 200,000",150000.0,7.99,True,False,False,True,2019,Indie|Strategy,Action|Adventure|Anime|Atmospheric|Early Access|FPS|First-Person|Funny|Indie|Military|Open World|Physics|Realistic|Sandbox|Shooter,PASS,PASS,PASS,PASS,PENDING_EXTERNAL_CHECK
269030,The Yawhg,"Damian Sommer, Emily Carroll",Damian Sommer,0.6139,Anchor,0.8199,0.3062,0.8544,0.4752,1403,0.8261,Very Positive,"50,000 .. 100,000",75000.0,9.99,True,False,True,True,2014,Indie|RPG,4 Player Local|Beautiful|Casual|Choices Matter|Choose Your Own Adventure|Co-op|Fantasy|Female Protagonist|Great Soundtrack|Indie|Interactive Fiction|Local Co-Op|Local Multiplayer|Multiple Endings|Party Game,PASS,PASS,PASS,PASS,PENDING_EXTERNAL_CHECK
500810,Arcanum: Of Steamworks and Magick Obscura,Troika Games,Activision,0.6139,Anchor,0.8427,0.09,0.8683,0.6546,1705,0.8856,Very Positive,"200,000 .. 500,000",350000.0,5.99,False,False,False,True,2016,RPG,Adventure|Atmospheric|CRPG|Character Customization|Choices Matter|Classic|Cult Classic|Dwarf|Fantasy|Great Soundtrack|Isometric|Magic|Open World|RPG|Real-Time with Pause,PASS,PASS,PASS,PASS,PENDING_EXTERNAL_CHECK
2488690,Desktop Beach Girls,,,0.6139,Low-cost option,0.1959,0.7921,0.5345,0.9332,85,0.8941,Very Positive,"0 .. 20,000",10000.0,1.0296,True,False,False,True,2023,Indie|Simulation,3D|Anime|Atmospheric|Casual|Character Customization|Colorful|Cute|Dark Fantasy|Emotional|Family Friendly|Female Protagonist|Immersive Sim|Nature|Realistic|Relaxing,PASS,PASS,PASS,PASS,PENDING_EXTERNAL_CHECK
2673660,Sonar Shock,Raphael Bossniak,Raphael Bossniak,0.6139,Depth,0.3879,0.7921,0.698,0.5776,158,0.8481,Very Positive,"0 .. 20,000",10000.0,7.99,False,False,False,True,2024,Action|Adventure,Action|Action RPG|Adventure|Atmospheric|Character Customization|Cold War|Dungeon Crawler|Exploration|FPS|First-Person|Horror|Immersive|Immersive Sim|Indie|Lovecraftian,PASS,PASS,PASS,PASS,PENDING_EXTERNAL_CHECK
1267580,Classic Sport Driving,Pixel Wrappers,Pixel Wrappers,0.6137,Low-cost option,0.0882,0.7921,0.8496,0.7249,62,0.8548,Very Positive,"0 .. 20,000",10000.0,4.99,True,False,False,True,2023,Indie|Racing,2.5D|Asynchronous Multiplayer|Controller|Cute|Driving|Hand-drawn|Indie|Level Editor|Local Multiplayer|Minimalist|Multiplayer|Procedural Generation|PvP|Racing|Retro,PASS,PASS,PASS,PASS,PENDING_EXTERNAL_CHECK
1677490,청춘향전 Cheongchunhyang Jeon,"J Wonder Co.,Ltd.","J Wonder Co.,Ltd.",0.6136,Low-cost option,0.0979,0.7921,0.8396,0.7249,64,0.875,Very Positive,"0 .. 20,000",10000.0,4.99,False,False,False,True,2021,RPG|Simulation|Strategy,360 Video|Atmospheric|Choices Matter|Choose Your Own Adventure|Cinematic|Colorful|Cute|Drama|Exploration|Family Friendly|Female Protagonist|Funny|Interactive Fiction|Lovecraftian|Realistic,PASS,PASS,PASS,PASS,PENDING_EXTERNAL_CHECK
2909110,Nuclear Nightmare,BG Productions,BG Productions,0.6136,Depth,0.1126,0.7921,0.8788,0.6709,67,0.8507,Very Positive,"0 .. 20,000",10000.0,5.94,True,True,True,True,2024,Action|Adventure|Early Access|Indie,Action|Action-Adventure|Adventure|Aliens|Atmospheric|Co-op|Early Access|Exploration|First-Person|Funny|Horror|Multiplayer|Online Co-Op|Open World|Perma Death,PASS,PASS,PASS,PASS,PENDING_EXTERNAL_CHECK
15080,Rayman Raving Rabbids™,"Ubisoft Bulgaria, Ubisoft Montpellier",Ubisoft,0.6136,Anchor,0.8291,0.1884,0.9616,0.4752,1527,0.8369,Very Positive,"100,000 .. 200,000",150000.0,9.99,False,False,False,True,2008,Action|Adventure,Action|Adventure|Arcade|Classic|Co-op|Comedy|Cult Classic|Cute|Family Friendly|First-Person|Funny|Great Soundtrack|Historical|Local Co-Op|Minigames,PASS,PASS,PASS,PASS,PENDING_EXTERNAL_CHECK
1645640,No Ghost in Stay Home,Midori Games / みどりげーむず,Midori Games / みどりげーむず,0.6136,Low-cost option,0.2581,0.7921,0.4463,0.9579,103,0.9417,Very Positive,"0 .. 20,000",10000.0,0.99,True,False,False,True,2021,Indie,2D|Adventure|Anime|Casual|Comedy|Cute|Exploration|Female Protagonist|Funny|Hidden Object|Horror|Indie|Multiple Endings|Point & Click|Psychological Horror,PASS,PASS,PASS,PASS,PENDING_EXTERNAL_CHECK
1932260,No Creeps Were Harmed TD,MinMax Games Ltd.,MinMax Games Ltd.,0.6136,Depth,0.6044,0.7921,0.8954,0.1624,395,0.8987,Very Positive,"0 .. 20,000",10000.0,19.99,False,True,True,True,2024,Strategy,3D|Action|Action RTS|Aliens|Artificial Intelligence|Automation|Building|Colorful|Dystopian|Futuristic|Multiplayer|Online Co-Op|Post-apocalyptic|Real Time Tactics|Sci-fi,PASS,PASS,PASS,PASS,PENDING_EXTERNAL_CHECK
978790,Frantic Dimension,Hijong Park,PsychoFlux Entertainment,0.6135,Low-cost option,0.0932,0.7921,0.611,0.9579,63,0.9048,Very Positive,"0 .. 20,000",10000.0,0.99,True,False,False,True,2018,Action|Free To Play|Indie,2D|Action|Arcade|Classic|Difficult|Dungeon Crawler|Fast-Paced|Free to Play|GameMaker|Indie|Old School|Pixel Graphics|Retro|Roguelike|Roguelite,PASS,PASS,PASS,PASS,PENDING_EXTERNAL_CHECK
800620,Fallen Hero: Rebirth,Hosted Games,Hosted Games,0.6135,Depth,0.6062,0.7921,0.4384,0.6174,398,0.9698,Very Positive,"0 .. 20,000",10000.0,6.99,True,False,False,True,2018,Adventure|Indie|RPG,Adventure|Choices Matter|Choose Your Own Adventure|Indie|Interactive Fiction|LGBTQ+|RPG|Romance|Singleplayer|Story Rich|Superhero|Text-Based|Villain Protagonist,PASS,PASS,PASS,PASS,PENDING_EXTERNAL_CHECK
1576000,Pain Party,Icehelm,Icehelm,0.6135,Low-cost option,0.1483,0.7921,0.7889,0.7249,74,0.8243,Very Positive,"0 .. 20,000",10000.0,4.99,True,True,True,True,2022,Action|Indie,3D|3D Platformer|Action|Action-Adventure|Character Customization|Colorful|Comedy|Funny|Memes|Multiplayer|Parody|Party|Physics|Pixel Graphics|Precision Platformer,PASS,PASS,PASS,PASS,PENDING_EXTERNAL_CHECK
2290180,Riders Republic,"Ubisoft Annecy, Ubisoft Belgrade, Ubisoft Kyiv, Ubisoft Pune, Ubisoft Odesa",Ubisoft Entertainment,0.6135,Anchor,0.9906,0.0215,0.9667,0.4752,15924,0.8374,Very Positive,"500,000 .. 1,000,000",750000.0,9.99,False,True,True,True,2023,Massively Multiplayer|Sports,BMX|Bikes|Co-op|Colorful|Cycling|First-Person|Massively Multiplayer|Multiplayer|Online Co-Op|Open World|PvP|Racing|Singleplayer|Skateboarding|Skiing,PASS,PASS,PASS,PASS,PENDING_EXTERNAL_CHECK
3138570,Unicycle Pizza Time!,BiteMe Games,BiteMe Games,0.6135,Low-cost option,0.3225,0.7921,0.6145,0.7249,126,0.9048,Very Positive,"0 .. 20,000",10000.0,4.99,True,False,True,True,2024,Adventure|Indie,3D|3D Platformer|Adventure|Arcade|Bikes|Choices Matter|Comedy|Emotional|Exploration|Indie|Intentionally Awkward Controls|Multiplayer|Online Co-Op|Parkour|Philosophical,PASS,PASS,PASS,PASS,PENDING_EXTERNAL_CHECK
763030,Nelly Cootalot: Spoonbeaks Ahoy! HD,"Alasdair Beckett-King, Application Systems Heidelberg",Application Systems Heidelberg,0.6135,Low-cost option,0.4205,0.4783,0.6558,0.8992,179,0.8994,Very Positive,"20,000 .. 50,000",35000.0,1.99,True,False,False,True,2019,Adventure|Indie,2D|Adventure|Atmospheric|Classic|Comedy|Cute|Female Protagonist|Funny|Great Soundtrack|Hand-drawn|Indie|Pirates|Point & Click|Puzzle|Singleplayer,PASS,PASS,PASS,PASS,PENDING_EXTERNAL_CHECK
1260810,Touhou Blooming Chaos 2,"二色幽紫蝶, re零同人社","二色幽紫蝶, 东游鉴",0.6134,Anchor,0.8842,0.1884,0.6036,0.7771,2502,0.9353,Very Positive,"100,000 .. 200,000",150000.0,4.79,True,False,False,True,2021,Action|Adventure|Indie|RPG,Action|Adventure|Anime|Bullet Hell|Early Access|Faith|Female Protagonist|Indie|Pixel Graphics|RPG|Roguelike|Roguelite|Shoot 'Em Up,PASS,PASS,PASS,PASS,PENDING_EXTERNAL_CHECK
1547860,EBOLA 3,indie_games_studio,indie_games_studio,0.6133,Depth,0.5481,0.7921,0.9509,0.1624,304,0.7401,Mostly Positive,"0 .. 20,000",10000.0,19.99,True,False,False,True,2022,Action|Adventure|Indie,Action|Adventure|Atmospheric|Choices Matter|Exploration|FPS|First-Person|Gore|Horror|Multiplayer|Nonlinear|Psychological Horror|Puzzle|Shooter|Singleplayer,PASS,PASS,PASS,PASS,PENDING_EXTERNAL_CHECK
302790,Momodora III,rdein,rdein,0.6133,Anchor,0.8138,0.3062,0.4339,0.8992,1345,0.939,Very Positive,"50,000 .. 100,000",75000.0,1.99,True,False,False,True,2014,Action|Indie,2D|2D Platformer|Action|Anime|Atmospheric|Cute|Difficult|Female Protagonist|Great Soundtrack|Indie|Metroidvania|Pixel Graphics|Platformer|Singleplayer,PASS,PASS,PASS,PASS,PENDING_EXTERNAL_CHECK
1681510,Trenches - World War 1 Horror Survival Game,Steelkrill Studio,Steelkrill Studio,0.6133,Depth,0.3249,0.7921,0.8609,0.4752,127,0.7559,Mostly Positive,"0 .. 20,000",10000.0,9.99,True,True,True,True,2023,Action|Adventure|Indie|Simulation,3D|Action|Adventure|Atmospheric|Dark|Demons|Exploration|FPS|First-Person|Horror|Multiplayer|Psychological Horror|Puzzle|Realistic|Simulation,PASS,PASS,PASS,PASS,PENDING_EXTERNAL_CHECK
2989950,The Bathhouse | 地獄銭湯 Restored Edition,Chilla's Art,Chilla's Art,0.6132,Depth,0.7129,0.7921,0.3704,0.5776,687,0.9156,Very Positive,"0 .. 20,000",10000.0,7.99,True,False,False,True,2024,Indie,1990's|3D|Adventure|Casual|Choices Matter|Dark|Dark Comedy|Dark Fantasy|Demons|Female Protagonist|First-Person|Horror|Immersive Sim|Life Sim|Multiple Endings,PASS,PASS,PASS,PASS,PENDING_EXTERNAL_CHECK
2450100,Journey to the West Survivor,Buding Games,Leyo Games,0.6132,Depth,0.6134,0.4783,0.7066,0.6546,411,0.82,Very Positive,"20,000 .. 50,000",35000.0,5.99,True,False,False,True,2024,Action|Indie|Strategy,2D|Alternate History|Cartoony|Controller|Fantasy|Funny|Martial Arts|Mythology|Pixel Graphics|Procedural Generation|RPG|Relaxing|Roguelike|Roguelite|Shoot 'Em Up,PASS,PASS,PASS,PASS,PENDING_EXTERNAL_CHECK
2212410,Shadowkin,The Fox Knocks,The Fox Knocks,0.6132,Depth,0.1702,0.7921,0.8731,0.6174,79,0.7468,Mostly Positive,"0 .. 20,000",10000.0,6.99,True,True,True,True,2024,Action|Indie,2D|Action|Action Roguelike|Atmospheric|Auto Battler|Bullet Hell|Co-op|Dark Fantasy|Fox|Indie|Local Co-Op|Local Multiplayer|Multiplayer|Roguelike|Roguelite,PASS,PASS,PASS,PASS,PENDING_EXTERNAL_CHECK
609490,Minit,"JW, Kitty, Jukio, Dom",Devolver Digital,0.6132,Anchor,0.8837,0.09,0.5796,0.8992,2485,0.8934,Very Positive,"200,000 .. 500,000",350000.0,1.99,True,False,False,True,2018,Adventure|Indie,2D|Action|Action-Adventure|Adventure|Casual|Cute|Exploration|Fast-Paced|Funny|Great Soundtrack|Indie|Metroidvania|Minimalist|Pixel Graphics|Puzzle,PASS,PASS,PASS,PASS,PENDING_EXTERNAL_CHECK
91700,E.Y.E: Divine Cybermancy,Streum On Studio,Streum On Studio,0.6131,Anchor,0.9655,0.0215,0.9904,0.4752,7555,0.8445,Very Positive,"500,000 .. 1,000,000",750000.0,9.99,True,True,True,True,2011,Action|Indie|RPG,Action|Action RPG|Adventure|Atmospheric|Co-op|Cyberpunk|FPS|First-Person|Hacking|Immersive Sim|Indie|Multiplayer|Online Co-Op|RPG|Sci-fi,PASS,PASS,PASS,PASS,PENDING_EXTERNAL_CHECK
2254210,Finding Xavier,,,0.6131,Low-cost option,0.2776,0.7921,0.4497,0.9332,109,0.9083,Very Positive,"0 .. 20,000",10000.0,1.0296,True,False,False,True,2023,Adventure|Indie,2D|2D Platformer|Adventure|Atmospheric|Controller|Indie|Nature|Pixel Graphics|Platformer|Precision Platformer|Relaxing|Singleplayer,PASS,PASS,PASS,PASS,PENDING_EXTERNAL_CHECK
764790,The Messenger,Sabotage,Devolver Digital,0.6131,Anchor,0.98,0.0215,0.6516,0.7993,10967,0.9343,Very Positive,"500,000 .. 1,000,000",750000.0,3.99,True,False,False,True,2018,Action|Indie,2D|2D Platformer|Action|Action-Adventure|Adventure|Beautiful|Comedy|Difficult|Epic|Funny|Great Soundtrack|Indie|Metroidvania|Ninja|Pixel Graphics,PASS,PASS,PASS,PASS,PENDING_EXTERNAL_CHECK
327860,Salt,Lavaboots Studios,Lavaboots Studios,0.613,Anchor,0.872,0.3062,0.9754,0.2985,2231,0.7651,Mostly Positive,"50,000 .. 100,000",75000.0,14.99,True,True,True,True,2018,Action|Adventure|Indie|RPG,Action|Adventure|Atmospheric|Crafting|Early Access|Exploration|First-Person|Indie|Multiplayer|Naval|Open World|Open World Survival Craft|Pirates|Procedural Generation|RPG,PASS,PASS,PASS,PASS,PENDING_EXTERNAL_CHECK
428690,Youtubers Life,U-Play Online,"U-Play Online, ",0.613,Anchor,0.9901,0.0215,0.8812,0.5593,15371,0.7734,Mostly Positive,"500,000 .. 1,000,000",750000.0,8.24,True,False,False,True,2017,Adventure|Casual|Indie|Simulation|Strategy,Adventure|Cartoon|Casual|Character Customization|Comedy|Family Friendly|Female Protagonist|Funny|Indie|Life Sim|Management|Memes|Open World|Realistic|Resource Management,PASS,PASS,PASS,PASS,PENDING_EXTERNAL_CHECK
1664200,Duelists of Eden,Thomas Moon Kang,Thomas Moon Kang,0.613,Low-cost option,0.7482,0.3062,0.6728,0.7249,844,0.9621,Overwhelmingly Positive,"50,000 .. 100,000",75000.0,4.99,True,False,True,True,2024,Action|Indie,2D|2D Fighter|Action|Anime|Arcade|Bullet Hell|Card Battler|Card Game|Combat|Controller|Cute|Deckbuilding|Fighting|Grid-Based Movement|Indie,PASS,PASS,PASS,PASS,PENDING_EXTERNAL_CHECK
1032590,Heaven Dust,One Gruel Studio,indienova,0.6129,Depth,0.6895,0.4783,0.7063,0.5776,601,0.9118,Very Positive,"20,000 .. 50,000",35000.0,7.99,True,False,False,True,2020,Action|Adventure|Indie|RPG,Action|Adventure|Horror|Indie|Psychological|RPG|Sci-fi|Singleplayer|Story Rich|Survival Horror|Zombies,PASS,PASS,PASS,PASS,PENDING_EXTERNAL_CHECK
1924490,Gigantic: Rampage Edition,Abstraction Games,Arc Games,0.6129,Anchor,0.9319,0.1884,0.8561,0.4752,4325,0.7066,Mostly Positive,"100,000 .. 200,000",150000.0,9.99,False,False,True,True,,Action,3D|Action|Character Customization|Choices Matter|Combat|Controller|Fantasy|Fighting|First-Person|Hero Shooter|MOBA|Multiplayer|PvP|Shooter|Stylized,PASS,PASS,PASS,PASS,PENDING_EXTERNAL_CHECK
1217410,孟德大小姐与自爆少年THREE KINGDOM FANTASY,蓝铂工作室,旅人计划,0.6129,Depth,0.5937,0.4783,0.802,0.5776,376,0.7021,Mostly Positive,"20,000 .. 50,000",35000.0,7.99,True,False,False,True,2023,Adventure|Casual|Indie|RPG|Simulation,2D|Alternate History|CRPG|Cinematic|Clicker|Dating Sim|Drama|Emotional|Historical|Indie|Interactive Fiction|Linear|RPG|Romance|Simulation,PASS,PASS,PASS,PASS,PENDING_EXTERNAL_CHECK
1563150,Cataplexy,12seven,Diada Novels,0.6129,Low-cost option,0.0131,0.7921,0.7472,0.8992,51,0.8627,Very Positive,"0 .. 20,000",10000.0,1.99,True,False,False,True,2022,Adventure|Indie,2D|Abstract|Anime|Atmospheric|Comedy|Dark|Dark Comedy|Dark Humor|Funny|Hand-drawn|Horror|Indie|Narration|Psychedelic|Psychological,PASS,PASS,PASS,PASS,PENDING_EXTERNAL_CHECK
1168470,千面 Melancholy Love,白露社,PeriScope Game,0.6129,Anchor,0.8642,0.4783,0.384,0.7249,2067,0.9492,Very Positive,"20,000 .. 50,000",35000.0,4.99,True,False,False,True,2020,Adventure|Casual|Indie|RPG|Simulation,Adventure|Anime|Casual|Female Protagonist|Indie|LGBTQ+|RPG|Romance|Simulation|Visual Novel,PASS,PASS,PASS,PASS,PENDING_EXTERNAL_CHECK
1081510,She Sees Red - Interactive Movie,Rhinotales,Rhinotales,0.6128,Anchor,0.9023,0.1884,0.783,0.5776,3014,0.7767,Mostly Positive,"100,000 .. 200,000",150000.0,7.99,True,False,False,True,,Adventure|Indie,Adventure|Choices Matter|Choose Your Own Adventure|Cinematic|Detective|Experimental|FMV|Female Protagonist|Indie|Mature|Movie|Multiple Endings|Psychological|Short|Singleplayer,PASS,PASS,PASS,PASS,PENDING_EXTERNAL_CHECK
2738940,Voids Vigil,caiys,caiysware,0.6128,Low-cost option,0.4025,0.7921,0.4097,0.8471,167,0.9701,Very Positive,"0 .. 20,000",10000.0,2.99,True,False,False,True,2024,Action|Early Access|Indie,2D|Action|Action Roguelike|Arcade|Arena Shooter|Bullet Hell|Cartoony|Casual|Combat|Controller|Early Access|Hack and Slash|RPG|Replay Value|Roguelike,PASS,PASS,PASS,PASS,PENDING_EXTERNAL_CHECK
814360,Mythic Ocean,Paralune LLC,Untold Tales,0.6128,Low-cost option,0.3381,0.7921,0.4741,0.8471,133,0.9624,Very Positive,"0 .. 20,000",10000.0,2.99,True,False,False,True,2020,Adventure|Indie,Adventure|Atmospheric|Choices Matter|Exploration|Indie|Story Rich|Underwater|Visual Novel,PASS,PASS,PASS,PASS,PENDING_EXTERNAL_CHECK
2220660,Chiyo,Nimbus Games,SCRYsoft,0.6128,Depth,0.1618,0.7921,0.9475,0.5498,77,0.7662,Mostly Positive,"0 .. 20,000",10000.0,8.99,True,False,False,True,2024,Action|Adventure|Indie|Simulation,Action|Adventure|Atmospheric|Escape Room|Exploration|Female Protagonist|First-Person|Horror|Logic|Mystery|Narration|Psychological|Psychological Horror|Puzzle|Simulation,PASS,PASS,PASS,PASS,PENDING_EXTERNAL_CHECK
2219520,Isolated Room,Black Hole Games,Black Hole Games,0.6127,Low-cost option,0.1831,0.7921,0.5523,0.9233,82,0.9512,Very Positive,"0 .. 20,000",10000.0,1.59,True,False,False,True,2022,Casual|Indie|Simulation,Casual|Choices Matter|Choose Your Own Adventure|Immersive Sim|Indie|Life Sim|Multiple Endings|Old School|Pixel Graphics|Point & Click|Relaxing|Resource Management|Sandbox|Simulation|Singleplayer,PASS,PASS,PASS,PASS,PENDING_EXTERNAL_CHECK
1597730,Dogs Organized Neatly,DU&I,DU&I,0.6126,Anchor,0.7936,0.4783,0.253,0.9255,1163,0.9845,Overwhelmingly Positive,"20,000 .. 50,000",35000.0,1.49,True,False,False,True,2021,Casual|Indie,2D|Atmospheric|Cartoony|Casual|Colorful|Comedy|Cozy|Cute|Dog|Family Friendly|Funny|Hand-drawn|Indie|Memes|Minimalist,PASS,PASS,PASS,PASS,PENDING_EXTERNAL_CHECK
2785980,My Last Appointment,Ells&amp;Pills,Ells&amp;Pills,0.6126,Low-cost option,0.1232,0.7921,0.6359,0.8992,69,0.8406,Very Positive,"0 .. 20,000",10000.0,1.99,False,False,False,True,2024,Adventure|Simulation,3D|Adventure|Atmospheric|Cinematic|Exploration|First-Person|Funny|Horror|Immersive Sim|Linear|Modern|Mystery|Psychological Horror|Puzzle|Realistic,PASS,PASS,PASS,PASS,PENDING_EXTERNAL_CHECK
345200,Tasty Blue,Dingo Games,Dingo Games,0.6126,Depth,0.693,0.3062,0.8736,0.5776,613,0.8989,Very Positive,"50,000 .. 100,000",75000.0,7.99,True,True,True,True,2015,Action|Adventure|Casual|Indie,2D|Action|Adventure|Casual|Comedy|Controller|Cute|Family Friendly|Free to Play|Funny|Horror|Indie|Local Co-Op|Local Multiplayer|Multiplayer,PASS,PASS,PASS,PASS,PENDING_EXTERNAL_CHECK
2529770,Chromosome Evil 2,"S.C. 16 BIT NIGHTS S.R.L., dovganovskiy", S.C. 16 BIT NIGHTS S.R.L.,0.6126,Depth,0.4175,0.7921,0.8516,0.3892,177,0.9153,Very Positive,"0 .. 20,000",10000.0,11.99,False,False,False,True,2024,RPG|Strategy,Aliens|Character Customization|Choices Matter|Combat|Crafting|Dark|Horror|Multiple Endings|Pixel Graphics|RPG|RTS|Real Time Tactics|Resource Management|Sandbox|Sci-fi,PASS,PASS,PASS,PASS,PENDING_EXTERNAL_CHECK
726830,Vacation Simulator,Owlchemy Labs,Owlchemy Labs,0.6126,Depth,0.7689,0.7921,0.8351,0.0542,974,0.9107,Very Positive,"0 .. 20,000",10000.0,29.99,False,False,False,True,2019,Action|Adventure|Simulation,Action|Atmospheric|Casual|Comedy|Family Friendly|First-Person|Funny|Futuristic|Indie|Job Simulator|Memes|Physics|Psychological Horror|Realistic|Robots,PASS,PASS,PASS,PASS,PENDING_EXTERNAL_CHECK
1324350,Turbo Golf Racing,Hugecalf Studios,Hugecalf Studios,0.6126,Depth,0.7544,0.4783,0.563,0.6546,881,0.8558,Very Positive,"20,000 .. 50,000",35000.0,5.99,False,False,True,True,2024,Action|Racing|Sports,3D|Action|Arcade|Character Customization|Combat Racing|Controller|Driving|Flight|Golf|Mini Golf|Multiplayer|Party|Party Game|Physics|PvP,PASS,PASS,PASS,PASS,PENDING_EXTERNAL_CHECK
2435180,Neyasnoe,"sad3d, ИЛЬЯМАЗО",ИЛЬЯМАЗО,0.6125,Depth,0.5014,0.7921,0.6815,0.4752,249,0.9558,Very Positive,"0 .. 20,000",10000.0,9.99,True,False,False,True,2023,Indie|Simulation,1990's|3D|Alternate History|Atmospheric|Drama|Emotional|Exploration|First-Person|Immersive Sim|Noir|Old School|Philosophical|Pixel Graphics|Realistic|Retro,PASS,PASS,PASS,PASS,PENDING_EXTERNAL_CHECK
1882550,MECH PUNK,Mr. Pink,Mr. Pink,0.6124,Low-cost option,0.1788,0.7921,0.5211,0.9579,81,0.7654,Mostly Positive,"0 .. 20,000",10000.0,0.99,True,False,False,True,2023,Action|Adventure|Indie|Simulation,6DOF|Action Roguelike|Adventure|Arcade|Atmospheric|Character Customization|Combat|FPS|First-Person|Indie|Open World|Procedural Generation|PvE|Roguelite|Shoot 'Em Up,PASS,PASS,PASS,PASS,PENDING_EXTERNAL_CHECK
1662480,Nuclear Blaze,Deepnight Games,Deepnight Games,0.6124,Depth,0.7138,0.7921,0.4686,0.4752,690,0.9609,Overwhelmingly Positive,"0 .. 20,000",10000.0,9.99,True,False,False,True,2021,Action|Adventure|Indie,2D|2D Platformer|Action|Action-Adventure|Adventure|Atmospheric|Casual|Colorful|Combat|Exploration|Family Friendly|Indie|Mystery|Pixel Graphics|Platformer,PASS,PASS,PASS,PASS,PENDING_EXTERNAL_CHECK
1708190,100 hidden rams,"Anatoliy Loginovskikh, Аlexandr Telminov",Anatoliy Loginovskikh,0.6124,Low-cost option,0.5497,0.7921,0.2085,0.8992,306,0.9902,Very Positive,"0 .. 20,000",10000.0,1.99,True,False,False,True,2021,Adventure|Casual|Indie,2D|Adventure|Agriculture|Casual|Clicker|Creature Collector|Cute|Exploration|Family Friendly|Hand-drawn|Hidden Object|Idler|Isometric|Minimalist|Nature,PASS,PASS,PASS,PASS,PENDING_EXTERNAL_CHECK
506900,Downward: Enhanced Edition,Caracal Games,Plug In Digital,0.6123,Depth,0.6658,0.3062,0.8997,0.5776,527,0.7154,Mostly Positive,"50,000 .. 100,000",75000.0,7.99,True,False,False,True,2017,Adventure|Indie,3D Platformer|Action|Adventure|Atmospheric|Casual|Difficult|Family Friendly|Fantasy|First-Person|Great Soundtrack|Indie|Open World|Parkour|Platformer|Puzzle,PASS,PASS,PASS,PASS,PENDING_EXTERNAL_CHECK
1762270,Obama Boss Fight,xXx_Skipper_xXx,xXx_Skipper_xXx,0.6123,Low-cost option,0.7226,0.4783,0.4013,0.8471,728,0.9547,Overwhelmingly Positive,"20,000 .. 50,000",35000.0,2.99,True,True,True,True,2021,Action|Indie,3D|Action|America|Arena Shooter|Combat|FPS|First-Person|Funny|Futuristic|Magic|Memes|Parody|Political|PvE|Realistic,PASS,PASS,PASS,PASS,PENDING_EXTERNAL_CHECK
1125330,Griefhelm,Johnny Dale Lonack,Thorrnet Publishing,0.6123,Depth,0.5489,0.4783,0.9469,0.4752,305,0.7541,Mostly Positive,"20,000 .. 50,000",35000.0,9.99,True,True,True,True,2020,Action|Casual|Indie|Simulation|Sports,2D Fighter|4 Player Local|Action|Casual|Co-op|Co-op Campaign|Combat|Dark|Fighting|Hack and Slash|Indie|Local Co-Op|Local Multiplayer|Medieval|Multiplayer,PASS,PASS,PASS,PASS,PENDING_EXTERNAL_CHECK
2071430,Roots of Yggdrasil,ManaVoid Entertainment,"ManaVoid Entertainment, Indie Asylum",0.6121,Depth,0.5079,0.7921,0.8499,0.2985,256,0.9141,Very Positive,"0 .. 20,000",10000.0,14.99,True,False,False,True,2024,Indie|Strategy,3D|Atmospheric|Base Building|City Builder|Deckbuilding|Female Protagonist|Indie|Procedural Generation|Puzzle|Relaxing|Resource Management|Roguelike|Roguelike Deckbuilder|Roguelite|Singleplayer,PASS,PASS,PASS,PASS,PENDING_EXTERNAL_CHECK
2851700,Nasty Zombies,Con No 1,Con No 1,0.6121,Depth,0.0759,0.7921,0.9629,0.6174,60,0.9667,Very Positive,"0 .. 20,000",10000.0,6.99,False,True,True,True,2024,Action,Action|Atmospheric|Boomer Shooter|Dark|FPS|Fast-Paced|First-Person|Gore|Horror|Multiplayer|Old School|Online Co-Op|Pixel Graphics|Post-apocalyptic|Procedural Generation,PASS,PASS,PASS,PASS,PENDING_EXTERNAL_CHECK
2304620,Backrooms Society,Mikael Bihl,Mikael Bihl,0.6121,Depth,0.5771,0.4783,0.7754,0.6174,349,0.7593,Mostly Positive,"20,000 .. 50,000",35000.0,6.99,True,True,True,True,2023,Action|Adventure|Early Access|Indie,Action|Action RPG|Adventure|Crafting|Dungeon Crawler|Early Access|Exploration|First-Person|Horror|Inventory Management|Loot|Multiplayer|Nonlinear|Online Co-Op|Procedural Generation,PASS,PASS,PASS,PASS,PENDING_EXTERNAL_CHECK
1647550,NEO: The World Ends with You,"Square Enix, h.a.n.d.",Square Enix,0.6121,Depth,0.7407,0.7921,0.9097,0.0057,810,0.9235,Very Positive,"0 .. 20,000",10000.0,59.99,False,False,False,True,2022,Action|RPG,2.5D|2D|3D|Action|Action RPG|Anime|Atmospheric|Colorful|Comic Book|Controller|Drama|Emotional|Fantasy|Great Soundtrack|JRPG,PASS,PASS,PASS,PASS,PENDING_EXTERNAL_CHECK
2058150,Duck Paradox,Magic Games,Midwest Games,0.612,Depth,0.5503,0.7921,0.5279,0.5776,307,0.9544,Very Positive,"0 .. 20,000",10000.0,7.99,True,False,False,True,2024,Action|Adventure|Indie,Action Roguelike|Adventure|Arcade|Bullet Hell|Bullet Time|Colorful|Controller|Difficult|Female Protagonist|Multiple Endings|Perma Death|Pixel Graphics|Platformer|Roguelike|Sandbox,PASS,PASS,PASS,PASS,PENDING_EXTERNAL_CHECK
1878570,Immortal Mantis,Bitlife,Bitlife,0.6119,Low-cost option,0.4566,0.4783,0.6136,0.8992,208,0.9567,Very Positive,"20,000 .. 50,000",35000.0,1.99,True,False,False,True,2022,Casual|Indie|RPG,2D|Assassin|Atmospheric|Blood|Casual|Hidden Object|Horror|Indie|Interactive Fiction|Multiple Endings|Pixel Graphics|Psychological Horror|Puzzle|RPG|Singleplayer,PASS,PASS,PASS,PASS,PENDING_EXTERNAL_CHECK
1493840,BOT.vinnik Chess: Opening Traps,Deep Green Games,Abyssal Studios,0.6119,Low-cost option,0.0555,0.7921,0.6095,0.9905,57,0.8947,Very Positive,"0 .. 20,000",10000.0,0.64,True,False,False,True,2020,Casual|Indie|Strategy,Artificial Intelligence|Atmospheric|Board Game|Chess|Education|Foreign|Funny|Indie|Logic|Minimalist|Old School|Pixel Graphics|Puzzle|Relaxing|Retro,PASS,PASS,PASS,PASS,PENDING_EXTERNAL_CHECK
3710,Judge Dredd: Dredd vs. Death,Rebellion,Rebellion,0.6119,Anchor,0.7848,0.1884,0.8966,0.5776,1089,0.8751,Very Positive,"100,000 .. 200,000",150000.0,7.99,False,True,True,True,2009,Action,Action|Classic|Comic Book|Cyberpunk|Dystopian|FPS|First-Person|Gore|Multiplayer|Sci-fi|Shooter|Singleplayer|Story Rich,PASS,PASS,PASS,PASS,PENDING_EXTERNAL_CHECK
1812370,Little Goody Two Shoes,AstralShift,Square Enix,0.6119,Anchor,0.8106,0.3062,0.9414,0.3892,1310,0.9649,Overwhelmingly Positive,"50,000 .. 100,000",75000.0,11.99,False,True,True,True,2023,Adventure|RPG,1990's|2D|Adventure|Anime|Choices Matter|Controller|Dating Sim|Exploration|Female Protagonist|Horror|LGBTQ+|Multiple Endings|Mystery|Puzzle|RPG,PASS,PASS,PASS,PASS,PENDING_EXTERNAL_CHECK
385330,Stray Cat Crossing,"Jurlo, JetPackGone",Fridge,0.6117,Low-cost option,0.6964,0.4783,0.4252,0.8471,626,0.9313,Very Positive,"20,000 .. 50,000",35000.0,2.99,True,False,False,True,2015,Adventure|Indie,Adventure|Cats|Female Protagonist|Great Soundtrack|Horror|Indie|Pixel Graphics|Psychological Horror|Puzzle|RPGMaker|Story Rich|Surreal,PASS,PASS,PASS,PASS,PENDING_EXTERNAL_CHECK
2429240,Soulslinger: Envoy of Death,Elder Games,Headup,0.6116,Depth,0.5532,0.7921,0.6919,0.4094,312,0.7276,Mostly Positive,"0 .. 20,000",10000.0,10.79,True,False,False,True,2023,Action|Adventure|Early Access|Indie,3D|Action|Action Roguelike|Arena Shooter|Atmospheric|Boomer Shooter|Combat|Dark Fantasy|Dungeon Crawler|Early Access|FPS|Fantasy|First-Person|Perma Death|Roguelike,PASS,PASS,PASS,PASS,PENDING_EXTERNAL_CHECK
335190,200% Mixed Juice!,Orange_Juice,Fruitbat Factory,0.6116,Depth,0.7572,0.1884,0.8834,0.6174,898,0.7294,Mostly Positive,"100,000 .. 200,000",150000.0,6.99,True,False,True,True,2015,Adventure|Indie|RPG,2D|Adventure|Anime|Casual|Cute|Family Friendly|Indie|JRPG|Multiplayer|Psychological Horror|RPG|Singleplayer|Turn-Based|Visual Novel,PASS,PASS,PASS,PASS,PENDING_EXTERNAL_CHECK
640800,Skyfront VR,Levity Play,Levity Play,0.6116,Depth,0.3707,0.7921,0.8085,0.4752,149,0.7315,Mostly Positive,"0 .. 20,000",10000.0,9.99,True,False,True,False,2019,Action|Indie|Simulation,Action|Arena Shooter|Co-op|Competitive|Early Access|FPS|Fast-Paced|First-Person|Futuristic|Indie|Multiplayer|Online Co-Op|PvP|Sci-fi|Shooter,PASS,PASS,PASS,PASS,PENDING_EXTERNAL_CHECK
2777390,Store Simulator,lello game studio,lello game studio,0.6115,Low-cost option,0.1618,0.7921,0.645,0.8471,77,0.8961,Very Positive,"0 .. 20,000",10000.0,2.99,False,False,False,True,2024,Simulation,Choices Matter|Controller|Economy|Family Friendly|First-Person|Immersive Sim|Life Sim|Logic|Management|Open World|Physics|Resource Management|Simulation|Singleplayer|Survival,PASS,PASS,PASS,PASS,PENDING_EXTERNAL_CHECK
1648610,Malum,MalumGames,MalumGames,0.6115,Low-cost option,0.6804,0.3062,0.7344,0.7249,570,0.7614,Mostly Positive,"50,000 .. 100,000",75000.0,4.99,True,True,True,True,2021,Action|Adventure|Indie,Action|Action-Adventure|Adventure|Atmospheric|Co-op|Combat|Dark|Demons|Exploration|First-Person|Horror|Mystery|Mythology|Online Co-Op|Psychological Horror,PASS,PASS,PASS,PASS,PENDING_EXTERNAL_CHECK
1983220,Ugly,Team Ugly,Graffiti Games,0.6114,Depth,0.6044,0.7921,0.8869,0.1624,395,0.9595,Very Positive,"0 .. 20,000",10000.0,19.99,True,False,False,True,2023,Adventure|Indie,2D|2D Platformer|Action|Adventure|Atmospheric|Controller|Dark Humor|Emotional|Hand-drawn|Horror|Indie|Narrative|Platformer|Psychedelic|Psychological Horror,PASS,PASS,PASS,PASS,PENDING_EXTERNAL_CHECK
757320,Atomicrops,Bird Bath Games,Raw Fury,0.6112,Anchor,0.945,0.09,0.6308,0.7791,5223,0.923,Very Positive,"200,000 .. 500,000",350000.0,4.49,True,False,False,True,2020,Action|Indie,Action|Action Roguelike|Agriculture|Bullet Hell|Cats|Colorful|Combat|Farming Sim|Gun Customization|Indie|Open World|Perma Death|Pixel Graphics|PvE|Roguelike,PASS,PASS,PASS,PASS,PENDING_EXTERNAL_CHECK
925520,Welcome to Bummertown,Think Inside The Box,Think Inside The Box,0.6112,Low-cost option,0.2178,0.7921,0.5879,0.8471,91,0.8242,Very Positive,"0 .. 20,000",10000.0,2.99,True,False,False,True,2018,Adventure|Casual|Indie,2D|Adventure|Atmospheric|Bullet Hell|Casual|Comedy|Cute|Dark|Funny|Great Soundtrack|Horror|Indie|Memes|Mystery|Pixel Graphics,PASS,PASS,PASS,PASS,PENDING_EXTERNAL_CHECK
618850,Pumpkin Days,Pumpkin Interactive,Pumpkin Interactive,0.6111,Depth,0.6595,0.7921,0.9057,0.0871,512,0.8242,Very Positive,"0 .. 20,000",10000.0,24.99,True,True,True,True,2021,Casual|Indie|RPG|Simulation,Agriculture|Anime|Casual|Character Customization|Farming Sim|Indie|LGBTQ+|Multiplayer|RPG|Simulation,PASS,PASS,PASS,PASS,PENDING_EXTERNAL_CHECK
1714240,Soul Stalker,Radhood Advance,Radhood Publishing,0.6111,Low-cost option,0.1385,0.7921,0.7889,0.7249,72,0.7778,Mostly Positive,"0 .. 20,000",10000.0,4.99,False,False,True,True,2023,Action|Early Access,2D|Action|Action Roguelike|Bullet Hell|Co-op|Combat|Early Access|Local Co-Op|Local Multiplayer|Multiplayer|Retro|Roguelike|Roguelite|Shoot 'Em Up|Singleplayer,PASS,PASS,PASS,PASS,PENDING_EXTERNAL_CHECK
729370,-KLAUS-,La Cosa,La Cosa,0.6111,Low-cost option,0.2776,0.7921,0.6497,0.7249,109,0.8899,Very Positive,"0 .. 20,000",10000.0,4.99,True,False,False,True,2019,Adventure|Indie,2D|Adventure|Atmospheric|Beautiful|Casual|Comedy|Dark Comedy|Dark Humor|Design & Illustration|Experience|Experimental|Great Soundtrack|Hand-drawn|Indie|Platformer,PASS,PASS,PASS,PASS,PENDING_EXTERNAL_CHECK
741250,The Sand Man,Uri Games,PLAYISM,0.6111,Low-cost option,0.5252,0.4783,0.5937,0.8471,275,0.9418,Very Positive,"20,000 .. 50,000",35000.0,2.99,True,False,False,True,2018,Adventure|Casual|Indie,2D|Adventure|Anime|Atmospheric|Casual|Dark|Dark Fantasy|Fantasy|Female Protagonist|Horror|Indie|Multiple Endings|Pixel Graphics|Psychological Horror|RPG,PASS,PASS,PASS,PASS,PENDING_EXTERNAL_CHECK
200910,Before the Echo,Iridium Studios,,0.6111,Anchor,0.8206,0.1884,0.7102,0.7249,1414,0.8656,Very Positive,"100,000 .. 200,000",150000.0,4.99,True,False,False,True,2011,Indie|RPG,Comedy|Experimental|Funny|Great Soundtrack|Indie|Kickstarter|Music|RPG|Rhythm|Singleplayer,PASS,PASS,PASS,PASS,PENDING_EXTERNAL_CHECK
1291010,Warpips,Skirmish Mode Games,Daedalic Entertainment,0.6111,Anchor,0.9302,0.09,0.5527,0.8713,4230,0.8792,Very Positive,"200,000 .. 500,000",350000.0,2.71,True,False,False,True,2022,Action|Indie|Strategy,2.5D|3D|Action|Auto Battler|Base Building|Combat|Early Access|Indie|Pixel Graphics|RTS|Real Time Tactics|Resource Management|Singleplayer|Strategy|Stylized,PASS,PASS,PASS,PASS,PENDING_EXTERNAL_CHECK
46250,NecroVisioN: Lost Company,The Farm 51,Fulqrum Publishing,0.6109,Depth,0.6853,0.1884,0.9525,0.6174,587,0.707,Mostly Positive,"100,000 .. 200,000",150000.0,6.99,False,False,False,True,2010,Action,Action|Alternate History|Driving|FPS|Fantasy|First-Person|Gore|Historical|Horror|Multiplayer|Real-Time|Sci-fi|Shooter|Short|Singleplayer,PASS,PASS,PASS,PASS,PENDING_EXTERNAL_CHECK
2712580,南栀 Unwavering love,白露社,白露社,0.6109,Depth,0.7164,0.4783,0.6992,0.5498,703,0.9331,Very Positive,"20,000 .. 50,000",35000.0,8.99,True,False,False,True,2024,Adventure|Casual|Indie|RPG|Simulation,Adventure|Anime|Casual|Conversation|Cute|Dating Sim|Drama|Emotional|Female Protagonist|Indie|LGBTQ+|Multiple Endings|RPG|Romance|Simulation,PASS,PASS,PASS,PASS,PENDING_EXTERNAL_CHECK
1151130,Dark Chess,Tall Troll Games,"Tall Troll Games, Hawthorn Games",0.6108,Depth,0.412,0.7921,0.873,0.3662,173,0.8382,Very Positive,"0 .. 20,000",10000.0,12.99,True,False,True,True,2023,Indie|Strategy,2D|Artificial Intelligence|Board Game|Casual|Chess|Dark|Dark Fantasy|Multiplayer|Narration|Psychological Horror|Puzzle|PvP|Singleplayer|Strategy|Tabletop,PASS,PASS,PASS,PASS,PENDING_EXTERNAL_CHECK
531660,Exoplanet: First Contact,Alersteam,"GrabTheGames, UpgradePoint",0.6107,Depth,0.5566,0.7921,0.932,0.1624,317,0.7666,Mostly Positive,"0 .. 20,000",10000.0,19.99,False,False,False,True,2016,Action|Early Access|RPG,Action RPG|Atmospheric|Choices Matter|Choose Your Own Adventure|Crafting|Early Access|Exploration|Gun Customization|Lore-Rich|Mining|Nonlinear|Open World|Post-apocalyptic|PvE|RPG,PASS,PASS,PASS,PASS,PENDING_EXTERNAL_CHECK
325210,Arctico,"Claudio Norori, Antonio Vargas",,0.6107,Anchor,0.8443,0.1884,0.935,0.4752,1735,0.7262,Mostly Positive,"100,000 .. 200,000",150000.0,9.99,True,True,True,True,2022,Adventure|Casual|Indie,Adventure|Atmospheric|Base Building|Building|Casual|Co-op|Crafting|Dog|Exploration|First-Person|Indie|Multiplayer|Nature|Open World|Open World Survival Craft,PASS,PASS,PASS,PASS,PENDING_EXTERNAL_CHECK
1361000,In Silence,Ravenhood Games,Ravenhood Games,0.6107,Anchor,0.9823,0.0215,0.9636,0.4752,11606,0.7673,Mostly Positive,"500,000 .. 1,000,000",750000.0,9.99,False,True,True,True,2021,Action,Action|Adventure|Atmospheric|Co-op|Dark|First-Person|Gore|Horror|Multiplayer|Mystery|Online Co-Op|Psychological Horror|Puzzle|PvP|Singleplayer,PASS,PASS,PASS,PASS,PENDING_EXTERNAL_CHECK
2637990,Duck Detective: The Secret Salami,Happy Broccoli Games,Happy Broccoli Games,0.6106,Anchor,0.9171,0.3062,0.7441,0.4752,3614,0.9546,Overwhelmingly Positive,"50,000 .. 100,000",75000.0,9.99,True,False,False,True,2024,Adventure|Casual|Indie,2.5D|Adventure|Birds|Casual|Comedy|Cozy|Cute|Detective|Funny|Indie|Interactive Fiction|Investigation|Isometric|Mystery|Noir,PASS,PASS,PASS,PASS,PENDING_EXTERNAL_CHECK
1142220,Beat Aim - Rhythm FPS Trainer,Kamyker,Kamyker,0.6106,Depth,0.458,0.7921,0.8938,0.2985,209,0.9043,Very Positive,"0 .. 20,000",10000.0,14.99,True,False,True,True,2019,Action|Early Access|Indie|Simulation,Action|Asynchronous Multiplayer|Competitive|Difficult|Early Access|FPS|First-Person|Level Editor|Multiplayer|Music|Music-Based Procedural Generation|Procedural Generation|Rhythm|Shooter|Simulation,PASS,PASS,PASS,PASS,PENDING_EXTERNAL_CHECK
1730650,REQUISITION VR,Arcadia,Spheroom,0.6105,Depth,0.6255,0.7921,0.9703,0.0542,435,0.7057,Mostly Positive,"0 .. 20,000",10000.0,29.99,False,True,True,True,2023,Action|Adventure,Action|Adventure|Atmospheric|Co-op|Crafting|FPS|Gore|Horror|Looter Shooter|Multiplayer|Open World|Physics|Post-apocalyptic|Shooter|Singleplayer,PASS,PASS,PASS,PASS,PENDING_EXTERNAL_CHECK
394760,Dead Effect 2,"BadFly Interactive, a.s.",App Holdings,0.6105,Anchor,0.8723,0.1884,0.9921,0.3892,2235,0.7298,Mostly Positive,"100,000 .. 200,000",150000.0,11.99,True,True,True,True,2016,Action|Indie|RPG,Action|Co-op|Early Access|FPS|First-Person|Gore|Great Soundtrack|Horror|Indie|Loot|Multiplayer|Online Co-Op|Open World|PvP|RPG,PASS,PASS,PASS,PASS,PENDING_EXTERNAL_CHECK
21800,Tom Clancy's EndWar™,Ubisoft  Shanghaï,Ubisoft,0.6105,Low-cost option,0.7601,0.09,0.7447,0.8471,914,0.8074,Very Positive,"200,000 .. 500,000",350000.0,2.99,False,False,True,True,2009,Strategy,Military|Multiplayer|RTS|Singleplayer|Strategy|Tactical|Voice Control|War,PASS,PASS,PASS,PASS,PENDING_EXTERNAL_CHECK
1533050,Press Ctrl,Idan Rooze,Idan Rooze,0.6105,Low-cost option,0.659,0.3062,0.5774,0.8992,511,0.9002,Very Positive,"50,000 .. 100,000",75000.0,1.99,True,False,False,True,2021,Indie,2D|Atmospheric|Casual|Cute|Difficult|Family Friendly|Funny|Indie|Linear|Logic|Minimalist|Philosophical|Pixel Graphics|Psychological Horror|Puzzle,PASS,PASS,PASS,PASS,PENDING_EXTERNAL_CHECK
1182830,QT,Happy Snake,Happy Snake Games,0.6105,Depth,0.4905,0.7921,0.6842,0.4752,239,0.9623,Very Positive,"0 .. 20,000",10000.0,9.99,True,False,False,True,2020,Adventure|Casual|Indie,Adventure|Casual|Comedy|Cute|First-Person|Funny|Indie|Nature|Relaxing|Short|Singleplayer|Walking Simulator|Wholesome,PASS,PASS,PASS,PASS,PENDING_EXTERNAL_CHECK
1511870,末日竟在我身边 - Zombies Everywhere,LU QI,LU QI,0.6105,Low-cost option,0.1661,0.7921,0.5258,0.9579,78,0.8205,Very Positive,"0 .. 20,000",10000.0,0.99,True,False,False,True,2021,Adventure|Indie|RPG,Adventure|Casual|Choices Matter|Controller|Cute|Drama|Exploration|Indie|Memes|Multiple Endings|Old School|Pixel Graphics|Post-apocalyptic|Puzzle|RPG,PASS,PASS,PASS,PASS,PENDING_EXTERNAL_CHECK
1339380,Kabukicho Story,"Mustella Games, KuKo",KuKo,0.6104,Low-cost option,0.1743,0.7921,0.4796,0.9957,80,0.75,Mostly Positive,"0 .. 20,000",10000.0,0.49,False,False,False,True,2020,Adventure,Adventure|Anime|Atmospheric|Beautiful|Colorful|Conversation|Historical|JRPG|Mystery|Pixel Graphics|RPGMaker|Romance|Singleplayer|Walking Simulator,PASS,PASS,PASS,PASS,PENDING_EXTERNAL_CHECK
680830,Wait! Life is beautiful!,[DRAMATIC MUSIC PLAYS],GameNet,0.6104,Low-cost option,0.4931,0.7921,0.4317,0.7249,241,0.7427,Mostly Positive,"0 .. 20,000",10000.0,4.99,True,False,False,True,2020,Adventure|Casual|Indie,2D|Addictive|Adventure|Atmospheric|Casual|Difficult|Dystopian|Great Soundtrack|Indie|Multiple Endings|Pixel Graphics|Point & Click|Political|Puzzle|Replay Value,PASS,PASS,PASS,PASS,PENDING_EXTERNAL_CHECK
2010830,Your Love Story 被你忘记的那个夏天,"Mingyu Information Technology Shanghai Co., Ltd.","Mingyu Information Technology Shanghai Co., Ltd.",0.6102,Low-cost option,0.3643,0.7921,0.3852,0.8992,146,0.8425,Very Positive,"0 .. 20,000",10000.0,1.99,True,False,False,True,2022,Casual|Indie|RPG,2D|Anime|Casual|Cinematic|Comic Book|Cute|Dating Sim|Drama|Idler|Immersive Sim|Indie|Interactive Fiction|RPG|Romance|Singleplayer,PASS,PASS,PASS,PASS,PENDING_EXTERNAL_CHECK
409560,Run Rabbit Run,FLAT12,Absolutist Ltd.,0.6101,Low-cost option,0.2072,0.7921,0.6417,0.7993,88,0.8068,Very Positive,"0 .. 20,000",10000.0,3.99,True,False,False,True,2016,Action|Adventure|Indie|Simulation,2D|2D Platformer|Action|Action-Adventure|Adventure|Comic Book|Controller|Dark|Difficult|Early Access|Fantasy|Gore|Indie|Platformer|Psychological Horror,PASS,PASS,PASS,PASS,PENDING_EXTERNAL_CHECK
760640,Tennis Elbow 4,Mana Games,Mana Games,0.61,Depth,0.6677,0.7921,0.8757,0.1047,531,0.9397,Very Positive,"0 .. 20,000",10000.0,23.99,True,True,True,True,2021,Early Access|Indie|Simulation|Sports,1980s|1990's|3D|4 Player Local|Co-op|Early Access|Indie|Local Co-Op|Local Multiplayer|Modern|Multiplayer|Online Co-Op|PvP|Realistic|Simulation,PASS,PASS,PASS,PASS,PENDING_EXTERNAL_CHECK
1502380,Combat Mission Black Sea,Battlefront,Slitherine Ltd.,0.61,Depth,0.6505,0.7921,0.9918,0.0057,491,0.8452,Very Positive,"0 .. 20,000",10000.0,59.99,False,False,True,True,2021,Simulation|Strategy,3D|Atmospheric|Combat|Cyberpunk|Historical|Local Multiplayer|Military|Modern|Multiplayer|PvP|Realistic|Simulation|Singleplayer|Strategy|Tactical,PASS,PASS,PASS,PASS,PENDING_EXTERNAL_CHECK
1546060,My Summer Adventure: Memories of Another Life,Alkinoy,101XP,0.61,Depth,0.2832,0.7921,0.7871,0.5776,111,0.9009,Very Positive,"0 .. 20,000",10000.0,7.99,True,False,False,True,2023,Adventure|Casual|Indie|Simulation,Adventure|Anime|Atmospheric|Choices Matter|Colorful|Cute|Drama|Emotional|Funny|Indie|Interactive Fiction|Multiple Endings|Narrative|Psychological|Romance,PASS,PASS,PASS,PASS,PENDING_EXTERNAL_CHECK
605920,VOLTED,Betterburg,Betterburg,0.6099,Low-cost option,0.3788,0.7921,0.5439,0.7249,153,0.8431,Very Positive,"0 .. 20,000",10000.0,4.99,True,True,True,True,2018,Action|Indie|Racing|Simulation,Action|Automobile Sim|Co-op|Colorful|Early Access|Fast-Paced|Funny|Gore|Indie|MOBA|Mechs|Procedural Generation|Racing|Replay Value|Retro,PASS,PASS,PASS,PASS,PENDING_EXTERNAL_CHECK
446840,Splasher,Splashteam,Dear Villagers,0.6098,Anchor,0.7803,0.3062,0.4272,0.9255,1061,0.9274,Very Positive,"50,000 .. 100,000",75000.0,1.49,True,False,False,True,2017,Action|Indie,2D|Action|Cartoon|Controller|Difficult|Funny|Great Soundtrack|Indie|Platformer|Singleplayer,PASS,PASS,PASS,PASS,PENDING_EXTERNAL_CHECK
2820800,Night Bus,Liquid Static Studio,Liquid Static Studio,0.6097,Low-cost option,0.3768,0.7921,0.5452,0.7249,152,0.8816,Very Positive,"0 .. 20,000",10000.0,4.99,True,False,False,True,2024,Adventure|Indie,1990's|3D|Adventure|Atmospheric|Dark|Driving|First-Person|Horror|Indie|Interactive Fiction|Jump Scare|Linear|Multiple Endings|Psychological Horror|Retro,PASS,PASS,PASS,PASS,PENDING_EXTERNAL_CHECK
2295610,Abathor,Pow Pixel Games,JanduSoft,0.6097,Depth,0.4041,0.7921,0.9442,0.2985,168,0.8988,Very Positive,"0 .. 20,000",10000.0,14.99,True,True,True,True,2024,Action|Adventure|Indie,2D|2D Platformer|Action|Adventure|Co-op|Difficult|Funny|Hack and Slash|Indie|Local Co-Op|Local Multiplayer|Multiplayer|Old School|Pixel Graphics|Platformer,PASS,PASS,PASS,PASS,PENDING_EXTERNAL_CHECK
3036880,Panic In The Woods,Exit Plan Games,Exit Plan Games,0.6097,Depth,0.1078,0.7921,0.8844,0.6546,66,0.803,Very Positive,"0 .. 20,000",10000.0,5.99,False,True,True,True,2024,Action|Casual,Action|Action-Adventure|Atmospheric|Casual|Co-op|Controller|Exploration|Horror|Multiplayer|Online Co-Op|Singleplayer|Survival|Survival Horror|Third Person,PASS,PASS,PASS,PASS,PENDING_EXTERNAL_CHECK
1327820,The Lost Art of Innkeeping,SeaPhoenix,SeaPhoenix,0.6097,Low-cost option,0.2743,0.7921,0.6475,0.7249,108,0.9907,Very Positive,"0 .. 20,000",10000.0,4.99,True,False,False,True,2020,Adventure|Indie|Simulation,2D|Adventure|Casual|Choices Matter|Cute|Family Friendly|Female Protagonist|Indie|Management|Multiple Endings|Mystery|Pixel Graphics|Point & Click|RPGMaker|Relaxing,PASS,PASS,PASS,PASS,PENDING_EXTERNAL_CHECK
3024540,ГОООООООЛ!,Lohsoft,Lohsoft,0.6097,Low-cost option,0.699,0.4783,0.3337,0.9276,635,0.9543,Overwhelmingly Positive,"20,000 .. 50,000",35000.0,1.43,True,False,False,True,2024,Casual|Indie,2D|Action|Card Game|Casual|Colorful|Comedy|Dark Humor|Fast-Paced|Funny|Hand-drawn|Horror|Indie|Linear|Memes|Parody,PASS,PASS,PASS,PASS,PENDING_EXTERNAL_CHECK
1108000,Children of Silentown,"Elf Games, Luna2 Studio",Daedalic Entertainment,0.6096,Anchor,0.7875,0.3062,0.7673,0.5776,1110,0.8667,Very Positive,"50,000 .. 100,000",75000.0,7.99,True,False,False,True,2023,Adventure|Indie,2D|Adventure|Atmospheric|Beautiful|Cartoony|Colorful|Dark|Female Protagonist|Hand-drawn|Horror|Indie|Multiple Endings|Mystery|Point & Click|Psychological Horror,PASS,PASS,PASS,PASS,PENDING_EXTERNAL_CHECK
1126890,Urban Cards,Hues Games,Hues Games,0.6096,Depth,0.4133,0.7921,0.9344,0.2985,174,0.7874,Mostly Positive,"0 .. 20,000",10000.0,14.99,True,False,True,True,2021,Indie|Strategy,Capitalism|Card Battler|Card Game|Colorful|Deckbuilding|Economy|Funny|Indie|Multiplayer|Procedural Generation|PvP|Replay Value|Roguelike|Roguelike Deckbuilder|Roguelite,PASS,PASS,PASS,PASS,PENDING_EXTERNAL_CHECK
874260,The Forgotten City,Modern Storyteller,Dear Villagers,0.6096,Anchor,0.9781,0.0215,0.8796,0.559,10449,0.9602,Overwhelmingly Positive,"500,000 .. 1,000,000",750000.0,8.74,True,False,False,True,2021,Adventure|Indie|RPG,Adventure|Atmospheric|Choices Matter|Exploration|Fantasy|First-Person|Great Soundtrack|Indie|Investigation|Multiple Endings|Mystery|Open World|Philosophical|RPG|Remake,PASS,PASS,PASS,PASS,PENDING_EXTERNAL_CHECK
1325900,Demon Turf: Queens Edition,Fabraz,Playtonic Friends,0.6096,Depth,0.7079,0.7921,0.884,0.0542,668,0.8054,Very Positive,"0 .. 20,000",10000.0,29.99,True,False,False,True,2021,Adventure|Indie,2.5D|3D Platformer|Action-Adventure|Adventure|Anime|Collectathon|Colorful|Combat|Comedy|Cute|Demons|Exploration|Female Protagonist|Funny|Pixel Graphics,PASS,PASS,PASS,PASS,PENDING_EXTERNAL_CHECK
2497920,A Difficult Game About Climbing,Pontypants,Pontypants,0.6095,Anchor,0.9207,0.1884,0.7115,0.6174,3757,0.8802,Very Positive,"100,000 .. 200,000",150000.0,6.99,False,False,False,True,2024,Action|Adventure,2.5D|2D|Action|Adventure|Casual|Comedy|Dark Humor|Difficult|Funny|Horror|Philosophical|Physics|Platformer|Precision Platformer|Psychological Horror,PASS,PASS,PASS,PASS,PENDING_EXTERNAL_CHECK
2920570,Dale & Dawson Stationery Supplies,Striped Panda Studios,Striped Panda Studios,0.6095,Anchor,0.9328,0.0215,0.9058,0.5776,4350,0.9274,Very Positive,"500,000 .. 1,000,000",750000.0,7.99,False,True,True,False,2024,Casual|RPG|Strategy,1990's|3D|Casual|Character Customization|Co-op|Comedy|First-Person|Funny|Multiplayer|Online Co-Op|Party-Based RPG|Politics|PvP|RPG|Singleplayer,PASS,PASS,PASS,PASS,PENDING_EXTERNAL_CHECK
2722360,Escape Memoirs: Safe House,0 Deer Soft,0 Deer Soft Partnership,0.6094,Depth,0.3381,0.7921,0.8325,0.4752,133,0.9398,Very Positive,"0 .. 20,000",10000.0,9.99,True,True,True,True,2024,Adventure|Casual|Indie,3D|Adventure|Atmospheric|Casual|Co-op|Detective|Escape Room|Exploration|First-Person|Hidden Object|Investigation|Linear|Logic|Multiplayer|Mystery,PASS,PASS,PASS,PASS,PENDING_EXTERNAL_CHECK
1259510,Venge,Ekrcoaster,Ekrcoaster,0.6094,Low-cost option,0.5816,0.3062,0.6505,0.8992,357,0.9356,Very Positive,"50,000 .. 100,000",75000.0,1.99,True,False,False,True,2020,Action|Adventure|Indie,Action|Action-Adventure|Adventure|Atmospheric|Choices Matter|Dark|Exploration|First-Person|Horror|Indie|Interactive Fiction|Minigames|Multiple Endings|Music|Singleplayer,PASS,PASS,PASS,PASS,PENDING_EXTERNAL_CHECK
1750570,Subway Midnight,Bubby Darkstar,Aggro Crab,0.6093,Anchor,0.7775,0.1884,0.7465,0.7249,1035,0.8145,Very Positive,"100,000 .. 200,000",150000.0,4.99,True,False,False,True,2021,Adventure|Indie,Abstract|Adventure|Atmospheric|Cartoony|Choices Matter|Colorful|Cute|Exploration|Female Protagonist|Hand-drawn|Horror|Multiple Endings|Psychedelic|Psychological Horror|Puzzle,PASS,PASS,PASS,PASS,PENDING_EXTERNAL_CHECK
2088360,Watch Your Plastic Duck,NewOldMax,NewOldMax,0.6093,Low-cost option,0.4103,0.7921,0.3357,0.8992,172,0.9535,Very Positive,"0 .. 20,000",10000.0,1.99,True,False,False,True,2022,Casual|Indie|Simulation,2D|6DOF|Atmospheric|Casual|Collectathon|Colorful|Comedy|Cute|Family Friendly|Funny|Idler|Immersive Sim|Memes|Modern|Pixel Graphics,PASS,PASS,PASS,PASS,PENDING_EXTERNAL_CHECK
1584830,Duck Creator,Weakfish Studio,Weakfish Studio,0.6093,Low-cost option,0.4746,0.7921,0.184,0.9863,223,0.9462,Very Positive,"0 .. 20,000",10000.0,0.79,True,False,False,True,2021,Casual|Indie|Simulation,3D|Building|Casual|Character Customization|Clicker|Colorful|Cute|Early Access|Funny|Immersive Sim|Indie|Management|Memes|Multiple Endings|Pixel Graphics,PASS,PASS,PASS,PASS,PENDING_EXTERNAL_CHECK
685400,Skelly Selest,caiys,caiysware,0.6092,Low-cost option,0.528,0.4783,0.7058,0.7249,278,0.946,Very Positive,"20,000 .. 50,000",35000.0,4.99,True,False,False,True,2018,Action|Indie,2D|Action|Action Roguelike|Adventure|Atmospheric|Card Game|Difficult|Dungeon Crawler|GameMaker|Great Soundtrack|Hack and Slash|Indie|Perma Death|Pixel Graphics|Procedural Generation,PASS,PASS,PASS,PASS,PENDING_EXTERNAL_CHECK
1029760,TANKNAROK,Polyblock Studio,Polyblock Studio,0.6092,Depth,0.286,0.7921,0.7043,0.6546,112,0.9107,Very Positive,"0 .. 20,000",10000.0,5.99,True,False,True,True,2020,Action|Indie,4 Player Local|Action|Arcade|Arena Shooter|Fast-Paced|Funny|Great Soundtrack|Indie|Local Multiplayer|Multiplayer|PvP|Retro|Shooter|Tanks|Top-Down,PASS,PASS,PASS,PASS,PENDING_EXTERNAL_CHECK
390220,Toilet Tycoon,Anvil-Soft,"Anvil-Soft, Plug In Digital",0.6092,Low-cost option,0.4362,0.7921,0.2241,0.9845,192,0.7188,Mostly Positive,"0 .. 20,000",10000.0,0.84,True,False,True,True,2015,Indie|Simulation,Horror|Indie|Management|Psychological Horror|Simulation,PASS,PASS,PASS,PASS,PENDING_EXTERNAL_CHECK
993790,Ancient Enemy,Grey Alien Games,Grey Alien Games,0.6092,Depth,0.643,0.7921,0.7031,0.2985,473,0.8922,Very Positive,"0 .. 20,000",10000.0,14.99,True,False,False,True,2020,Indie|RPG|Strategy,Adventure|CRPG|Card Battler|Card Game|Casual|Character Customization|Comic Book|Deckbuilding|Fantasy|Historical|Post-apocalyptic|Puzzle|RPG|Singleplayer|Solitaire,PASS,PASS,PASS,PASS,PENDING_EXTERNAL_CHECK
467820,Zero G Arena,Jonathan Wood,Jonathan Wood,0.6091,Depth,0.7193,0.4783,0.7636,0.4752,716,0.8939,Very Positive,"20,000 .. 50,000",35000.0,9.99,True,False,True,False,2018,Action|Indie,Action|Arena Shooter|Early Access|Funny|Indie|Multiplayer|Physics|Third Person|Third-Person Shooter,PASS,PASS,PASS,PASS,PENDING_EXTERNAL_CHECK
2103020,Frightened,Entry Studios,Entry Studios,0.6089,Low-cost option,0.0363,0.7921,0.8823,0.7249,54,0.7407,Mostly Positive,"0 .. 20,000",10000.0,4.99,True,True,True,True,2023,Action|Adventure|Early Access|Indie,Action|Adventure|Atmospheric|Co-op|Dark|Demons|Difficult|Early Access|First-Person|Gore|Horror|Indie|Multiplayer|Online Co-Op|Psychological Horror,PASS,PASS,PASS,PASS,PENDING_EXTERNAL_CHECK
1982340,Blanc,Casus Ludi,Gearbox Publishing,0.6089,Depth,0.7318,0.4783,0.927,0.2985,771,0.7678,Mostly Positive,"20,000 .. 50,000",35000.0,14.99,True,True,True,False,2023,Adventure|Indie,3D|Adventure|Atmospheric|Casual|Co-op|Cute|Emotional|Exploration|Family Friendly|Hand-drawn|Indie|Local Co-Op|Local Multiplayer|Multiplayer|Music,PASS,PASS,PASS,PASS,PENDING_EXTERNAL_CHECK
671640,Deadburg,Reanimated Games,Reanimated Games,0.6088,Depth,0.2714,0.7921,0.7943,0.5776,107,0.8879,Very Positive,"0 .. 20,000",10000.0,7.99,False,True,True,True,2022,Action|Adventure,3D|Action|Adventure|Base Building|Building|Co-op|Controller|Crafting|FPS|Multiplayer|Online Co-Op|PvE|Sandbox|Singleplayer|Survival,PASS,PASS,PASS,PASS,PENDING_EXTERNAL_CHECK
963710,Lost in Vivo,KIRA,KIRA,0.6088,Anchor,0.9109,0.3062,0.8289,0.3892,3332,0.9286,Very Positive,"50,000 .. 100,000",75000.0,11.99,True,False,False,True,2018,Indie,Atmospheric|FPS|First-Person|Great Soundtrack|Horror|Indie|Lovecraftian|Mature|Multiple Endings|Psychological|Psychological Horror|Retro|Shooter|Singleplayer|Soundtrack,PASS,PASS,PASS,PASS,PENDING_EXTERNAL_CHECK
503350,White Noise 2,Milkstone Studios,Milkstone Studios,0.6088,Anchor,0.8972,0.09,0.9726,0.4752,2837,0.7959,Mostly Positive,"200,000 .. 500,000",350000.0,9.99,True,True,True,True,2017,Action|Adventure|Indie|Strategy,Action|Adventure|Atmospheric|Co-op|Exploration|FPS|First-Person|Funny|Horror|Indie|Investigation|Multiplayer|Online Co-Op|Psychological Horror|Replay Value,PASS,PASS,PASS,PASS,PENDING_EXTERNAL_CHECK
492180,Haimrik,Below the Game,Fulqrum Publishing,0.6088,Depth,0.5231,0.7921,0.6448,0.4752,273,0.8388,Very Positive,"0 .. 20,000",10000.0,9.99,True,False,False,True,2018,Action|Adventure|Indie,2D|Action|Action-Adventure|Adventure|Cartoon|Cartoony|Exploration|Gore|Hand-drawn|Horror|Indie|Old School|Platformer|Puzzle|Side Scroller,PASS,PASS,PASS,PASS,PENDING_EXTERNAL_CHECK
2093910,Time Walker: Dark World,Heartfun,"Leyo Games, 2P Games",0.6087,Anchor,0.8109,0.1884,0.7107,0.7249,1312,0.872,Very Positive,"100,000 .. 200,000",150000.0,4.99,True,False,False,True,2023,Indie|Strategy,2D|Anime|Auto Battler|Character Customization|Choices Matter|Dungeon Crawler|Early Access|Fantasy|Indie|Medieval|Pixel Graphics|Resource Management|Roguelike|Roguelite|Singleplayer,PASS,PASS,PASS,PASS,PENDING_EXTERNAL_CHECK
777240,Tren0,Bubble,INDIECN,0.6087,Low-cost option,0.5318,0.3062,0.7254,0.8715,283,0.7491,Mostly Positive,"50,000 .. 100,000",75000.0,2.69,True,False,False,True,2018,Adventure|Casual|Indie|RPG,2D|Atmospheric|Difficult|Drama|Fantasy|Great Soundtrack|Horror|Interactive Fiction|Multiple Endings|Pixel Graphics|Psychological Horror|Puzzle|RPG|RPGMaker|Simulation,PASS,PASS,PASS,PASS,PENDING_EXTERNAL_CHECK
385240,Ultimate Arena,Triverske,Triverske,0.6087,Low-cost option,0.7674,0.1884,0.754,0.7249,962,0.8119,Very Positive,"100,000 .. 200,000",150000.0,4.99,False,False,False,True,2016,Simulation,2D|Alternate History|Casual|Comedy|Cute|Funny|God Game|Horror|Indie|Level Editor|Moddable|Pixel Graphics|Political Sim|Procedural Generation|Psychological Horror,PASS,PASS,PASS,PASS,PENDING_EXTERNAL_CHECK
395200,Ben and Ed,Sluggerfly,Sluggerfly,0.6086,Anchor,0.919,0.09,0.9503,0.4752,3675,0.8234,Very Positive,"200,000 .. 500,000",350000.0,9.99,True,False,False,True,2015,Action|Adventure|Indie,3D Platformer|Action|Adventure|Blood|Co-op|Comedy|Dark Humor|Difficult|Funny|Gore|Great Soundtrack|Horror|Indie|Multiplayer|Parkour,PASS,PASS,PASS,PASS,PENDING_EXTERNAL_CHECK
1620720,The Forest Quartet,Mads &amp; Friends,Bedtime Digital Games,0.6086,Depth,0.5334,0.7921,0.6337,0.4752,285,0.9439,Very Positive,"0 .. 20,000",10000.0,9.99,True,False,False,True,2022,Adventure|Indie,3D|Atmospheric|Colorful|Controller|Emotional|Exploration|Female Protagonist|Indie|Isometric|Linear|Minimalist|Music|Mystery|Narration|Philosophical,PASS,PASS,PASS,PASS,PENDING_EXTERNAL_CHECK
343780,Cat Goes Fishing,Cat5Games,Luden.io,0.6086,Anchor,0.9843,0.0215,0.8111,0.6174,12554,0.9418,Very Positive,"500,000 .. 1,000,000",750000.0,6.99,True,False,False,True,2015,Casual|Indie|Simulation,2D|Action|Adventure|Arcade|Casual|Cats|Cute|Difficult|Family Friendly|Fishing|Funny|Indie|Multiplayer|Nature|Psychological Horror,PASS,PASS,PASS,PASS,PENDING_EXTERNAL_CHECK
703320,Hidden & Dangerous 2: Courage Under Fire,Illusion Softworks,2K,0.6085,Depth,0.739,0.3062,0.9138,0.4752,802,0.9539,Overwhelmingly Positive,"50,000 .. 100,000",75000.0,9.99,False,False,False,True,2017,Action|Strategy,Action|Classic|Co-op|FPS|First-Person|Multiplayer|Shooter|Singleplayer|Stealth|Strategy|Tactical|Third-Person Shooter|War|World War II,PASS,PASS,PASS,PASS,PENDING_EXTERNAL_CHECK
809310,Sipho,All Parts Connected,All Parts Connected,0.6085,Depth,0.5532,0.7921,0.8614,0.2271,312,0.8526,Very Positive,"0 .. 20,000",10000.0,17.99,True,False,False,True,2023,Action|Indie|Simulation|Strategy,Action|Action Roguelike|Atmospheric|Building|Dark Fantasy|Early Access|Indie|Level Editor|Nature|Perma Death|Physics|Real-Time with Pause|Roguelite|Sandbox|Sci-fi,PASS,PASS,PASS,PASS,PENDING_EXTERNAL_CHECK
357340,Cobalt,Oxeye Game Studio,Mojang,0.6084,Depth,0.7126,0.4783,0.9442,0.2985,686,0.9242,Very Positive,"20,000 .. 50,000",35000.0,14.99,True,True,True,True,2016,Action|Adventure|Indie,2D|4 Player Local|Action|Adventure|Bullet Time|Co-op|Controller|Fast-Paced|Funny|Indie|Level Editor|Local Co-Op|Local Multiplayer|Multiplayer|Platformer,PASS,PASS,PASS,PASS,PENDING_EXTERNAL_CHECK
619880,ATOMEGA,"Reflections, a Ubisoft Studio",Ubisoft,0.6083,Anchor,0.8341,0.3062,0.8176,0.4752,1588,0.7601,Mostly Positive,"50,000 .. 100,000",75000.0,9.99,True,False,True,False,2017,Action|Indie,Action|FPS|First-Person|Indie|Multiplayer|PvP|Shooter,PASS,PASS,PASS,PASS,PENDING_EXTERNAL_CHECK
527700,Containment Initiative,Gwyn Games,Gwyn Games,0.6082,Depth,0.6639,0.4783,0.8155,0.4752,523,0.8987,Very Positive,"20,000 .. 50,000",35000.0,9.99,True,True,True,True,2017,Action|Indie,Action|Arcade|Asymmetric VR|Atmospheric|Blood|Co-op|Combat|FPS|First-Person|Gun Customization|Horror|Local Co-Op|Local Multiplayer|Multiplayer|Realistic,PASS,PASS,PASS,PASS,PENDING_EXTERNAL_CHECK
1265220,Cauldrons of War - Barbarossa,Maestro Cinetik,Gaming at Work,0.6082,Depth,0.3929,0.7921,0.9493,0.2985,161,0.9068,Very Positive,"0 .. 20,000",10000.0,14.99,False,False,True,True,2020,Simulation|Strategy,2D|Asynchronous Multiplayer|Grand Strategy|Historical|Indie|Local Multiplayer|Multiplayer|PvP|Real Time Tactics|Simulation|Singleplayer|Strategy|Text-Based|Turn-Based|Turn-Based Combat,PASS,PASS,PASS,PASS,PENDING_EXTERNAL_CHECK
2159210,Just a To the Moon Series Beach Episode,Freebird Games,Freebird Games,0.6082,Anchor,0.8474,0.1884,0.8192,0.5776,1784,0.9809,Overwhelmingly Positive,"100,000 .. 200,000",150000.0,7.99,True,False,False,True,2024,Adventure|Indie|RPG,2D|Adventure|Atmospheric|Cinematic|Dating Sim|Emotional|Funny|Indie|JRPG|Linear|Narration|Narrative|Pixel Graphics|Point & Click|RPG,PASS,PASS,PASS,PASS,PENDING_EXTERNAL_CHECK
2613060,My Recycling Center,Darius Bode,Darius Bode,0.6081,Depth,0.626,0.7921,0.716,0.2985,436,0.7156,Mostly Positive,"0 .. 20,000",10000.0,14.99,True,False,False,True,2024,Indie|Simulation,3D|Automobile Sim|Building|Casual|Controller|Economy|Education|Family Friendly|Farming Sim|First-Person|Immersive Sim|Life Sim|Management|Nonlinear|Physics,PASS,PASS,PASS,PASS,PENDING_EXTERNAL_CHECK
2710320,THE DESCENT,Celeritas Games,Celeritas Games,0.6081,Depth,0.3076,0.7921,0.7552,0.5776,120,0.8333,Very Positive,"0 .. 20,000",10000.0,7.99,True,False,False,True,2024,Indie|Simulation,Atmospheric|Casual|First-Person|Horror|Indie|Linear|Mystery|Realistic|Simulation|Singleplayer|Thriller|Walking Simulator,PASS,PASS,PASS,PASS,PENDING_EXTERNAL_CHECK
364930,Koi-Koi Japan [Hanafuda playing cards],Zoo Corporation,Zoo Corporation,0.6081,Anchor,0.7883,0.3062,0.6129,0.7249,1117,0.9248,Very Positive,"50,000 .. 100,000",75000.0,4.99,False,False,True,True,2015,Casual,2D|2D Platformer|Anime|Board Game|Card Battler|Card Game|Cartoon|Casual|Colorful|Competitive|Cute|Multiplayer|Old School|Puzzle|PvP,PASS,PASS,PASS,PASS,PENDING_EXTERNAL_CHECK
967250,DOKA 2 KISHKI EDITION,Agafonoff,Agafonoff,0.6081,Anchor,0.9151,0.0215,0.5378,0.9579,3532,0.8412,Very Positive,"500,000 .. 1,000,000",750000.0,0.99,True,False,False,True,2018,Action|Adventure|Casual|Indie|RPG|Simulation,Action|Adventure|Atmospheric|Casual|Dark|Dark Humor|Difficult|FPS|Funny|Gore|Great Soundtrack|Indie|Mature|Memes|RPG,PASS,PASS,PASS,PASS,PENDING_EXTERNAL_CHECK
339040,Disney's Chicken Little,Avalanche Software,Disney,0.6081,Depth,0.6986,0.3062,0.9523,0.4752,634,0.7035,Mostly Positive,"50,000 .. 100,000",75000.0,9.99,False,False,False,True,2015,Action|Adventure,3D Platformer|Action|Adventure|Anime|Atmospheric|Blood|Comedy|Crime|Cult Classic|Dark Humor|Family Friendly|Funny|Great Soundtrack|Open World|Platformer,PASS,PASS,PASS,PASS,PENDING_EXTERNAL_CHECK
1972710,Ever Seen A Cat? 2,EverCats,EverCats,0.608,Low-cost option,0.6197,0.7921,0.1212,0.8992,421,0.9834,Very Positive,"0 .. 20,000",10000.0,1.99,False,False,False,True,2022,Casual,2D|Cartoony|Casual|Cats|Clicker|Colorful|Cozy|Cute|Family Friendly|Hand-drawn|Hidden Object|Mouse only|Point & Click|Relaxing|Singleplayer,PASS,PASS,PASS,PASS,PENDING_EXTERNAL_CHECK
600460,Dustwind,Dustwind Studios,"Z-Software GmbH, Dustwind Studios",0.608,Depth,0.5732,0.7921,0.9796,0.0871,343,0.7638,Mostly Positive,"0 .. 20,000",10000.0,24.99,True,True,True,True,2018,Action|Indie|Strategy,Action|Action RPG|Atmospheric|Character Customization|Dystopian|Female Protagonist|Gore|Indie|Isometric|Level Editor|Moddable|Multiplayer|Post-apocalyptic|Real Time Tactics|Real-Time with Pause,PASS,PASS,PASS,PASS,PENDING_EXTERNAL_CHECK
2730890,Bread around bread around bread around bread,Mystael studio,Mystael studio,0.608,Low-cost option,0.2714,0.7921,0.4106,0.9579,107,0.8224,Very Positive,"0 .. 20,000",10000.0,0.99,True,False,False,True,2023,Adventure|Indie,Adventure|Atmospheric|Indie|Minimalist|Multiple Endings|Narration|Philosophical|Pixel Graphics|Psychedelic|Psychological Horror|Quick-Time Events|Singleplayer|Story Rich|Visual Novel,PASS,PASS,PASS,PASS,PENDING_EXTERNAL_CHECK
1686540,my fluffy life,middlepot,middlepot,0.608,Low-cost option,0.2714,0.7921,0.5474,0.8211,107,0.8411,Very Positive,"0 .. 20,000",10000.0,3.49,False,False,True,True,2021,Casual|Simulation,2D|Artificial Intelligence|Asynchronous Multiplayer|Casual|Character Customization|Clicker|Conversation|Cute|Family Friendly|Life Sim|Multiplayer|Open World|Point & Click|Relaxing|Simulation,PASS,PASS,PASS,PASS,PENDING_EXTERNAL_CHECK
2286780,Aeruta,FromDawn Games,"GRAVITY GAME ARISE Co., Ltd.",0.6079,Depth,0.5402,0.7921,0.8007,0.2985,293,0.8703,Very Positive,"0 .. 20,000",10000.0,14.99,True,False,False,True,2024,Action|Adventure|Early Access|Indie|RPG,2D|2D Platformer|Action|Action-Adventure|Adventure|Anime|Casual|Character Action Game|Cooking|Cute|Early Access|Female Protagonist|Funny|Indie|Management,PASS,PASS,PASS,PASS,PENDING_EXTERNAL_CHECK
1465260,Cyberpunk SFX,Whale Rock Games,Whale Rock Games,0.6079,Low-cost option,0.3076,0.7921,0.4026,0.9292,120,0.7833,Mostly Positive,"0 .. 20,000",10000.0,1.24,True,False,False,True,2020,Action|Adventure|Early Access|Indie|Simulation,3D Fighter|Action|Action-Adventure|Adventure|Arena Shooter|Atmospheric|Character Action Game|Cinematic|Comedy|Cyberpunk|Early Access|Fighting|Noir|Robots|Sci-fi,PASS,PASS,PASS,PASS,PENDING_EXTERNAL_CHECK
916050,Clocker,熊孩子工作室,indienova,0.6078,Low-cost option,0.5127,0.4783,0.7155,0.7249,261,0.8314,Very Positive,"20,000 .. 50,000",35000.0,4.99,True,False,False,True,2019,Adventure|Indie|RPG,2D|2D Platformer|Adventure|Cartoony|Cute|Drama|Emotional|Hand-drawn|Indie|Multiple Endings|Platformer|Puzzle|Puzzle Platformer|RPG|Retro,PASS,PASS,PASS,PASS,PENDING_EXTERNAL_CHECK
1226020,机忆,futurelovegame,futurelovegame,0.6078,Low-cost option,0.1661,0.7921,0.5152,0.9579,78,0.7179,Mostly Positive,"0 .. 20,000",10000.0,0.99,True,False,False,True,2020,Casual|Indie,2D Platformer|Anime|Casual|Cute|Cyberpunk|Dating Sim|Emotional|Futuristic|Indie|Interactive Fiction|Multiple Endings|Mystery|Robots|Romance|Sci-fi,PASS,PASS,PASS,PASS,PENDING_EXTERNAL_CHECK
1010750,Blood™ Fresh Supply,"Nightdive Studios, Monolith Productions",Atari,0.6078,Anchor,0.9597,0.0215,0.9747,0.4752,6690,0.9574,Overwhelmingly Positive,"500,000 .. 1,000,000",750000.0,9.99,False,True,True,True,2019,Action,1990's|2.5D|4 Player Local|Action|Atmospheric|Co-op|Co-op Campaign|Dark|FPS|First-Person|Horror|Local Co-Op|Local Multiplayer|Multiplayer|Old School,PASS,PASS,PASS,PASS,PENDING_EXTERNAL_CHECK
1755580,The Jackbox Party Starter,"Jackbox Games, Inc.","Jackbox Games, Inc.",0.6078,Depth,0.5875,0.7921,0.8891,0.1624,367,0.9346,Very Positive,"0 .. 20,000",10000.0,19.99,True,True,True,True,2022,Casual|Indie|Strategy,2D|Cartoon|Casual|Co-op|Colorful|Comedy|Dark Comedy|Dark Humor|Family Friendly|Funny|Indie|Local Co-Op|Local Multiplayer|Multiplayer|Party,PASS,PASS,PASS,PASS,PENDING_EXTERNAL_CHECK
2730180,A Liminal Place Remastered,Hex (The Grand Street Studios),The Grand Street Studios,0.6078,Low-cost option,0.1618,0.7921,0.5193,0.9579,77,0.7273,Mostly Positive,"0 .. 20,000",10000.0,0.99,True,False,False,True,2024,Action|Adventure|Indie|Simulation,1990's|3D|Action|Action-Adventure|Adventure|Atmospheric|Choices Matter|Early Access|Exploration|First-Person|Gore|Immersive Sim|Indie|Multiple Endings|Puzzle,PASS,PASS,PASS,PASS,PENDING_EXTERNAL_CHECK
987950,eBall,Toxic Studio,Toxic Studio,0.6077,Low-cost option,0.2805,0.7921,0.6335,0.7249,110,0.7,Mostly Positive,"0 .. 20,000",10000.0,4.99,True,False,True,False,2019,Action|Casual|Indie|Massively Multiplayer,Action|Arcade|Arena Shooter|Casual|Colorful|Competitive|Difficult|FPS|Fast-Paced|First-Person|Gore|Indie|Massively Multiplayer|Mature|Multiplayer,PASS,PASS,PASS,PASS,PENDING_EXTERNAL_CHECK
728740,Sniper Elite V2 Remastered,Rebellion,Rebellion,0.6077,Anchor,0.9063,0.09,0.9594,0.4752,3132,0.7669,Mostly Positive,"200,000 .. 500,000",350000.0,9.99,False,True,True,True,2019,Action,Action|Assassin|Co-op|Co-op Campaign|FPS|Gore|Military|Multiplayer|Open World|Shooter|Singleplayer|Sniper|Stealth|Tactical|Third Person,PASS,PASS,PASS,PASS,PENDING_EXTERNAL_CHECK
658590,She and the Light Bearer,Mojiken,Toge Productions,0.6077,Depth,0.5584,0.7921,0.6052,0.4752,319,0.8621,Very Positive,"0 .. 20,000",10000.0,9.99,True,False,False,True,2019,Adventure|Casual|Indie,Adventure|Atmospheric|Beautiful|Casual|Colorful|Cute|Emotional|Experimental|Family Friendly|Fantasy|Foreign|Great Soundtrack|Hand-drawn|Indie|Mythology,PASS,PASS,PASS,PASS,PENDING_EXTERNAL_CHECK
294650,Putt-Putt® Goes to the Moon,Humongous Entertainment,"Humongous Entertainment, Nightdive Studios",0.6077,Depth,0.4842,0.7921,0.537,0.6174,232,0.9353,Very Positive,"0 .. 20,000",10000.0,6.99,False,False,False,True,2014,Adventure|Casual,1990's|Adventure|Casual|Classic|Family Friendly|Great Soundtrack|Hidden Object|Memes|Nostalgia|Pixel Graphics|Point & Click|Puzzle|Simulation|Singleplayer|Story Rich,PASS,PASS,PASS,PASS,PENDING_EXTERNAL_CHECK
1973320,Road Defense: Outsiders,Minicactus Games,Minicactus Games,0.6077,Low-cost option,0.3469,0.7921,0.4165,0.8752,137,0.8321,Very Positive,"0 .. 20,000",10000.0,2.39,True,False,False,True,2023,Action|Indie|Strategy,1980s|Action|Action RPG|Action Roguelike|Arcade|Bullet Hell|Casual|Indie|Isometric|Pixel Graphics|Retro|Roguelike|Roguelite|Score Attack|Shooter,PASS,PASS,PASS,PASS,PENDING_EXTERNAL_CHECK
346970,OBEY,Dez,"The Lo-Fi Apocalypse, Inc.",0.6076,Depth,0.6265,0.3062,0.9202,0.5776,437,0.8421,Very Positive,"50,000 .. 100,000",75000.0,7.99,True,False,True,False,2020,Action|Indie|Strategy,Action|Comedy|Cute|Early Access|Experimental|Funny|Indie|Multiplayer|Psychological|Replay Value|Robots|Stealth|Strategy|Tactical,PASS,PASS,PASS,PASS,PENDING_EXTERNAL_CHECK
409660,Angry Video Game Nerd II: ASSimilation,FreakZone Games,Retroware,0.6076,Low-cost option,0.7311,0.4783,0.4961,0.7249,768,0.8919,Very Positive,"20,000 .. 50,000",35000.0,4.99,True,False,False,True,2016,Action|Adventure|Indie,2D|Action|Adventure|Comedy|Difficult|Funny|Gore|Great Soundtrack|Indie|Memes|Pixel Graphics|Platformer|Retro|Side Scroller|Singleplayer,PASS,PASS,PASS,PASS,PENDING_EXTERNAL_CHECK
1339900,BOT.vinnik Chess: Combination Lessons,Deep Green Games,Abyssal Studios,0.6076,Low-cost option,0.2888,0.7921,0.3917,0.9579,113,0.9204,Very Positive,"0 .. 20,000",10000.0,0.99,True,False,False,True,2020,Casual|Indie|Strategy,2D|Artificial Intelligence|Board Game|Casual|Chess|Education|Funny|Indie|Nostalgia|Old School|Pixel Graphics|Puzzle|Relaxing|Retro|Sci-fi,PASS,PASS,PASS,PASS,PENDING_EXTERNAL_CHECK
2516820,LuckLand,e-Jade,e-Jade,0.6076,Depth,0.6247,0.7921,0.4637,0.5498,433,0.9561,Very Positive,"0 .. 20,000",10000.0,8.99,True,False,False,True,2023,Indie|Simulation|Strategy,2D|Auto Battler|Board Game|Card Battler|Card Game|Casual|Choices Matter|Deckbuilding|Fantasy|Gambling|Indie|Procedural Generation|Relaxing|Roguelike|Roguelike Deckbuilder,PASS,PASS,PASS,PASS,PENDING_EXTERNAL_CHECK
785480,Titanic: Adventure Out Of Time,Cyberflix Incorporated,"GTE Entertainment, Nightdive Studios",0.6076,Depth,0.5826,0.7921,0.4009,0.6546,359,0.8719,Very Positive,"0 .. 20,000",10000.0,5.99,False,False,False,True,2018,Adventure|Casual|Simulation|Violent,1990's|Adventure|Casual|Classic|FMV|Historical|Point & Click|Simulation|Singleplayer|Violent,PASS,PASS,PASS,PASS,PENDING_EXTERNAL_CHECK
2521180,Lost:Antinomy,IMaiIna,IMaiIna,0.6076,Low-cost option,0.7572,0.3062,0.4954,0.8715,898,0.922,Very Positive,"50,000 .. 100,000",75000.0,2.69,False,False,False,True,2024,Adventure|RPG|Simulation,2D|Adventure|Anime|Choices Matter|Choose Your Own Adventure|Dating Sim|Drama|Fantasy|Interactive Fiction|JRPG|Medieval|Minimalist|Multiple Endings|Perma Death|RPG,PASS,PASS,PASS,PASS,PENDING_EXTERNAL_CHECK
887400,THE GREAT GEOMETRIC MULTIVERSE TOUR,Pie On A Plate Productions,Pie On A Plate Productions,0.6076,Low-cost option,0.5826,0.3062,0.5835,0.9579,359,0.7827,Mostly Positive,"50,000 .. 100,000",75000.0,0.99,True,False,False,True,2018,Action|Adventure|Indie,Abstract|Action|Adventure|Bullet Hell|Colorful|Cult Classic|Difficult|FPS|Fast-Paced|First-Person|Funny|Great Soundtrack|Indie|Roguelike|Roguelite,PASS,PASS,PASS,PASS,PENDING_EXTERNAL_CHECK
1659650,7th Chance,"Drewid Games, Stasis Booth Games",Stasis Booth Games,0.6075,Low-cost option,0.0759,0.7921,0.6629,0.8992,60,0.7833,Mostly Positive,"0 .. 20,000",10000.0,1.99,True,False,False,True,2021,Adventure|Indie,3D|Adventure|Atmospheric|Choices Matter|Dark|Drama|Emotional|Exploration|First-Person|Indie|Interactive Fiction|Multiple Endings|Mystery|Philosophical|Point & Click,PASS,PASS,PASS,PASS,PENDING_EXTERNAL_CHECK
2506480,Clue/Cluedo,Marmalade Game Studio Ltd,Marmalade Game Studio Ltd,0.6075,Depth,0.4306,0.7921,0.9087,0.2985,187,0.8877,Very Positive,"0 .. 20,000",10000.0,14.99,False,False,True,True,2023,Casual|Simulation|Strategy,Board Game|Card Game|Casual|Crime|Detective|Family Friendly|Investigation|Local Multiplayer|Logic|Multiplayer|Mystery|Puzzle|PvP|Real Time Tactics|Simulation,PASS,PASS,PASS,PASS,PENDING_EXTERNAL_CHECK
1902300,DROP - System Breach,Etherfield Studio,MicroProse Software,0.6075,Depth,0.3685,0.7921,0.7942,0.4752,148,0.8851,Very Positive,"0 .. 20,000",10000.0,9.99,True,False,False,True,2023,Action|Indie|Simulation|Strategy,2D|Action|Action Roguelike|Atmospheric|Controller|Crime|Dark|Futuristic|Hacking|Indie|Linear|Pixel Graphics|Procedural Generation|Puzzle|Roguelite,PASS,PASS,PASS,PASS,PENDING_EXTERNAL_CHECK
2876250,Kanna Maze,致意,致意,0.6074,Low-cost option,0.5033,0.4783,0.6488,0.7993,251,0.8884,Very Positive,"20,000 .. 50,000",35000.0,3.99,False,False,False,True,2024,Adventure|RPG,2D|Adventure|Alternate History|Atmospheric|Detective|Drama|Emotional|Interactive Fiction|JRPG|Logic|Lore-Rich|Mystery|Psychological Horror|Puzzle|RPG,PASS,PASS,PASS,PASS,PENDING_EXTERNAL_CHECK
973070,Bound By Blades,Zeth,Assemble Entertainment,0.6074,Depth,0.3002,0.7921,0.9322,0.4051,117,0.8462,Very Positive,"0 .. 20,000",10000.0,10.99,True,True,True,True,2022,Action|Adventure|Indie|RPG,2D|Action|Action RPG|Adventure|Cats|Character Customization|Co-op|Cute|Difficult|Fantasy|Hack and Slash|Hand-drawn|Hunting|Indie|Multiplayer,PASS,PASS,PASS,PASS,PENDING_EXTERNAL_CHECK
1316160,M.E.A.T. RPG,Trippin Bears,Trippin Bears,0.6074,Depth,0.4454,0.7921,0.5747,0.6174,199,0.809,Very Positive,"0 .. 20,000",10000.0,6.99,True,False,False,True,2021,Action|Adventure|Indie|RPG,Action|Action RPG|Action-Adventure|Adventure|Atmospheric|Character Customization|Combat|Dungeon Crawler|Exploration|Gore|Horror|Isometric|Lovecraftian|Open World|Pixel Graphics,PASS,PASS,PASS,PASS,PENDING_EXTERNAL_CHECK
865680,The Eternal Cylinder,ACE Team,Good Shepherd Entertainment,0.6074,Depth,0.7302,0.3062,0.7953,0.5978,763,0.8742,Very Positive,"50,000 .. 100,000",75000.0,7.49,False,False,False,True,2022,Action|Adventure,Action|Action-Adventure|Adventure|Aliens|Atmospheric|Colorful|Cute|Exploration|Family Friendly|Inventory Management|Narration|Open World|Platformer|Puzzle|Puzzle Platformer,PASS,PASS,PASS,PASS,PENDING_EXTERNAL_CHECK
757310,Sable,Shedworks,Raw Fury,0.6073,Anchor,0.9445,0.09,0.9197,0.4752,5187,0.862,Very Positive,"200,000 .. 500,000",350000.0,9.99,True,False,False,True,2021,Adventure|Indie|RPG,3D Platformer|Adventure|Atmospheric|Choices Matter|Choose Your Own Adventure|Comic Book|Exploration|Female Protagonist|Hand-drawn|Multiple Endings|Open World|Platformer|Puzzle|Puzzle Platformer|RPG,PASS,PASS,PASS,PASS,PENDING_EXTERNAL_CHECK
1665190,Monster Prom 3: Monster Roadtrip,Beautiful Glitch,Beautiful Glitch,0.6073,Anchor,0.8987,0.1884,0.9529,0.3892,2881,0.9858,Overwhelmingly Positive,"100,000 .. 200,000",150000.0,11.99,True,True,True,True,2022,Casual|Indie|Simulation|Strategy,2D|Choices Matter|Choose Your Own Adventure|Comedy|Comic Book|Dark Humor|Dating Sim|Funny|Indie|LGBTQ+|Memes|Multiplayer|Multiple Endings|Resource Management|Romance,PASS,PASS,PASS,PASS,PENDING_EXTERNAL_CHECK
1119980,In Sound Mind,We Create Stuff,Maximum Entertainment,0.6073,Anchor,0.9438,0.4783,0.9714,0.0357,5129,0.955,Overwhelmingly Positive,"20,000 .. 50,000",35000.0,34.99,True,False,False,True,2021,Action|Indie,3D Platformer|Action|Action-Adventure|Atmospheric|Cats|Exploration|FPS|First-Person|Hidden Object|Horror|Indie|Music|Platformer|Psychedelic|Psychological Horror,PASS,PASS,PASS,PASS,PENDING_EXTERNAL_CHECK
1170080,Foretales,Alkemi,Dear Villagers,0.6073,Depth,0.7593,0.3062,0.7861,0.5776,909,0.8658,Very Positive,"50,000 .. 100,000",75000.0,7.99,False,False,False,True,2022,Adventure,Adventure|Atmospheric|Board Game|Card Battler|Card Game|Cartoon|Cartoony|Choose Your Own Adventure|Cinematic|Dynamic Narration|Exploration|Fantasy|Interactive Fiction|Medieval|Narration,PASS,PASS,PASS,PASS,PENDING_EXTERNAL_CHECK
1224840,Frozen Memories,SKT STUDIO,SKT STUDIO,0.6073,Low-cost option,0.248,0.7921,0.542,0.8471,100,0.97,Very Positive,"0 .. 20,000",10000.0,2.99,True,False,False,True,2022,Adventure|Casual|Indie|Simulation,2D|2D Platformer|Adventure|Anime|Casual|Drama|Female Protagonist|Horror|Indie|LGBTQ+|Mystery|Philosophical|Psychological Horror|Relaxing|Romance,PASS,PASS,PASS,PASS,PENDING_EXTERNAL_CHECK
2882870,Doll Impostor,HeadArrow,HeadArrow,0.6073,Depth,0.7082,0.7921,0.3114,0.6174,669,0.9611,Overwhelmingly Positive,"0 .. 20,000",10000.0,6.99,True,False,False,True,2024,Action|Adventure|Indie|Strategy,3D|Action|Adventure|Cinematic|First-Person|Horror|Indie|Psychological Horror|Puzzle|Realistic|Singleplayer|Strategy|Walking Simulator,PASS,PASS,PASS,PASS,PENDING_EXTERNAL_CHECK
2181950,Zero Division,Robot Cat Limited,Astrolabe Games,0.6073,Depth,0.4877,0.7921,0.7832,0.3662,236,0.8771,Very Positive,"0 .. 20,000",10000.0,12.99,True,False,False,True,2024,Indie|RPG|Strategy,Board Game|Card Battler|Card Game|Cyberpunk|Dark|Deckbuilding|Difficult|RPG|Replay Value|Roguelike|Roguelike Deckbuilder|Roguelite|Sci-fi|Singleplayer|Strategy,PASS,PASS,PASS,PASS,PENDING_EXTERNAL_CHECK
1700890,Asteroids: Recharged,"Adamvision Studios, SneakyBox",Atari,0.6073,Low-cost option,0.1232,0.7921,0.7347,0.7791,69,0.7681,Mostly Positive,"0 .. 20,000",10000.0,4.49,False,True,True,True,2021,Action,1980s|2D|Action|Arcade|Co-op|Colorful|Combat|Controller|Local Co-Op|Local Multiplayer|Multiplayer|Old School|Pixel Graphics|Retro|Sci-fi,PASS,PASS,PASS,PASS,PENDING_EXTERNAL_CHECK
2052990,My Lovely Empress,"GameChanger Studio, Neon Doctrine",Neon Doctrine,0.6072,Depth,0.4724,0.7921,0.9277,0.2368,221,0.8507,Very Positive,"0 .. 20,000",10000.0,16.99,True,False,False,True,2024,Indie|Simulation|Strategy,2.5D|Choices Matter|Dark Fantasy|Fantasy|Hand-drawn|Immersive Sim|Indie|Management|Multiple Endings|Narration|Point & Click|Political|Resource Management|Romance|Simulation,PASS,PASS,PASS,PASS,PENDING_EXTERNAL_CHECK
550010,Happy Room,Mana Potion Studios,Mana Potion Studios,0.6072,Anchor,0.8974,0.09,0.7166,0.7249,2839,0.9049,Very Positive,"200,000 .. 500,000",350000.0,4.99,True,False,False,True,2016,Action|Indie|Simulation,2D|Action|Blood|Casual|Funny|Gore|Indie|Multiplayer|Physics|Sandbox|Simulation|Singleplayer|Strategy|Violent,PASS,PASS,PASS,PASS,PENDING_EXTERNAL_CHECK
1363770,Escape Quest,Lumiere Studios,Lumiere Studios,0.6072,Low-cost option,0.5164,0.3062,0.759,0.8471,266,0.7256,Mostly Positive,"50,000 .. 100,000",75000.0,2.99,True,True,True,True,2020,Indie,Adventure|Casual|Co-op|Escape Room|Exploration|Fantasy|First-Person|Hidden Object|Indie|Multiplayer|Mystery|Online Co-Op|Puzzle|Singleplayer|Stylized,PASS,PASS,PASS,PASS,PENDING_EXTERNAL_CHECK
603800,ReThink,Yaeko,Yaeko,0.6072,Depth,0.524,0.7921,0.6374,0.4752,274,0.8102,Very Positive,"0 .. 20,000",10000.0,9.99,True,False,False,True,2017,Casual|Indie,3D|Casual|Difficult|Dystopian|First-Person|Futuristic|Indie|Linear|Logic|Minimalist|Multiplayer|Platformer|Puzzle|Puzzle Platformer|Relaxing,PASS,PASS,PASS,PASS,PENDING_EXTERNAL_CHECK
1489120,sunny-place,tjern,tjern,0.6071,Depth,0.2447,0.7921,0.7742,0.6174,99,0.9596,Very Positive,"0 .. 20,000",10000.0,6.99,False,True,True,True,2021,Action|Casual|Racing,3D|3D Platformer|Action|Anime|Base Building|Cartoon|Cartoony|Casual|Character Customization|Cute|Driving|Family Friendly|Fantasy|Multiplayer|PvP,PASS,PASS,PASS,PASS,PENDING_EXTERNAL_CHECK
234190,Receiver,Wolfire Games,Wolfire Games,0.6071,Anchor,0.9274,0.0215,0.7543,0.7249,4101,0.8018,Very Positive,"500,000 .. 1,000,000",750000.0,4.99,True,False,False,True,2013,Action|Indie|Simulation,Abstract|Action|Atmospheric|Cyberpunk|Difficult|FPS|First-Person|Horror|Indie|Perma Death|Procedural Generation|Realistic|Roguelike|Sci-fi|Shooter,PASS,PASS,PASS,PASS,PENDING_EXTERNAL_CHECK
1950570,Tales from Toyotoki: Arrival of the Witch (The witch of the Ihanashi),Fragaria,"Fragaria, Seikei Production, Mayflower Entertainment",0.607,Depth,0.6784,0.7921,0.8534,0.1043,564,0.9628,Overwhelmingly Positive,"0 .. 20,000",10000.0,24.98,True,False,False,True,2022,Adventure|Indie,Adventure|Anime|Choose Your Own Adventure|Comedy|Comic Book|Cute|Drama|Emotional|Faith|Hand-drawn|Historical|Indie|Magic|Modern|Mythology,PASS,PASS,PASS,PASS,PENDING_EXTERNAL_CHECK
869170,Oneiros,Coal Valley Games,Coal Valley Games,0.607,Low-cost option,0.535,0.4783,0.6898,0.7249,287,0.8467,Very Positive,"20,000 .. 50,000",35000.0,4.99,True,False,False,True,2020,Action|Adventure|Casual|Indie,Action|Adventure|Atmospheric|Casual|Comedy|Escape Room|Experience|Exploration|First-Person|Hidden Object|Indie|Mystery|Narration|Point & Click|Psychedelic,PASS,PASS,PASS,PASS,PENDING_EXTERNAL_CHECK
1316230,Force of Nature 2: Ghost Keeper,A.Y.std,Crytivo,0.607,Anchor,0.8675,0.1884,0.7945,0.5776,2122,0.8082,Very Positive,"100,000 .. 200,000",150000.0,7.99,True,True,True,True,2021,Action|Adventure|Indie|RPG|Strategy,Action|Action RPG|Adventure|Atmospheric|Base Building|Building|Character Customization|Crafting|Dark Fantasy|Exploration|Fantasy|Magic|Management|Open World|Open World Survival Craft,PASS,PASS,PASS,PASS,PENDING_EXTERNAL_CHECK
897930,Demonheart: Hunters,Rolling Crown,Rolling Crown,0.607,Low-cost option,0.5231,0.4783,0.7017,0.7249,273,0.8388,Very Positive,"20,000 .. 50,000",35000.0,4.99,False,False,False,True,2020,Adventure|RPG,Adventure|Choices Matter|Dark Fantasy|Dark Humor|Dating Sim|Demons|Fantasy|Female Protagonist|Interactive Fiction|Isometric|LGBTQ+|Multiple Endings|Otome|RPG|Romance,PASS,PASS,PASS,PASS,PENDING_EXTERNAL_CHECK
574180,Rem Survival,Immortal Hand Studios,Immortal Hand Studios,0.607,Depth,0.7342,0.4783,0.9705,0.2449,781,0.7554,Mostly Positive,"20,000 .. 50,000",35000.0,15.99,True,True,True,True,2021,Action|Adventure|Early Access|Indie|Massively Multiplayer|RPG|Simulation,Action|Adventure|Base Building|Building|Co-op|Crafting|Early Access|FPS|First-Person|Free to Play|Indie|Massively Multiplayer|Multiplayer|Open World|Open World Survival Craft,PASS,PASS,PASS,PASS,PENDING_EXTERNAL_CHECK
579230,Alpacapaca Dash,Synnergy Circle Games,Synnergy Circle Games,0.607,Low-cost option,0.4468,0.7921,0.2312,0.9579,200,0.885,Very Positive,"0 .. 20,000",10000.0,0.99,True,False,False,True,2017,Casual|Indie,2D|Anime|Arcade|Casual|Character Customization|Comedy|Cute|Difficult|Family Friendly|Indie|Pixel Graphics|Platformer|Procedural Generation|PvE|Racing,PASS,PASS,PASS,PASS,PENDING_EXTERNAL_CHECK
1101400,Rune Knights,Aeromir,Aeromir,0.607,Depth,0.5327,0.7921,0.9407,0.1624,284,0.7817,Mostly Positive,"0 .. 20,000",10000.0,19.99,True,True,True,True,2020,Action|Early Access|Indie|RPG,Action|Action RPG|Character Customization|Co-op|Combat|Crafting|Demons|Dungeon Crawler|Early Access|Fantasy|Hack and Slash|Indie|Loot|Magic|Multiplayer,PASS,PASS,PASS,PASS,PENDING_EXTERNAL_CHECK
1502660,Untrusted,playuntrusted.com,playuntrusted.com,0.607,Low-cost option,0.7695,0.1884,0.7449,0.7249,979,0.8458,Very Positive,"100,000 .. 200,000",150000.0,4.99,True,False,True,False,2021,Indie|RPG,2D|Choices Matter|Crime|Cyberpunk|Hacking|Investigation|Minimalist|Multiplayer|Mystery|Online Co-Op|Party-Based RPG|Puzzle|PvP|RPG|Social Deduction,PASS,PASS,PASS,PASS,PENDING_EXTERNAL_CHECK
1411740,Urbek City Builder,Fridus,RockGame S.A.,0.6069,Anchor,0.8197,0.1884,0.8227,0.5965,1401,0.9151,Very Positive,"100,000 .. 200,000",150000.0,7.59,True,False,False,True,2022,Indie|Simulation|Strategy,Agriculture|Atmospheric|Building|City Builder|Economy|Family Friendly|Indie|Management|Minimalist|Modern|Political Sim|Procedural Generation|Puzzle|Replay Value|Resource Management,PASS,PASS,PASS,PASS,PENDING_EXTERNAL_CHECK
288860,Realms of Arkania: Star Trail,"United Independent Entertainment GmbH, Crafty Studios",United Independent Entertainment,0.6068,Low-cost option,0.4191,0.7921,0.3975,0.8187,178,0.7191,Mostly Positive,"0 .. 20,000",10000.0,3.74,True,False,False,True,2017,Adventure|Indie|RPG,Adventure|Dungeon Crawler|Fantasy|First-Person|Indie|Party-Based RPG|RPG|Remake|Singleplayer|Turn-Based,PASS,PASS,PASS,PASS,PENDING_EXTERNAL_CHECK
1803600,Gone Rogue,AskaLot Games,AskaLot Games,0.6068,Depth,0.4964,0.7921,0.8403,0.2985,244,0.8975,Very Positive,"0 .. 20,000",10000.0,14.99,False,False,False,True,2023,Adventure|RPG|Strategy,Action RPG|Atmospheric|Crime|Dark Humor|Dystopian|Heist|Immersive Sim|Investigation|Isometric|Linear|RPG|Real Time Tactics|Satire|Singleplayer|Stealth,PASS,PASS,PASS,PASS,PENDING_EXTERNAL_CHECK
1553890,"Lewd Girls, Leave Me Alone! I Just Want to Play Video Games and Watch Anime! - Hentai Edition",Lewd Games Studio,Lewd Games Studio,0.6068,Low-cost option,0.7214,0.7921,0.1143,0.7993,722,0.8296,Very Positive,"0 .. 20,000",10000.0,3.99,True,False,False,True,2023,Casual|Indie|RPG|Simulation|Strategy,,PASS,PASS,PASS,PASS,PENDING_EXTERNAL_CHECK
384110,Pathologic Classic HD,"Ice-Pick Lodge, General Arcade",Good Shepherd Entertainment,0.6067,Anchor,0.9213,0.1884,0.9511,0.3662,3787,0.8767,Very Positive,"100,000 .. 200,000",150000.0,12.99,True,False,False,True,2015,Action|Adventure|Indie|RPG,Action|Adventure|Atmospheric|Choices Matter|Classic|Cult Classic|Dark|Difficult|First-Person|Great Soundtrack|Horror|Indie|Mature|Open World|Psychological Horror,PASS,PASS,PASS,PASS,PENDING_EXTERNAL_CHECK
1319550,Power of Ten,Pew Times Three,Pew Times Three,0.6067,Low-cost option,0.4617,0.7921,0.396,0.7771,212,0.8113,Very Positive,"0 .. 20,000",10000.0,4.79,True,False,False,True,2023,Action|Indie,2D|Action|Action Roguelike|Action-Adventure|Looter Shooter|Mining|Perma Death|Pixel Graphics|Procedural Generation|Retro|Roguelike|Roguelite|Sci-fi|Shoot 'Em Up|Singleplayer,PASS,PASS,PASS,PASS,PENDING_EXTERNAL_CHECK
6030,STAR WARS™ Jedi Knight II - Jedi Outcast™,Raven Software,"LucasArts, Lucasfilm, Disney",0.6067,Anchor,0.9354,0.0215,0.9948,0.4752,4536,0.912,Very Positive,"500,000 .. 1,000,000",750000.0,9.99,False,False,True,True,,Action,Action|Adventure|Atmospheric|Classic|Cult Classic|FPS|First-Person|Great Soundtrack|Hack and Slash|Local Multiplayer|Moddable|Multiplayer|Sci-fi|Shooter|Singleplayer,PASS,PASS,PASS,PASS,PENDING_EXTERNAL_CHECK
1665280,Skábma™ - Snowfall,Red Stage Entertainment,"PID Games, Sunsoft",0.6067,Low-cost option,0.3879,0.7921,0.4477,0.7993,158,0.8038,Very Positive,"0 .. 20,000",10000.0,3.99,True,False,False,True,2022,Action|Adventure|Indie,3D|3D Platformer|Action|Action-Adventure|Adventure|Casual|Collectathon|Combat|Exploration|Indie|Mythology|Narration|Platformer|Puzzle|Singleplayer,PASS,PASS,PASS,PASS,PENDING_EXTERNAL_CHECK
1043340,No Time,Lost in Days Studio,Lost in Days Studio,0.6067,Anchor,0.8346,0.3062,0.8808,0.4051,1592,0.9749,Overwhelmingly Positive,"50,000 .. 100,000",75000.0,10.99,True,True,True,True,2019,Action|Adventure|Early Access|Indie|RPG|Simulation,Action|Adventure|Crafting|Driving|Early Access|First-Person|Flight|Indie|Moddable|Open World|Physics|RPG|Sandbox|Sci-fi|Simulation,PASS,PASS,PASS,PASS,PENDING_EXTERNAL_CHECK
313020,Soul Gambler,Ilex Games,Gamestorming,0.6067,Anchor,0.892,0.1884,0.4992,0.8471,2699,0.8714,Very Positive,"100,000 .. 200,000",150000.0,2.99,True,False,False,True,2014,Adventure|Indie|RPG,Adventure|Choices Matter|Comic Book|Indie|Multiple Endings|Point & Click|RPG|Short|Singleplayer|Story Rich|Visual Novel,PASS,PASS,PASS,PASS,PENDING_EXTERNAL_CHECK
15120,Tom Clancy's Rainbow Six® Vegas 2,Ubisoft Montreal,Ubisoft,0.6067,Anchor,0.9477,0.0215,0.9823,0.4752,5516,0.8457,Very Positive,"500,000 .. 1,000,000",750000.0,9.99,False,True,True,True,2008,Action,Action|Adventure|Atmospheric|Character Customization|Classic|Co-op|Difficult|FPS|First-Person|Multiplayer|Online Co-Op|Realistic|Shooter|Singleplayer|Stealth,PASS,PASS,PASS,PASS,PENDING_EXTERNAL_CHECK
1853410,The Shape of Things,Hyper Three Studio,Maple Whispering Limited,0.6066,Depth,0.4794,0.7921,0.5374,0.6174,227,0.9119,Very Positive,"0 .. 20,000",10000.0,6.99,True,False,False,True,2023,Casual|Indie,3D|3D Vision|Atmospheric|Casual|Clicker|Colorful|Cute|Family Friendly|Funny|Logic|Magic|Minimalist|Nature|Nonlinear|Point & Click,PASS,PASS,PASS,PASS,PENDING_EXTERNAL_CHECK
440880,The Count Lucanor,Baroque Decay,Neon Doctrine,0.6065,Anchor,0.8857,0.1884,0.8768,0.4752,2541,0.939,Very Positive,"100,000 .. 200,000",150000.0,9.99,True,False,False,True,2016,Adventure|Indie|RPG,2D|Anime|Atmospheric|Blood|Cute|Dark Fantasy|Dark Humor|Exploration|Gore|Horror|Multiple Endings|Old School|Pixel Graphics|Psychological Horror|Puzzle,PASS,PASS,PASS,PASS,PENDING_EXTERNAL_CHECK
1076200,Roguebook,Abrakam Entertainment SA,Nacon,0.6065,Anchor,0.918,0.09,0.6928,0.7249,3644,0.8384,Very Positive,"200,000 .. 500,000",350000.0,4.99,True,False,False,True,2021,Adventure|Indie|RPG|Strategy,2D|Adventure|Card Battler|Card Game|Deckbuilding|Difficult|Fantasy|Indie|Magic|RPG|Replay Value|Roguelike|Roguelike Deckbuilder|Roguelite|Singleplayer,PASS,PASS,PASS,PASS,PENDING_EXTERNAL_CHECK
1040730,ZUSI 3 - Aerosoft Edition,Carsten Hölscher,Aerosoft GmbH,0.6064,Depth,0.6523,0.7921,0.9794,0.0017,494,0.9109,Very Positive,"0 .. 20,000",10000.0,69.99,False,False,False,True,2019,Casual|Simulation,Action|Atmospheric|Building|Casual|Driving|Exploration|First-Person|Level Editor|Moddable|Open World|Physics|Realistic|Relaxing|Replay Value|Sandbox,PASS,PASS,PASS,PASS,PENDING_EXTERNAL_CHECK
250340,Blockland,"Eric Hartman, Ben Garney, Anthony Rotondo",Step 1 Games LLC,0.6064,Anchor,0.948,0.0215,0.9808,0.4752,5563,0.7318,Mostly Positive,"500,000 .. 1,000,000",750000.0,9.99,True,False,True,True,2013,Action|Indie|Simulation,Action|Adventure|Building|Co-op|FPS|First-Person|Funny|Horror|Indie|LEGO|Moddable|Multiplayer|Open World|RPG|Racing,PASS,PASS,PASS,PASS,PENDING_EXTERNAL_CHECK
634180,Darkarta: A Broken Heart's Quest Standard Edition,Tuttifrutti Interactive,Tuttifrutti Interactive,0.6063,Low-cost option,0.1959,0.7921,0.5622,0.8752,85,0.7765,Mostly Positive,"0 .. 20,000",10000.0,2.39,True,False,False,True,2017,Adventure|Casual|Indie,Adventure|Alternate History|Atmospheric|Casual|Drama|Emotional|Family Friendly|Fantasy|Female Protagonist|First-Person|Hidden Object|Historical|Magic|Mystery|Mythology,PASS,PASS,PASS,PASS,PENDING_EXTERNAL_CHECK
1200710,BadLads,CHEMICAL HEADS STUDIOS,CHEMICAL HEADS STUDIOS,0.6063,Depth,0.3171,0.7921,0.9499,0.3662,124,0.7016,Mostly Positive,"0 .. 20,000",10000.0,12.99,True,True,True,False,2020,Action|Adventure|Casual|Early Access|Indie|Massively Multiplayer|RPG|Simulation|Strategy,Action|Adventure|Atmospheric|Base Building|Building|Cartoony|Crime|Early Access|Exploration|FPS|Heist|Indie|Massively Multiplayer|Multiplayer|Open World,PASS,PASS,PASS,PASS,PENDING_EXTERNAL_CHECK
1621070,DeadPoly,TFL Games,TFL Games,0.6063,Anchor,0.9431,0.09,0.9168,0.4752,5081,0.78,Mostly Positive,"200,000 .. 500,000",350000.0,9.99,False,True,True,True,2022,Action|Adventure|Casual|Early Access|Massively Multiplayer,Action|Base Building|Building|Crafting|Early Access|Loot|Looter Shooter|Multiplayer|Online Co-Op|Open World|Open World Survival Craft|Post-apocalyptic|PvE|PvP|Sandbox,PASS,PASS,PASS,PASS,PENDING_EXTERNAL_CHECK
263980,Out There Somewhere,MiniBoss,Senpai Studios,0.6062,Anchor,0.9612,0.09,0.4156,0.9579,6913,0.93,Very Positive,"200,000 .. 500,000",350000.0,0.99,True,False,False,True,2016,Action|Adventure|Indie,2D|Action|Adventure|Anime|Arcade|Difficult|Great Soundtrack|Indie|Metroidvania|Pixel Graphics|Platformer|Puzzle|Puzzle Platformer|Retro|Sci-fi,PASS,PASS,PASS,PASS,PENDING_EXTERNAL_CHECK
311870,Super Trench Attack!,Retro Army Limited,paulstephendavis,0.6061,Anchor,0.8066,0.3062,0.5867,0.7249,1274,0.9113,Very Positive,"50,000 .. 100,000",75000.0,4.99,True,False,False,True,2014,Action|Indie|RPG,2D|Action|Comedy|Funny|Indie|Isometric|Pixel Graphics|RPG|Retro|Shooter|Singleplayer|Top-Down Shooter|Twin Stick Shooter|World War I|World War II,PASS,PASS,PASS,PASS,PENDING_EXTERNAL_CHECK
1075170,Weaving Tides,Follow the Feathers,Crytivo,0.6061,Depth,0.3225,0.7921,0.6715,0.6382,126,0.873,Very Positive,"0 .. 20,000",10000.0,6.24,True,False,False,True,2021,Action|Adventure|Indie,Action|Adventure|Atmospheric|Colorful|Cute|Dragons|Emotional|Exploration|Family Friendly|Fantasy|Indie|Isometric|Narration|Narrative|Platformer,PASS,PASS,PASS,PASS,PENDING_EXTERNAL_CHECK
1404090,Trivia Tricks,3-Tricks,3-Tricks,0.606,Depth,0.4041,0.7921,0.8388,0.3892,168,0.9286,Very Positive,"0 .. 20,000",10000.0,11.99,False,True,True,True,2024,Casual|Strategy,3D|Anime|Cartoon|Casual|Character Customization|Co-op|Colorful|Comedy|Cute|Education|Family Friendly|Funny|Multiplayer|Party|Puzzle,PASS,PASS,PASS,PASS,PENDING_EXTERNAL_CHECK
1918300,Fishing Vacation,Teebowah Games,Teebowah Games,0.606,Low-cost option,0.469,0.7921,0.2635,0.8992,218,0.9725,Very Positive,"0 .. 20,000",10000.0,1.99,True,False,False,True,2022,Adventure|Casual|Indie|Simulation,2D|Adventure|Casual|Fishing|Horror|Indie|Interactive Fiction|Life Sim|Multiple Endings|Pixel Graphics|Simulation|Singleplayer,PASS,PASS,PASS,PASS,PENDING_EXTERNAL_CHECK
1384890,Flag Collection,UnDefined Studio,UnDefined Studio,0.6059,Low-cost option,0.2686,0.7921,0.4052,0.9579,106,0.7075,Mostly Positive,"0 .. 20,000",10000.0,0.99,True,False,False,True,2020,Design & Illustration|Education|Indie|Simulation|Web Publishing,2D|Board Game|Choose Your Own Adventure|Clicker|Crafting|Design & Illustration|Diplomacy|Education|Experimental|God Game|Indie|Management|Minimalist|Political Sim|Simulation,PASS,PASS,PASS,PASS,PENDING_EXTERNAL_CHECK
1011670,Totally Reliable Delivery Service,We're Five Games,Infogrames,0.6059,Anchor,0.8389,0.1884,0.7601,0.6362,1648,0.824,Very Positive,"100,000 .. 200,000",150000.0,6.74,True,True,True,True,2021,Action|Adventure|Casual|Indie|Racing|Simulation,3D|4 Player Local|Action|Action-Adventure|Adventure|Casual|Co-op|Colorful|Comedy|Cute|Funny|Local Co-Op|Local Multiplayer|Multiplayer|Open World,PASS,PASS,PASS,PASS,PENDING_EXTERNAL_CHECK
2742750,Quod: Episode 1,IDTF,IDTF,0.6059,Low-cost option,0.286,0.7921,0.4747,0.8707,112,0.875,Very Positive,"0 .. 20,000",10000.0,2.79,True,False,False,True,2024,Adventure|Indie,3D|Action|Adventure|Atmospheric|Casual|Exploration|First-Person|Gore|Hidden Object|Horror|Indie|Psychological|Psychological Horror|Puzzle|Realistic,PASS,PASS,PASS,PASS,PENDING_EXTERNAL_CHECK
266210,One Way Heroics,Smoking WOLF,PLAYISM,0.6059,Anchor,0.9262,0.0215,0.6546,0.8211,4024,0.9411,Very Positive,"500,000 .. 1,000,000",750000.0,3.49,True,False,False,True,2014,Indie|RPG,2D|Adventure|Anime|Cute|Dungeon Crawler|Fantasy|Indie|JRPG|Mystery Dungeon|Perma Death|Pixel Graphics|Procedural Generation|RPG|Retro|Roguelike,PASS,PASS,PASS,PASS,PENDING_EXTERNAL_CHECK
1717510,Time on Frog Island,Half Past Yellow,Merge Games,0.6059,Low-cost option,0.535,0.7921,0.3714,0.7249,287,0.7038,Mostly Positive,"0 .. 20,000",10000.0,4.99,True,False,False,True,2022,Adventure|Indie,3D|3D Platformer|Action-Adventure|Adventure|Cartoony|Casual|Colorful|Crafting|Cute|Emotional|Exploration|Indie|Logic|Nature|Platformer,PASS,PASS,PASS,PASS,PENDING_EXTERNAL_CHECK
1238520,Dandelions in the Sky,Catnip,"Catnip, Kikai Digital",0.6058,Low-cost option,0.4666,0.7921,0.3653,0.7993,216,0.8981,Very Positive,"0 .. 20,000",10000.0,3.99,True,False,False,True,2020,Indie,Anime|Emotional|Indie|Interactive Fiction|Visual Novel,PASS,PASS,PASS,PASS,PENDING_EXTERNAL_CHECK
990630,The Last Campfire,Hello Games,Hello Games,0.6058,Anchor,0.9806,0.0215,0.4955,0.9255,11065,0.9763,Overwhelmingly Positive,"500,000 .. 1,000,000",750000.0,1.49,True,False,False,True,2021,Adventure|Indie,3D|3D Platformer|Adventure|Atmospheric|Controller|Cute|Dark|Dark Fantasy|Emotional|Family Friendly|Fantasy|Indie|Narration|Philosophical|Puzzle,PASS,PASS,PASS,PASS,PENDING_EXTERNAL_CHECK
1335230,Sumire,GameTomo Team,"GameTomo Co., Ltd.",0.6057,Depth,0.7331,0.4783,0.557,0.6546,776,0.9613,Overwhelmingly Positive,"20,000 .. 50,000",35000.0,5.99,True,False,False,True,2021,Adventure|Casual|Indie,Anime|Card Game|Casual|Choices Matter|Choose Your Own Adventure|Collectathon|Colorful|Cute|Exploration|Fantasy|Female Protagonist|Indie|Interactive Fiction|Magic|Narrative,PASS,PASS,PASS,PASS,PENDING_EXTERNAL_CHECK
2248430,Touhou Artificial Dream in Arcadia,Bar Holographic Otaku,"Bar Holographic Otaku, 东游鉴",0.6056,Depth,0.7311,0.4783,0.7379,0.4752,768,0.9818,Overwhelmingly Positive,"20,000 .. 50,000",35000.0,9.99,True,False,False,True,2023,Adventure|Indie|RPG,1990's|2D|Adventure|Anime|Bullet Hell|Dungeon Crawler|Exploration|Faith|Fantasy|Female Protagonist|First-Person|Indie|JRPG|Old School|Party-Based RPG,PASS,PASS,PASS,PASS,PENDING_EXTERNAL_CHECK
1342890,Who Needs a Hero?,"Henrique Faitta Chitolina, Pidro Soft",Baby Stone Studios,0.6056,Anchor,0.8164,0.3062,0.4528,0.8471,1368,0.9247,Very Positive,"50,000 .. 100,000",75000.0,2.99,True,False,False,True,2021,Adventure|Casual|Indie|RPG,2D|Action-Adventure|Adventure|Cartoon|Cartoony|Casual|Character Customization|Choices Matter|Comedy|Cute|Fantasy|Funny|Indie|Medieval|RPG,PASS,PASS,PASS,PASS,PENDING_EXTERNAL_CHECK
2413840,Cute Capybaras,KuKo,KuKo,0.6056,Low-cost option,0.343,0.7921,0.3295,0.9579,135,0.9704,Very Positive,"0 .. 20,000",10000.0,0.99,False,False,False,True,2023,Casual,Casual|Cats|Cute|Family Friendly|Funny|Hand-drawn|Hidden Object|Investigation|Nature|Puzzle|Relaxing|Romance|Singleplayer,PASS,PASS,PASS,PASS,PENDING_EXTERNAL_CHECK
1978010,Red Valley,616 GAMES,616 GAMES,0.6055,Low-cost option,0.349,0.7921,0.3818,0.8992,138,0.8406,Very Positive,"0 .. 20,000",10000.0,1.99,True,False,False,True,2022,Action|Adventure|Indie,1980s|Action|Action-Adventure|Adventure|Atmospheric|First-Person|Horror|Indie|Minimalist|Mystery|Pixel Graphics|Psychological Horror|Retro|Story Rich|Survival Horror,PASS,PASS,PASS,PASS,PENDING_EXTERNAL_CHECK
536890,Glittermitten Grove,Mostly Tigerproof,,0.6055,Depth,0.6668,0.4783,0.8016,0.4752,529,0.8261,Very Positive,"20,000 .. 50,000",35000.0,9.99,False,False,False,True,2016,Simulation|Strategy,Adventure|Building|Bullet Hell|Casual|City Builder|Colony Sim|Comedy|Cute|Education|Fantasy|Farming Sim|Magic|Management|Memes|Platformer,PASS,PASS,PASS,PASS,PENDING_EXTERNAL_CHECK
2964280,Penguin Helper,ArtDock,ArtDock,0.6054,Low-cost option,0.4894,0.7921,0.241,0.8992,238,0.958,Very Positive,"0 .. 20,000",10000.0,1.99,True,False,False,True,2024,Casual|Indie,3D|6DOF|Atmospheric|Bullet Time|CRPG|Casual|Exploration|First-Person|Immersive Sim|Indie|Life Sim|Narration|Nature|RPG|Relaxing,PASS,PASS,PASS,PASS,PENDING_EXTERNAL_CHECK
1609080,Summer of '58,EMIKA_GAMES,EMIKA_GAMES,0.6054,Anchor,0.9304,0.1884,0.7528,0.5498,4232,0.9003,Very Positive,"100,000 .. 200,000",150000.0,8.99,True,False,False,True,2021,Indie|Simulation,3D|Atmospheric|Cinematic|Dark|Exploration|First-Person|Historical|Horror|Indie|Linear|Mystery|Psychological|Psychological Horror|Realistic|Retro,PASS,PASS,PASS,PASS,PENDING_EXTERNAL_CHECK
2630080,They Are Coming,OnHit Developments,OnHit Developments,0.6053,Low-cost option,0.5606,0.7921,0.2215,0.8471,322,0.913,Very Positive,"0 .. 20,000",10000.0,2.99,True,False,False,True,2023,Action|Early Access|Indie,2D|Action|Action Roguelike|Base Building|Bullet Time|Early Access|Indie|Inventory Management|Physics|Pixel Graphics|Post-apocalyptic|Resource Management|Sandbox|Shooter|Singleplayer,PASS,PASS,PASS,PASS,PENDING_EXTERNAL_CHECK
988930,Alveole,"Emil Ismaylov, Denis Petrov",North Lab,0.6053,Low-cost option,0.1126,0.7921,0.5586,0.9579,67,0.806,Very Positive,"0 .. 20,000",10000.0,0.99,True,False,False,True,2021,Casual|Indie,2D|Abstract|Atmospheric|Casual|Exploration|Faith|Hand-drawn|Indie|Linear|Logic|Minimalist|Narration|Philosophical|Puzzle|Puzzle Platformer,PASS,PASS,PASS,PASS,PENDING_EXTERNAL_CHECK
2257460,File Destined,Metavision Studio,Metavision Studio,0.6053,Depth,0.5826,0.7921,0.4688,0.5776,359,0.883,Very Positive,"0 .. 20,000",10000.0,7.99,True,False,False,True,2023,Action|Adventure|Indie,3D|Action|Adventure|Atmospheric|Co-op|Dark|Exploration|First-Person|Gore|Hidden Object|Horror|Indie|Psychological Horror|Realistic|Singleplayer,PASS,PASS,PASS,PASS,PENDING_EXTERNAL_CHECK
833270,Citrouille: Sweet Witches,Lumen Section,Plug In Digital,0.6052,Low-cost option,0.1831,0.7921,0.4879,0.9579,82,0.8293,Very Positive,"0 .. 20,000",10000.0,0.99,True,True,True,True,2018,Indie,2D|4 Player Local|Action|Anime|Arcade|Cartoon|Cartoony|Classic|Co-op|Colorful|Cute|Difficult|Family Friendly|Female Protagonist|Funny,PASS,PASS,PASS,PASS,PENDING_EXTERNAL_CHECK
2560530,Hidden Cats in Rome,Nukearts Studio,Nukearts Studio,0.6052,Low-cost option,0.44,0.7921,0.3689,0.8198,195,0.9846,Very Positive,"0 .. 20,000",10000.0,3.59,True,False,False,True,2023,Casual|Indie,2D|Cartoony|Casual|Cats|Colorful|Controller|Cozy|Cute|Family Friendly|Funny|Hand-drawn|Hidden Object|Historical|Nonlinear|Point & Click,PASS,PASS,PASS,PASS,PENDING_EXTERNAL_CHECK
2165470,Taora : Survival,Tulpar Games,"Tulpar Games, TheGamesFortress",0.6051,Depth,0.5252,0.7921,0.752,0.3512,275,0.7055,Mostly Positive,"0 .. 20,000",10000.0,13.99,False,True,True,True,2024,Action|Adventure|Early Access|RPG|Simulation,Action RPG|Base Building|Building|Co-op|Crafting|Driving|Early Access|Exploration|Hunting|Looter Shooter|Online Co-Op|Open World|Open World Survival Craft|Post-apocalyptic|RPG,PASS,PASS,PASS,PASS,PENDING_EXTERNAL_CHECK
1380650,Draft of Darkness,Crawly Games,Crawly Games,0.6051,Depth,0.4885,0.7921,0.8414,0.2985,237,0.9451,Very Positive,"0 .. 20,000",10000.0,14.99,True,False,False,True,2023,Indie|RPG|Strategy,2.5D|Card Battler|Card Game|Dark|Deckbuilding|Dungeon Crawler|Horror|Multiple Endings|Nonlinear|Perma Death|Post-apocalyptic|Procedural Generation|PvE|Resource Management|Roguelike,PASS,PASS,PASS,PASS,PENDING_EXTERNAL_CHECK
1305310,Drox Operative 2,Soldak Entertainment,Soldak Entertainment,0.6051,Depth,0.5079,0.7921,0.9581,0.1624,256,0.9023,Very Positive,"0 .. 20,000",10000.0,19.99,True,True,True,True,2021,Action|Indie|RPG,4X|Action|Action RPG|Character Customization|Choices Matter|Co-op|Early Access|Exploration|Indie|Isometric|Loot|Multiplayer|Open World|Procedural Generation|RPG,PASS,PASS,PASS,PASS,PENDING_EXTERNAL_CHECK
1830720,MOTHERED - A ROLE-PLAYING HORROR GAME,ENIGMA STUDIO,ENIGMA STUDIO,0.6051,Depth,0.535,0.7921,0.6182,0.4752,287,0.9373,Very Positive,"0 .. 20,000",10000.0,9.99,False,False,False,True,2021,Adventure,1980s|3D|Artificial Intelligence|Atmospheric|Choices Matter|Cyberpunk|Dark|Emotional|Female Protagonist|First-Person|Horror|Immersive|Interactive Fiction|Multiple Endings|Narrative,PASS,PASS,PASS,PASS,PENDING_EXTERNAL_CHECK
1076750,Dream Engines: Nomad Cities,Suncrash,"Suncrash, Gamera Games",0.6051,Depth,0.6711,0.7921,0.903,0.0542,541,0.7486,Mostly Positive,"0 .. 20,000",10000.0,29.99,True,False,False,True,2024,Indie|RPG|Simulation|Strategy,Atmospheric|Automation|Base Building|City Builder|Crafting|Economy|Management|Open World|Post-apocalyptic|Procedural Generation|RPG|Resource Management|Roguelite|Sandbox|Sci-fi,PASS,PASS,PASS,PASS,PENDING_EXTERNAL_CHECK
734120,Bonbon,Aetheric Games,Pixeljam,0.6051,Low-cost option,0.4861,0.7921,0.295,0.8471,234,0.7137,Mostly Positive,"0 .. 20,000",10000.0,2.99,True,False,False,True,2017,Adventure|Indie,Adventure|Horror|Indie|Psychological Horror|Short,PASS,PASS,PASS,PASS,PENDING_EXTERNAL_CHECK
431250,Mushroom Wars,"Zillion Whales, Creat Studios",Azur Games,0.605,Depth,0.675,0.3062,0.9639,0.4752,552,0.7681,Mostly Positive,"50,000 .. 100,000",75000.0,9.99,True,False,True,True,2016,Action|Indie|Strategy,2D|Action|Action-Adventure|Atmospheric|Cartoon|Cartoony|Classic|Comedy|Cute|Family Friendly|Funny|Indie|MOBA|Multiplayer|RTS,PASS,PASS,PASS,PASS,PENDING_EXTERNAL_CHECK
263380,Driftmoon,"Ville Mönkkönen, Anne Mönkkönen",Instant Kingdom,0.605,Depth,0.5127,0.7921,0.7639,0.3512,261,0.8889,Very Positive,"0 .. 20,000",10000.0,13.99,True,False,False,True,2014,Adventure|Indie|RPG,Action|Action RPG|Action-Adventure|Adventure|Comedy|Exploration|Family Friendly|Fantasy|Funny|Indie|Level Editor|Magic|Moddable|RPG|Real-Time,PASS,PASS,PASS,PASS,PENDING_EXTERNAL_CHECK
1025250,Shadow Corridor,Space Onigiri Game LLC,Space Onigiri Game LLC,0.6049,Anchor,0.8517,0.1884,0.8019,0.5776,1848,0.9085,Very Positive,"100,000 .. 200,000",150000.0,7.99,True,False,False,True,2019,Action|Indie,Action|First-Person|Horror|Indie|Multiplayer|Psychological Horror|Roguelike|Singleplayer|Survival Horror,PASS,PASS,PASS,PASS,PENDING_EXTERNAL_CHECK
857470,NEKOKORO,Mikołaj Spychał,Mikołaj Spychał,0.6048,Low-cost option,0.2178,0.7921,0.6844,0.7249,91,0.8681,Very Positive,"0 .. 20,000",10000.0,4.99,True,False,False,True,2018,Adventure|Casual|Indie|Simulation,2D|Adventure|Anime|Casual|Colorful|Comedy|Cute|Dating Sim|Family Friendly|First-Person|Funny|Indie|Memes|Multiple Endings|Relaxing,PASS,PASS,PASS,PASS,PENDING_EXTERNAL_CHECK
355170,Sam & Max Hit the Road,Lucasfilm,"Lucasfilm, Disney",0.6048,Depth,0.7409,0.3062,0.7175,0.6546,811,0.9568,Overwhelmingly Positive,"50,000 .. 100,000",75000.0,5.99,False,False,False,True,2018,Adventure,1990's|Adventure|America|Blood|Classic|Comedy|Cult Classic|Detective|Funny|Great Soundtrack|LGBTQ+|Pixel Graphics|Point & Click|Puzzle|Retro,PASS,PASS,PASS,PASS,PENDING_EXTERNAL_CHECK
510540,Long Gone Days,This I Dreamt,Serenity Forge,0.6048,Depth,0.636,0.7921,0.9038,0.0871,458,0.9039,Very Positive,"0 .. 20,000",10000.0,24.99,True,False,False,True,2023,Adventure|Indie|RPG,2D|Alternate History|Anime|Choices Matter|Drama|Emotional|JRPG|Military|Modern|Narrative|Party-Based RPG|Pixel Graphics|Political|Political Sim|RPG,PASS,PASS,PASS,PASS,PENDING_EXTERNAL_CHECK
1018010,Castlevania Anniversary Collection,KONAMI,KONAMI,0.6047,Anchor,0.8423,0.1884,0.5888,0.7993,1699,0.8146,Very Positive,"100,000 .. 200,000",150000.0,3.99,False,False,False,False,,Actie|Avontuur|RPG|Race|Simulatie|Sport,1980s|2D|2D Platformer|Action|Adventure|Atmospheric|Classic|Difficult|Gothic|Great Soundtrack|Horror|Metroidvania|Pixel Graphics|Platformer|RPG,PASS,PASS,PASS,PASS,PENDING_EXTERNAL_CHECK
492270,The Cat! Porfirio's Adventure,Cats Who Play,Cats Who Play,0.6047,Low-cost option,0.5896,0.4783,0.5039,0.8471,370,0.8135,Very Positive,"20,000 .. 50,000",35000.0,2.99,True,False,False,True,2016,Action|Adventure|Indie,3D Platformer|Action|Action-Adventure|Adventure|Atmospheric|Cartoony|Cats|Colorful|Conversation|Cute|Family Friendly|Indie|Memes|Nonlinear|Open World,PASS,PASS,PASS,PASS,PENDING_EXTERNAL_CHECK
1761630,What's Your Gender?,PurpleSloth,PurpleSloth,0.6047,Low-cost option,0.2888,0.7921,0.4387,0.8992,113,0.7345,Mostly Positive,"0 .. 20,000",10000.0,1.99,True,False,False,True,2021,Casual|Indie,3D|Abstract|Atmospheric|Casual|Controller|Education|Experience|Experimental|Exploration|Family Friendly|First-Person|Indie|LGBTQ+|Minimalist|Puzzle,PASS,PASS,PASS,PASS,PENDING_EXTERNAL_CHECK
250560,Fight The Dragon,3 Sprockets,3 Sprockets,0.6046,Anchor,0.8133,0.1884,0.9416,0.4752,1339,0.7879,Mostly Positive,"100,000 .. 200,000",150000.0,9.99,True,True,True,True,2014,Indie|RPG,Action|Action RPG|Adventure|Co-op|Dragons|Dungeon Crawler|Early Access|Fantasy|Hack and Slash|Indie|Level Editor|Local Co-Op|Loot|Multiplayer|Online Co-Op,PASS,PASS,PASS,PASS,PENDING_EXTERNAL_CHECK
415420,Nyan Cat: Lost In Space,isTom Games Kft.,isTom Games Kft.,0.6046,Anchor,0.8493,0.4783,0.366,0.7249,1812,0.9283,Very Positive,"20,000 .. 50,000",35000.0,4.99,False,False,False,True,2015,Action|Casual,2D|2D Platformer|Action|Action-Adventure|Adventure|Casual|Cats|Comedy|Cute|Cyberpunk|Dark|Difficult|Funny|Indie|LGBTQ+,PASS,PASS,PASS,PASS,PENDING_EXTERNAL_CHECK
863500,All Quiet in the Trenches,Totally Not Aliens,Totally Not Aliens,0.6046,Depth,0.6794,0.7921,0.8599,0.0871,567,0.9136,Very Positive,"0 .. 20,000",10000.0,24.99,True,False,False,True,2024,Early Access|Indie|RPG|Simulation|Strategy,Atmospheric|Choices Matter|Drama|Dynamic Narration|Early Access|Emotional|Historical|Indie|Management|Psychological|RPG|Simulation|Singleplayer|Story Rich|Strategy,PASS,PASS,PASS,PASS,PENDING_EXTERNAL_CHECK
1740300,Smushi Come Home,SomeHumbleOnion,Mooneye Studios,0.6046,Anchor,0.856,0.4783,0.9216,0.1624,1915,0.9906,Overwhelmingly Positive,"20,000 .. 50,000",35000.0,19.99,True,False,False,True,2023,Adventure|Casual|Indie|RPG,3D Platformer|Adventure|Atmospheric|Casual|Cozy|Cute|Exploration|Family Friendly|Funny|Indie|Nature|Open World|Pixel Graphics|Platformer|Relaxing,PASS,PASS,PASS,PASS,PENDING_EXTERNAL_CHECK
524910,Hidden Through Time,Rogueside,Rogueside,0.6046,Anchor,0.8913,0.1884,0.5392,0.7993,2678,0.9361,Very Positive,"100,000 .. 200,000",150000.0,3.99,False,False,False,True,2020,Casual,2D|Adventure|Atmospheric|Building|Casual|Collectathon|Colorful|Cute|Family Friendly|Funny|Hand-drawn|Hidden Object|Historical|Level Editor|Minimalist,PASS,PASS,PASS,PASS,PENDING_EXTERNAL_CHECK
399820,Kopanito All-Stars Soccer,Merixgames,Merixgames,0.6045,Anchor,0.8936,0.09,0.7798,0.6546,2730,0.8469,Very Positive,"200,000 .. 500,000",350000.0,5.99,True,True,True,True,2016,Action|Indie|Sports,2D|4 Player Local|Action|Co-op|Difficult|Family Friendly|Fast-Paced|Football (Soccer)|Funny|Indie|Local Co-Op|Local Multiplayer|Multiplayer|Singleplayer|Sports,PASS,PASS,PASS,PASS,PENDING_EXTERNAL_CHECK
2268560,Zombie Survival Game Online,Zombie Survival Game Online LLC,Zombie Survival Game Online LLC,0.6043,Depth,0.4103,0.7921,0.9165,0.2985,172,0.7151,Mostly Positive,"0 .. 20,000",10000.0,14.99,True,True,True,True,2023,Action|Adventure|Early Access|Indie|RPG|Strategy,Action|Action-Adventure|Base Building|Building|Crafting|Early Access|FPS|Looter Shooter|Multiplayer|Online Co-Op|Open World|Open World Survival Craft|Parkour|Post-apocalyptic|PvE,PASS,PASS,PASS,PASS,PENDING_EXTERNAL_CHECK
1518810,Koi Farm,"Job Talle, 3xBlast",Job Talle,0.6043,Low-cost option,0.7519,0.3062,0.5121,0.8471,864,0.9537,Overwhelmingly Positive,"50,000 .. 100,000",75000.0,2.99,True,False,False,True,2021,Casual|Indie|Simulation,2.5D|Atmospheric|Casual|Colorful|Creature Collector|Cute|Deckbuilding|Family Friendly|Farming Sim|Indie|Nature|Procedural Generation|Puzzle|Relaxing|Sandbox,PASS,PASS,PASS,PASS,PENDING_EXTERNAL_CHECK
618140,Barro,SC Jogos,SC Jogos,0.6043,Anchor,0.9388,0.0215,0.732,0.7249,4720,0.7862,Mostly Positive,"500,000 .. 1,000,000",750000.0,4.99,True,False,True,True,2018,Casual|Indie|Racing,Adventure|Arcade|Automobile Sim|Cartoon|Cartoony|Casual|Driving|Immersive Sim|Indie|Local Co-Op|Local Multiplayer|Multiplayer|PvP|Racing|Simulation,PASS,PASS,PASS,PASS,PENDING_EXTERNAL_CHECK
905340,Heave Ho,Le Cartel Studio,Devolver Digital,0.6043,Anchor,0.8756,0.1884,0.878,0.4752,2310,0.9152,Very Positive,"100,000 .. 200,000",150000.0,9.99,True,True,True,True,2019,Adventure|Indie,2D|4 Player Local|Adventure|Co-op|Funny|Indie|Local Co-Op|Local Multiplayer|Multiplayer|Party|Party Game|Physics|Platformer,PASS,PASS,PASS,PASS,PENDING_EXTERNAL_CHECK
326410,Windward,Tasharen Entertainment Inc.,Tasharen Entertainment Inc.,0.6043,Anchor,0.9157,0.09,0.9362,0.4752,3555,0.8,Very Positive,"200,000 .. 500,000",350000.0,9.99,True,True,True,True,2015,Action|Adventure|Indie|RPG,Action|Adventure|Choose Your Own Adventure|Co-op|Economy|Exploration|Indie|MMORPG|Multiplayer|Naval|Naval Combat|Open World|Pirates|Procedural Generation|RPG,PASS,PASS,PASS,PASS,PENDING_EXTERNAL_CHECK
2693460,Christmas Nightmare,JustTomcuk,JustTomcuk,0.6043,Low-cost option,0.4468,0.7921,0.4533,0.7249,200,0.885,Very Positive,"0 .. 20,000",10000.0,4.99,True,False,False,True,2023,Adventure|Indie|Simulation,3D|Adventure|Atmospheric|Cinematic|Colorful|Exploration|First-Person|Horror|Indie|Linear|Psychedelic|Psychological|Psychological Horror|Realistic|Simulation,PASS,PASS,PASS,PASS,PENDING_EXTERNAL_CHECK
1129920,Tales From Off-Peak City Vol. 1,Cosmo D,Cosmo D Studios LLC,0.6043,Depth,0.6696,0.4783,0.7941,0.4752,536,0.9888,Overwhelmingly Positive,"20,000 .. 50,000",35000.0,9.99,True,False,False,True,2020,Adventure|Indie,Adventure|Atmospheric|Collectathon|Colorful|Conversation|Dystopian|Exploration|First-Person|Great Soundtrack|Investigation|Music-Based Procedural Generation|Mystery|Noir|Psychedelic|Psychological Horror,PASS,PASS,PASS,PASS,PENDING_EXTERNAL_CHECK
310080,Hatoful Boyfriend,"Mediatonic, Hato Moa",Epic Games,0.6042,Anchor,0.9642,0.09,0.8875,0.4752,7339,0.94,Very Positive,"200,000 .. 500,000",350000.0,9.99,True,False,False,True,2014,Casual|Indie|Simulation,Anime|Birds|Casual|Comedy|Dating Sim|Female Protagonist|Funny|Great Soundtrack|Illuminati|Indie|Memes|Multiple Endings|Mystery|Otome|Parody,PASS,PASS,PASS,PASS,PENDING_EXTERNAL_CHECK
389270,Through Abandoned: The Underground City,Igor Krutov, Conglomerate 5,0.6041,Low-cost option,0.7285,0.1884,0.5416,0.9579,757,0.8058,Very Positive,"100,000 .. 200,000",150000.0,0.99,True,False,False,True,2015,Adventure|Casual|Indie,2D|Adventure|Atmospheric|Casual|Drama|Early Access|Exploration|First-Person|Hand-drawn|Indie|Mystery|Narration|Point & Click|Puzzle|Sci-fi,PASS,PASS,PASS,PASS,PENDING_EXTERNAL_CHECK
323320,Grow Home,"Reflections, a Ubisoft Studio",Ubisoft,0.6041,Anchor,0.9462,0.09,0.8026,0.5776,5368,0.9171,Very Positive,"200,000 .. 500,000",350000.0,7.99,True,False,False,True,2015,Adventure|Casual|Indie,3D Platformer|Adventure|Atmospheric|Casual|Controller|Cute|Exploration|Funny|Great Soundtrack|Indie|Open World|Parkour|Physics|Platformer|Relaxing,PASS,PASS,PASS,PASS,PENDING_EXTERNAL_CHECK
1804610,Recollection,Erkberg Games,Erkberg Games,0.6041,Low-cost option,0.2034,0.7921,0.6959,0.7249,87,0.977,Very Positive,"0 .. 20,000",10000.0,4.99,True,False,False,True,2023,Adventure|Casual|Indie,2.5D|Adventure|Atmospheric|Casual|Controller|Cute|Emotional|Experimental|Hidden Object|Linear|Nature|Philosophical|Relaxing|Short|Singleplayer,PASS,PASS,PASS,PASS,PENDING_EXTERNAL_CHECK
1617270,The Faraway Land,FireTail,FireTail,0.604,Depth,0.2245,0.7921,0.9244,0.4752,93,0.8602,Very Positive,"0 .. 20,000",10000.0,9.99,True,True,True,True,2024,Adventure|Indie|Massively Multiplayer,Adventure|Agriculture|Atmospheric|Base Building|Crafting|Cute|Exploration|Fantasy|Farming Sim|Indie|Magic|Multiplayer|Open World|RPG|Relaxing,PASS,PASS,PASS,PASS,PENDING_EXTERNAL_CHECK
824460,HELLFRONT: HONEYMOON,SkyGoblin,Team Reset,0.604,Depth,0.2212,0.7921,0.9276,0.4752,92,0.8478,Very Positive,"0 .. 20,000",10000.0,9.99,True,True,True,True,2018,Action|Indie|Strategy,3D|4 Player Local|Action|Action RTS|Aliens|Co-op|Fast-Paced|Indie|Local Co-Op|Local Multiplayer|Multiplayer|PvP|RTS|Sci-fi|Shooter,PASS,PASS,PASS,PASS,PENDING_EXTERNAL_CHECK
2295700,Berry People,,,0.604,Low-cost option,0.3788,0.7921,0.4215,0.8235,153,0.9542,Very Positive,"0 .. 20,000",10000.0,3.1096000000000004,True,False,False,True,2023,Indie,3D|Casual|Collectathon|Colorful|Controller|Creature Collector|Cute|Exploration|Family Friendly|First-Person|Hand-drawn|Hidden Object|Indie|Nature|Nonlinear,PASS,PASS,PASS,PASS,PENDING_EXTERNAL_CHECK
966070,Relow,"Relow Digital, Tommaso Romanò",Relow Digital,0.6039,Depth,0.2106,0.7921,0.8356,0.5776,89,0.8764,Very Positive,"0 .. 20,000",10000.0,7.99,True,True,True,False,2020,Action|Early Access|Indie|Massively Multiplayer,Action|Arena Shooter|Early Access|FPS|Indie|Massively Multiplayer|Multiplayer|PvP|Shooter,PASS,PASS,PASS,PASS,PENDING_EXTERNAL_CHECK
740040,Play With Gilbert - Remake,Joure Visser,Joure Visser,0.6039,Depth,0.3331,0.7921,0.8153,0.4752,131,0.8931,Very Positive,"0 .. 20,000",10000.0,9.99,True,True,True,True,2017,Adventure|Casual|Indie,3D|3D Platformer|Adventure|Casual|Cats|Character Customization|Co-op|Cute|Exploration|Family Friendly|Funny|Local Co-Op|Local Multiplayer|Multiplayer|Open World,PASS,PASS,PASS,PASS,PENDING_EXTERNAL_CHECK
1801640,精神病大王花 Flowering Abyss,CHARON,Pujia8 Studio,0.6039,Depth,0.4677,0.7921,0.5781,0.5776,217,0.8479,Very Positive,"0 .. 20,000",10000.0,7.99,True,False,False,True,2022,Adventure|Indie|RPG,2D|Adventure|Anime|Cartoon|Comic Book|Crime|Cute|Dating Sim|Drama|Emotional|Horror|Interactive Fiction|Mystery|Psychological|Psychological Horror,PASS,PASS,PASS,PASS,PENDING_EXTERNAL_CHECK
238210,System Shock 2,"Nightdive Studios, Irrational Games, Looking Glass Studios",Nightdive Studios,0.6039,Anchor,0.9646,0.0215,0.9541,0.4752,7370,0.9448,Very Positive,"500,000 .. 1,000,000",750000.0,9.99,False,True,True,True,2013,Action|RPG,Action|Atmospheric|Classic|Co-op|Cult Classic|Cyberpunk|FPS|First-Person|Great Soundtrack|Horror|Immersive Sim|Inventory Management|RPG|Sci-fi|Shooter,PASS,PASS,PASS,PASS,PENDING_EXTERNAL_CHECK
94300,The Dream Machine: Chapter 1 & 2,Cockroach Inc.,The Sleeping Machine,0.6038,Anchor,0.8675,0.3062,0.4422,0.7993,2124,0.879,Very Positive,"50,000 .. 100,000",75000.0,3.99,True,False,False,True,2012,Adventure|Casual|Indie,2D|Adventure|Atmospheric|Conversation|Dark|Emotional|Exploration|Hand-drawn|Horror|Mystery|Narrative|Point & Click|Psychedelic|Psychological|Psychological Horror,PASS,PASS,PASS,PASS,PENDING_EXTERNAL_CHECK
2659900,Sixty Four,Oleg Danilov,Playsaurus,0.6038,Anchor,0.8074,0.3062,0.647,0.6546,1279,0.7451,Mostly Positive,"50,000 .. 100,000",75000.0,5.99,True,False,False,True,2024,Casual|Indie|Simulation|Strategy,Automation|Casual|Clicker|Crafting|Idler|Indie|Isometric|Management|Resource Management|Simulation|Singleplayer|Strategy|Stylized,PASS,PASS,PASS,PASS,PENDING_EXTERNAL_CHECK
1414250,CORPSE FACTORY,RIVER CROW STUDIO,RIVER CROW STUDIO,0.6038,Depth,0.7193,0.7921,0.7415,0.1624,716,0.8254,Very Positive,"0 .. 20,000",10000.0,19.99,True,False,False,True,2022,Adventure|Casual|Indie,2D|Adventure|Anime|Casual|Dark|Female Protagonist|Gore|Hand-drawn|Horror|Interactive Fiction|Multiple Endings|Mystery|Psychological|Psychological Horror|Singleplayer,PASS,PASS,PASS,PASS,PENDING_EXTERNAL_CHECK
307940,Radiation Island,Atypical Games,Atypical Games,0.6038,Depth,0.6882,0.4783,0.7734,0.4752,597,0.8007,Very Positive,"20,000 .. 50,000",35000.0,9.99,True,False,False,True,2016,Action|Adventure|Indie,Action|Adventure|Crafting|Horror|Indie|Multiplayer|Open World|Open World Survival Craft|Singleplayer|Survival|Zombies,PASS,PASS,PASS,PASS,PENDING_EXTERNAL_CHECK
1684080,Toroom,"Gagonfe, Ulon, Rhowsl",Gagonfe,0.6038,Depth,0.401,0.7921,0.8328,0.3892,166,0.8494,Very Positive,"0 .. 20,000",10000.0,11.99,False,True,True,True,2021,Action|Adventure,2D|Action|Action Roguelike|Atmospheric|Bullet Hell|Co-op|Cute|Difficult|Dungeon Crawler|Local Co-Op|Loot|Pixel Graphics|Replay Value|Roguelike|Roguelite,PASS,PASS,PASS,PASS,PENDING_EXTERNAL_CHECK
868080,Golf Galore,Snazzy Games,Snazzy Games,0.6038,Low-cost option,0.5598,0.7921,0.1053,0.9579,321,0.8131,Very Positive,"0 .. 20,000",10000.0,0.99,True,False,True,True,2018,Casual|Early Access|Indie|Sports,Casual|Early Access|Golf|Indie|Mini Golf|Multiplayer|Sports,PASS,PASS,PASS,PASS,PENDING_EXTERNAL_CHECK
2264310,Christmas Night,CROSSRED,SKYFOSTER,0.6037,Depth,0.262,0.7921,0.7062,0.6546,104,0.875,Very Positive,"0 .. 20,000",10000.0,5.99,True,False,False,True,2023,Indie,3D|Cinematic|Demons|Exploration|FPS|Female Protagonist|First-Person|God Game|Hidden Object|Horror|Indie|Mystery|Psychological Horror|Realistic|Simulation,PASS,PASS,PASS,PASS,PENDING_EXTERNAL_CHECK
3018910,Homeless,DarkPhobia Games,"DarkPhobia Games, Teaserplay",0.6036,Low-cost option,0.3355,0.7921,0.5104,0.7765,132,0.7879,Mostly Positive,"0 .. 20,000",10000.0,4.89,False,False,False,True,2024,Adventure,1990's|3D|Action|Adventure|Atmospheric|Cinematic|Crime|Dark|Exploration|FPS|Horror|Realistic|Singleplayer|Story Rich|Walking Simulator,PASS,PASS,PASS,PASS,PENDING_EXTERNAL_CHECK
1371750,T-Minus 30,"Dejobaan Games, Grey Alien Games","SUPERHOT PRESENTS, Dejobaan Games, Grey Alien Games",0.6036,Depth,0.4282,0.7921,0.719,0.4752,185,0.9351,Very Positive,"0 .. 20,000",10000.0,9.99,False,False,False,True,2021,Simulation|Strategy,2.5D|Base Building|City Builder|Colony Sim|Destruction|Economy|Isometric|Management|Procedural Generation|Resource Management|Simulation|Singleplayer|Strategy|Time Management,PASS,PASS,PASS,PASS,PENDING_EXTERNAL_CHECK
491220,Mr. Pumpkin Adventure,Cotton Game,CottonGame,0.6036,Low-cost option,0.5519,0.3062,0.6247,0.9315,310,0.829,Very Positive,"50,000 .. 100,000",75000.0,1.11,True,False,False,True,2016,Adventure|Indie,2D|Adventure|Atmospheric|Cartoony|Casual|Comedy|Cute|Exploration|Funny|Hidden Object|Horror|Indie|Point & Click|Psychological Horror|Puzzle,PASS,PASS,PASS,PASS,PENDING_EXTERNAL_CHECK
1224020,Creepy Tale,Creepy Brothers,Creepy Brothers,0.6036,Anchor,0.884,0.09,0.7152,0.7249,2497,0.8606,Very Positive,"200,000 .. 500,000",350000.0,4.99,True,False,False,True,2020,Adventure|Indie,2D|2D Platformer|Action-Adventure|Adventure|Atmospheric|Cartoony|Dark|Great Soundtrack|Hand-drawn|Horror|Indie|Linear|Platformer|Point & Click|Puzzle,PASS,PASS,PASS,PASS,PENDING_EXTERNAL_CHECK
2059760,Elden Gunfire 2,Amonga99,Amonga99,0.6035,Depth,0.0621,0.7921,0.9824,0.5776,58,0.7414,Mostly Positive,"0 .. 20,000",10000.0,7.99,True,True,True,True,2022,Action|Indie|Massively Multiplayer,Action|Adventure|Anime|Battle Royale|Co-op|Comedy|Early Access|FPS|Fighting|Funny|Indie|Massively Multiplayer|Multiplayer|Online Co-Op|PvP,PASS,PASS,PASS,PASS,PENDING_EXTERNAL_CHECK
2298080,Snafu,Stanislaw Truchowski,TurnVex,0.6034,Low-cost option,0.3101,0.7921,0.5866,0.7249,121,0.9421,Very Positive,"0 .. 20,000",10000.0,4.99,True,False,False,True,2023,Action|Adventure|Indie,3D|Action-Adventure|Adventure|Atmospheric|Controller|Dark|Exploration|First-Person|Horror|Linear|Lore-Rich|Multiple Endings|Mystery|Open World|Pixel Graphics,PASS,PASS,PASS,PASS,PENDING_EXTERNAL_CHECK
2400280,富甲天下4,"T-Time Technology CO., LTD.","T-Time Technology CO., LTD.",0.6034,Depth,0.5598,0.4783,0.9004,0.4752,321,0.7072,Mostly Positive,"20,000 .. 50,000",35000.0,9.99,False,False,True,True,2023,Casual|Strategy,Anime|Board Game|Card Battler|Casual|Colorful|Comedy|Cute|Drama|Funny|Historical|MOBA|Multiplayer|PvP|Singleplayer|Story Rich,PASS,PASS,PASS,PASS,PENDING_EXTERNAL_CHECK
620650,Puzzle With Your Friends,"SkyCat Games, bumblebee.",SkyCat Games,0.6033,Low-cost option,0.4191,0.4783,0.791,0.7249,178,0.8764,Very Positive,"20,000 .. 50,000",35000.0,4.99,True,True,True,True,2018,Casual|Indie,2D|Anime|Atmospheric|Board Game|Casual|Co-op|Colorful|Cute|Family Friendly|Hand-drawn|Indie|Multiplayer|Online Co-Op|Pixel Graphics|Puzzle,PASS,PASS,PASS,PASS,PENDING_EXTERNAL_CHECK
1369340,Cats Organized Neatly,DU&I,DU&I,0.6032,Anchor,0.928,0.3062,0.253,0.9255,4119,0.9774,Overwhelmingly Positive,"50,000 .. 100,000",75000.0,1.49,True,False,False,True,2020,Casual|Indie,2D|Atmospheric|Cartoony|Casual|Cats|Colorful|Comedy|Cozy|Cute|Family Friendly|Funny|Hand-drawn|Indie|Memes|Minimalist,PASS,PASS,PASS,PASS,PENDING_EXTERNAL_CHECK
2723460,Dogs Huddled Together 挤在一起的狗狗们,,,0.6031,Low-cost option,0.1919,0.7921,0.5517,0.8769,84,0.9643,Very Positive,"0 .. 20,000",10000.0,2.0696,True,False,False,True,2024,Casual|Indie|Simulation,2D|Atmospheric|Casual|Clicker|Cute|Dog|Funny|Hand-drawn|Indie|Point & Click|Puzzle|Puzzle Platformer|Relaxing|Simulation|Singleplayer,PASS,PASS,PASS,PASS,PENDING_EXTERNAL_CHECK
1556790,Isonzo,BlackMill Games,BlackMill Games,0.6031,Anchor,0.9846,0.09,0.9864,0.3512,12682,0.8305,Very Positive,"200,000 .. 500,000",350000.0,13.99,True,False,True,True,2022,Action|Indie|Massively Multiplayer|Simulation|Strategy,Action|Atmospheric|Combat|FPS|First-Person|Historical|Indie|Massively Multiplayer|Military|Multiplayer|PvP|Realistic|Shooter|Simulation|Singleplayer,PASS,PASS,PASS,PASS,PENDING_EXTERNAL_CHECK
2424650,Froggy's Battle,Doot,Doot,0.603,Low-cost option,0.5444,0.7921,0.1476,0.9281,299,0.9565,Very Positive,"0 .. 20,000",10000.0,1.39,True,False,False,True,2023,Action|Casual|Indie,2D|Action|Action Roguelike|Arcade|Casual|Colorful|Combat|Controller|Cute|Fantasy|Funny|Indie|Magic|Nature|Relaxing,PASS,PASS,PASS,PASS,PENDING_EXTERNAL_CHECK
2236300,Grand Emprise: Time Travel Survival,Tbjbu2,Tbjbu2,0.603,Depth,0.7226,0.4783,0.8219,0.3892,728,0.7129,Mostly Positive,"20,000 .. 50,000",35000.0,11.99,True,False,False,True,2023,Action|Adventure|Casual|Indie|RPG|Simulation,Action|Action-Adventure|Adventure|Automation|Base Building|Building|Colony Sim|Crafting|Dinosaurs|Exploration|Futuristic|Multiplayer|Open World|Open World Survival Craft|Resource Management,PASS,PASS,PASS,PASS,PENDING_EXTERNAL_CHECK
2817140,Charming Hearts,"坤舆科技, 一冉影视",坤舆科技,0.603,Depth,0.6056,0.4783,0.8528,0.4752,397,0.8791,Very Positive,"20,000 .. 50,000",35000.0,9.99,True,False,True,True,2024,Indie|RPG|Simulation|Strategy,CRPG|Choices Matter|Choose Your Own Adventure|Colorful|Comedy|Conversation|Dating Sim|Drama|First-Person|Funny|Immersive Sim|Interactive Fiction|Linear|Multiple Endings|RPG,PASS,PASS,PASS,PASS,PENDING_EXTERNAL_CHECK
1105620,Exertus,Loneminded,Loneminded,0.6029,Low-cost option,0.541,0.7921,0.086,0.9925,294,0.8639,Very Positive,"0 .. 20,000",10000.0,0.55,True,False,False,True,2019,Action|Casual|Indie,3D|3D Platformer|Abstract|Action|Adventure|Atmospheric|Beautiful|Casual|Colorful|Difficult|FPS|Family Friendly|First-Person|Minimalist|Parkour,PASS,PASS,PASS,PASS,PENDING_EXTERNAL_CHECK
2729000,Cats and Seek: Dino Park,Noobzilla,Noobzilla,0.6028,Low-cost option,0.3663,0.7921,0.3537,0.8992,147,1.0,Very Positive,"0 .. 20,000",10000.0,1.99,True,False,False,True,2024,Casual|Indie,2D|Cartoony|Casual|Cats|Collectathon|Cozy|Creature Collector|Cute|Dinosaurs|Exploration|Family Friendly|Hand-drawn|Hidden Object|Indie|Minimalist,PASS,PASS,PASS,PASS,PENDING_EXTERNAL_CHECK
1490980,Mirror Layers,"Revolab, Ivan Zanotti's MyMadnessWorks","Revolab, Ivan Zanotti's MyMadnessWorks",0.6028,Depth,0.3101,0.7921,0.8339,0.4752,121,0.9587,Very Positive,"0 .. 20,000",10000.0,9.99,True,False,False,True,2021,Action|Adventure|Indie,Action|Adventure|Asynchronous Multiplayer|Atmospheric|Co-op|Exploration|First-Person|Gore|Horror|Indie|Linear|Logic|Mystery|Psychological Horror|Puzzle,PASS,PASS,PASS,PASS,PENDING_EXTERNAL_CHECK
295690,PARTICLE MACE,Andy Wallace,Andy Makes,0.6028,Anchor,0.8166,0.09,0.7795,0.7249,1369,0.878,Very Positive,"200,000 .. 500,000",350000.0,4.99,True,True,True,True,2015,Action|Adventure|Indie,2D|4 Player Local|Action|Adventure|Arcade|Casual|Difficult|Exploration|Great Soundtrack|Indie|Local Co-Op|Local Multiplayer|Multiplayer|Pixel Graphics|Retro,PASS,PASS,PASS,PASS,PENDING_EXTERNAL_CHECK
1834920,Countryball: Europe 1890,SHN Games,SHN Games,0.6027,Low-cost option,0.686,0.4783,0.4474,0.7993,591,0.9746,Overwhelmingly Positive,"20,000 .. 50,000",35000.0,3.99,True,False,False,True,2022,Action|Indie|Strategy,2D|Action|Atmospheric|Colorful|Combat|Cute|Education|Funny|Management|Military|PvE|Singleplayer|Story Rich|Strategy|Strategy RPG,PASS,PASS,PASS,PASS,PENDING_EXTERNAL_CHECK
1341490,Hellsweeper VR,Mixed Realms Pte Ltd,Vertigo Games,0.6027,Depth,0.5952,0.7921,0.9695,0.0542,378,0.8598,Very Positive,"0 .. 20,000",10000.0,29.99,True,True,True,True,2023,Action|Indie|RPG|Simulation,Action Roguelike|Bullet Time|Co-op|Combat|Dark|Dark Fantasy|FPS|Hack and Slash|Magic|Martial Arts|Multiplayer|Online Co-Op|RPG|Roguelike|Roguelite,PASS,PASS,PASS,PASS,PENDING_EXTERNAL_CHECK
600610,The Hand of Merlin,Room-C Games,Versus Evil,0.6027,Depth,0.5749,0.7921,0.9568,0.0871,346,0.7197,Mostly Positive,"0 .. 20,000",10000.0,24.99,True,False,False,True,2022,Indie|RPG|Strategy,Atmospheric|Difficult|Fantasy|Indie|Medieval|Perma Death|RPG|Replay Value|Roguelike|Roguelite|Sci-fi|Singleplayer|Soundtrack|Story Rich|Strategy,PASS,PASS,PASS,PASS,PENDING_EXTERNAL_CHECK
1292940,Cube Escape Collection,Rusty Lake,Rusty Lake,0.6027,Anchor,0.9558,0.09,0.6401,0.7249,6210,0.9828,Overwhelmingly Positive,"200,000 .. 500,000",350000.0,4.99,False,False,False,True,2020,,2D|Adventure|Atmospheric|Casual|Dark|Detective|Escape Room|Hand-drawn|Horror|Indie|Multiple Endings|Mystery|Point & Click|Psychological Horror|Puzzle,PASS,PASS,PASS,PASS,PENDING_EXTERNAL_CHECK
302710,BlazeRush,Targem Games,Targem Games,0.6027,Anchor,0.835,0.09,0.5865,0.8992,1596,0.8766,Very Positive,"200,000 .. 500,000",350000.0,1.99,True,False,True,True,2014,Action|Casual|Indie|Racing,4 Player Local|Action|Arcade|Atmospheric|Casual|Combat Racing|Controller|Driving|Futuristic|Indie|Isometric|Local Co-Op|Local Multiplayer|Multiplayer|Online Co-Op,PASS,PASS,PASS,PASS,PENDING_EXTERNAL_CHECK
323490,Oblivious Garden ~Carmina Burana,"CorypheeSoft, DigitalEZ",DigitalEZ,0.6026,Depth,0.6745,0.7921,0.2893,0.6546,551,0.8966,Very Positive,"0 .. 20,000",10000.0,5.99,True,False,False,True,2014,Adventure|Casual|Indie,Adventure|Anime|Casual|Dating Sim|Great Soundtrack|Indie|Visual Novel,PASS,PASS,PASS,PASS,PENDING_EXTERNAL_CHECK
1279700,Midnight Scenes: The Highway (Special Edition),Octavi Navarro,Octavi Navarro,0.6026,Low-cost option,0.4885,0.4783,0.5964,0.8471,237,0.8987,Very Positive,"20,000 .. 50,000",35000.0,2.99,True,False,False,True,2020,Adventure|Indie,Adventure|Atmospheric|Conspiracy|Dark|Demons|Female Protagonist|Gore|Hidden Object|Horror|Interactive Fiction|Mystery|Pixel Graphics|Point & Click|Psychological|Psychological Horror,PASS,PASS,PASS,PASS,PENDING_EXTERNAL_CHECK
437000,GUILTY GEAR 2 -OVERTURE-,Arc System Works,Arc System Works,0.6026,Low-cost option,0.601,0.3062,0.6852,0.8178,389,0.7326,Mostly Positive,"50,000 .. 100,000",75000.0,3.79,False,False,True,True,2016,Action,Action|Action RTS|Anime|Controller|Difficult|Fighting|Great Soundtrack|Hack and Slash|Local Multiplayer|MOBA|RTS|Singleplayer|Story Rich|Strategy,PASS,PASS,PASS,PASS,PENDING_EXTERNAL_CHECK
1195560,Alek - The Lost Kingdom,Jessy Lemieux,Blackmyers Studio,0.6025,Depth,0.5771,0.4783,0.7001,0.6546,349,0.7794,Mostly Positive,"20,000 .. 50,000",35000.0,5.99,False,False,False,True,2021,Action|Adventure|Early Access|RPG|Strategy,Action|Action RPG|Adventure|Building|City Builder|Early Access|Economy|Fantasy|Indie|Management|Open World|Open World Survival Craft|RPG|Singleplayer|Strategy,PASS,PASS,PASS,PASS,PENDING_EXTERNAL_CHECK
768300,Zhulik.exe,DarkDes Labs,DarkDes Labs,0.6024,Low-cost option,0.1831,0.7921,0.5874,0.8471,82,0.7317,Mostly Positive,"0 .. 20,000",10000.0,2.99,True,False,False,True,2017,Casual|Indie|Simulation,Action|Casual|Clicker|Economy|Experimental|Funny|Gambling|Indie|Magic|Management|Minimalist|Mouse only|Real-Time|Resource Management|Short,PASS,PASS,PASS,PASS,PENDING_EXTERNAL_CHECK
865270,LIBRARY,Happy Snake,Happy Snake Games,0.6024,Low-cost option,0.4041,0.7921,0.3142,0.8992,168,0.9643,Very Positive,"0 .. 20,000",10000.0,1.99,True,False,False,True,2018,Indie,Cute|Family Friendly|First-Person|Indie,PASS,PASS,PASS,PASS,PENDING_EXTERNAL_CHECK
466500,35MM,Носков Сергей,Носков Сергей,0.6024,Anchor,0.9281,0.09,0.8415,0.5498,4126,0.715,Mostly Positive,"200,000 .. 500,000",350000.0,8.99,True,False,False,True,2016,Indie,Action|Atmospheric|Choices Matter|Exploration|FPS|First-Person|Hidden Object|Horror|Multiple Endings|Open World|Post-apocalyptic|Psychological Horror|Puzzle|Realistic|Sci-fi,PASS,PASS,PASS,PASS,PENDING_EXTERNAL_CHECK
1975180,The Night of the Scissors,Tomás Esconjaureguy,selewi,0.6023,Low-cost option,0.5945,0.4783,0.4893,0.8471,377,0.9576,Very Positive,"20,000 .. 50,000",35000.0,2.99,True,False,False,True,2022,Action|Adventure|Indie,1980s|3D|Action|Adventure|Atmospheric|Cinematic|Crime|Exploration|Horror|Interactive Fiction|Mystery|Old School|Pixel Graphics|Psychological Horror|Retro,PASS,PASS,PASS,PASS,PENDING_EXTERNAL_CHECK
2319640,Rise of Gun,PimpGameStudio,PimpGameStudio,0.6022,Depth,0.6372,0.4783,0.7342,0.5593,460,0.8522,Very Positive,"20,000 .. 50,000",35000.0,8.24,True,False,False,True,2024,Adventure|Casual|Indie|RPG|Simulation,Base Building|Building|Casual|Collectathon|Crafting|Exploration|First-Person|Funny|Hidden Object|Horror|Life Sim|Management|Physics|Post-apocalyptic|Psychological Horror,PASS,PASS,PASS,PASS,PENDING_EXTERNAL_CHECK
512490,Zombie Estate 2,Sad Spaghetti Entertainment,Sad Spaghetti Entertainment,0.6022,Low-cost option,0.7029,0.3062,0.6748,0.7249,649,0.9676,Overwhelmingly Positive,"50,000 .. 100,000",75000.0,4.99,True,True,True,True,2017,Action|Indie,4 Player Local|Action|Co-op|Indie|Local Co-Op|Multiplayer|Pixel Graphics|Shooter|Zombies,PASS,PASS,PASS,PASS,PENDING_EXTERNAL_CHECK
824850,Some Distant Memory,Galvanic Games,Way Down Deep,0.6022,Depth,0.5141,0.7921,0.7365,0.3662,263,0.943,Very Positive,"0 .. 20,000",10000.0,12.99,True,False,False,True,2019,Adventure|Casual|Indie,2.5D|Adventure|Atmospheric|Casual|Female Protagonist|Indie|Mystery|Post-apocalyptic|Sci-fi|Short|Singleplayer|Story Rich|Walking Simulator,PASS,PASS,PASS,PASS,PENDING_EXTERNAL_CHECK
439250,Space Pilgrim Episode III: Delta Pavonis,"Pilgrim Adventures, GrabTheGames Studios","GrabTheGames, TheGamesFortress",0.6022,Low-cost option,0.6134,0.1884,0.7077,0.8992,411,0.8735,Very Positive,"100,000 .. 200,000",150000.0,1.99,True,False,False,True,2016,Adventure|Indie,2D|Action|Adventure|Cartoony|Casual|Controller|Episodic|Exploration|Female Protagonist|Indie|JRPG|Pixel Graphics|Point & Click|RPG|RPGMaker,PASS,PASS,PASS,PASS,PENDING_EXTERNAL_CHECK
688740,Fractured Minds,EmilyMGames,Wired Productions,0.6021,Low-cost option,0.5968,0.4783,0.4342,0.8992,381,0.7874,Mostly Positive,"20,000 .. 50,000",35000.0,1.99,True,False,False,True,2019,Indie,Adventure|First-Person|Horror|Indie|Psychological Horror|Short,PASS,PASS,PASS,PASS,PENDING_EXTERNAL_CHECK
2020530,風色幻想6:冒險奏鳴,弘煜科技事業股份有限公司,Phoenix Games,0.6021,Depth,0.286,0.7921,0.6757,0.6546,112,0.9018,Very Positive,"0 .. 20,000",10000.0,5.99,False,False,False,True,2022,Adventure|RPG|Strategy,1980s|1990's|Adventure|Anime|Board Game|Cartoon|Cartoony|Colorful|Comic Book|Drama|RPG|Singleplayer|Story Rich|Strategy|Stylized,PASS,PASS,PASS,PASS,PENDING_EXTERNAL_CHECK
404680,Hob,Runic Games,Arc Games,0.6021,Anchor,0.9433,0.09,0.5757,0.7993,5101,0.8855,Very Positive,"200,000 .. 500,000",350000.0,3.99,True,False,False,True,2017,Action|Adventure|Indie,3D Platformer|Action|Action RPG|Action-Adventure|Adventure|Atmospheric|Colorful|Controller|Exploration|Fantasy|Great Soundtrack|Hack and Slash|Indie|Metroidvania|Open World,PASS,PASS,PASS,PASS,PENDING_EXTERNAL_CHECK
29800,Caster,Elecorn,Elecorn,0.6021,Anchor,0.9258,0.09,0.4932,0.8992,3987,0.7946,Mostly Positive,"200,000 .. 500,000",350000.0,1.99,True,False,False,True,2009,Action|Adventure|Casual|Indie|RPG|Strategy,Action|Adventure|Atmospheric|Casual|Fast-Paced|Female Protagonist|Great Soundtrack|Indie|RPG|Shooter|Singleplayer|Strategy|Third Person|Third-Person Shooter,PASS,PASS,PASS,PASS,PENDING_EXTERNAL_CHECK
1558100,PixPhys,Red Starship,Red Starship,0.6021,Low-cost option,0.4617,0.7921,0.3552,0.7993,212,0.75,Mostly Positive,"0 .. 20,000",10000.0,3.99,True,False,False,True,2021,Early Access|Indie|Simulation,2D|Action|Automation|Building|Choose Your Own Adventure|Destruction|Early Access|Flight|Indie|Mod|Moddable|Open World|Physics|Pixel Graphics|Programming,PASS,PASS,PASS,PASS,PENDING_EXTERNAL_CHECK
2252850,IN THE BUILDING: CATS 3,Laush Dmitriy Sergeevich,Laush Studio,0.6021,Low-cost option,0.1385,0.7921,0.5785,0.8992,72,0.8333,Very Positive,"0 .. 20,000",10000.0,1.99,True,False,False,True,2023,Casual|Indie,2D|Atmospheric|Casual|Cats|Clicker|Collectathon|Controller|Creature Collector|Cute|Education|Exploration|Family Friendly|Hidden Object|Logic|Minimalist,PASS,PASS,PASS,PASS,PENDING_EXTERNAL_CHECK
379210,Wayward,Unlok,Unlok,0.602,Anchor,0.8063,0.3062,0.718,0.5776,1271,0.8607,Very Positive,"50,000 .. 100,000",75000.0,7.99,True,True,True,True,2016,Adventure|Early Access|Indie|RPG|Simulation,2D|Adventure|Crafting|Early Access|Fantasy|Grid-Based Movement|Indie|Inventory Management|Multiplayer|Open World|Open World Survival Craft|Pixel Graphics|RPG|Roguelike|Sandbox,PASS,PASS,PASS,PASS,PENDING_EXTERNAL_CHECK
257750,Bloody Trapland,2Play,2Play,0.602,Anchor,0.9256,0.0215,0.7361,0.7249,3972,0.8195,Very Positive,"500,000 .. 1,000,000",750000.0,4.99,True,True,True,True,2013,Action|Adventure|Casual|Indie,2D|2D Platformer|4 Player Local|Adventure|Arcade|Casual|Co-op Campaign|Controller|Cute|Difficult|Funny|Local Co-Op|Local Multiplayer|Multiplayer|Online Co-Op,PASS,PASS,PASS,PASS,PENDING_EXTERNAL_CHECK
435120,Rusty Lake Hotel,Rusty Lake,Rusty Lake,0.602,Anchor,0.9708,0.0215,0.5165,0.8992,8503,0.9584,Overwhelmingly Positive,"500,000 .. 1,000,000",750000.0,1.99,True,False,False,True,2016,Adventure|Indie,2D|Adventure|Atmospheric|Casual|Dark|Dark Humor|Gore|Hand-drawn|Hidden Object|Horror|Indie|Mystery|Point & Click|Psychological Horror|Puzzle,PASS,PASS,PASS,PASS,PENDING_EXTERNAL_CHECK
1411020,Perennial Order,Gardenfiend Games,SOEDESCO,0.602,Depth,0.5649,0.7921,0.8886,0.1624,329,0.921,Very Positive,"0 .. 20,000",10000.0,19.99,False,True,True,True,2024,Action|Adventure|RPG,2D|Action|Action-Adventure|Adventure|Atmospheric|Boss Rush|Co-op|Combat|Dark Fantasy|Difficult|Hack and Slash|Hand-drawn|Horror|Indie|Local Co-Op,PASS,PASS,PASS,PASS,PENDING_EXTERNAL_CHECK
1869710,Invention 3,Falco Software,Conglomerate 5,0.6019,Low-cost option,0.1618,0.7921,0.496,0.9579,77,0.7143,Mostly Positive,"0 .. 20,000",10000.0,0.99,True,False,False,True,2022,Action|Adventure|Indie,3D|Action|Action-Adventure|Adventure|Atmospheric|Combat|FPS|First-Person|Gore|Horror|Indie|Linear|Post-apocalyptic|Shooter|Singleplayer,PASS,PASS,PASS,PASS,PENDING_EXTERNAL_CHECK
243040,Startopia,"My Little Planet Ltd, Mucky Foot Productions Ltd",My Little Planet Ltd,0.6019,Depth,0.7608,0.09,0.9393,0.6174,917,0.8942,Very Positive,"200,000 .. 500,000",350000.0,6.99,False,False,False,True,2013,Simulation,3D|Aliens|Base Building|City Builder|Colony Sim|Comedy|Funny|God Game|Life Sim|Local Multiplayer|Management|Multiplayer|RTS|Real-Time with Pause|Sandbox,PASS,PASS,PASS,PASS,PENDING_EXTERNAL_CHECK
1642790,Deepening Fire,VeryBigDog,"Merlion Games, ETime Studio",0.6019,Depth,0.6804,0.4783,0.8596,0.3892,570,0.7351,Mostly Positive,"20,000 .. 50,000",35000.0,11.99,True,False,False,True,2023,Action|Adventure|Indie|RPG,Action|Action RPG|Action-Adventure|Adventure|Controller|Dark|Dark Fantasy|Demons|Difficult|Exploration|Indie|Lore-Rich|Metroidvania|Open World|Platformer,PASS,PASS,PASS,PASS,PENDING_EXTERNAL_CHECK
453300,A Healer Only Lives Twice,Pon Pon Games,PLAYISM,0.6019,Low-cost option,0.4645,0.4783,0.7397,0.7249,214,0.8131,Very Positive,"20,000 .. 50,000",35000.0,4.99,True,False,False,True,2016,Indie|RPG|Strategy,Atmospheric|Cartoony|Casual|Controller|Cute|Dungeon Crawler|Fantasy|Great Soundtrack|Indie|Linear|Medieval|Perma Death|RPG|Real-Time|Simulation,PASS,PASS,PASS,PASS,PENDING_EXTERNAL_CHECK
2907870,Room 817: Director's Cut,Bormak Studio,Bormak Studio,0.6018,Low-cost option,0.0688,0.7921,0.7236,0.823,59,0.7797,Mostly Positive,"0 .. 20,000",10000.0,3.19,True,False,False,True,2024,Action|Indie,1990's|Action|Adventure|Atmospheric|Dark|Escape Room|First-Person|Horror|Immersive Sim|Investigation|Lovecraftian|Mystery|Old School|Psychological Horror|Puzzle,PASS,PASS,PASS,PASS,PENDING_EXTERNAL_CHECK
1002270,PiiSim,Koker_007,Koker_007,0.6018,Low-cost option,0.103,0.7921,0.5544,0.9579,65,0.9231,Very Positive,"0 .. 20,000",10000.0,0.99,True,False,False,True,2019,Action|Casual|Indie|Simulation,Action|Casual|Comedy|Destruction|Epic|FPS|Fast-Paced|First-Person|Funny|Indie|Memes|Score Attack|Shooter|Short|Simulation,PASS,PASS,PASS,PASS,PENDING_EXTERNAL_CHECK
1421290,Battle Shapers,Metric Empire,"Metric Empire, Kepler Ghost",0.6018,Depth,0.6672,0.7921,0.8607,0.0871,530,0.8302,Very Positive,"0 .. 20,000",10000.0,24.99,False,False,False,True,2023,Action|Early Access,Action|Action Roguelike|Bullet Hell|Colorful|Combat|Controller|Early Access|FPS|Female Protagonist|First-Person|Indie|Looter Shooter|Robots|Roguelike|Roguelite,PASS,PASS,PASS,PASS,PENDING_EXTERNAL_CHECK
1428820,Wordle 3,PreoNus Games,Gigantum Games,0.6017,Low-cost option,0.5778,0.4783,0.3524,0.9984,350,0.7686,Mostly Positive,"20,000 .. 50,000",35000.0,0.39,True,False,False,True,2020,Casual|Indie|Simulation|Sports,2D|Casual|Difficult|Family Friendly|Fast-Paced|Indie|Logic|Minimalist|Mouse only|Physics|Point & Click|Puzzle|Puzzle Platformer|Relaxing|Short,PASS,PASS,PASS,PASS,PENDING_EXTERNAL_CHECK
1283400,Steelrising,Spiders,Nacon,0.6017,Anchor,0.9386,0.09,0.9031,0.4752,4709,0.7295,Mostly Positive,"200,000 .. 500,000",350000.0,9.99,False,False,False,True,2022,Action|Adventure|RPG,Action|Action RPG|Action-Adventure|Adventure|Alternate History|Atmospheric|Character Action Game|Character Customization|Cinematic|Dark Fantasy|Difficult|Exploration|Fantasy|RPG|Singleplayer,PASS,PASS,PASS,PASS,PENDING_EXTERNAL_CHECK
1458690,Mango,Sad Mask Party,NILWARE,0.6017,Low-cost option,0.2776,0.7921,0.516,0.8211,109,0.9083,Very Positive,"0 .. 20,000",10000.0,3.49,True,False,False,True,2021,Adventure|Casual|Indie,3D|Adventure|Atmospheric|Casual|Colorful|Dark Humor|Experimental|Exploration|First-Person|Indie|Lore-Rich|Philosophical|Psychedelic|Psychological|Psychological Horror,PASS,PASS,PASS,PASS,PENDING_EXTERNAL_CHECK
2658920,Staffer Reborn,Team Tetrapod,Team Tetrapod,0.6016,Low-cost option,0.6699,0.3062,0.5833,0.8471,537,0.9683,Overwhelmingly Positive,"50,000 .. 100,000",75000.0,2.99,True,False,False,True,2024,Adventure|Indie|Simulation,1980s|Adventure|Anime|Cartoon|Cartoony|Crime|Dark Fantasy|Detective|Emotional|Exploration|Gothic|Investigation|Lore-Rich|Management|Mystery,PASS,PASS,PASS,PASS,PENDING_EXTERNAL_CHECK
1211110,Petal Crash,Friend & Fairy,GalaxyTrail,0.6016,Depth,0.524,0.7921,0.6151,0.4752,274,0.9818,Very Positive,"0 .. 20,000",10000.0,9.99,True,True,True,True,2020,Indie,1990's|Adventure|Anime|Arcade|Cartoony|Character Action Game|Colorful|Comedy|Cute|Family Friendly|Fantasy|Female Protagonist|Funny|Indie|Local Multiplayer,PASS,PASS,PASS,PASS,PENDING_EXTERNAL_CHECK
64000,Men of War: Assault Squad,Digitalmindsoft,Fulqrum Publishing,0.6015,Anchor,0.9396,0.0215,0.9699,0.4752,4799,0.8804,Very Positive,"500,000 .. 1,000,000",750000.0,9.99,False,True,True,True,2011,Strategy,Action|Co-op|Destruction|Epic|Historical|Level Editor|Military|Moddable|Multiplayer|RTS|Real Time Tactics|Realistic|Sandbox|Simulation|Singleplayer,PASS,PASS,PASS,PASS,PENDING_EXTERNAL_CHECK
2852100,糟糕，我要坠入爱河啦！,南京玖飞麟网络科技有限公司,南京玖飞麟网络科技有限公司,0.6014,Depth,0.3052,0.7921,0.7305,0.5776,119,0.916,Very Positive,"0 .. 20,000",10000.0,7.99,True,False,False,True,2024,Adventure|Casual|Indie|RPG|Simulation|Strategy,Adventure|CRPG|Casual|Dating Sim|Emotional|FMV|First-Person|Immersive Sim|Lore-Rich|Mature|Multiple Endings|RPG|Romance|Simulation|Singleplayer,PASS,PASS,PASS,PASS,PENDING_EXTERNAL_CHECK
2788360,カルトに厳しいギャル-CULT VS GAL-,Crush-vAdin,Crush-vAdin,0.6014,Low-cost option,0.3272,0.7921,0.5612,0.7249,128,0.9922,Very Positive,"0 .. 20,000",10000.0,4.99,True,False,False,True,2024,Action|Indie,1990's|2.5D|Action|Anime|Boomer Shooter|Cute|Dark Comedy|Dark Humor|FPS|Female Protagonist|Funny|Gore|Great Soundtrack|Indie|Old School,PASS,PASS,PASS,PASS,PENDING_EXTERNAL_CHECK
1834310,100 Hidden Animalnaults - Felicat & Laika,Animalle Studio,Animalle Studio,0.6013,Low-cost option,0.0979,0.7921,0.6161,0.8992,64,0.7188,Mostly Positive,"0 .. 20,000",10000.0,1.99,False,False,False,True,2021,Casual,1980s|Adventure|Atmospheric|Casual|Cats|Comedy|Cute|Design & Illustration|Dog|Exploration|Female Protagonist|Funny|Hand-drawn|Hidden Object|Point & Click,PASS,PASS,PASS,PASS,PENDING_EXTERNAL_CHECK
1748610,Evil God Korone,"Vaka Game Magazine, ImCyan",Vaka Game Magazine,0.6013,Depth,0.6468,0.4783,0.6253,0.6546,482,0.9502,Very Positive,"20,000 .. 50,000",35000.0,5.99,True,False,False,True,2021,Adventure|Indie,Action-Adventure|Adventure|Anime|Cinematic|Dark|Horror|Indie|Psychological Horror|Realistic|Side Scroller|Singleplayer|Story Rich|Thriller,PASS,PASS,PASS,PASS,PENDING_EXTERNAL_CHECK
1140270,Monster Prom 2: Monster Camp,Beautiful Glitch,Beautiful Glitch,0.6012,Anchor,0.9508,0.09,0.9747,0.3892,5772,0.9683,Overwhelmingly Positive,"200,000 .. 500,000",350000.0,11.99,True,True,True,True,2020,Indie|Simulation,2D|Casual|Choose Your Own Adventure|Comedy|Dark Comedy|Dating Sim|Fantasy|Funny|Indie|LGBTQ+|Multiplayer|Multiple Endings|Online Co-Op|Romance|Sequel,PASS,PASS,PASS,PASS,PENDING_EXTERNAL_CHECK
1382320,Antonball Deluxe,Summitsphere,Summitsphere,0.6012,Depth,0.7085,0.7921,0.6056,0.2985,670,0.9716,Overwhelmingly Positive,"0 .. 20,000",10000.0,14.99,True,True,True,True,2021,Action|Adventure|Casual|Indie,2D|2D Platformer|Action|Adventure|Arcade|Casual|Colorful|Comedy|Competitive|Family Friendly|Funny|Indie|Multiplayer|Old School|Pixel Graphics,PASS,PASS,PASS,PASS,PENDING_EXTERNAL_CHECK
1748390,Rocket Bot Royale,Winterpixel Games,Winterpixel Games,0.6012,Low-cost option,0.72,0.3062,0.5313,0.8471,718,0.8663,Very Positive,"50,000 .. 100,000",75000.0,2.99,True,False,True,False,2022,Action|Indie|Massively Multiplayer|Strategy,2D|2D Platformer|Action|Arcade|Battle Royale|Character Customization|Colorful|Combat|Controller|Massively Multiplayer|Minimalist|Multiplayer|Physics|PvP|Retro,PASS,PASS,PASS,PASS,PENDING_EXTERNAL_CHECK
1388870,Arcade Paradise,Nosebleed Interactive,Wired Productions,0.6011,Anchor,0.8318,0.4783,0.9321,0.1624,1558,0.8241,Very Positive,"20,000 .. 50,000",35000.0,19.99,True,True,True,True,2022,Adventure|Indie|Simulation,1990's|3D|Action-Adventure|Adventure|America|Arcade|Comedy|First-Person|Funny|Local Co-Op|Management|Multiplayer|Old School|Pixel Graphics|PvP,PASS,PASS,PASS,PASS,PENDING_EXTERNAL_CHECK
10270,Disciples III: Reincarnation,Akella,Kalypso Media Digital,0.6011,Anchor,0.8405,0.1884,0.9005,0.4752,1673,0.7179,Mostly Positive,"100,000 .. 200,000",150000.0,9.99,False,False,True,True,2014,RPG|Strategy,Adventure|Atmospheric|Classic|Dark Fantasy|Fantasy|Gothic|Multiplayer|RPG|Singleplayer|Strategy|Turn-Based|Turn-Based Strategy,PASS,PASS,PASS,PASS,PENDING_EXTERNAL_CHECK
1182090,Mr. Pumpkin 2: Kowloon walled city,Cotton Game,Cotton Game,0.6011,Depth,0.6153,0.4783,0.6564,0.6546,414,0.9227,Very Positive,"20,000 .. 50,000",35000.0,5.99,True,False,False,True,2019,Casual|Indie,2D|Adventure|Alternate History|Anime|Casual|Exploration|Fantasy|Free to Play|Funny|Horror|Indie|Old School|Point & Click|Psychological Horror|Puzzle,PASS,PASS,PASS,PASS,PENDING_EXTERNAL_CHECK
15320,IL-2 Sturmovik: 1946,1C: Maddox Games,Fulqrum Publishing,0.6009,Anchor,0.8983,0.09,0.9401,0.4752,2862,0.8864,Very Positive,"200,000 .. 500,000",350000.0,9.99,False,False,True,True,2008,Simulation,Action|Classic|Flight|Historical|Jet|Military|Moddable|Multiplayer|Open World|Realistic|Simulation|Singleplayer|TrackIR|VR|War,PASS,PASS,PASS,PASS,PENDING_EXTERNAL_CHECK
344860,Crystal Story II,Lanstrash,Lanstrash,0.6009,Low-cost option,0.5611,0.7921,0.2032,0.8471,323,0.9474,Very Positive,"0 .. 20,000",10000.0,2.99,True,False,False,True,2015,Adventure|Indie|RPG|Strategy,Adventure|Anime|Great Soundtrack|Indie|JRPG|RPG|Strategy|Turn-Based|Turn-Based Combat,PASS,PASS,PASS,PASS,PENDING_EXTERNAL_CHECK
2069040,Unboxing the Cryptic Killer,Eleven Puzzles,Eleven Puzzles,0.6008,Anchor,0.8119,0.3062,0.6307,0.6546,1328,0.9172,Very Positive,"50,000 .. 100,000",75000.0,5.99,True,True,True,False,2023,Adventure|Casual|Indie,2D|Adventure|Cartoony|Casual|Co-op|Comic Book|Crime|Detective|Escape Room|Exploration|Family Friendly|Female Protagonist|Hand-drawn|Investigation|Logic,PASS,PASS,PASS,PASS,PENDING_EXTERNAL_CHECK
2230280,Tiny Civilization,喜人一个,喜人一个,0.6008,Anchor,0.8558,0.1884,0.4598,0.8992,1913,0.9456,Very Positive,"100,000 .. 200,000",150000.0,1.99,False,False,False,True,2022,Strategy,2D|Agriculture|Alternate History|Board Game|Cartoon|God Game|Grand Strategy|Hand-drawn|Historical|Immersive Sim|Linear|Management|Match 3|Medieval|Minimalist,PASS,PASS,PASS,PASS,PENDING_EXTERNAL_CHECK
2845840,Barbotine,Alex Rassloff,Alex Rassloff,0.6008,Low-cost option,0.2743,0.7921,0.4897,0.8471,108,0.9259,Very Positive,"0 .. 20,000",10000.0,2.99,True,False,False,True,2024,Action|Adventure|Indie,1990's|Abstract|Action-Adventure|Adventure|Atmospheric|Combat|Dark|Experimental|Exploration|First-Person|Horror|Old School|Psychedelic|Psychological|Shooter,PASS,PASS,PASS,PASS,PENDING_EXTERNAL_CHECK
2758000,Vanity Fair: The Pursuit,MuYan Studio,WaveGame,0.6007,Anchor,0.9141,0.1884,0.683,0.6174,3495,0.8887,Very Positive,"100,000 .. 200,000",150000.0,6.99,True,False,False,True,2024,Casual|Indie|RPG|Simulation,1990's|Choices Matter|Cinematic|Colorful|Dating Sim|Drama|FMV|Idler|Immersive Sim|Indie|Interactive Fiction|Life Sim|Puzzle Platformer|RPG|Simulation,PASS,PASS,PASS,PASS,PENDING_EXTERNAL_CHECK
456670,Hand of Fate 2,Defiant Development,Defiant Development,0.6007,Anchor,0.9486,0.09,0.7095,0.6546,5592,0.8455,Very Positive,"200,000 .. 500,000",350000.0,5.99,,False,False,False,,Инди|Ролевые игры|Экшены,Action|Action RPG|Action Roguelike|Atmospheric|Board Game|Card Game|Choices Matter|Deckbuilding|Dungeon Crawler|Fantasy|Female Protagonist|Hack and Slash|Indie|RPG|Roguelike,PASS,PASS,PASS,PASS,PENDING_EXTERNAL_CHECK
840930,Bing Bong XL,Adamvision Studios,Adamvision Studios,0.6007,Low-cost option,0.4869,0.7921,0.166,0.9579,235,0.9106,Very Positive,"0 .. 20,000",10000.0,0.99,True,False,False,True,2018,Action|Casual|Indie,2D|Action|Addictive|Arcade|Casual|Controller|Difficult|Family Friendly|Fast-Paced|Great Soundtrack|Indie|Minimalist|Mouse only|Replay Value|Retro,PASS,PASS,PASS,PASS,PENDING_EXTERNAL_CHECK
1740850,角斗士学院（Gladiator School）,"Together  Game, project bamboo",Together  Game,0.6007,Depth,0.5749,0.4783,0.695,0.6546,346,0.9509,Very Positive,"20,000 .. 50,000",35000.0,5.99,True,False,False,True,2022,Adventure|Indie|RPG|Simulation|Strategy,2D|Anime|Choices Matter|Cinematic|Comic Book|Dating Sim|Drama|Exploration|Interactive Fiction|LGBTQ+|Medieval|Mystery|RPG|Romance|Rome,PASS,PASS,PASS,PASS,PENDING_EXTERNAL_CHECK
2013730,Gourdlets,AuntyGames,"Future Friends Games, AuntyGames",0.6007,Anchor,0.7839,0.3062,0.5877,0.7249,1082,0.9464,Very Positive,"50,000 .. 100,000",75000.0,4.99,True,False,False,True,2024,Casual|Indie|Simulation,2D|Atmospheric|Building|Casual|City Builder|Clicker|Colorful|Cozy|Cute|Dog|Family Friendly|Indie|Isometric|Open World|Pixel Graphics,PASS,PASS,PASS,PASS,PENDING_EXTERNAL_CHECK
1287590,Tour de France 2020,Cyanide Studio,Nacon,0.6006,Depth,0.4794,0.7921,0.9687,0.1624,227,0.793,Mostly Positive,"0 .. 20,000",10000.0,19.99,False,True,True,True,2020,Casual|Racing|Simulation|Sports|Strategy,3D|Atmospheric|Co-op|Cycling|Driving|First-Person|Foreign|Local Co-Op|Local Multiplayer|Management|Modern|Multiplayer|Racing|Real Time Tactics|Realistic,PASS,PASS,PASS,PASS,PENDING_EXTERNAL_CHECK
266130,Breach & Clear,"Mighty Rabbit Studios, Gun.","Good Shepherd Entertainment, Devolver Digital",0.6006,Anchor,0.8803,0.09,0.9569,0.4752,2403,0.8252,Very Positive,"200,000 .. 500,000",350000.0,9.99,False,False,False,True,2014,Action|RPG|Simulation|Strategy,Action|Indie|Isometric|Military|Multiplayer|RPG|Realistic|Shooter|Simulation|Singleplayer|Strategy|Tactical|Top-Down|Turn-Based|Turn-Based Strategy,PASS,PASS,PASS,PASS,PENDING_EXTERNAL_CHECK
1239260,Barro F,SC Jogos,SC Jogos,0.6006,Anchor,0.8552,0.09,0.732,0.7249,1905,0.8378,Very Positive,"200,000 .. 500,000",350000.0,4.99,True,False,True,True,2020,Casual|Indie|Racing,Arcade|Automobile Sim|Cartoon|Cartoony|Casual|Controller|Driving|Immersive Sim|Indie|Local Multiplayer|Multiplayer|Old School|PvP|Racing|Sequel,PASS,PASS,PASS,PASS,PENDING_EXTERNAL_CHECK
335100,Dwarf Tower,iosoftware,iosoftware,0.6005,Low-cost option,0.5203,0.4783,0.4455,0.9579,270,0.7148,Mostly Positive,"20,000 .. 50,000",35000.0,0.99,True,False,True,True,2014,Indie|Strategy,Building|Dwarf|Indie|Multiplayer|Sandbox|Strategy|Tactical|Tower Defense|Turn-Based Tactics,PASS,PASS,PASS,PASS,PENDING_EXTERNAL_CHECK
3037780,Alessia's Dollhouse,Wasper Games,SKYFOSTER,0.6005,Low-cost option,0.3002,0.4783,0.8985,0.7249,117,0.8205,Very Positive,"20,000 .. 50,000",35000.0,4.99,True,False,False,True,2024,Indie|Simulation,3D|Atmospheric|Cinematic|Demons|FPS|First-Person|Gothic|Horror|Multiple Endings|Mystery|Psychological Horror|Realistic|Simulation|Singleplayer|Story Rich,PASS,PASS,PASS,PASS,PENDING_EXTERNAL_CHECK
1198040,Wide Ocean Big Jacket,Turnfollow,Tender Claws,0.6005,Depth,0.5214,0.7921,0.5108,0.5776,271,0.9557,Very Positive,"0 .. 20,000",10000.0,7.99,True,False,False,True,2020,Casual|Indie,Atmospheric|Casual|Comedy|Drama|Great Soundtrack|Indie|Nature|Short|Story Rich,PASS,PASS,PASS,PASS,PENDING_EXTERNAL_CHECK
2742150,MUZY,Andrew Rybis,"Galactic Crows, Tarba Paul Cornel",0.6004,Low-cost option,0.2513,0.7921,0.6334,0.7249,101,0.7921,Mostly Positive,"0 .. 20,000",10000.0,4.99,True,False,False,True,2024,Action|Adventure|Indie,3D|Action|Action-Adventure|Adventure|Atmospheric|Cartoony|Dark|First-Person|Horror|Indie|Lore-Rich|Psychological|Psychological Horror|Puzzle|Singleplayer,PASS,PASS,PASS,PASS,PENDING_EXTERNAL_CHECK
2620730,DEVIATOR,Gami Studio,SapStaR Games,0.6004,Depth,0.7315,0.4783,0.5743,0.6174,770,0.713,Mostly Positive,"20,000 .. 50,000",35000.0,6.99,True,False,False,True,2024,Action|Adventure|Early Access|Indie,2D|2D Platformer|Action|Adventure|Atmospheric|Combat|Dark|Dark Fantasy|Demons|Difficult|Early Access|Exploration|Hand-drawn|Indie|Magic,PASS,PASS,PASS,PASS,PENDING_EXTERNAL_CHECK
2252960,Flashback,Renka,Renka,0.6004,Low-cost option,0.5937,0.4783,0.3717,0.9579,376,0.8803,Very Positive,"20,000 .. 50,000",35000.0,0.99,True,False,False,True,2023,Casual|Indie|Strategy,2D|Anime|Atmospheric|Cartoon|Casual|Choices Matter|Cinematic|Dark Fantasy|Drama|Exploration|Female Protagonist|Indie|Medieval|Multiple Endings|Mystery,PASS,PASS,PASS,PASS,PENDING_EXTERNAL_CHECK
1143860,Zombie Admin,Hastily Assembled,Hastily Assembled,0.6003,Low-cost option,0.2281,0.4783,0.8955,0.7993,94,0.9149,Very Positive,"20,000 .. 50,000",35000.0,3.99,True,True,True,True,2023,Action|Indie,Action|Capitalism|Cartoony|Co-op|Colorful|Combat|Comedy|Controller|Dystopian|Horror|Local Co-Op|Local Multiplayer|Multiplayer|Procedural Generation|Shooter,PASS,PASS,PASS,PASS,PENDING_EXTERNAL_CHECK
6080,Thrillville®: Off the Rails™,Frontier,LucasArts,0.6002,Depth,0.7455,0.3062,0.8741,0.4752,831,0.929,Very Positive,"50,000 .. 100,000",75000.0,9.99,False,True,True,True,2009,Action|Adventure|Racing|Simulation|Strategy,Action|Adventure|Building|Casual|Classic|Co-op|Dating Sim|Funny|Great Soundtrack|Local Multiplayer|Management|Racing|Simulation|Singleplayer|Strategy,PASS,PASS,PASS,PASS,PENDING_EXTERNAL_CHECK
2513280,SONIC X SHADOW GENERATIONS,Sonic Team,SEGA,0.6002,Anchor,0.8848,0.7921,0.7113,0.0127,2518,0.9714,Overwhelmingly Positive,"0 .. 20,000",10000.0,49.99,False,False,False,True,,Action,2D|2D Platformer|3D|3D Platformer|Action|Adventure|Cartoony|Colorful|Family Friendly|Fast-Paced|Great Soundtrack|Linear|Platformer|Psychological Horror|Quick-Time Events,PASS,PASS,PASS,PASS,PENDING_EXTERNAL_CHECK
2243710,Rune Factory 3 Special,Marvelous Inc.,"XSEED Games, Marvelous USA, Inc., Marvelous",0.6002,Depth,0.6702,0.7921,0.9134,0.025,538,0.9535,Overwhelmingly Positive,"0 .. 20,000",10000.0,39.99,False,False,False,True,2023,Casual|RPG|Simulation,3D|Action|Action RPG|Adventure|Agriculture|Combat|Crafting|Creature Collector|Cute|Dating Sim|Fantasy|Farming Sim|Fishing|JRPG|Magic,PASS,PASS,PASS,PASS,PENDING_EXTERNAL_CHECK
500190,Firefight,Sean O'Connor,Sean O'Connor,0.6001,Depth,0.4103,0.7921,0.8997,0.2985,172,0.8721,Very Positive,"0 .. 20,000",10000.0,14.99,False,False,True,True,2016,Strategy,2D|Casual|Combat|Grand Strategy|Historical|Military|Minimalist|Multiplayer|PvP|RTS|Real Time Tactics|Simulation|Singleplayer|Story Rich|Strategy,PASS,PASS,PASS,PASS,PENDING_EXTERNAL_CHECK
1630,Disciples II: Rise of the Elves ,Strategy First,Strategy First,0.6,Anchor,0.8047,0.3062,0.3587,0.9305,1250,0.8696,Very Positive,"50,000 .. 100,000",75000.0,1.19,False,True,True,True,2006,Strategy,Atmospheric|Classic|Dark Fantasy|Dwarf|Fantasy|Great Soundtrack|Nostalgia|Old School|RPG|Strategy|Turn-Based|Turn-Based Strategy,PASS,PASS,PASS,PASS,PENDING_EXTERNAL_CHECK
