app_id,name,developer,publisher,developer_title_count,composite_score,tier,recognition_pct,headroom_pct,fit_pct,review_total,review_positive_ratio,review_score_bucket,owners_range,owners_mid,price_usd,metacritic_score,has_controller_support,is_indie,is_self_published,has_coop,has_multiplayer,release_year,genres,tags,screen_review_total_ge_5000,screen_quality_ge_0.70,screen_owners_le_750k,screen_monetisation_paid,screen_is_indie_and_dev_title_count_le_10,screen_controller_support,screen_gamepass_availability
1288310,Firework,Shiying Studio,Gamera Games,2,0.9753,Anchor,0.9965,0.9668,0.9038,39637,0.9793,Overwhelmingly Positive,"500,000 .. 1,000,000",750000.0,9.99,,True,True,False,False,False,2021,Indie,2D|Atmospheric|Conversation|Drama|Hand-drawn|Horror|Indie|Mystery|Narration|Old School|Psychological Horror|Puzzle|Puzzle Platformer|RPG|Retro,PASS,PASS,PASS,PASS,PASS,"NOT GATED (dropped -- Game Pass runs on PC; no compensating pillar, see A-2)",PENDING_EXTERNAL_CHECK
253230,A Hat in Time,Gears for Breakfast,Gears for Breakfast,1,0.9699,Anchor,1.0,0.9808,0.7762,50390,0.9786,Overwhelmingly Positive,"500,000 .. 1,000,000",750000.0,29.99,79,True,True,True,True,True,2017,Adventure|Indie,3D Platformer|Action|Adventure|Co-op|Collectathon|Colorful|Comedy|Cute|Exploration|Family Friendly|Female Protagonist|Funny|Great Soundtrack|Indie|Kickstarter,PASS,PASS,PASS,PASS,PASS,"NOT GATED (dropped -- Game Pass runs on PC; no compensating pillar, see A-2)",PENDING_EXTERNAL_CHECK
1135690,Unpacking,Witch Beam,Humble Games,2,0.9593,Anchor,0.9825,0.9301,0.9598,32385,0.9298,Very Positive,"500,000 .. 1,000,000",750000.0,19.99,83,True,True,False,False,False,2021,Casual|Indie|Simulation,2D|Atmospheric|Casual|Colorful|Cute|Family Friendly|Female Protagonist|Hidden Object|Indie|Inventory Management|Isometric|LGBTQ+|Life Sim|Pixel Graphics|Point & Click,PASS,PASS,PASS,PASS,PASS,"NOT GATED (dropped -- Game Pass runs on PC; no compensating pillar, see A-2)",PENDING_EXTERNAL_CHECK
2593370,The Hungry Lamb: Traveling in the Late Ming Dynasty,零创游戏(ZerocreationGame),"零创游戏(ZerocreationGame), 2P Games",4,0.9589,Anchor,0.9948,0.9633,0.7622,38601,0.967,Overwhelmingly Positive,"500,000 .. 1,000,000",750000.0,7.49,,True,True,False,False,False,2024,Adventure|Indie|RPG,Adventure|Anime|Casual|Cooking|Cute|Dark|Dating Sim|Drama|Historical|Interactive Fiction|Medieval|Multiple Endings|Mystery|Psychological Horror|RPG,PASS,PASS,PASS,PASS,PASS,"NOT GATED (dropped -- Game Pass runs on PC; no compensating pillar, see A-2)",PENDING_EXTERNAL_CHECK
2273430,BlazBlue Entropy Effect,91Act,91Act,1,0.9502,Anchor,0.9423,0.979,0.8741,23190,0.9447,Very Positive,"200,000 .. 500,000",350000.0,19.99,,True,True,True,True,True,2024,Action|Adventure|Indie,2D|2D Fighter|2D Platformer|Action|Action Roguelike|Action-Adventure|Adventure|Anime|Cyberpunk|Hack and Slash|Indie|Multiple Endings|Pixel Graphics|Platformer|Post-apocalyptic,PASS,PASS,PASS,PASS,PASS,"NOT GATED (dropped -- Game Pass runs on PC; no compensating pillar, see A-2)",PENDING_EXTERNAL_CHECK
447530,VA-11 Hall-A: Cyberpunk Bartender Action,Sukeban Games,"Ysbryd Games, PLAYISM",2,0.949,Anchor,0.9878,0.9476,0.7605,34897,0.9749,Overwhelmingly Positive,"500,000 .. 1,000,000",750000.0,14.99,77,False,True,False,False,False,2016,Adventure|Indie|Simulation,2D|Adventure|Anime|Casual|Choices Matter|Cute|Cyberpunk|Dystopian|Female Protagonist|Funny|LGBTQ+|Life Sim|Memes|Pixel Graphics|Point & Click,PASS,PASS,PASS,PASS,PASS,"NOT GATED (dropped -- Game Pass runs on PC; no compensating pillar, see A-2)",PENDING_EXTERNAL_CHECK
745920,Temtem,Crema,Humble Games,2,0.9474,Anchor,0.993,0.9615,0.6626,38583,0.8192,Very Positive,"500,000 .. 1,000,000",750000.0,44.99,79,False,True,False,False,False,,Aventura|Indie|Multijugador masivo|Rol,3D|Adventure|Anime|Cartoony|Character Customization|Co-op|Collectathon|Colorful|Creature Collector|Cute|Exploration|JRPG|MMORPG|Multiplayer|PvE,PASS,PASS,PASS,PASS,PASS,"NOT GATED (dropped -- Game Pass runs on PC; no compensating pillar, see A-2)",PENDING_EXTERNAL_CHECK
1562700,SANABI,WONDER POTION,NEOWIZ,1,0.9446,Anchor,0.9773,0.9091,0.9231,30102,0.9745,Overwhelmingly Positive,"500,000 .. 1,000,000",750000.0,14.99,,True,True,False,False,False,2023,Action|Adventure|Indie,2D|2D Platformer|Action|Action-Adventure|Adventure|Atmospheric|Cyberpunk|Difficult|Dystopian|Great Soundtrack|Indie|Linear|Pixel Graphics|Platformer|Precision Platformer,PASS,PASS,PASS,PASS,PASS,"NOT GATED (dropped -- Game Pass runs on PC; no compensating pillar, see A-2)",PENDING_EXTERNAL_CHECK
501300,What Remains of Edith Finch,Giant Sparrow,Annapurna Interactive,2,0.9409,Anchor,0.9983,0.9703,0.5367,41326,0.9572,Overwhelmingly Positive,"500,000 .. 1,000,000",750000.0,19.99,89,True,True,False,False,False,2017,Adventure|Indie,Adventure|Atmospheric|Dark|Drama|Exploration|Female Protagonist|First-Person|Great Soundtrack|Horror|Indie|Lovecraftian|Mystery|Narration|Psychological Horror|Puzzle,PASS,PASS,PASS,PASS,PASS,"NOT GATED (dropped -- Game Pass runs on PC; no compensating pillar, see A-2)",PENDING_EXTERNAL_CHECK
1369630,ENDER LILIES: Quietus of the Knights,"Live Wire, Adglobe",Binary Haze Interactive,1,0.9301,Anchor,0.9895,0.9493,0.5559,35018,0.9417,Very Positive,"500,000 .. 1,000,000",750000.0,24.99,86,True,True,False,False,False,2021,Action|Indie|RPG,2D|Action|Action RPG|Anime|Atmospheric|Dark|Dark Fantasy|Difficult|Dragons|Female Protagonist|Great Soundtrack|Hand-drawn|Indie|Medieval|Metroidvania,PASS,PASS,PASS,PASS,PASS,"NOT GATED (dropped -- Game Pass runs on PC; no compensating pillar, see A-2)",PENDING_EXTERNAL_CHECK
1876890,Wandering Sword,The Swordman Studio,Spiral Up Games,1,0.9206,Anchor,0.9161,0.972,0.7378,19877,0.9335,Very Positive,"200,000 .. 500,000",350000.0,24.99,,True,True,False,False,False,2023,Adventure|Indie|RPG|Strategy,1990's|2.5D|Action RPG|Adventure|Drama|Foreign|Martial Arts|Open World|Pixel Graphics|RPG|Silent Protagonist|Singleplayer|Story Rich|Strategy|Swordplay,PASS,PASS,PASS,PASS,PASS,"NOT GATED (dropped -- Game Pass runs on PC; no compensating pillar, see A-2)",PENDING_EXTERNAL_CHECK
1256670,Library Of Ruina,ProjectMoon,ProjectMoon,2,0.9196,Anchor,0.9738,0.9003,0.7255,29181,0.9368,Very Positive,"500,000 .. 1,000,000",750000.0,29.99,,True,True,True,False,False,2021,Indie|RPG|Strategy,2D|Action|Anime|Card Battler|Card Game|Deckbuilding|Difficult|Gore|Great Soundtrack|Horror|Indie|Psychological Horror|RPG|Singleplayer|Story Rich,PASS,PASS,PASS,PASS,PASS,"NOT GATED (dropped -- Game Pass runs on PC; no compensating pillar, see A-2)",PENDING_EXTERNAL_CHECK
638230,Journey,thatgamecompany,Annapurna Interactive,2,0.9184,Anchor,0.9808,0.9283,0.5664,32370,0.9442,Very Positive,"500,000 .. 1,000,000",750000.0,14.99,,True,True,False,True,True,2020,Adventure|Indie,3D|Adventure|Atmospheric|Beautiful|Casual|Classic|Co-op|Exploration|Family Friendly|Great Soundtrack|Indie|Multiplayer|Music|Mystery|Narrative,PASS,PASS,PASS,PASS,PASS,"NOT GATED (dropped -- Game Pass runs on PC; no compensating pillar, see A-2)",PENDING_EXTERNAL_CHECK
1055540,A Short Hike,adamgryu,adamgryu,1,0.9164,Anchor,0.8811,0.9598,0.9196,17323,0.992,Overwhelmingly Positive,"200,000 .. 500,000",350000.0,7.99,82,True,True,True,False,False,2019,Adventure|Indie,3D Platformer|Adventure|Beautiful|Casual|Cute|Exploration|Family Friendly|Female Protagonist|Flight|Funny|Great Soundtrack|Indie|Nature|Open World|Pixel Graphics,PASS,PASS,PASS,PASS,PASS,"NOT GATED (dropped -- Game Pass runs on PC; no compensating pillar, see A-2)",PENDING_EXTERNAL_CHECK
1189630,Path Of Wuxia,香港商河洛互動娛樂股份有限公司,香港商河洛互動娛樂股份有限公司,4,0.9128,Anchor,0.9755,0.9073,0.6206,30091,0.7859,Mostly Positive,"500,000 .. 1,000,000",750000.0,34.99,,True,True,True,False,False,2022,Indie|RPG,Anime|Character Customization|Choices Matter|Dating Sim|Early Access|Female Protagonist|Indie|Martial Arts|RPG|Simulation|Story Rich|Time Management|Turn-Based|Turn-Based Combat,PASS,PASS,PASS,PASS,PASS,"NOT GATED (dropped -- Game Pass runs on PC; no compensating pillar, see A-2)",PENDING_EXTERNAL_CHECK
1210320,Potion Craft: Alchemist Simulator,niceplay games,tinyBuild,1,0.9072,Anchor,0.979,0.9213,0.4913,31904,0.9137,Very Positive,"500,000 .. 1,000,000",750000.0,19.99,,True,True,False,False,False,2022,Indie|Simulation,2D|Capitalism|Casual|Choices Matter|Crafting|Farming Sim|Hand-drawn|Historical|Indie|Life Sim|Management|Medieval|Point & Click|RPG|Relaxing,PASS,PASS,PASS,PASS,PASS,"NOT GATED (dropped -- Game Pass runs on PC; no compensating pillar, see A-2)",PENDING_EXTERNAL_CHECK
1392820,Milk inside a bag of milk inside a bag of milk,Nikita Kryukov,Missing Calm,2,0.9059,Anchor,0.9668,0.8671,0.757,26566,0.9686,Overwhelmingly Positive,"500,000 .. 1,000,000",750000.0,1.49,,False,True,False,False,False,2020,Adventure|Indie,Abstract|Adventure|Anime|Drama|Emotional|Experimental|Horror|Indie|Interactive Fiction|LGBTQ+|Perma Death|Philosophical|Pixel Graphics|Psychological|Psychological Horror,PASS,PASS,PASS,PASS,PASS,"NOT GATED (dropped -- Game Pass runs on PC; no compensating pillar, see A-2)",PENDING_EXTERNAL_CHECK
653530,Return of the Obra Dinn,Lucas Pope,3909,2,0.9045,Anchor,0.965,0.8654,0.7587,26518,0.9682,Overwhelmingly Positive,"500,000 .. 1,000,000",750000.0,13.39,89,True,True,False,False,False,2018,Adventure|Indie,Adventure|Atmospheric|Detective|Difficult|First-Person|Great Soundtrack|Historical|Horror|Indie|Multiple Endings|Mystery|Naval|Noir|Pirates|Puzzle,PASS,PASS,PASS,PASS,PASS,"NOT GATED (dropped -- Game Pass runs on PC; no compensating pillar, see A-2)",PENDING_EXTERNAL_CHECK
1931770,Chants of Sennaar,Rundisc,Focus Entertainment,2,0.9028,Anchor,0.8689,0.9545,0.8654,17036,0.9837,Overwhelmingly Positive,"200,000 .. 500,000",350000.0,12.99,86,True,True,False,False,False,2023,Adventure|Indie,Action-Adventure|Adventure|Atmospheric|Colorful|Detective|Difficult|Exploration|Great Soundtrack|Indie|Mystery|Mythology|Point & Click|Puzzle|Puzzle Platformer|Relaxing,PASS,PASS,PASS,PASS,PASS,"NOT GATED (dropped -- Game Pass runs on PC; no compensating pillar, see A-2)",PENDING_EXTERNAL_CHECK
241600,Rogue Legacy,Cellar Door Games,Cellar Door Games,3,0.8949,Anchor,0.8969,0.965,0.6049,18349,0.9272,Very Positive,"200,000 .. 500,000",350000.0,14.99,85,True,True,True,False,False,2013,Action|Adventure|Indie|RPG,2D|Action|Action Roguelike|Addictive|Adventure|Arcade|Controller|Exploration|Fantasy|Indie|Medieval|Metroidvania|Pixel Graphics|Platformer|RPG,PASS,PASS,PASS,PASS,PASS,"NOT GATED (dropped -- Game Pass runs on PC; no compensating pillar, see A-2)",PENDING_EXTERNAL_CHECK
2218750,Halls of Torment,Chasing Carrots,Chasing Carrots,4,0.8932,Anchor,0.958,0.8357,0.799,24864,0.9589,Overwhelmingly Positive,"500,000 .. 1,000,000",750000.0,4.99,88,True,True,True,False,False,2024,Action|Indie|RPG,2D|Action|Action RPG|Action Roguelike|Arcade|Atmospheric|Bullet Hell|Dark|Dark Fantasy|Demons|Fantasy|Gothic|Hack and Slash|Medieval|Pixel Graphics,PASS,PASS,PASS,PASS,PASS,"NOT GATED (dropped -- Game Pass runs on PC; no compensating pillar, see A-2)",PENDING_EXTERNAL_CHECK
824270,KovaaK's,KovaaK Games,KovaaK Games,1,0.8923,Anchor,0.9843,0.9913,0.0367,32859,0.9271,Very Positive,"200,000 .. 500,000",350000.0,9.99,,False,True,True,False,False,2018,Action|Indie|Simulation,Action|Controller|FPS|First-Person|Indie|Multiplayer|Shooter|Simulation|Singleplayer|Software Training,PASS,PASS,PASS,PASS,PASS,"NOT GATED (dropped -- Game Pass runs on PC; no compensating pillar, see A-2)",PENDING_EXTERNAL_CHECK
1880330,Sanfu,Shiying Studio,Gamera Games,2,0.8921,Anchor,0.8497,0.9388,0.9178,15929,0.8253,Very Positive,"200,000 .. 500,000",350000.0,10.99,,True,True,False,False,False,2023,Adventure|Indie|RPG,2D|Adventure|Atmospheric|Colorful|Crime|Detective|Drama|Emotional|Fantasy|Hand-drawn|Investigation|Mystery|Old School|Puzzle|Puzzle Platformer,PASS,PASS,PASS,PASS,PASS,"NOT GATED (dropped -- Game Pass runs on PC; no compensating pillar, see A-2)",PENDING_EXTERNAL_CHECK
1703340,The Stanley Parable: Ultra Deluxe,Crows Crows Crows,Crows Crows Crows,2,0.892,Anchor,0.972,0.8899,0.5,28048,0.9421,Very Positive,"500,000 .. 1,000,000",750000.0,24.99,,True,True,True,False,False,2022,Adventure|Casual|Indie,3D|Adventure|Atmospheric|Casual|Choices Matter|Comedy|Dark Humor|Emotional|Exploration|First-Person|Funny|Game Development|Horror|Multiple Endings|Mystery,PASS,PASS,PASS,PASS,PASS,"NOT GATED (dropped -- Game Pass runs on PC; no compensating pillar, see A-2)",PENDING_EXTERNAL_CHECK
953490,CARRION,Phobia Game Studio,Devolver Digital,1,0.8902,Anchor,0.9563,0.8339,0.785,24708,0.9453,Very Positive,"500,000 .. 1,000,000",750000.0,19.99,75,True,True,False,False,False,2020,Action|Adventure|Indie,2D|Action|Adventure|Atmospheric|Blood|Gore|Great Soundtrack|Horror|Indie|Lovecraftian|Mature|Metroidvania|Physics|Pixel Graphics|Platformer,PASS,PASS,PASS,PASS,PASS,"NOT GATED (dropped -- Game Pass runs on PC; no compensating pillar, see A-2)",PENDING_EXTERNAL_CHECK
242860,Verdun,BlackMill Games,BlackMill Games,2,0.8804,Anchor,0.9913,0.958,0.0157,37045,0.8609,Very Positive,"500,000 .. 1,000,000",750000.0,14.99,70,True,True,True,False,True,2015,Action|Indie|Massively Multiplayer|Simulation|Strategy,Action|Atmospheric|Co-op|FPS|First-Person|Gore|Historical|Massively Multiplayer|Military|Multiplayer|PvP|Realistic|Shooter|Simulation|Strategy,PASS,PASS,PASS,PASS,PASS,"NOT GATED (dropped -- Game Pass runs on PC; no compensating pillar, see A-2)",PENDING_EXTERNAL_CHECK
425580,The Room Two,Fireproof Games,Fireproof Games,6,0.8802,Anchor,0.9038,0.9685,0.4082,18916,0.9776,Overwhelmingly Positive,"200,000 .. 500,000",350000.0,4.99,,False,True,True,False,False,2016,Adventure|Indie,Adventure|Atmospheric|Casual|Co-op|Dark|Escape Room|First-Person|Great Soundtrack|Hidden Object|Horror|Indie|Lovecraftian|Mystery|Point & Click|Psychological Horror,PASS,PASS,PASS,PASS,PASS,"NOT GATED (dropped -- Game Pass runs on PC; no compensating pillar, see A-2)",PENDING_EXTERNAL_CHECK
1604000,Milk outside a bag of milk outside a bag of milk,Nikita Kryukov,Nikita Kryukov,2,0.8801,Anchor,0.8479,0.9371,0.8129,15928,0.9722,Overwhelmingly Positive,"200,000 .. 500,000",350000.0,8.99,,False,True,True,False,False,2021,Casual|Indie,2D|Abstract|Anime|Casual|Choices Matter|Female Protagonist|Great Soundtrack|Horror|Indie|Multiple Endings|Pixel Graphics|Point & Click|Psychedelic|Psychological|Psychological Horror,PASS,PASS,PASS,PASS,PASS,"NOT GATED (dropped -- Game Pass runs on PC; no compensating pillar, see A-2)",PENDING_EXTERNAL_CHECK
557600,Gorogoa,Buried Signal,Annapurna Interactive,1,0.8787,Anchor,0.8671,0.951,0.6469,16770,0.9764,Overwhelmingly Positive,"200,000 .. 500,000",350000.0,14.99,84,False,True,False,False,False,2017,Adventure|Casual|Indie,2D|Adventure|Atmospheric|Beautiful|Cartoony|Casual|Experimental|Exploration|Great Soundtrack|Hand-drawn|Indie|Interactive Fiction|Mystery|Point & Click|Puzzle,PASS,PASS,PASS,PASS,PASS,"NOT GATED (dropped -- Game Pass runs on PC; no compensating pillar, see A-2)",PENDING_EXTERNAL_CHECK
288160,The Room,Fireproof Games,Fireproof Games,6,0.8784,Anchor,0.9703,0.8811,0.4082,27490,0.9785,Overwhelmingly Positive,"500,000 .. 1,000,000",750000.0,4.99,73,False,True,True,False,False,2014,Adventure|Indie,Adventure|Atmospheric|Beautiful|Casual|Dark|Escape Room|First-Person|Hidden Object|Horror|Indie|Lovecraftian|Mystery|Point & Click|Psychological Horror|Puzzle,PASS,PASS,PASS,PASS,PASS,"NOT GATED (dropped -- Game Pass runs on PC; no compensating pillar, see A-2)",PENDING_EXTERNAL_CHECK
1240210,There Is No Game: Wrong Dimension,Draw Me A Pixel,Draw Me A Pixel,2,0.8781,Anchor,0.9353,0.785,0.965,22272,0.9779,Overwhelmingly Positive,"500,000 .. 1,000,000",750000.0,12.99,89,False,True,True,False,False,2020,Adventure|Casual|Indie,2D|Action|Adventure|Casual|Comedy|Funny|Great Soundtrack|Indie|Interactive Fiction|Narration|Parody|Pixel Graphics|Point & Click|Puzzle|RPG,PASS,PASS,PASS,PASS,PASS,"NOT GATED (dropped -- Game Pass runs on PC; no compensating pillar, see A-2)",PENDING_EXTERNAL_CHECK
406150,Refunct,Dominique Grieshofer,Dominique Grieshofer,2,0.8731,Anchor,0.8776,0.9563,0.5175,17257,0.9586,Overwhelmingly Positive,"200,000 .. 500,000",350000.0,2.99,,True,True,True,False,False,2015,Adventure|Casual|Indie,3D Platformer|Adventure|Atmospheric|Beautiful|Casual|Colorful|Cute|Exploration|Family Friendly|First-Person|Great Soundtrack|Open World|Parkour|Platformer|Puzzle Platformer,PASS,PASS,PASS,PASS,PASS,"NOT GATED (dropped -- Game Pass runs on PC; no compensating pillar, see A-2)",PENDING_EXTERNAL_CHECK
895400,Deadside,Bad Pixel,"Bad Pixel, tinyBuild",3,0.8726,Anchor,0.986,0.9458,0.0122,34895,0.7716,Mostly Positive,"500,000 .. 1,000,000",750000.0,24.99,,False,True,False,True,True,2020,Action|Adventure|Early Access|Indie|Massively Multiplayer,Action|Adventure|Base Building|Co-op|Crafting|Early Access|FPS|First-Person|Massively Multiplayer|Multiplayer|Online Co-Op|Open World|Open World Survival Craft|Post-apocalyptic|PvP,PASS,PASS,PASS,PASS,PASS,"NOT GATED (dropped -- Game Pass runs on PC; no compensating pillar, see A-2)",PENDING_EXTERNAL_CHECK
1584090,Touhou Mystia's Izakaya,"二色幽紫蝶, Re零同人社","二色幽紫蝶, Re零同人社",2,0.8694,Anchor,0.9458,0.8129,0.7133,23399,0.9864,Overwhelmingly Positive,"500,000 .. 1,000,000",750000.0,4.79,,True,True,True,False,False,2021,Casual|Indie|RPG|Simulation,1990's|2D|Anime|Capitalism|Cartoon|Casual|Clicker|Comedy|Cooking|Drama|Economy|Faith|Female Protagonist|JRPG|Old School,PASS,PASS,PASS,PASS,PASS,"NOT GATED (dropped -- Game Pass runs on PC; no compensating pillar, see A-2)",PENDING_EXTERNAL_CHECK
736260,Baba Is You,Hempuli Oy,Hempuli Oy,1,0.8689,Anchor,0.9266,0.764,1.0,20757,0.978,Overwhelmingly Positive,"500,000 .. 1,000,000",750000.0,14.99,87,True,True,True,False,False,2019,Indie,2D|Atmospheric|Casual|Cute|Difficult|Funny|Great Soundtrack|Indie|Level Editor|Logic|Minimalist|Pixel Graphics|Programming|Puzzle|Retro,PASS,PASS,PASS,PASS,PASS,"NOT GATED (dropped -- Game Pass runs on PC; no compensating pillar, see A-2)",PENDING_EXTERNAL_CHECK
774181,Rhythm Doctor,7th Beat Games,"7th Beat Games, indienova",2,0.8619,Anchor,0.9231,0.7517,0.9965,20321,0.9844,Overwhelmingly Positive,"500,000 .. 1,000,000",750000.0,15.99,,True,True,False,True,True,2021,Early Access|Indie,2D|Action|Adventure|Anime|Arcade|Co-op|Comedy|Cute|Early Access|Funny|Indie|Level Editor|Local Co-Op|Local Multiplayer|Modern,PASS,PASS,PASS,PASS,PASS,"NOT GATED (dropped -- Game Pass runs on PC; no compensating pillar, see A-2)",PENDING_EXTERNAL_CHECK
493490,City Car Driving,"Forward Development, Ltd.","Forward Global Group, Ltd.",1,0.8617,Anchor,0.9685,0.8759,0.271,27084,0.8193,Very Positive,"500,000 .. 1,000,000",750000.0,24.99,,True,True,False,False,False,2016,Indie|Racing|Simulation,Adventure|Automobile Sim|Casual|Driving|Education|Family Friendly|First-Person|Horror|Indie|Moddable|Multiplayer|Open World|Physics|Psychological Horror|Racing,PASS,PASS,PASS,PASS,PASS,"NOT GATED (dropped -- Game Pass runs on PC; no compensating pillar, see A-2)",PENDING_EXTERNAL_CHECK
858210,Nova Drift,Chimeric,Pixeljam,1,0.861,Anchor,0.7622,0.9895,0.8409,12772,0.9565,Overwhelmingly Positive,"100,000 .. 200,000",150000.0,17.99,,True,True,False,False,False,2024,Action|Indie,2D|Action|Action RPG|Action Roguelike|Arcade|Arena Shooter|Bullet Hell|Casual|Colorful|Early Access|Great Soundtrack|Indie|Replay Value|Retro|Roguelike,PASS,PASS,PASS,PASS,PASS,"NOT GATED (dropped -- Game Pass runs on PC; no compensating pillar, see A-2)",PENDING_EXTERNAL_CHECK
2212330,Your Only Move Is HUSTLE,Ivy Sly,Ivy Sly,1,0.86,Anchor,0.9633,0.8566,0.3566,25746,0.9642,Overwhelmingly Positive,"500,000 .. 1,000,000",750000.0,4.99,,False,True,True,False,True,2023,Action|Indie|Simulation|Strategy,2D|2D Fighter|Action|Anime|Cartoon|Cartoony|Cinematic|Colorful|Cute|Hand-drawn|Minimalist|Pixel Graphics|Sandbox|Side Scroller|Simulation,PASS,PASS,PASS,PASS,PASS,"NOT GATED (dropped -- Game Pass runs on PC; no compensating pillar, see A-2)",PENDING_EXTERNAL_CHECK
384190,ABZU,Giant Squid,505 Games,2,0.8586,Anchor,0.9615,0.8444,0.4003,25304,0.929,Very Positive,"500,000 .. 1,000,000",750000.0,19.99,83,True,True,False,False,False,2016,Adventure|Casual|Indie|Simulation,Adventure|Atmospheric|Beautiful|Casual|Colorful|Controller|Exploration|Family Friendly|Fantasy|Great Soundtrack|Indie|Open World|Relaxing|Short|Simulation,PASS,PASS,PASS,PASS,PASS,"NOT GATED (dropped -- Game Pass runs on PC; no compensating pillar, see A-2)",PENDING_EXTERNAL_CHECK
303210,The Beginner's Guide,Everything Unlimited Ltd.,Everything Unlimited Ltd.,1,0.8523,Anchor,0.9301,0.7745,0.7745,21206,0.8793,Very Positive,"500,000 .. 1,000,000",750000.0,9.99,,True,True,True,False,False,2015,Adventure|Indie,Abstract|Adventure|Atmospheric|Dark|Emotional|Experience|Experimental|First-Person|Great Soundtrack|Indie|Narration|Philosophical|Psychological|Psychological Horror|Puzzle,PASS,PASS,PASS,PASS,PASS,"NOT GATED (dropped -- Game Pass runs on PC; no compensating pillar, see A-2)",PENDING_EXTERNAL_CHECK
813230,ANIMAL WELL,Billy Basso,Bigmode,1,0.8509,Anchor,0.799,0.9038,0.8986,13990,0.9588,Overwhelmingly Positive,"200,000 .. 500,000",350000.0,24.99,91,True,True,False,False,False,2024,Action|Adventure|Indie,2D|Action|Adventure|Atmospheric|Controller|Cute|Exploration|Horror|Indie|Metroidvania|Mystery|Nonlinear|Pixel Graphics|Platformer|Puzzle,PASS,PASS,PASS,PASS,PASS,"NOT GATED (dropped -- Game Pass runs on PC; no compensating pillar, see A-2)",PENDING_EXTERNAL_CHECK
512900,Streets of Rogue,Matt Dabrowski,tinyBuild,1,0.8493,Anchor,0.9318,0.7762,0.729,21224,0.9613,Overwhelmingly Positive,"500,000 .. 1,000,000",750000.0,19.99,,True,True,False,True,True,2019,Action|Adventure|Indie|RPG,2D|Action|Action Roguelike|Adventure|Co-op|Funny|Gore|Great Soundtrack|Immersive Sim|Indie|Local Co-Op|Multiplayer|Online Co-Op|Pixel Graphics|Procedural Generation,PASS,PASS,PASS,PASS,PASS,"NOT GATED (dropped -- Game Pass runs on PC; no compensating pillar, see A-2)",PENDING_EXTERNAL_CHECK
1149620,Gas Station Simulator,DRAGO entertainment,"DRAGO entertainment, Movie Games S.A., HeartBeat Games",9,0.8432,Anchor,0.9441,0.8112,0.4668,23366,0.8794,Very Positive,"500,000 .. 1,000,000",750000.0,19.99,72,True,True,False,False,False,2021,Indie|Simulation,Base Building|Building|Casual|Choices Matter|Crafting|Design & Illustration|Destruction|Economy|Family Friendly|First-Person|Funny|Indie|Management|Memes|Multiplayer,PASS,PASS,PASS,PASS,PASS,"NOT GATED (dropped -- Game Pass runs on PC; no compensating pillar, see A-2)",PENDING_EXTERNAL_CHECK
1533420,Neon White,Angel Matrix,Annapurna Interactive,1,0.8421,Anchor,0.8531,0.9406,0.3934,16019,0.9825,Overwhelmingly Positive,"200,000 .. 500,000",350000.0,24.99,89,True,True,False,False,False,2022,Action|Adventure|Indie,3D|3D Platformer|Action|Adventure|Anime|Combat|Comedy|Dating Sim|FPS|Fast-Paced|First-Person|Indie|Mystery|Parkour|Platformer,PASS,PASS,PASS,PASS,PASS,"NOT GATED (dropped -- Game Pass runs on PC; no compensating pillar, see A-2)",PENDING_EXTERNAL_CHECK
400910,Rabi-Ribi,"CreSpirit, GemaYue",CreSpirit,1,0.8353,Anchor,0.7203,0.986,0.8077,11614,0.96,Overwhelmingly Positive,"100,000 .. 200,000",150000.0,17.99,,True,True,False,False,False,2016,Action|Adventure|Casual|Indie,2D|Action|Action-Adventure|Adventure|Anime|Bullet Hell|Colorful|Crowdfunded|Cute|Difficult|Exploration|Fantasy|Female Protagonist|Indie|Magic,PASS,PASS,PASS,PASS,PASS,"NOT GATED (dropped -- Game Pass runs on PC; no compensating pillar, see A-2)",PENDING_EXTERNAL_CHECK
330020,Children of Morta,Dead Mage,11 bit studios,6,0.8332,Anchor,0.9213,0.7483,0.7325,19988,0.89,Very Positive,"500,000 .. 1,000,000",750000.0,6.59,82,True,True,False,True,True,2019,Action|Adventure|Indie|RPG,2D|Action|Action RPG|Action Roguelike|Action-Adventure|Co-op|Dungeon Crawler|Fantasy|Hack and Slash|Isometric|Local Co-Op|Multiplayer|Online Co-Op|Pixel Graphics|Procedural Generation,PASS,PASS,PASS,PASS,PASS,"NOT GATED (dropped -- Game Pass runs on PC; no compensating pillar, see A-2)",PENDING_EXTERNAL_CHECK
774801,Crab Champions,Noisestorm,Noisestorm,1,0.8301,Anchor,0.9493,0.8217,0.2675,23847,0.9798,Overwhelmingly Positive,"500,000 .. 1,000,000",750000.0,9.99,,True,True,True,True,True,2023,Action|Adventure|Casual|Early Access|Indie,3D|Action|Action Roguelike|Arcade|Bullet Hell|Casual|Choices Matter|Co-op|Early Access|Looter Shooter|Memes|Multiplayer|Perma Death|Platformer|PvE,PASS,PASS,PASS,PASS,PASS,"NOT GATED (dropped -- Game Pass runs on PC; no compensating pillar, see A-2)",PENDING_EXTERNAL_CHECK
1082430,Before Your Eyes,GoodbyeWorld Games,Skybound Games,1,0.8292,Anchor,0.8269,0.9231,0.465,14900,0.9789,Overwhelmingly Positive,"200,000 .. 500,000",350000.0,9.99,,False,True,False,False,False,2021,Adventure|Indie,Adventure|Cartoony|Colorful|Cute|Drama|Emotional|Family Friendly|First-Person|Hand-drawn|Indie|Interactive Fiction|Mystery|Narrative|Philosophical|Psychological,PASS,PASS,PASS,PASS,PASS,"NOT GATED (dropped -- Game Pass runs on PC; no compensating pillar, see A-2)",PENDING_EXTERNAL_CHECK
285920,TerraTech,Payload Studios,Payload Studios,2,0.8292,Anchor,0.9371,0.792,0.4388,22400,0.9126,Very Positive,"500,000 .. 1,000,000",750000.0,24.99,,True,True,True,True,True,2018,Action|Indie,Action|Adventure|Building|Crafting|Early Access|Exploration|Indie|Multiplayer|Online Co-Op|Open World|Open World Survival Craft|Physics|PvP|Robots|Sandbox,PASS,PASS,PASS,PASS,PASS,"NOT GATED (dropped -- Game Pass runs on PC; no compensating pillar, see A-2)",PENDING_EXTERNAL_CHECK
1102130,Florence,Mountains,Annapurna Interactive,1,0.8283,Anchor,0.7727,0.8846,0.8811,12982,0.9344,Very Positive,"200,000 .. 500,000",350000.0,5.99,,True,True,False,False,False,,Adventure|Casual|Indie,2D|Adventure|Casual|Colorful|Cute|Dating Sim|Drama|Family Friendly|Female Protagonist|Indie|Interactive Fiction|Music|Narrative|Point & Click|Romance,PASS,PASS,PASS,PASS,PASS,"NOT GATED (dropped -- Game Pass runs on PC; no compensating pillar, see A-2)",PENDING_EXTERNAL_CHECK
1084600,My Time at Sandrock,Pathea Games,"Pathea Games, Focus Entertainment, PM Studios, Inc., DMM Games",6,0.828,Anchor,0.9545,0.8322,0.1783,24605,0.8838,Very Positive,"500,000 .. 1,000,000",750000.0,27.99,80,True,True,False,True,True,2023,Adventure|Casual|Indie|RPG|Simulation,Adventure|Building|Cartoony|Casual|Character Customization|Crafting|Dating Sim|Early Access|Farming Sim|Female Protagonist|Indie|Life Sim|Mining|Multiplayer|Open World,PASS,PASS,PASS,PASS,PASS,"NOT GATED (dropped -- Game Pass runs on PC; no compensating pillar, see A-2)",PENDING_EXTERNAL_CHECK
1746030,Murders on the Yangtze River,OMEGAMES STUDIO,"OMEGAMES STUDIO, NPC Entertainment",1,0.8274,Anchor,0.7902,0.9021,0.715,13627,0.9749,Overwhelmingly Positive,"200,000 .. 500,000",350000.0,11.99,,True,True,False,False,False,2024,Adventure|Indie|RPG,2D|Adventure|Colorful|Detective|Drama|Exploration|First-Person|Historical|Indie|Investigation|Logic|Lore-Rich|Mystery|Old School|Puzzle,PASS,PASS,PASS,PASS,PASS,"NOT GATED (dropped -- Game Pass runs on PC; no compensating pillar, see A-2)",PENDING_EXTERNAL_CHECK
238430,Contagion,"Monochrome, Inc","Monochrome, Inc",3,0.826,Anchor,0.8304,0.993,0.1364,15219,0.7277,Mostly Positive,"100,000 .. 200,000",150000.0,9.99,62,True,True,True,True,True,2013,Action|Adventure|Indie,3D|Action|Adventure|Atmospheric|Co-op|Competitive|FPS|First-Person|Horror|Level Editor|Local Co-Op|Local Multiplayer|Moddable|Post-apocalyptic|PvE,PASS,PASS,PASS,PASS,PASS,"NOT GATED (dropped -- Game Pass runs on PC; no compensating pillar, see A-2)",PENDING_EXTERNAL_CHECK
1361510,Teenage Mutant Ninja Turtles: Shredder's Revenge,Tribute Games Inc.,"Dotemu, Gamera Games",7,0.8245,Anchor,0.7832,0.8934,0.7552,13209,0.9434,Very Positive,"200,000 .. 500,000",350000.0,24.99,,True,True,False,True,True,,Action|Adventure|Casual|Indie,2D|Action|Action-Adventure|Adventure|Arcade|Atmospheric|Beat 'em up|Cartoon|Co-op Campaign|Colorful|Comic Book|Family Friendly|Indie|Local Co-Op|Martial Arts,PASS,PASS,PASS,PASS,PASS,"NOT GATED (dropped -- Game Pass runs on PC; no compensating pillar, see A-2)",PENDING_EXTERNAL_CHECK
585420,Trailmakers,Flashbulb,Flashbulb,3,0.8234,Anchor,0.951,0.8234,0.1853,23890,0.9254,Very Positive,"500,000 .. 1,000,000",750000.0,24.99,,True,True,True,True,True,2019,Action|Adventure|Indie|Racing|Simulation,Building|Co-op|Destruction|Driving|Exploration|Flight|Jet|Moddable|Multiplayer|Open World|Physics|Puzzle|Racing|Robots|Sandbox,PASS,PASS,PASS,PASS,PASS,"NOT GATED (dropped -- Game Pass runs on PC; no compensating pillar, see A-2)",PENDING_EXTERNAL_CHECK
337340,Finding Paradise,Freebird Games,Freebird Games,6,0.8205,Anchor,0.8934,0.6941,0.9615,17896,0.9785,Overwhelmingly Positive,"500,000 .. 1,000,000",750000.0,9.99,81,False,True,True,False,False,2017,Adventure|Indie|RPG,2D|Adventure|Atmospheric|Comedy|Cute|Drama|Emotional|Female Protagonist|Funny|Interactive Fiction|JRPG|Linear|Pixel Graphics|Psychological|RPG,PASS,PASS,PASS,PASS,PASS,"NOT GATED (dropped -- Game Pass runs on PC; no compensating pillar, see A-2)",PENDING_EXTERNAL_CHECK
2532550,LIZARDS MUST DIE,the Bratans,"Smola Game Studio, Agafonoff",5,0.8201,Anchor,0.9598,0.8427,0.0315,25278,0.9683,Overwhelmingly Positive,"500,000 .. 1,000,000",750000.0,1.99,,True,True,False,True,True,2023,Action|Adventure|Indie|Massively Multiplayer,3D|Action|Action RPG|Action-Adventure|Atmospheric|Cinematic|Difficult|Fantasy|Female Protagonist|Hack and Slash|Historical|Idler|Open World|RPG|Realistic,PASS,PASS,PASS,PASS,PASS,"NOT GATED (dropped -- Game Pass runs on PC; no compensating pillar, see A-2)",PENDING_EXTERNAL_CHECK
365360,Battle Brothers,Overhype Studios,Overhype Studios,1,0.8187,Anchor,0.9388,0.799,0.2972,22855,0.8834,Very Positive,"500,000 .. 1,000,000",750000.0,29.99,80,False,True,True,False,False,2017,Indie|RPG|Strategy,Action|Adventure|Character Customization|Historical|Medieval|Moddable|Open World|RPG|Replay Value|Sandbox|Simulation|Singleplayer|Strategy|Tactical|Tactical RPG,PASS,PASS,PASS,PASS,PASS,"NOT GATED (dropped -- Game Pass runs on PC; no compensating pillar, see A-2)",PENDING_EXTERNAL_CHECK
1211020,Wobbly Life,RubberBandGames,"RubberBandGames, Curve Games",1,0.8182,Anchor,0.9406,0.8042,0.2622,23104,0.9692,Overwhelmingly Positive,"500,000 .. 1,000,000",750000.0,17.99,,True,True,False,True,True,2020,Action|Adventure|Casual|Early Access|Indie|Simulation,4 Player Local|Action|Adventure|Casual|Co-op|Cute|Early Access|Family Friendly|Funny|Indie|Life Sim|Local Multiplayer|Multiplayer|Online Co-Op|Open World,PASS,PASS,PASS,PASS,PASS,"NOT GATED (dropped -- Game Pass runs on PC; no compensating pillar, see A-2)",PENDING_EXTERNAL_CHECK
332800,Five Nights at Freddy's 2,Scott Cawthon,Scott Cawthon,8,0.8159,Anchor,0.9336,0.7797,0.3724,21879,0.9383,Very Positive,"500,000 .. 1,000,000",750000.0,7.99,62,False,True,True,False,False,2014,Indie,Atmospheric|Dark|Difficult|Fast-Paced|First-Person|Historical|Horror|Indie|Jump Scare|Mystery|Perma Death|Point & Click|Psychological Horror|Resource Management|Robots,PASS,PASS,PASS,PASS,PASS,"NOT GATED (dropped -- Game Pass runs on PC; no compensating pillar, see A-2)",PENDING_EXTERNAL_CHECK
609320,FAR: Lone Sails,Okomotive,Assemble Entertainment,2,0.8156,Anchor,0.9091,0.736,0.6661,19532,0.9484,Very Positive,"500,000 .. 1,000,000",750000.0,14.99,80,True,True,False,False,False,2018,Action|Adventure|Indie,2.5D|Action|Action-Adventure|Adventure|Atmospheric|Cinematic|Driving|Experience|Exploration|Indie|Nature|Platformer|Post-apocalyptic|Puzzle|Puzzle Platformer,PASS,PASS,PASS,PASS,PASS,"NOT GATED (dropped -- Game Pass runs on PC; no compensating pillar, see A-2)",PENDING_EXTERNAL_CHECK
1296610,Peglin,Red Nexus Games Inc.,"Red Nexus Games Inc., IndieArk",2,0.8119,Anchor,0.7448,0.8724,0.9056,12451,0.8133,Very Positive,"200,000 .. 500,000",350000.0,19.99,,True,True,False,False,False,2024,Casual|Indie|RPG|Strategy,2D|Casual|Cute|Deckbuilding|Early Access|Fantasy|Indie|Perma Death|Physics|Pinball|Pixel Graphics|RPG|Replay Value|Retro|Roguelike,PASS,PASS,PASS,PASS,PASS,"NOT GATED (dropped -- Game Pass runs on PC; no compensating pillar, see A-2)",PENDING_EXTERNAL_CHECK
495890,Montaro,JCKSLAP,02GAMES,1,0.8107,Anchor,0.736,0.8584,0.993,12156,0.9517,Overwhelmingly Positive,"200,000 .. 500,000",350000.0,0.99,,False,True,False,False,False,2016,Casual|Indie,2D|Action|Anime|Atmospheric|Casual|Comedy|Cute|Dog|Funny|Great Soundtrack|Indie|Memes|Pixel Graphics|Platformer|Retro,PASS,PASS,PASS,PASS,PASS,"NOT GATED (dropped -- Game Pass runs on PC; no compensating pillar, see A-2)",PENDING_EXTERNAL_CHECK
1093910,Tales of the Black Forest,拾英工作室,SakuraGame,1,0.8091,Anchor,0.7745,0.8864,0.6731,12994,0.9773,Overwhelmingly Positive,"200,000 .. 500,000",350000.0,3.99,,False,True,False,False,False,2019,Adventure|Indie|RPG,2D|Adventure|Anime|Atmospheric|Female Protagonist|Horror|Indie|Pixel Graphics|Psychological Horror|Puzzle|RPG|RPGMaker|Singleplayer|Story Rich|Visual Novel,PASS,PASS,PASS,PASS,PASS,"NOT GATED (dropped -- Game Pass runs on PC; no compensating pillar, see A-2)",PENDING_EXTERNAL_CHECK
589290,Holdfast: Nations At War,Anvil Game Studios,Anvil Game Studios,1,0.8089,Anchor,0.9528,0.8287,0.0105,24355,0.8993,Very Positive,"500,000 .. 1,000,000",750000.0,19.99,,True,True,True,False,True,2020,Action|Indie|Massively Multiplayer|RPG|Simulation|Strategy,Action|FPS|First-Person|Historical|Indie|Massively Multiplayer|Military|Moddable|Multiplayer|Naval|RPG|Shooter|Simulation|Strategy|Tactical,PASS,PASS,PASS,PASS,PASS,"NOT GATED (dropped -- Game Pass runs on PC; no compensating pillar, see A-2)",PENDING_EXTERNAL_CHECK
1229380,Everhood,"Chris Nordgren, Jordi Roca","Foreign Gnomes, Surefire.Games",1,0.8052,Anchor,0.7465,0.8741,0.8234,12458,0.9538,Overwhelmingly Positive,"200,000 .. 500,000",350000.0,9.99,83,True,True,False,False,False,2021,Action|Adventure|Indie|RPG,2.5D|2D|Action|Action-Adventure|Adventure|Bullet Hell|Colorful|Epic|Great Soundtrack|Indie|Level Editor|Multiple Endings|Music|Pixel Graphics|Psychedelic,PASS,PASS,PASS,PASS,PASS,"NOT GATED (dropped -- Game Pass runs on PC; no compensating pillar, see A-2)",PENDING_EXTERNAL_CHECK
1205450,Turnip Boy Commits Tax Evasion,Snoozy Kazoo,Graffiti Games,2,0.8047,Anchor,0.7308,0.8531,0.9808,11984,0.9472,Very Positive,"200,000 .. 500,000",350000.0,5.09,72,True,True,False,False,False,2021,Action|Adventure|Casual|Indie,2D|Action|Adventure|Cartoony|Casual|Comedy|Crime|Cute|Exploration|Funny|Great Soundtrack|Indie|Memes|Pixel Graphics|Psychological Horror,PASS,PASS,PASS,PASS,PASS,"NOT GATED (dropped -- Game Pass runs on PC; no compensating pillar, see A-2)",PENDING_EXTERNAL_CHECK
2406770,Bodycam,Reissad Studio,Reissad Studio,1,0.8017,Anchor,0.9476,0.8199,0.0,23740,0.7435,Mostly Positive,"500,000 .. 1,000,000",750000.0,33.32,,False,True,True,False,True,2024,Action|Early Access|Indie|Massively Multiplayer|Simulation|Strategy,3D|Action|Action-Adventure|Early Access|FPS|First-Person|Immersive Sim|Military|Multiplayer|Open World|PvP|Realistic|Shooter|Simulation|Stealth,PASS,PASS,PASS,PASS,PASS,"NOT GATED (dropped -- Game Pass runs on PC; no compensating pillar, see A-2)",PENDING_EXTERNAL_CHECK
1127500,Mini Motorways,Dinosaur Polo Club,Dinosaur Polo Club,2,0.8014,Anchor,0.9178,0.7448,0.4458,19938,0.9606,Overwhelmingly Positive,"500,000 .. 1,000,000",750000.0,9.99,87,True,True,True,False,False,2021,Casual|Indie|Simulation|Strategy,Beautiful|Building|Casual|City Builder|Family Friendly|Great Soundtrack|Indie|Management|Minimalist|Puzzle|Relaxing|Resource Management|Roguelike|Simulation|Singleplayer,PASS,PASS,PASS,PASS,PASS,"NOT GATED (dropped -- Game Pass runs on PC; no compensating pillar, see A-2)",PENDING_EXTERNAL_CHECK
1062520,Dinkum,James Bendon,James Bendon,1,0.7974,Anchor,0.9283,0.771,0.2483,21010,0.9412,Very Positive,"500,000 .. 1,000,000",750000.0,19.99,,True,True,True,True,True,2022,Early Access|Indie|RPG|Simulation,Adventure|Agriculture|Building|Character Customization|Co-op|Crafting|Cute|Early Access|Exploration|Farming Sim|Fishing|Hunting|Life Sim|Mining|Online Co-Op,PASS,PASS,PASS,PASS,PASS,"NOT GATED (dropped -- Game Pass runs on PC; no compensating pillar, see A-2)",PENDING_EXTERNAL_CHECK
1421250,Tiny Bunny,Saikono,Saikono,2,0.7972,Anchor,0.9021,0.7133,0.6084,18662,0.9669,Overwhelmingly Positive,"500,000 .. 1,000,000",750000.0,12.99,,False,True,True,False,False,2021,Adventure|Early Access|Indie,2D|Adventure|Anime|Atmospheric|Choices Matter|Cute|Dark|Early Access|Gore|Great Soundtrack|Horror|Indie|Interactive Fiction|Mature|Point & Click,PASS,PASS,PASS,PASS,PASS,"NOT GATED (dropped -- Game Pass runs on PC; no compensating pillar, see A-2)",PENDING_EXTERNAL_CHECK
2248760,Car For Sale Simulator 2023,Red Axe Games,Red Axe Games,1,0.7969,Anchor,0.8199,0.9196,0.1906,14710,0.862,Very Positive,"200,000 .. 500,000",350000.0,17.99,,True,True,True,True,True,2023,Early Access|Indie|Simulation,3D|America|Automobile Sim|Cinematic|Conversation|Driving|Early Access|FPS|Family Friendly|First-Person|Immersive Sim|Inventory Management|Life Sim|Modern|Multiplayer,PASS,PASS,PASS,PASS,PASS,"NOT GATED (dropped -- Game Pass runs on PC; no compensating pillar, see A-2)",PENDING_EXTERNAL_CHECK
1766740,Choo-Choo Charles,Two Star Games,Two Star Games,5,0.7969,Anchor,0.8182,0.9178,0.2063,14696,0.9142,Very Positive,"200,000 .. 500,000",350000.0,19.99,,True,True,True,False,False,2022,Action|Adventure|Indie,3D|Action|Action-Adventure|Adventure|Atmospheric|Choices Matter|Co-op|Dark|FPS|First-Person|Hand-drawn|Horror|Indie|Open World|Psychological Horror,PASS,PASS,PASS,PASS,PASS,"NOT GATED (dropped -- Game Pass runs on PC; no compensating pillar, see A-2)",PENDING_EXTERNAL_CHECK
2066020,Soulstone Survivors,Game Smithing Limited,Game Smithing Limited,1,0.7962,Anchor,0.9126,0.7395,0.4406,19630,0.907,Very Positive,"500,000 .. 1,000,000",750000.0,9.99,,True,True,True,False,False,2022,Action|Early Access|Indie|RPG,Action|Action RPG|Action Roguelike|Arcade|Bullet Hell|Character Customization|Colorful|Controller|Crafting|Dark Fantasy|Early Access|Hack and Slash|Procedural Generation|RPG|Roguelike,PASS,PASS,PASS,PASS,PASS,"NOT GATED (dropped -- Game Pass runs on PC; no compensating pillar, see A-2)",PENDING_EXTERNAL_CHECK
341940,Hatred,Destructive Creations,Destructive Creations,6,0.7937,Anchor,0.9108,0.7378,0.4318,19586,0.8258,Very Positive,"500,000 .. 1,000,000",750000.0,5.99,43,True,True,True,False,False,2015,Action|Indie,Action|Dark|Dark Fantasy|Dark Humor|Difficult|Gore|Horror|Indie|Isometric|Mature|Open World|Psychological Horror|Shooter|Singleplayer|Survival,PASS,PASS,PASS,PASS,PASS,"NOT GATED (dropped -- Game Pass runs on PC; no compensating pillar, see A-2)",PENDING_EXTERNAL_CHECK
2334730,Death Must Die,Realm Archive,Realm Archive,2,0.7934,Anchor,0.8951,0.701,0.6538,18091,0.9264,Very Positive,"500,000 .. 1,000,000",750000.0,6.99,,True,True,True,False,False,2023,Action|Casual|Early Access|Indie|RPG,2D|Action|Action RPG|Action Roguelike|Bullet Hell|Controller|Dark Fantasy|Early Access|Fantasy|Hack and Slash|Inventory Management|Isometric|Loot|Magic|Pixel Graphics,PASS,PASS,PASS,PASS,PASS,"NOT GATED (dropped -- Game Pass runs on PC; no compensating pillar, see A-2)",PENDING_EXTERNAL_CHECK
368360,60 Seconds!,Robot Gentleman,Robot Gentleman,3,0.7907,Anchor,0.7098,0.9843,0.4213,11409,0.8445,Very Positive,"100,000 .. 200,000",150000.0,8.99,,True,True,True,False,False,2015,Adventure|Casual|Indie|Simulation|Strategy,2D|3D|Choices Matter|Choose Your Own Adventure|Dark Comedy|Dark Humor|Difficult|Exploration|Funny|Immersive Sim|Management|Outbreak Sim|Point & Click|Post-apocalyptic|Story Rich,PASS,PASS,PASS,PASS,PASS,"NOT GATED (dropped -- Game Pass runs on PC; no compensating pillar, see A-2)",PENDING_EXTERNAL_CHECK
242680,Nuclear Throne,Vlambeer,Vlambeer,5,0.7902,Anchor,0.8899,0.6871,0.7045,17569,0.9618,Overwhelmingly Positive,"500,000 .. 1,000,000",750000.0,11.99,89,True,True,True,False,True,2015,Action|Indie|RPG,2D|Action|Action Roguelike|Bullet Hell|Difficult|Great Soundtrack|Indie|Local Co-Op|Local Multiplayer|Perma Death|Pixel Graphics|Post-apocalyptic|RPG|Roguelike|Roguelite,PASS,PASS,PASS,PASS,PASS,"NOT GATED (dropped -- Game Pass runs on PC; no compensating pillar, see A-2)",PENDING_EXTERNAL_CHECK
236090,Dust: An Elysian Tail,Humble Hearts LLC,Xbox Game Studios,2,0.7883,Anchor,0.8986,0.7063,0.5647,18420,0.9533,Overwhelmingly Positive,"500,000 .. 1,000,000",750000.0,14.99,,True,True,False,False,False,2013,Action|Adventure|Indie|RPG,2D|Action|Action RPG|Adventure|Anime|Atmospheric|Beat 'em up|Beautiful|Controller|Exploration|Fantasy|Great Soundtrack|Hack and Slash|Indie|Metroidvania,PASS,PASS,PASS,PASS,PASS,"NOT GATED (dropped -- Game Pass runs on PC; no compensating pillar, see A-2)",PENDING_EXTERNAL_CHECK
986130,Shadows of Doubt,ColePowered Games,Fireshine Games,2,0.7881,Anchor,0.7657,0.8829,0.521,12904,0.8493,Very Positive,"200,000 .. 500,000",350000.0,24.99,67,True,True,False,False,False,2024,Action|Adventure|Indie|RPG,Action|Action RPG|Adventure|Atmospheric|Cyberpunk|Detective|First-Person|Hacking|Immersive Sim|Indie|Noir|Open World|Pixel Graphics|Procedural Generation|Puzzle,PASS,PASS,PASS,PASS,PASS,"NOT GATED (dropped -- Game Pass runs on PC; no compensating pillar, see A-2)",PENDING_EXTERNAL_CHECK
1188930,Chrono Ark,Al Fine,Al Fine,1,0.7858,Anchor,0.6469,0.9825,0.6941,10462,0.9081,Very Positive,"100,000 .. 200,000",150000.0,24.99,,True,True,True,False,False,2024,Adventure|Indie|RPG|Strategy,Adventure|Anime|Card Battler|Card Game|Cute|Deckbuilding|Difficult|Early Access|Female Protagonist|Indie|Party-Based RPG|RPG|Roguelike|Roguelike Deckbuilder|Roguelite,PASS,PASS,PASS,PASS,PASS,"NOT GATED (dropped -- Game Pass runs on PC; no compensating pillar, see A-2)",PENDING_EXTERNAL_CHECK
1940340,Darkest Dungeon® II,Red Hook Studios,Red Hook Studios,2,0.7851,Anchor,0.8794,0.6713,0.7692,17309,0.7586,Mostly Positive,"500,000 .. 1,000,000",750000.0,39.99,81,True,True,True,False,False,2023,Indie|RPG|Strategy,2D|CRPG|Dark Fantasy|Dungeon Crawler|Gothic|Hand-drawn|Lovecraftian|Party-Based RPG|Perma Death|Procedural Generation|RPG|Roguelike|Roguelite|Singleplayer|Story Rich,PASS,PASS,PASS,PASS,PASS,"NOT GATED (dropped -- Game Pass runs on PC; no compensating pillar, see A-2)",PENDING_EXTERNAL_CHECK
1432860,Sun Haven,Pixel Sprout Studios,Pixel Sprout Studios,2,0.7844,Anchor,0.9143,0.7413,0.3077,19709,0.8566,Very Positive,"500,000 .. 1,000,000",750000.0,12.49,,True,True,True,True,True,2023,Adventure|Casual|Indie|RPG|Simulation,Adventure|Agriculture|Character Customization|Combat|Cooking|Crafting|Dating Sim|Exploration|Fantasy|Farming Sim|Fishing|Life Sim|Magic|Mining|Multiplayer,PASS,PASS,PASS,PASS,PASS,"NOT GATED (dropped -- Game Pass runs on PC; no compensating pillar, see A-2)",PENDING_EXTERNAL_CHECK
405640,Pony Island,Daniel Mullins Games,Daniel Mullins Games,3,0.7837,Anchor,0.8636,0.6329,0.9878,16350,0.9519,Overwhelmingly Positive,"500,000 .. 1,000,000",750000.0,4.99,86,False,True,True,False,False,2016,Indie,2D|Atmospheric|Cute|Dark|Demons|Experimental|Funny|Gore|Great Soundtrack|Hacking|Horror|Horses|Indie|Memes|Pixel Graphics,PASS,PASS,PASS,PASS,PASS,"NOT GATED (dropped -- Game Pass runs on PC; no compensating pillar, see A-2)",PENDING_EXTERNAL_CHECK
692890,Roboquest,RyseUp Studios,"RyseUp Studios, Starbreeze Entertainment",4,0.7811,Anchor,0.9056,0.7203,0.4021,18970,0.9552,Overwhelmingly Positive,"500,000 .. 1,000,000",750000.0,18.74,,True,True,False,True,True,2023,Action|Indie,Action|Action Roguelike|Bullet Hell|Co-op|Colorful|FPS|Fast-Paced|First-Person|Indie|Looter Shooter|Multiplayer|Online Co-Op|Perma Death|Post-apocalyptic|Roguelike,PASS,PASS,PASS,PASS,PASS,"NOT GATED (dropped -- Game Pass runs on PC; no compensating pillar, see A-2)",PENDING_EXTERNAL_CHECK
362680,Fran Bow,Killmonday Games AB,Killmonday Games AB,2,0.7765,Anchor,0.8837,0.6757,0.6434,17348,0.9722,Overwhelmingly Positive,"500,000 .. 1,000,000",750000.0,14.99,70,False,True,True,False,False,2015,Adventure|Indie,2D|Adventure|Atmospheric|Dark|Dark Fantasy|Fantasy|Female Protagonist|Gore|Great Soundtrack|Hand-drawn|Hidden Object|Horror|Indie|Point & Click|Psychological,PASS,PASS,PASS,PASS,PASS,"NOT GATED (dropped -- Game Pass runs on PC; no compensating pillar, see A-2)",PENDING_EXTERNAL_CHECK
232430,Gone Home,Fullbright,Fullbright,3,0.7748,Anchor,0.8916,0.6906,0.528,17625,0.7704,Mostly Positive,"500,000 .. 1,000,000",750000.0,14.99,86,True,True,True,False,False,2013,Adventure|Indie,1990's|Adventure|Atmospheric|Emotional|Exploration|Female Protagonist|First-Person|Great Soundtrack|Indie|Interactive Fiction|LGBTQ+|Mystery|Narration|Narrative|Point & Click,PASS,PASS,PASS,PASS,PASS,"NOT GATED (dropped -- Game Pass runs on PC; no compensating pillar, see A-2)",PENDING_EXTERNAL_CHECK
1887840,Another Crab's Treasure,Aggro Crab,Aggro Crab,2,0.7743,Anchor,0.7255,0.8409,0.7517,11759,0.9481,Very Positive,"200,000 .. 500,000",350000.0,29.99,,True,True,True,False,False,2024,Action|Adventure|Indie,3D|3D Platformer|Action|Action RPG|Action-Adventure|Atmospheric|Beat 'em up|Cartoony|Cute|Dark Fantasy|Dark Humor|Funny|Lore-Rich|Nonlinear|Open World,PASS,PASS,PASS,PASS,PASS,"NOT GATED (dropped -- Game Pass runs on PC; no compensating pillar, see A-2)",PENDING_EXTERNAL_CHECK
985890,Streets of Rage 4,"Dotemu, Guard Crush, Lizardcube",Dotemu,1,0.7743,Anchor,0.8706,0.6591,0.7535,17122,0.9268,Very Positive,"500,000 .. 1,000,000",750000.0,24.99,84,True,True,False,True,True,2020,Action|Indie,2D|Action|Adventure|Arcade|Beat 'em up|Casual|Classic|Co-op|Co-op Campaign|Colorful|Fighting|Great Soundtrack|Hand-drawn|Indie|Local Co-Op,PASS,PASS,PASS,PASS,PASS,"NOT GATED (dropped -- Game Pass runs on PC; no compensating pillar, see A-2)",PENDING_EXTERNAL_CHECK
1629520,A Little to the Left,Max Inferno,Secret Mode,1,0.7733,Anchor,0.6923,0.8182,0.9983,11060,0.9215,Very Positive,"200,000 .. 500,000",350000.0,14.99,75,True,True,False,False,False,2022,Casual|Indie,2D|Casual|Cats|Colorful|Cozy|Cute|Family Friendly|Funny|Hand-drawn|Hidden Object|Indie|Linear|Logic|Pixel Graphics|Point & Click,PASS,PASS,PASS,PASS,PASS,"NOT GATED (dropped -- Game Pass runs on PC; no compensating pillar, see A-2)",PENDING_EXTERNAL_CHECK
2005010,"Warhammer 40,000: Boltgun",Auroch Digital,Focus Entertainment,7,0.7729,Anchor,0.7885,0.8986,0.1923,13592,0.9111,Very Positive,"200,000 .. 500,000",350000.0,14.29,75,True,True,False,False,False,2023,Action|Indie,,PASS,PASS,PASS,PASS,PASS,"NOT GATED (dropped -- Game Pass runs on PC; no compensating pillar, see A-2)",PENDING_EXTERNAL_CHECK
494840,UBOAT,Deep Water Studio,PlayWay S.A.,1,0.7726,Anchor,0.9248,0.7622,0.0524,20688,0.8307,Very Positive,"500,000 .. 1,000,000",750000.0,29.99,,False,True,False,False,False,2024,Action|Indie|RPG|Simulation|Strategy,Action|Historical|Management|Military|Moddable|Naval|Naval Combat|Open World|Physics|RTS|Realistic|Replay Value|Sandbox|Shooter|Simulation,PASS,PASS,PASS,PASS,PASS,"NOT GATED (dropped -- Game Pass runs on PC; no compensating pillar, see A-2)",PENDING_EXTERNAL_CHECK
368340,CrossCode,Radical Fish Games,"Deck13, WhisperGames, DANGEN Entertainment, Mayflower Entertainment",1,0.772,Anchor,0.8566,0.6224,0.9476,16186,0.9327,Very Positive,"500,000 .. 1,000,000",750000.0,19.99,86,True,True,False,False,False,2018,Action|Adventure|Indie|RPG,2D|Action|Action RPG|Action-Adventure|Adventure|Anime|Cyberpunk|Difficult|Female Protagonist|Great Soundtrack|Indie|JRPG|Open World|Pixel Graphics|Puzzle,PASS,PASS,PASS,PASS,PASS,"NOT GATED (dropped -- Game Pass runs on PC; no compensating pillar, see A-2)",PENDING_EXTERNAL_CHECK
1458140,Pacific Drive,Ironwood Studios,Kepler Interactive,1,0.7715,Anchor,0.8007,0.9108,0.0682,14053,0.8297,Very Positive,"200,000 .. 500,000",350000.0,29.99,,True,True,False,False,False,2024,Action|Adventure|Indie|Racing|Simulation,3D|Action|Action-Adventure|Adventure|Atmospheric|Base Building|Building|Crafting|Driving|Exploration|First-Person|Investigation|Post-apocalyptic|Sandbox|Sci-fi,PASS,PASS,PASS,PASS,PASS,"NOT GATED (dropped -- Game Pass runs on PC; no compensating pillar, see A-2)",PENDING_EXTERNAL_CHECK
423230,Furi,The Game Bakers,The Game Bakers,3,0.7687,Anchor,0.7238,0.8392,0.7115,11751,0.9104,Very Positive,"200,000 .. 500,000",350000.0,19.99,76,True,True,True,False,False,2016,Action|Indie,Action|Atmospheric|Beat 'em up|Boss Rush|Bullet Hell|Controller|Cyberpunk|Difficult|Fast-Paced|Great Soundtrack|Hack and Slash|Indie|Replay Value|Sci-fi|Shoot 'Em Up,PASS,PASS,PASS,PASS,PASS,"NOT GATED (dropped -- Game Pass runs on PC; no compensating pillar, see A-2)",PENDING_EXTERNAL_CHECK
1785150,Friends vs Friends,Brainwash Gang,Raw Fury,4,0.7677,Anchor,0.7325,0.8549,0.5944,12013,0.8307,Very Positive,"200,000 .. 500,000",350000.0,9.99,,True,True,False,True,True,2023,Action|Indie,Action|Arena Shooter|Battle Royale|Card Game|Co-op|Colorful|Combat|Destruction|FPS|First-Person|Gun Customization|Hero Shooter|Indie|Multiplayer|Old School,PASS,PASS,PASS,PASS,PASS,"NOT GATED (dropped -- Game Pass runs on PC; no compensating pillar, see A-2)",PENDING_EXTERNAL_CHECK
714120,Little Misfortune,Killmonday Games AB,Killmonday Games AB,2,0.7661,Anchor,0.6853,0.8164,0.9685,10999,0.9177,Very Positive,"200,000 .. 500,000",350000.0,19.99,57,True,True,True,False,False,2019,Adventure|Casual|Indie,2D|Adventure|Atmospheric|Casual|Choices Matter|Cute|Dark|Dark Fantasy|Dark Humor|Female Protagonist|Funny|Great Soundtrack|Horror|Indie|Interactive Fiction,PASS,PASS,PASS,PASS,PASS,"NOT GATED (dropped -- Game Pass runs on PC; no compensating pillar, see A-2)",PENDING_EXTERNAL_CHECK
264200,One Finger Death Punch,Silver Dollar Games,Silver Dollar Games,4,0.7652,Anchor,0.8619,0.6294,0.8252,16239,0.9794,Overwhelmingly Positive,"500,000 .. 1,000,000",750000.0,1.24,,True,True,True,False,False,2014,Action|Casual|Indie,2D|2D Fighter|Action|Addictive|Arcade|Beat 'em up|Blood|Casual|Difficult|Epic|Fast-Paced|Fighting|Funny|Gore|Great Soundtrack,PASS,PASS,PASS,PASS,PASS,"NOT GATED (dropped -- Game Pass runs on PC; no compensating pillar, see A-2)",PENDING_EXTERNAL_CHECK
394690,Tower Unite,PixelTail Games,PixelTail Games,1,0.7645,Anchor,0.9196,0.7465,0.0612,19950,0.9004,Very Positive,"500,000 .. 1,000,000",750000.0,19.99,,True,True,True,True,True,2016,Action|Adventure|Casual|Early Access|Indie|Massively Multiplayer|Racing,Action|Adventure|Arcade|Casual|Character Customization|Early Access|FPS|Funny|Great Soundtrack|Indie|Massively Multiplayer|Memes|Mini Golf|Multiplayer|Open World,PASS,PASS,PASS,PASS,PASS,"NOT GATED (dropped -- Game Pass runs on PC; no compensating pillar, see A-2)",PENDING_EXTERNAL_CHECK
257850,Hyper Light Drifter,Heart Machine,Heart Machine,2,0.7607,Anchor,0.8741,0.6643,0.5787,17197,0.9331,Very Positive,"500,000 .. 1,000,000",750000.0,19.99,84,True,True,True,True,True,2016,Action|Adventure|Indie|RPG,2D|Action|Action RPG|Adventure|Atmospheric|Colorful|Difficult|Exploration|Fantasy|Great Soundtrack|Hack and Slash|Indie|Metroidvania|Pixel Graphics|Post-apocalyptic,PASS,PASS,PASS,PASS,PASS,"NOT GATED (dropped -- Game Pass runs on PC; no compensating pillar, see A-2)",PENDING_EXTERNAL_CHECK
2080690,Sunkenland,Vector3 Studio,Vector3 Studio,1,0.7605,Anchor,0.9073,0.7325,0.1381,19499,0.819,Very Positive,"500,000 .. 1,000,000",750000.0,19.99,,False,True,True,True,True,2023,Action|Early Access|Indie,3D|Action|Adventure|Base Building|Co-op|Crafting|Early Access|Exploration|FPS|Multiplayer|Open World|Open World Survival Craft|Post-apocalyptic|PvE|Realistic,PASS,PASS,PASS,PASS,PASS,"NOT GATED (dropped -- Game Pass runs on PC; no compensating pillar, see A-2)",PENDING_EXTERNAL_CHECK
250760,Shovel Knight: Treasure Trove,Yacht Club Games,Yacht Club Games,5,0.7584,Anchor,0.8444,0.6084,0.9283,15782,0.9591,Overwhelmingly Positive,"500,000 .. 1,000,000",750000.0,39.99,85,True,True,True,True,True,2014,Action|Adventure|Indie,2D|Action|Adventure|Arcade|Comedy|Difficult|Fantasy|Funny|Great Soundtrack|Indie|Kickstarter|Medieval|Metroidvania|Old School|Pixel Graphics,PASS,PASS,PASS,PASS,PASS,"NOT GATED (dropped -- Game Pass runs on PC; no compensating pillar, see A-2)",PENDING_EXTERNAL_CHECK
1244090,Sea of Stars,Sabotage Studio,Sabotage Studio,1,0.7575,Anchor,0.6731,0.8059,0.986,10857,0.8931,Very Positive,"200,000 .. 500,000",350000.0,34.99,87,True,True,True,False,False,2023,Adventure|Indie|RPG,2D|Adventure|Colorful|Comedy|Emotional|Exploration|Fantasy|Female Protagonist|Funny|Indie|JRPG|Kickstarter|Lore-Rich|Pixel Graphics|RPG,PASS,PASS,PASS,PASS,PASS,"NOT GATED (dropped -- Game Pass runs on PC; no compensating pillar, see A-2)",PENDING_EXTERNAL_CHECK
895870,Project Wingman,Sector D2,"Sector D2, Humble Games",1,0.7571,Anchor,0.8837,0.6757,0.4493,17348,0.9341,Very Positive,"500,000 .. 1,000,000",750000.0,24.99,75,True,True,False,False,False,2020,Action|Indie|Simulation,Action|Arcade|Controller|Epic|First-Person|Flight|Great Soundtrack|Indie|Jet|Military|Multiplayer|Realistic|Sci-fi|Shooter|Simulation,PASS,PASS,PASS,PASS,PASS,"NOT GATED (dropped -- Game Pass runs on PC; no compensating pillar, see A-2)",PENDING_EXTERNAL_CHECK
313340,Mountain,David OReilly,David OReilly,2,0.7559,Anchor,0.8584,0.6241,0.771,16227,0.8827,Very Positive,"500,000 .. 1,000,000",750000.0,0.79,,True,True,True,False,False,2014,Casual|Indie|RPG|Simulation,Ambient|Beautiful|Casual|Experimental|Funny|God Game|Great Soundtrack|Idler|Indie|Music|Nature|Philosophical|Procedural Generation|Puzzle|RPG,PASS,PASS,PASS,PASS,PASS,"NOT GATED (dropped -- Game Pass runs on PC; no compensating pillar, see A-2)",PENDING_EXTERNAL_CHECK
2171440,Fear & Hunger 2: Termina,Miro Haverinen,Miro Haverinen,2,0.7559,Depth,0.5455,1.0,0.8322,8962,0.9746,Overwhelmingly Positive,"0 .. 20,000",10000.0,11.99,,True,True,True,False,False,2022,Indie|RPG,2D|Anime|Atmospheric|CRPG|Dark Fantasy|Dungeon Crawler|Gothic|Horror|JRPG|Lovecraftian|Multiple Endings|Nonlinear|Party-Based RPG|Pixel Graphics|Psychological Horror,PASS,PASS,PASS,PASS,PASS,"NOT GATED (dropped -- Game Pass runs on PC; no compensating pillar, see A-2)",PENDING_EXTERNAL_CHECK
429050,Feed and Grow: Fish,Old B1ood,Greens s.r.o.,1,0.7524,Anchor,0.8759,0.6661,0.4808,17217,0.7749,Mostly Positive,"500,000 .. 1,000,000",750000.0,14.99,,True,True,False,False,True,2016,Action|Early Access|Indie|Simulation,Action|Adventure|Atmospheric|Co-op|Colorful|Cute|Early Access|Fishing|Funny|Great Soundtrack|Indie|Multiplayer|Open World|Realistic|Sandbox,PASS,PASS,PASS,PASS,PASS,"NOT GATED (dropped -- Game Pass runs on PC; no compensating pillar, see A-2)",PENDING_EXTERNAL_CHECK
1158160,Coral Island,Stairway Games,Humble Games,1,0.7521,Anchor,0.9003,0.7115,0.1731,18653,0.8793,Very Positive,"500,000 .. 1,000,000",750000.0,29.99,,True,True,False,False,False,2023,Adventure|Casual|Indie|RPG|Simulation|Strategy,Adventure|Agriculture|Building|Cartoony|Casual|Character Customization|Crafting|Dating Sim|Farming Sim|Fishing|Indie|LGBTQ+|Life Sim|Mining|Open World,PASS,PASS,PASS,PASS,PASS,"NOT GATED (dropped -- Game Pass runs on PC; no compensating pillar, see A-2)",PENDING_EXTERNAL_CHECK
1520370,Mon Bazou,Santa Goat,Santa Goat,1,0.7516,Anchor,0.7797,0.8916,0.0507,13093,0.9734,Overwhelmingly Positive,"200,000 .. 500,000",350000.0,15.99,,True,True,True,False,False,2021,Adventure|Casual|Early Access|Indie|Racing|Simulation,3D|ATV|Automobile Sim|Building|Casual|Choose Your Own Adventure|Crafting|Driving|Early Access|Exploration|First-Person|Life Sim|Motorbike|Open World|Physics,PASS,PASS,PASS,PASS,PASS,"NOT GATED (dropped -- Game Pass runs on PC; no compensating pillar, see A-2)",PENDING_EXTERNAL_CHECK
1574580,Strange Horticulture,Bad Viking,Iceberg Interactive,1,0.7474,Anchor,0.701,0.8252,0.6678,11234,0.9515,Overwhelmingly Positive,"200,000 .. 500,000",350000.0,15.99,83,True,True,False,False,False,2022,Adventure|Indie|Simulation,2D|Adventure|Alternate History|Atmospheric|Choices Matter|Colorful|Conversation|Dark|Detective|Exploration|Investigation|Lovecraftian|Multiple Endings|Mystery|Nature,PASS,PASS,PASS,PASS,PASS,"NOT GATED (dropped -- Game Pass runs on PC; no compensating pillar, see A-2)",PENDING_EXTERNAL_CHECK
1318690,shapez,Tobias Springer,"tobspr Games, Doyoyo Games",3,0.743,Anchor,0.7395,0.8601,0.292,12339,0.9641,Overwhelmingly Positive,"200,000 .. 500,000",350000.0,9.99,,False,True,False,False,False,2020,Casual|Indie|Simulation|Strategy,2D|Abstract|Automation|Base Building|Building|Casual|Crafting|Family Friendly|Indie|Logic|Management|Moddable|Open World|Procedural Generation|Puzzle,PASS,PASS,PASS,PASS,PASS,"NOT GATED (dropped -- Game Pass runs on PC; no compensating pillar, see A-2)",PENDING_EXTERNAL_CHECK
1571440,Lunch Lady,Manic Mice,Manic Mice,4,0.7367,Anchor,0.743,0.8706,0.1696,12434,0.8589,Very Positive,"200,000 .. 500,000",350000.0,4.99,,True,True,True,True,True,2021,Action|Adventure|Indie,Action|Action-Adventure|Choices Matter|Co-op|Collectathon|Dark|Exploration|FPS|First-Person|Horror|Multiplayer|Nonlinear|Online Co-Op|Procedural Generation|Psychological Horror,PASS,PASS,PASS,PASS,PASS,"NOT GATED (dropped -- Game Pass runs on PC; no compensating pillar, see A-2)",PENDING_EXTERNAL_CHECK
1353230,Bomb Rush Cyberfunk,Team Reptile,Team Reptile,4,0.736,Anchor,0.7133,0.8304,0.472,11433,0.9834,Overwhelmingly Positive,"200,000 .. 500,000",350000.0,39.99,,True,True,True,False,False,,Action|Adventure|Indie,3D|3D Platformer|Action|Adventure|Anime|Cartoon|Colorful|Cyberpunk|Futuristic|Great Soundtrack|Indie|Jet|Linear|Parkour|Relaxing,PASS,PASS,PASS,PASS,PASS,"NOT GATED (dropped -- Game Pass runs on PC; no compensating pillar, see A-2)",PENDING_EXTERNAL_CHECK
977880,Eastward,Pixpil,Chucklefish,1,0.7355,Anchor,0.8357,0.5804,0.8549,15361,0.8433,Very Positive,"500,000 .. 1,000,000",750000.0,24.99,82,True,True,False,False,False,2021,Action|Adventure|Indie|RPG,2D|Action|Action RPG|Adventure|Atmospheric|Casual|Comedy|Cute|Dark|Female Protagonist|Indie|JRPG|Mature|Pixel Graphics|Post-apocalyptic,PASS,PASS,PASS,PASS,PASS,"NOT GATED (dropped -- Game Pass runs on PC; no compensating pillar, see A-2)",PENDING_EXTERNAL_CHECK
1556790,Isonzo,BlackMill Games,BlackMill Games,2,0.733,Anchor,0.7587,0.8794,0.0192,12682,0.8305,Very Positive,"200,000 .. 500,000",350000.0,13.99,73,True,True,True,False,True,2022,Action|Indie|Massively Multiplayer|Simulation|Strategy,Action|Atmospheric|Combat|FPS|First-Person|Historical|Indie|Massively Multiplayer|Military|Multiplayer|PvP|Realistic|Shooter|Simulation|Singleplayer,PASS,PASS,PASS,PASS,PASS,"NOT GATED (dropped -- Game Pass runs on PC; no compensating pillar, see A-2)",PENDING_EXTERNAL_CHECK
521890,Hello Neighbor,Dynamic Pixels,tinyBuild,7,0.7327,Anchor,0.8654,0.6434,0.4266,16592,0.8261,Very Positive,"500,000 .. 1,000,000",750000.0,29.99,,True,True,False,False,False,2017,Adventure|Indie|Strategy,3D|3D Platformer|Action|Action-Adventure|Dark Humor|Difficult|FPS|Family Friendly|First-Person|Funny|Horror|Multiple Endings|Psychological Horror|Sandbox|Stealth,PASS,PASS,PASS,PASS,PASS,"NOT GATED (dropped -- Game Pass runs on PC; no compensating pillar, see A-2)",PENDING_EXTERNAL_CHECK
2365810,Pseudoregalia,rittzler,rittzler,1,0.7322,Anchor,0.729,0.8479,0.285,11908,0.9729,Overwhelmingly Positive,"200,000 .. 500,000",350000.0,5.99,,True,True,True,False,False,,Action|Adventure|Indie,3D|3D Platformer|Abstract|Adventure|Cartoon|Controller|Exploration|Fantasy|Female Protagonist|Magic|Metroidvania|Nonlinear|Old School|Parkour|Platformer,PASS,PASS,PASS,PASS,PASS,"NOT GATED (dropped -- Game Pass runs on PC; no compensating pillar, see A-2)",PENDING_EXTERNAL_CHECK
861540,Dicey Dungeons,Terry Cavanagh,Terry Cavanagh,3,0.7313,Anchor,0.6643,0.8007,0.7885,10685,0.8954,Very Positive,"200,000 .. 500,000",350000.0,14.99,80,True,True,True,False,False,2019,Indie|Strategy,Card Battler|Card Game|Cartoon|Casual|Colorful|Cute|Deckbuilding|Dungeon Crawler|Great Soundtrack|Indie|Mouse only|Procedural Generation|RPG|Replay Value|Roguelike,PASS,PASS,PASS,PASS,PASS,"NOT GATED (dropped -- Game Pass runs on PC; no compensating pillar, see A-2)",PENDING_EXTERNAL_CHECK
667970,VTOL VR,"Boundless Dynamics, LLC","Boundless Dynamics, LLC",2,0.7311,Anchor,0.8881,0.6853,0.1294,17517,0.9806,Overwhelmingly Positive,"500,000 .. 1,000,000",750000.0,29.99,,False,True,True,True,True,2017,Action|Indie|Simulation,6DOF|Action|Artificial Intelligence|Combat|First-Person|Flight|Futuristic|Jet|Level Editor|Military|Multiplayer|Naval Combat|Physics|Realistic|Sandbox,PASS,PASS,PASS,PASS,PASS,"NOT GATED (dropped -- Game Pass runs on PC; no compensating pillar, see A-2)",PENDING_EXTERNAL_CHECK
894020,Death's Door,Acid Nerve,Devolver Digital,2,0.729,Anchor,0.8724,0.6626,0.278,17163,0.9345,Very Positive,"500,000 .. 1,000,000",750000.0,19.99,85,True,True,False,False,False,,Action|Adventure|Indie|RPG,3D|3D Platformer|Action|Action RPG|Action-Adventure|Adventure|Cartoony|Colorful|Combat|Controller|Cute|Dark Fantasy|Dungeon Crawler|Exploration|Hack and Slash,PASS,PASS,PASS,PASS,PASS,"NOT GATED (dropped -- Game Pass runs on PC; no compensating pillar, see A-2)",PENDING_EXTERNAL_CHECK
1029780,Going Medieval,Foxy Voxel,Mythwright,1,0.7278,Anchor,0.8864,0.6818,0.1189,17473,0.8988,Very Positive,"500,000 .. 1,000,000",750000.0,24.99,,False,True,False,False,False,2021,Early Access|Indie|RPG|Simulation|Strategy,2D|Base Building|Building|City Builder|Colony Sim|Early Access|Indie|Management|Moddable|Open World|Procedural Generation|RPG|Sandbox|Sci-fi|Simulation,PASS,PASS,PASS,PASS,PASS,"NOT GATED (dropped -- Game Pass runs on PC; no compensating pillar, see A-2)",PENDING_EXTERNAL_CHECK
914800,Coffee Talk,Toge Productions,Toge Productions,5,0.7269,Anchor,0.6399,0.7885,0.9161,10410,0.9519,Overwhelmingly Positive,"200,000 .. 500,000",350000.0,12.99,76,True,True,True,False,False,2020,Adventure|Casual|Indie,Anime|Atmospheric|Casual|Choices Matter|Conversation|Crafting|Emotional|Experimental|Fantasy|Indie|Interactive Fiction|LGBTQ+|Multiple Endings|Philosophical|Pixel Graphics,PASS,PASS,PASS,PASS,PASS,"NOT GATED (dropped -- Game Pass runs on PC; no compensating pillar, see A-2)",PENDING_EXTERNAL_CHECK
2138710,Sifu,Sloclap,"Sloclap, Kepler Interactive",2,0.7259,Anchor,0.8514,0.6154,0.5402,15959,0.9242,Very Positive,"500,000 .. 1,000,000",750000.0,39.99,81,True,True,False,False,False,2023,Action|Indie,Action|Action RPG|Action Roguelike|Action-Adventure|Arcade|Beat 'em up|Blood|Crime|Dark|Dark Fantasy|Difficult|Fighting|Hack and Slash|Indie|Martial Arts,PASS,PASS,PASS,PASS,PASS,"NOT GATED (dropped -- Game Pass runs on PC; no compensating pillar, see A-2)",PENDING_EXTERNAL_CHECK
237990,The Banner Saga,Stoic,Stoic Studio,4,0.7229,Anchor,0.8339,0.5787,0.7448,15294,0.8898,Very Positive,"500,000 .. 1,000,000",750000.0,24.99,80,True,True,False,False,False,2014,Indie|RPG|Strategy,2D|Adventure|Atmospheric|Choices Matter|Crowdfunded|Fantasy|Great Soundtrack|Hand-drawn|Indie|Kickstarter|RPG|Singleplayer|Story Rich|Strategy|Strategy RPG,PASS,PASS,PASS,PASS,PASS,"NOT GATED (dropped -- Game Pass runs on PC; no compensating pillar, see A-2)",PENDING_EXTERNAL_CHECK
2291760,Papa's Freezeria Deluxe,Flipline Studios,Flipline Studios,1,0.7225,Low-cost option,0.5935,0.9773,0.3479,9608,0.9926,Overwhelmingly Positive,"100,000 .. 200,000",150000.0,5.99,,False,True,True,False,False,2023,Action|Casual|Indie|Simulation|Strategy,2D|Action|Casual|Character Customization|Classic|Colorful|Cooking|Cult Classic|Cute|Family Friendly|Funny|Indie|Job Simulator|Management|Nostalgia,PASS,PASS,PASS,PASS,PASS,"NOT GATED (dropped -- Game Pass runs on PC; no compensating pillar, see A-2)",PENDING_EXTERNAL_CHECK
2239150,Thronefall,GrizzlyGames,GrizzlyGames,2,0.7224,Anchor,0.8601,0.6259,0.4196,16228,0.9669,Overwhelmingly Positive,"500,000 .. 1,000,000",750000.0,9.74,,True,True,True,False,False,2024,Action|Indie|Strategy,3D|Action|Action RTS|Base Building|Building|City Builder|Colorful|Combat|Controller|Early Access|Fantasy|Hack and Slash|Indie|Isometric|Medieval,PASS,PASS,PASS,PASS,PASS,"NOT GATED (dropped -- Game Pass runs on PC; no compensating pillar, see A-2)",PENDING_EXTERNAL_CHECK
456750,The Room Three,Fireproof Games,Fireproof Games,6,0.7215,Anchor,0.708,0.8269,0.3671,11347,0.9608,Overwhelmingly Positive,"200,000 .. 500,000",350000.0,5.99,,False,True,True,False,False,2018,Adventure|Indie,3D|Adventure|Atmospheric|Casual|Dark|Escape Room|First-Person|Hidden Object|Horror|Indie|Lovecraftian|Multiplayer|Multiple Endings|Mystery|Point & Click,PASS,PASS,PASS,PASS,PASS,"NOT GATED (dropped -- Game Pass runs on PC; no compensating pillar, see A-2)",PENDING_EXTERNAL_CHECK
1046030,ISLANDERS,"Coatsink, GrizzlyGames, Stage Clear Studios",Coatsink,1,0.7171,Anchor,0.8462,0.6136,0.486,15864,0.9476,Very Positive,"500,000 .. 1,000,000",750000.0,4.99,82,False,True,False,False,False,2019,Casual|Indie|Strategy,3D|Addictive|Atmospheric|Beautiful|Building|City Builder|Colony Sim|Colorful|Indie|Minimalist|Multiplayer|Procedural Generation|Puzzle|Relaxing|Replay Value,PASS,PASS,PASS,PASS,PASS,"NOT GATED (dropped -- Game Pass runs on PC; no compensating pillar, see A-2)",PENDING_EXTERNAL_CHECK
1283410,Tails of Iron,Odd Bug Studio,"United Label, CI Games",1,0.7159,Anchor,0.6573,0.7972,0.6836,10597,0.8894,Very Positive,"200,000 .. 500,000",350000.0,24.99,81,True,True,False,False,False,2021,Action|Adventure|Indie,2.5D|2D|Action|Action RPG|Action-Adventure|Adventure|Atmospheric|Character Customization|Combat|Dark Fantasy|Difficult|Fantasy|Medieval|Metroidvania|Narration,PASS,PASS,PASS,PASS,PASS,"NOT GATED (dropped -- Game Pass runs on PC; no compensating pillar, see A-2)",PENDING_EXTERNAL_CHECK
1424330,Wobbledogs,Animal Uprising,Secret Mode,1,0.7138,Anchor,0.6696,0.8024,0.5804,10735,0.9817,Overwhelmingly Positive,"200,000 .. 500,000",350000.0,19.99,79,True,True,False,False,False,2022,Casual|Indie|Simulation,3D|Artificial Intelligence|Casual|Colorful|Cute|Dog|Early Access|Experimental|Family Friendly|Funny|Great Soundtrack|Indie|Life Sim|Physics|Procedural Generation,PASS,PASS,PASS,PASS,PASS,"NOT GATED (dropped -- Game Pass runs on PC; no compensating pillar, see A-2)",PENDING_EXTERNAL_CHECK
335670,LISA: The Painful,Dingaling Productions,Serenity Forge,1,0.7087,Anchor,0.8094,0.5297,0.9213,14282,0.9567,Overwhelmingly Positive,"500,000 .. 1,000,000",750000.0,19.99,77,True,True,False,False,False,2014,Adventure|Indie|RPG,2D|Adventure|Atmospheric|Choices Matter|Comedy|Dark|Dark Humor|Funny|Horror|Indie|JRPG|Party-Based RPG|Pixel Graphics|Post-apocalyptic|Psychological Horror,PASS,PASS,PASS,PASS,PASS,"NOT GATED (dropped -- Game Pass runs on PC; no compensating pillar, see A-2)",PENDING_EXTERNAL_CHECK
383270,Hue,Fiddlesticks Games,Curve Games,1,0.7061,Anchor,0.6154,0.7727,0.8934,9845,0.9259,Very Positive,"200,000 .. 500,000",350000.0,14.99,79,True,True,False,False,False,2016,Adventure|Indie,2D|2D Platformer|Adventure|Casual|Colorful|Great Soundtrack|Indie|Metroidvania|Narration|Platformer|Puzzle|Puzzle Platformer|Side Scroller|Singleplayer|Story Rich,PASS,PASS,PASS,PASS,PASS,"NOT GATED (dropped -- Game Pass runs on PC; no compensating pillar, see A-2)",PENDING_EXTERNAL_CHECK
1158940,Blazing Sails,"Get Up Games, Iceberg Interactive",Iceberg Interactive,1,0.703,Low-cost option,0.5507,0.9755,0.3741,9000,0.8721,Very Positive,"100,000 .. 200,000",150000.0,5.99,,True,True,False,True,True,2023,Action|Adventure|Casual|Indie,Action|Battle Royale|Character Customization|Co-op|Competitive|FPS|Fast-Paced|First-Person|Funny|Historical|Multiplayer|Naval|Naval Combat|Online Co-Op|Open World,PASS,PASS,PASS,PASS,PASS,"NOT GATED (dropped -- Game Pass runs on PC; no compensating pillar, see A-2)",PENDING_EXTERNAL_CHECK
702670,Donut County,Ben Esposito,Annapurna Interactive,1,0.6997,Anchor,0.604,0.7657,0.9143,9707,0.9161,Very Positive,"200,000 .. 500,000",350000.0,12.99,77,True,True,False,False,False,2018,Adventure|Casual|Indie,3D|Adventure|Casual|Comedy|Cute|Drama|Family Friendly|Female Protagonist|Funny|Great Soundtrack|Indie|Interactive Fiction|Music|Physics|Puzzle,PASS,PASS,PASS,PASS,PASS,"NOT GATED (dropped -- Game Pass runs on PC; no compensating pillar, see A-2)",PENDING_EXTERNAL_CHECK
1404850,Luck be a Landlord,TrampolineTales,TrampolineTales,1,0.699,Low-cost option,0.6189,0.778,0.7832,9990,0.9354,Very Positive,"200,000 .. 500,000",350000.0,9.99,,True,True,True,False,False,2023,Indie|Simulation|Strategy,2D|Auto Battler|Capitalism|Casual|Deckbuilding|Early Access|Gambling|Indie|Management|Pixel Graphics|Procedural Generation|Resource Management|Retro|Roguelike|Roguelike Deckbuilder,PASS,PASS,PASS,PASS,PASS,"NOT GATED (dropped -- Game Pass runs on PC; no compensating pillar, see A-2)",PENDING_EXTERNAL_CHECK
1302240,Labyrinthine,Valko Game Studios,Valko Game Studios,1,0.699,Anchor,0.8392,0.5909,0.4301,15545,0.8544,Very Positive,"500,000 .. 1,000,000",750000.0,9.99,,True,True,True,True,True,2023,Action|Adventure|Indie,Action|Action-Adventure|Atmospheric|Character Customization|Co-op|Co-op Campaign|Controller|First-Person|Horror|Lovecraftian|Multiplayer|Online Co-Op|Procedural Generation|Psychological Horror|Puzzle,PASS,PASS,PASS,PASS,PASS,"NOT GATED (dropped -- Game Pass runs on PC; no compensating pillar, see A-2)",PENDING_EXTERNAL_CHECK
503560,911 Operator,Jutsu Games,Games Operators,5,0.6972,Anchor,0.8549,0.6206,0.215,16138,0.8897,Very Positive,"500,000 .. 1,000,000",750000.0,14.99,68,False,True,False,False,False,2017,Casual|Indie|Simulation|Strategy,2D|Addictive|Atmospheric|Casual|Choices Matter|Crime|Drama|Education|Indie|Management|Mature|Minimalist|Moddable|Modern|Real Time Tactics,PASS,PASS,PASS,PASS,PASS,"NOT GATED (dropped -- Game Pass runs on PC; no compensating pillar, see A-2)",PENDING_EXTERNAL_CHECK
2142790,Fields of Mistria,NPC Studio,NPC Studio,1,0.6962,Anchor,0.6311,0.7815,0.6801,10306,0.9825,Overwhelmingly Positive,"200,000 .. 500,000",350000.0,13.99,,True,True,True,False,False,2024,Early Access|Indie|RPG|Simulation,2D|Agriculture|Anime|Building|Cooking|Crafting|Cute|Dating Sim|Early Access|Farming|Farming Sim|Life Sim|Mining|Open World|Pixel Graphics,PASS,PASS,PASS,PASS,PASS,"NOT GATED (dropped -- Game Pass runs on PC; no compensating pillar, see A-2)",PENDING_EXTERNAL_CHECK
1321440,Cassette Beasts,Bytten Studio,Raw Fury,2,0.6913,Depth,0.4248,0.9983,0.7955,7575,0.9555,Overwhelmingly Positive,"0 .. 20,000",10000.0,19.99,,True,True,False,True,True,2023,Indie|RPG,2D|3D|Adventure|Cartoony|Co-op|Collectathon|Colorful|Comedy|Controller|Creature Collector|JRPG|Local Co-Op|Open World|Pixel Graphics|PvP,PASS,PASS,PASS,PASS,PASS,"NOT GATED (dropped -- Game Pass runs on PC; no compensating pillar, see A-2)",PENDING_EXTERNAL_CHECK
629820,Maneater,Tripwire Interactive,Tripwire Interactive,6,0.6904,Anchor,0.8409,0.6031,0.2867,15776,0.8863,Very Positive,"500,000 .. 1,000,000",750000.0,9.99,70,True,True,True,False,False,2021,Action|Adventure|Indie|RPG,Action|Action RPG|Action-Adventure|Adventure|Atmospheric|Dark Humor|Exploration|Female Protagonist|Gore|Hack and Slash|Narration|Nature|Open World|RPG|Simulation,PASS,PASS,PASS,PASS,PASS,"NOT GATED (dropped -- Game Pass runs on PC; no compensating pillar, see A-2)",PENDING_EXTERNAL_CHECK
1276790,Ruined King: A League of Legends Story™,Airship Syndicate,Riot Forge,4,0.689,Anchor,0.6503,0.7955,0.4563,10499,0.8914,Very Positive,"200,000 .. 500,000",350000.0,29.99,80,True,True,False,False,False,2021,Indie|RPG,Action|Adventure|Fantasy|Female Protagonist|Great Soundtrack|Horror|Indie|Isometric|JRPG|Party-Based RPG|RPG|Singleplayer|Story Rich|Turn-Based|Turn-Based Combat,PASS,PASS,PASS,PASS,PASS,"NOT GATED (dropped -- Game Pass runs on PC; no compensating pillar, see A-2)",PENDING_EXTERNAL_CHECK
1809540,Nine Sols,RedCandleGames,RedCandleGames,2,0.6869,Anchor,0.8077,0.528,0.7185,14257,0.9532,Overwhelmingly Positive,"500,000 .. 1,000,000",750000.0,29.99,,True,True,True,False,False,,Action|Adventure|Indie,2D|Action|Action-Adventure|Adventure|Atmospheric|Cats|Comic Book|Dark Fantasy|Difficult|Gore|Hand-drawn|Indie|Martial Arts|Metroidvania|Mythology,PASS,PASS,PASS,PASS,PASS,"NOT GATED (dropped -- Game Pass runs on PC; no compensating pillar, see A-2)",PENDING_EXTERNAL_CHECK
428690,Youtubers Life,U-Play Online,"U-Play Online, ",2,0.6848,Anchor,0.8374,0.5822,0.3322,15371,0.7734,Mostly Positive,"500,000 .. 1,000,000",750000.0,8.24,,True,True,False,False,False,2017,Adventure|Casual|Indie|Simulation|Strategy,Adventure|Cartoon|Casual|Character Customization|Comedy|Family Friendly|Female Protagonist|Funny|Indie|Life Sim|Management|Memes|Open World|Realistic|Resource Management,PASS,PASS,PASS,PASS,PASS,"NOT GATED (dropped -- Game Pass runs on PC; no compensating pillar, see A-2)",PENDING_EXTERNAL_CHECK
268650,From the Depths,Brilliant Skies Ltd.,Brilliant Skies Ltd.,1,0.679,Anchor,0.6801,0.8147,0.1311,10940,0.8984,Very Positive,"200,000 .. 500,000",350000.0,24.99,,True,True,True,True,True,2020,Action|Adventure|Indie|Simulation|Strategy,Artificial Intelligence|Building|Co-op Campaign|Crafting|Gun Customization|Military|Multiplayer|Naval|Naval Combat|Physics|RTS|Sandbox|Simulation|Space|Strategy,PASS,PASS,PASS,PASS,PASS,"NOT GATED (dropped -- Game Pass runs on PC; no compensating pillar, see A-2)",PENDING_EXTERNAL_CHECK
252330,Slender: The Arrival,Blue Isle Studios,Blue Isle Publishing,4,0.6783,Depth,0.5367,0.9738,0.2045,8868,0.8827,Very Positive,"100,000 .. 200,000",150000.0,19.99,65,True,True,False,False,False,2013,Action|Adventure|Indie,Action|Adventure|Atmospheric|Co-op|Dark|Difficult|Exploration|Female Protagonist|First-Person|Horror|Indie|Jump Scare|Multiplayer|Open World|Psychological Horror,PASS,PASS,PASS,PASS,PASS,"NOT GATED (dropped -- Game Pass runs on PC; no compensating pillar, see A-2)",PENDING_EXTERNAL_CHECK
1740720,Have a Nice Death,Magic Design Studios,Arc Games,2,0.6743,Anchor,0.5857,0.75,0.8147,9455,0.865,Very Positive,"200,000 .. 500,000",350000.0,24.99,81,True,True,False,False,False,2023,Action|Indie,2D|2D Platformer|Action|Action Roguelike|Cartoon|Cartoony|Combat|Comedy|Controller|Dark Humor|Early Access|Funny|Gothic|Hack and Slash|Indie,PASS,PASS,PASS,PASS,PASS,"NOT GATED (dropped -- Game Pass runs on PC; no compensating pillar, see A-2)",PENDING_EXTERNAL_CHECK
865360,We Were Here Together,Total Mayhem Games,Total Mayhem Games,5,0.674,Anchor,0.8164,0.5402,0.4965,14563,0.843,Very Positive,"500,000 .. 1,000,000",750000.0,12.99,77,True,True,True,True,True,2019,Adventure|Casual|Indie,Action-Adventure|Adventure|Atmospheric|Casual|Co-op|Co-op Campaign|Dark|Escape Room|Exploration|First-Person|Horror|Indie|Investigation|Linear|Multiplayer,PASS,PASS,PASS,PASS,PASS,"NOT GATED (dropped -- Game Pass runs on PC; no compensating pillar, see A-2)",PENDING_EXTERNAL_CHECK
1377380,Night of the Dead,Jackto Studios,Jackto Studios,1,0.6701,Anchor,0.6783,0.8094,0.0717,10889,0.7825,Mostly Positive,"200,000 .. 500,000",350000.0,29.99,,True,True,True,True,True,2024,Action|Adventure|Indie|RPG|Simulation,Base Building|Building|Crafting|First-Person|Hunting|Multiplayer|Online Co-Op|Open World|Open World Survival Craft|PvP|RPG|Realistic|Sandbox|Simulation|Singleplayer,PASS,PASS,PASS,PASS,PASS,"NOT GATED (dropped -- Game Pass runs on PC; no compensating pillar, see A-2)",PENDING_EXTERNAL_CHECK
851100,Touhou Luna Nights,"Team Ladybug, WSS playground","WSS playground, PLAYISM",3,0.6678,Anchor,0.7867,0.4878,0.7937,13543,0.9767,Overwhelmingly Positive,"500,000 .. 1,000,000",750000.0,17.99,,True,True,False,False,False,2019,Action|Adventure|Indie,2D|Action|Action-Adventure|Adventure|Anime|Beat 'em up|Bullet Hell|Controller|Cute|Exploration|Faith|Female Protagonist|Great Soundtrack|Indie|Metroidvania,PASS,PASS,PASS,PASS,PASS,"NOT GATED (dropped -- Game Pass runs on PC; no compensating pillar, see A-2)",PENDING_EXTERNAL_CHECK
1069740,Seen,Seen Games,Seen Games,1,0.6673,Low-cost option,0.5909,0.7552,0.6976,9550,0.9154,Very Positive,"200,000 .. 500,000",350000.0,2.99,,True,True,True,False,False,2019,Action|Adventure|Early Access|Indie,2.5D|Action|Adventure|Atmospheric|Dark|Dystopian|Early Access|Emotional|Great Soundtrack|Indie|Mystery|Platformer|Psychological Horror|Puzzle|Puzzle Platformer,PASS,PASS,PASS,PASS,PASS,"NOT GATED (dropped -- Game Pass runs on PC; no compensating pillar, see A-2)",PENDING_EXTERNAL_CHECK
1390350,Webbed,Sbug Games,Sbug Games,2,0.6671,Anchor,0.7815,0.4668,0.8969,13123,0.9766,Overwhelmingly Positive,"500,000 .. 1,000,000",750000.0,9.99,,True,True,True,False,False,2021,Action|Adventure|Indie,2D|2D Platformer|Action|Atmospheric|Cartoony|Collectathon|Colorful|Cute|Exploration|Family Friendly|Fantasy|Female Protagonist|Indie|Nature|Physics,PASS,PASS,PASS,PASS,PASS,"NOT GATED (dropped -- Game Pass runs on PC; no compensating pillar, see A-2)",PENDING_EXTERNAL_CHECK
488860,MADNESS: Project Nexus,"GIBBING TREE, LLC","GIBBING TREE, LLC",1,0.6664,Anchor,0.8252,0.5524,0.3287,14899,0.9717,Overwhelmingly Positive,"500,000 .. 1,000,000",750000.0,24.99,,False,True,True,True,True,2021,Action|Indie,3D|Action|Arena Shooter|Atmospheric|Beat 'em up|Blood|Character Customization|Co-op|Combat|Controller|Dark|Funny|Gore|Gun Customization|Hack and Slash,PASS,PASS,PASS,PASS,PASS,"NOT GATED (dropped -- Game Pass runs on PC; no compensating pillar, see A-2)",PENDING_EXTERNAL_CHECK
435400,Hidden Folks,"Adriaan de Jongh, Sylvain Tegroeg",Adriaan de Jongh,1,0.6663,Depth,0.5577,0.7308,0.951,9091,0.9665,Overwhelmingly Positive,"200,000 .. 500,000",350000.0,14.99,,True,True,False,False,False,2017,Adventure|Casual|Indie,2D|Adventure|Audio Production|Casual|Cute|Design & Illustration|Family Friendly|Funny|Great Soundtrack|Hand-drawn|Hidden Object|Indie|Isometric|Minimalist|Point & Click,PASS,PASS,PASS,PASS,PASS,"NOT GATED (dropped -- Game Pass runs on PC; no compensating pillar, see A-2)",PENDING_EXTERNAL_CHECK
1465460,Infection Free Zone,Jutsu Games,Games Operators,5,0.6651,Anchor,0.6757,0.8077,0.042,10878,0.7447,Mostly Positive,"200,000 .. 500,000",350000.0,24.99,,False,True,False,False,False,2024,Action|Early Access|Indie|Simulation|Strategy,3D|Atmospheric|Base Building|City Builder|Colony Sim|Dark|Early Access|Immersive Sim|Management|Minimalist|Outbreak Sim|Post-apocalyptic|RTS|Sandbox|Simulation,PASS,PASS,PASS,PASS,PASS,"NOT GATED (dropped -- Game Pass runs on PC; no compensating pillar, see A-2)",PENDING_EXTERNAL_CHECK
1341290,We Were Here Forever,Total Mayhem Games,Total Mayhem Games,5,0.665,Anchor,0.8059,0.5262,0.5157,14210,0.9162,Very Positive,"500,000 .. 1,000,000",750000.0,17.99,,True,True,True,True,True,2022,Adventure|Casual|Indie,3D|Action-Adventure|Adventure|Atmospheric|Casual|Co-op|Co-op Campaign|Dark|Detective|Escape Room|Exploration|Fantasy|First-Person|Linear|Multiplayer,PASS,PASS,PASS,PASS,PASS,"NOT GATED (dropped -- Game Pass runs on PC; no compensating pillar, see A-2)",PENDING_EXTERNAL_CHECK
605740,"Flashing Lights - Police, Firefighting, Emergency Services (EMS) Simulator",Nils Jakrins,Excalibur Games,1,0.6635,Anchor,0.8427,0.6049,0.0017,15777,0.8169,Very Positive,"500,000 .. 1,000,000",750000.0,24.99,,True,True,False,True,True,2023,Action|Indie|Massively Multiplayer|RPG|Simulation,,PASS,PASS,PASS,PASS,PASS,"NOT GATED (dropped -- Game Pass runs on PC; no compensating pillar, see A-2)",PENDING_EXTERNAL_CHECK
1164940,Trepang2,Trepang Studios,Team17,1,0.6624,Anchor,0.6364,0.7832,0.3094,10374,0.9371,Very Positive,"200,000 .. 500,000",350000.0,14.99,79,True,True,False,False,False,2023,Action|Indie,Action|Atmospheric|Blood|Boomer Shooter|Bullet Time|Combat|Destruction|Difficult|FPS|Fast-Paced|First-Person|Gore|Horror|Indie|Psychological Horror,PASS,PASS,PASS,PASS,PASS,"NOT GATED (dropped -- Game Pass runs on PC; no compensating pillar, see A-2)",PENDING_EXTERNAL_CHECK
2075070,KinitoPET,troy_en,troy_en,1,0.6615,Low-cost option,0.6066,0.7675,0.5122,9756,0.931,Very Positive,"200,000 .. 500,000",350000.0,5.99,,False,True,True,False,False,2024,Casual|Indie|Simulation,1990's|2D|3D|Artificial Intelligence|Casual|Conversation|Horror|Immersive Sim|Indie|Linear|Multiple Endings|Narration|Pixel Graphics|Psychological|Psychological Horror,PASS,PASS,PASS,PASS,PASS,"NOT GATED (dropped -- Game Pass runs on PC; no compensating pillar, see A-2)",PENDING_EXTERNAL_CHECK
1989270,Slay the Princess,Black Tabby Games,"Black Tabby Games, Serenity Forge",3,0.6603,Anchor,0.8322,0.5734,0.1486,15240,0.9744,Overwhelmingly Positive,"500,000 .. 1,000,000",750000.0,17.99,90,True,True,False,False,False,2023,Adventure|Indie|RPG|Simulation,Adventure|CRPG|Choices Matter|Choose Your Own Adventure|Comic Book|Dark Humor|Dating Sim|First-Person|Horror|Interactive Fiction|Lore-Rich|Point & Click|Psychological Horror|RPG|Romance,PASS,PASS,PASS,PASS,PASS,"NOT GATED (dropped -- Game Pass runs on PC; no compensating pillar, see A-2)",PENDING_EXTERNAL_CHECK
451340,Gold Mining Simulator,Code Horizon,"Code Horizon, PlayWay S.A.",2,0.6596,Anchor,0.8147,0.5367,0.3759,14383,0.7169,Mostly Positive,"500,000 .. 1,000,000",750000.0,19.99,,True,True,False,False,False,2017,Indie|Simulation,Adventure|Automobile Sim|Building|Casual|Difficult|Driving|Economy|Exploration|First-Person|Funny|Indie|Management|Mining|Open World|Realistic,PASS,PASS,PASS,PASS,PASS,"NOT GATED (dropped -- Game Pass runs on PC; no compensating pillar, see A-2)",PENDING_EXTERNAL_CHECK
473690,Absolver,Sloclap,Devolver Digital,2,0.6596,Anchor,0.8129,0.535,0.3916,14295,0.7212,Mostly Positive,"500,000 .. 1,000,000",750000.0,5.99,75,True,True,False,True,True,2017,Action|Adventure|Indie,Action|Adventure|Atmospheric|Character Customization|Co-op|Difficult|Fighting|Indie|MMORPG|Martial Arts|Massively Multiplayer|Multiplayer|Online Co-Op|Open World|PvE,PASS,PASS,PASS,PASS,PASS,"NOT GATED (dropped -- Game Pass runs on PC; no compensating pillar, see A-2)",PENDING_EXTERNAL_CHECK
206190,Gunpoint,Suspicious Developments,Suspicious Developments,4,0.6582,Anchor,0.7675,0.4545,0.9266,12952,0.9753,Overwhelmingly Positive,"500,000 .. 1,000,000",750000.0,9.99,83,False,True,True,False,False,2013,Action|Indie|Strategy,2D|Action|Adventure|Comedy|Funny|GameMaker|Great Soundtrack|Hacking|Indie|Level Editor|Noir|Pixel Graphics|Platformer|Puzzle|Sci-fi,PASS,PASS,PASS,PASS,PASS,"NOT GATED (dropped -- Game Pass runs on PC; no compensating pillar, see A-2)",PENDING_EXTERNAL_CHECK
248390,Craft The World,Dekovir Entertainment,Black Maple Games,1,0.6573,Anchor,0.8287,0.5717,0.1434,15206,0.8852,Very Positive,"500,000 .. 1,000,000",750000.0,18.99,,False,True,False,True,True,2014,Indie|RPG|Simulation|Strategy,2D|Adventure|Building|City Builder|Colony Sim|Crafting|Dwarf|Fantasy|God Game|Indie|Multiplayer|Open World|RPG|Resource Management|Sandbox,PASS,PASS,PASS,PASS,PASS,"NOT GATED (dropped -- Game Pass runs on PC; no compensating pillar, see A-2)",PENDING_EXTERNAL_CHECK
1216710,Cyber Manhunt,Aluba Studio,Aluba Studio,3,0.6549,Anchor,0.8024,0.5192,0.4598,14120,0.9362,Very Positive,"500,000 .. 1,000,000",750000.0,9.99,,False,True,True,False,False,2021,Indie|RPG|Simulation,2D|Atmospheric|Casual|Crime|Cyberpunk|Detective|Early Access|Hacking|Immersive Sim|Indie|Investigation|Linear|Mystery|Psychological Horror|Puzzle,PASS,PASS,PASS,PASS,PASS,"NOT GATED (dropped -- Game Pass runs on PC; no compensating pillar, see A-2)",PENDING_EXTERNAL_CHECK
765410,Bean Battles,Gupa Games,Gupa Games,1,0.6521,Low-cost option,0.5962,0.7587,0.5052,9610,0.9389,Very Positive,"200,000 .. 500,000",350000.0,0.99,,False,True,True,False,True,2018,Action|Indie,Action|Atmospheric|Battle Royale|Dating Sim|Difficult|Epic|FPS|Family Friendly|Funny|God Game|Great Soundtrack|Horror|Indie|Memes|Multiplayer,PASS,PASS,PASS,PASS,PASS,"NOT GATED (dropped -- Game Pass runs on PC; no compensating pillar, see A-2)",PENDING_EXTERNAL_CHECK
753420,Dungreed,TEAM HORAY,TEAM HORAY,1,0.6517,Low-cost option,0.5472,0.7255,0.8794,8965,0.9327,Very Positive,"200,000 .. 500,000",350000.0,9.99,,True,True,True,False,False,2018,Action|Indie,2D|Action|Action Roguelike|Adventure|Bullet Hell|Difficult|Dungeon Crawler|Great Soundtrack|Indie|Local Co-Op|Loot|Metroidvania|Multiplayer|Pixel Graphics|Platformer,PASS,PASS,PASS,PASS,PASS,"NOT GATED (dropped -- Game Pass runs on PC; no compensating pillar, see A-2)",PENDING_EXTERNAL_CHECK
690830,Foundation,Polymorph Games,Polymorph Games,1,0.6465,Anchor,0.8234,0.5455,0.1661,14774,0.8746,Very Positive,"500,000 .. 1,000,000",750000.0,29.99,,False,True,True,False,False,2019,Early Access|Indie|Simulation|Strategy,Atmospheric|Base Building|Building|Choices Matter|City Builder|Colony Sim|Early Access|Economy|Indie|Management|Medieval|Open World|RTS|Relaxing|Resource Management,PASS,PASS,PASS,PASS,PASS,"NOT GATED (dropped -- Game Pass runs on PC; no compensating pillar, see A-2)",PENDING_EXTERNAL_CHECK
1169040,Necesse,Fair Games ApS,Fair Games ApS,1,0.6439,Anchor,0.792,0.4965,0.493,13746,0.9387,Very Positive,"500,000 .. 1,000,000",750000.0,14.99,,True,True,True,True,True,2019,Action|Adventure|Early Access|Indie|RPG,2D|Adventure|Atmospheric|Automation|Base Building|Building|Co-op|Crafting|Early Access|Exploration|Farming Sim|Multiplayer|Online Co-Op|Open World|Open World Survival Craft,PASS,PASS,PASS,PASS,PASS,"NOT GATED (dropped -- Game Pass runs on PC; no compensating pillar, see A-2)",PENDING_EXTERNAL_CHECK
872670,SCP: 5K,Affray Interactive,Affray Interactive,1,0.6439,Anchor,0.6451,0.7937,0.0385,10458,0.7861,Mostly Positive,"200,000 .. 500,000",350000.0,19.99,,True,True,True,True,True,2022,Action|Early Access|Indie|Massively Multiplayer|Strategy,Action|Co-op|Co-op Campaign|Combat|Early Access|FPS|First-Person|Gun Customization|Horror|Immersive|Lore-Rich|Military|Multiplayer|PvE|Realistic,PASS,PASS,PASS,PASS,PASS,"NOT GATED (dropped -- Game Pass runs on PC; no compensating pillar, see A-2)",PENDING_EXTERNAL_CHECK
252610,Death Road to Canada,"Rocketcat Games, Madgarden",Rocketcat Games,1,0.6428,Depth,0.542,0.722,0.8304,8922,0.9298,Very Positive,"200,000 .. 500,000",350000.0,14.99,,True,True,False,True,True,2016,Action|Indie|RPG,2D|Action|Action Roguelike|Character Customization|Co-op|Comedy|Difficult|Funny|Great Soundtrack|Indie|Local Co-Op|Memes|Multiplayer|Pixel Graphics|RPG,PASS,PASS,PASS,PASS,PASS,"NOT GATED (dropped -- Game Pass runs on PC; no compensating pillar, see A-2)",PENDING_EXTERNAL_CHECK
1113120,IXION,Bulwark Studios,Kasedo Games,3,0.6416,Anchor,0.8217,0.5437,0.1329,14718,0.7795,Mostly Positive,"500,000 .. 1,000,000",750000.0,34.99,,False,True,False,False,False,2022,Indie|Simulation|Strategy,Atmospheric|Base Building|Building|Choices Matter|City Builder|Colony Sim|Dark|Difficult|Economy|Exploration|Indie|Management|Post-apocalyptic|RTS|Resource Management,PASS,PASS,PASS,PASS,PASS,"NOT GATED (dropped -- Game Pass runs on PC; no compensating pillar, see A-2)",PENDING_EXTERNAL_CHECK
1611600,WARNO,Eugen Systems,Eugen Systems,9,0.6407,Anchor,0.6381,0.7867,0.0699,10408,0.8223,Very Positive,"200,000 .. 500,000",350000.0,26.79,,False,True,True,True,True,2024,Action|Indie|Simulation|Strategy,1980s|Bullet Time|Co-op|Cold War|Historical|Massively Multiplayer|Military|Moddable|Multiplayer|PvP|RTS|Real Time Tactics|Realistic|Simulation|Strategy,PASS,PASS,PASS,PASS,PASS,"NOT GATED (dropped -- Game Pass runs on PC; no compensating pillar, see A-2)",PENDING_EXTERNAL_CHECK
1059990,Trombone Champ,Holy Wow Studios LLC,Holy Wow Studios LLC,1,0.6397,Anchor,0.5734,0.743,0.5577,9231,0.9796,Overwhelmingly Positive,"200,000 .. 500,000",350000.0,14.99,82,False,True,True,False,False,2022,Casual|Indie,3D|Cartoon|Casual|Colorful|Comedy|Cute|Difficult|Experimental|Family Friendly|Funny|Horror|Indie|Memes|Moddable|Music,PASS,PASS,PASS,PASS,PASS,"NOT GATED (dropped -- Game Pass runs on PC; no compensating pillar, see A-2)",PENDING_EXTERNAL_CHECK
446020,Jalopy,Minskworks,Excalibur Games,2,0.6395,Anchor,0.6084,0.7692,0.2762,9765,0.7735,Mostly Positive,"200,000 .. 500,000",350000.0,14.99,65,True,True,False,False,False,2018,Adventure|Indie|Simulation,Adventure|Atmospheric|Automobile Sim|Driving|Early Access|Economy|Exploration|First-Person|Indie|Management|Open World|Realistic|Relaxing|Resource Management|Roguelite,PASS,PASS,PASS,PASS,PASS,"NOT GATED (dropped -- Game Pass runs on PC; no compensating pillar, see A-2)",PENDING_EXTERNAL_CHECK
746850,Cloudpunk,ION LANDS,"ION LANDS, Maple Whispering Limited",2,0.639,Anchor,0.7972,0.5052,0.3829,13906,0.8814,Very Positive,"500,000 .. 1,000,000",750000.0,19.99,73,True,True,False,False,False,2020,Adventure|Indie|RPG,Action|Adventure|Atmospheric|Cyberpunk|Driving|Exploration|Female Protagonist|First-Person|Futuristic|Great Soundtrack|Indie|Mature|Open World|RPG|Sci-fi,PASS,PASS,PASS,PASS,PASS,"NOT GATED (dropped -- Game Pass runs on PC; no compensating pillar, see A-2)",PENDING_EXTERNAL_CHECK
1954200,Kena: Bridge of Spirits,Ember Lab,Ember Lab,1,0.6388,Anchor,0.7955,0.5,0.4108,13752,0.9207,Very Positive,"500,000 .. 1,000,000",750000.0,39.99,83,True,True,True,False,False,2022,Action|Adventure|Indie,3D|3D Platformer|Action|Action-Adventure|Adventure|Atmospheric|Cinematic|Combat|Controller|Exploration|Fantasy|Female Protagonist|Indie|Magic|Mystery,PASS,PASS,PASS,PASS,PASS,"NOT GATED (dropped -- Game Pass runs on PC; no compensating pillar, see A-2)",PENDING_EXTERNAL_CHECK
1307580,TOEM: A Photo Adventure,Something We Made,"Something We Made, popagenda",1,0.6376,Depth,0.3427,0.9441,0.8864,6964,0.9924,Overwhelmingly Positive,"100,000 .. 200,000",150000.0,19.99,79,True,True,False,False,False,2021,Adventure|Casual|Indie,Adventure|Atmospheric|Cartoon|Casual|Cozy|Cute|Exploration|Family Friendly|Funny|Hand-drawn|Hidden Object|Music|Nature|Photo Editing|Puzzle,PASS,PASS,PASS,PASS,PASS,"NOT GATED (dropped -- Game Pass runs on PC; no compensating pillar, see A-2)",PENDING_EXTERNAL_CHECK
2646460,Soulmask,CampFire Studio,Qooland Games,1,0.6372,Anchor,0.6416,0.7902,0.0035,10415,0.7872,Mostly Positive,"200,000 .. 500,000",350000.0,29.99,,False,True,False,True,True,2024,Adventure|Early Access|Indie|Massively Multiplayer|RPG|Simulation,3D|Action-Adventure|Adventure|Base Building|Building|Crafting|Early Access|Exploration|Hunting|Massively Multiplayer|Multiplayer|Open World|Open World Survival Craft|RPG|Realistic,PASS,PASS,PASS,PASS,PASS,"NOT GATED (dropped -- Game Pass runs on PC; no compensating pillar, see A-2)",PENDING_EXTERNAL_CHECK
536270,Ancestors: The Humankind Odyssey,Panache Digital Games,Private Division,1,0.6353,Depth,0.5997,0.7605,0.3129,9647,0.7825,Mostly Positive,"200,000 .. 500,000",350000.0,39.99,,True,True,False,False,False,2020,Action|Adventure|Indie|RPG,Action|Action-Adventure|Adventure|Atmospheric|Choices Matter|Crafting|Exploration|Historical|Immersive Sim|Indie|Multiplayer|Nature|Open World|Open World Survival Craft|RPG,PASS,PASS,PASS,PASS,PASS,"NOT GATED (dropped -- Game Pass runs on PC; no compensating pillar, see A-2)",PENDING_EXTERNAL_CHECK
388090,Five Nights at Freddy's 4,Scott Cawthon,Scott Cawthon,8,0.6336,Anchor,0.8042,0.5245,0.2168,14199,0.927,Very Positive,"500,000 .. 1,000,000",750000.0,7.99,51,False,True,True,False,False,2015,Action|Indie|Strategy,Action|Animation & Modeling|Atmospheric|Dark|Difficult|Family Friendly|First-Person|Horror|Illuminati|Indie|Jump Scare|Point & Click|Psychological Horror|Robots|Simulation,PASS,PASS,PASS,PASS,PASS,"NOT GATED (dropped -- Game Pass runs on PC; no compensating pillar, see A-2)",PENDING_EXTERNAL_CHECK
913740,WORLD OF HORROR,panstasz,"Ysbryd Games, PLAYISM",1,0.6287,Anchor,0.5559,0.729,0.5909,9082,0.9239,Very Positive,"200,000 .. 500,000",350000.0,19.99,77,False,True,False,False,False,2023,Indie|RPG,2D|Adventure|Anime|Atmospheric|Card Game|Horror|Lovecraftian|Moddable|Mystery|Pixel Graphics|Point & Click|Psychological Horror|RPG|Roguelike|Roguelite,PASS,PASS,PASS,PASS,PASS,"NOT GATED (dropped -- Game Pass runs on PC; no compensating pillar, see A-2)",PENDING_EXTERNAL_CHECK
861650,Session: Skate Sim,crea-ture Studios Inc.,Nacon,1,0.6283,Anchor,0.785,0.486,0.4143,13439,0.8385,Very Positive,"500,000 .. 1,000,000",750000.0,11.99,,True,True,False,False,False,2022,Indie|Simulation|Sports|Strategy,Action|Character Customization|Difficult|Early Access|Exploration|Family Friendly|Funny|Immersive Sim|Indie|Multiplayer|Parkour|Physics|Realistic|Simulation|Singleplayer,PASS,PASS,PASS,PASS,PASS,"NOT GATED (dropped -- Game Pass runs on PC; no compensating pillar, see A-2)",PENDING_EXTERNAL_CHECK
738520,Breathedge,RedRuins Softworks,"HypeTrain Digital, RedRuins Softworks",1,0.6283,Anchor,0.8112,0.5332,0.0944,14289,0.8259,Very Positive,"500,000 .. 1,000,000",750000.0,24.99,71,True,True,False,False,False,2021,Action|Adventure|Indie|Simulation,Action|Action-Adventure|Adventure|Aliens|Atmospheric|Base Building|Co-op|Crafting|Early Access|Exploration|First-Person|Indie|Open World|Open World Survival Craft|Sandbox,PASS,PASS,PASS,PASS,PASS,"NOT GATED (dropped -- Game Pass runs on PC; no compensating pillar, see A-2)",PENDING_EXTERNAL_CHECK
1382070,Viewfinder,Sad Owl Studios,Thunderful Publishing,1,0.6219,Depth,0.3252,0.9353,0.8514,6812,0.9435,Very Positive,"100,000 .. 200,000",150000.0,24.99,84,True,True,False,False,False,2023,Adventure|Indie,3D Platformer|Abstract|Action-Adventure|Adventure|Atmospheric|Colorful|Dark Humor|Exploration|First-Person|Narration|Physics|Platformer|Psychological|Puzzle|Puzzle Platformer,PASS,PASS,PASS,PASS,PASS,"NOT GATED (dropped -- Game Pass runs on PC; no compensating pillar, see A-2)",PENDING_EXTERNAL_CHECK
386070,Planetary Annihilation: TITANS,Planetary Annihilation Inc,Planetary Annihilation Inc,1,0.6212,Anchor,0.7937,0.4983,0.25,13747,0.8487,Very Positive,"500,000 .. 1,000,000",750000.0,29.99,,False,True,True,True,True,2015,Action|Indie|Strategy,Base Building|Building|Co-op|Destruction|Futuristic|Grand Strategy|Indie|Mechs|Multiplayer|Online Co-Op|PvP|RTS|Real Time Tactics|Robots|Sci-fi,PASS,PASS,PASS,PASS,PASS,"NOT GATED (dropped -- Game Pass runs on PC; no compensating pillar, see A-2)",PENDING_EXTERNAL_CHECK
589590,Kindergarten,"Con Man Games, Sean Young",SmashGames,2,0.6194,Low-cost option,0.493,0.6888,0.9738,8220,0.9648,Overwhelmingly Positive,"200,000 .. 500,000",350000.0,4.99,,True,True,False,False,False,2017,Adventure|Indie,Adventure|Blood|Choices Matter|Dark Comedy|Dark Humor|Difficult|Early Access|Funny|Gore|Horror|Indie|Memes|Mystery|Pixel Graphics|Psychological Horror,PASS,PASS,PASS,PASS,PASS,"NOT GATED (dropped -- Game Pass runs on PC; no compensating pillar, see A-2)",PENDING_EXTERNAL_CHECK
343780,Cat Goes Fishing,Cat5Games,Luden.io,1,0.6157,Anchor,0.7552,0.4178,0.7098,12554,0.9418,Very Positive,"500,000 .. 1,000,000",750000.0,6.99,,False,True,False,False,False,2015,Casual|Indie|Simulation,2D|Action|Adventure|Arcade|Casual|Cats|Cute|Difficult|Family Friendly|Fishing|Funny|Indie|Multiplayer|Nature|Psychological Horror,PASS,PASS,PASS,PASS,PASS,"NOT GATED (dropped -- Game Pass runs on PC; no compensating pillar, see A-2)",PENDING_EXTERNAL_CHECK
211400,Deadlight,"Tequila Works, S.L.",Xbox Game Studios,1,0.6156,Anchor,0.7535,0.4161,0.7238,12549,0.7886,Mostly Positive,"500,000 .. 1,000,000",750000.0,14.99,78,True,True,False,False,False,2012,Action|Adventure|Indie,2.5D|2D|Action|Adventure|Atmospheric|Controller|Great Soundtrack|Horror|Indie|Noir|Parkour|Platformer|Post-apocalyptic|Puzzle|Short,PASS,PASS,PASS,PASS,PASS,"NOT GATED (dropped -- Game Pass runs on PC; no compensating pillar, see A-2)",PENDING_EXTERNAL_CHECK
1070710,Kind Words (lo fi chill beats to write to),Popcannibal,Popcannibal,5,0.6152,Low-cost option,0.5297,0.7168,0.6364,8829,0.9818,Overwhelmingly Positive,"200,000 .. 500,000",350000.0,4.99,,False,True,True,True,True,2019,Casual|Indie,3D|Asynchronous Multiplayer|Atmospheric|Casual|Colorful|Cozy|Cute|Emotional|Experience|Experimental|Funny|Indie|LGBTQ+|Memes|Multiplayer,PASS,PASS,PASS,PASS,PASS,"NOT GATED (dropped -- Game Pass runs on PC; no compensating pillar, see A-2)",PENDING_EXTERNAL_CHECK
435530,The Final Station,DO MY BEST,tinyBuild,2,0.6142,Anchor,0.5061,0.7028,0.8007,8454,0.8721,Very Positive,"200,000 .. 500,000",350000.0,14.99,76,True,True,False,False,False,2016,Action|Adventure|Indie,2D|Action|Adventure|Atmospheric|Great Soundtrack|Horror|Indie|Pixel Graphics|Platformer|Post-apocalyptic|Resource Management|Sci-fi|Shooter|Short|Side Scroller,PASS,PASS,PASS,PASS,PASS,"NOT GATED (dropped -- Game Pass runs on PC; no compensating pillar, see A-2)",PENDING_EXTERNAL_CHECK
367580,Hook,Maciej Targoni,Maciej Targoni,6,0.6142,Low-cost option,0.528,0.715,0.6416,8828,0.9698,Overwhelmingly Positive,"200,000 .. 500,000",350000.0,1.99,,False,True,True,False,False,2015,Casual|Indie,2D|Abstract|Atmospheric|Casual|Difficult|Family Friendly|Great Soundtrack|Indie|Logic|Minimalist|Mouse only|Puzzle|Relaxing|Short|Singleplayer,PASS,PASS,PASS,PASS,PASS,"NOT GATED (dropped -- Game Pass runs on PC; no compensating pillar, see A-2)",PENDING_EXTERNAL_CHECK
352720,The Universim,Crytivo,Crytivo,1,0.6138,Depth,0.5874,0.7535,0.1871,9484,0.8064,Very Positive,"200,000 .. 500,000",350000.0,22.49,,False,True,True,False,False,2024,Indie|Simulation|Strategy,Aliens|Building|Casual|City Builder|Colony Sim|Colorful|Exploration|God Game|Management|Open World|Procedural Generation|Real-Time with Pause|Resource Management|Sandbox|Sci-fi,PASS,PASS,PASS,PASS,PASS,"NOT GATED (dropped -- Game Pass runs on PC; no compensating pillar, see A-2)",PENDING_EXTERNAL_CHECK
1504500,OPUS: Echo of Starsong - Full Bloom Edition,SIGONO INC.,SIGONO INC.,4,0.6136,Anchor,0.4983,0.6923,0.8759,8345,0.9663,Overwhelmingly Positive,"200,000 .. 500,000",350000.0,24.99,90,True,True,True,False,False,2021,Adventure|Indie,2.5D|2D|Adventure|Anime|Atmospheric|Colorful|Emotional|Exploration|Female Protagonist|Indie|Interactive Fiction|JRPG|Puzzle Platformer|Sci-fi|Singleplayer,PASS,PASS,PASS,PASS,PASS,"NOT GATED (dropped -- Game Pass runs on PC; no compensating pillar, see A-2)",PENDING_EXTERNAL_CHECK
221260,Little Inferno,Tomorrow Corporation,Tomorrow Corporation,3,0.6133,Anchor,0.7413,0.3846,0.8881,12342,0.9478,Very Positive,"500,000 .. 1,000,000",750000.0,14.99,68,False,True,True,False,False,2012,Adventure|Casual|Indie,2D|Adventure|Atmospheric|Casual|Comedy|Dark|Dark Humor|Funny|Great Soundtrack|Indie|Parody|Point & Click|Puzzle|Sandbox|Satire,PASS,PASS,PASS,PASS,PASS,"NOT GATED (dropped -- Game Pass runs on PC; no compensating pillar, see A-2)",PENDING_EXTERNAL_CHECK
673750,Super Bunny Man,Catobyte,Catobyte Ltd,1,0.6121,Depth,0.521,0.7098,0.6766,8703,0.8719,Very Positive,"200,000 .. 500,000",350000.0,14.99,,True,True,False,True,True,2023,Action|Indie,2D Platformer|Action|Adventure|Casual|Co-op|Comedy|Funny|Local Co-Op|Local Multiplayer|Memes|Multiplayer|Online Co-Op|Party|Party Game|Physics,PASS,PASS,PASS,PASS,PASS,"NOT GATED (dropped -- Game Pass runs on PC; no compensating pillar, see A-2)",PENDING_EXTERNAL_CHECK
799640,Dungeon Munchies,maJAJa,maJAJa,1,0.61,Depth,0.3077,0.9318,0.8339,6606,0.9731,Overwhelmingly Positive,"100,000 .. 200,000",150000.0,19.99,,True,True,True,False,False,2022,Action|Adventure|Indie|RPG,2D|Action|Action RPG|Action-Adventure|Adventure|Anime|Bullet Hell|Comedy|Cooking|Difficult|Early Access|Exploration|Funny|Indie|Pixel Graphics,PASS,PASS,PASS,PASS,PASS,"NOT GATED (dropped -- Game Pass runs on PC; no compensating pillar, see A-2)",PENDING_EXTERNAL_CHECK
1674170,Sprocket,Hamish Dunn,Hamish Dunn,1,0.605,Depth,0.5935,0.757,0.0542,9608,0.934,Very Positive,"200,000 .. 500,000",350000.0,19.99,,False,True,True,False,False,2021,Action|Early Access|Indie|Simulation,3D|Action|Alternate History|Building|Character Customization|Cold War|Early Access|Gun Customization|Military|Physics|PvE|Sandbox|Tanks|Third Person|Third-Person Shooter,PASS,PASS,PASS,PASS,PASS,"NOT GATED (dropped -- Game Pass runs on PC; no compensating pillar, see A-2)",PENDING_EXTERNAL_CHECK
266010,LYNE,Thomas Bowker,Thomas Bowker,1,0.6045,Low-cost option,0.486,0.6783,0.9021,8146,0.9568,Overwhelmingly Positive,"200,000 .. 500,000",350000.0,2.99,,True,True,True,False,False,2014,Casual|Indie,2D|Abstract|Action|Adventure|Arcade|Atmospheric|Casual|Difficult|Great Soundtrack|Indie|Logic|Minimalist|Mouse only|Procedural Generation|Puzzle,PASS,PASS,PASS,PASS,PASS,"NOT GATED (dropped -- Game Pass runs on PC; no compensating pillar, see A-2)",PENDING_EXTERNAL_CHECK
677160,We Were Here Too,Total Mayhem Games,Total Mayhem Games,5,0.6026,Anchor,0.5437,0.7238,0.4126,8933,0.807,Very Positive,"200,000 .. 500,000",350000.0,9.99,69,True,True,True,True,True,2018,Adventure|Casual|Indie,Action-Adventure|Adventure|Atmospheric|Casual|Co-op|Co-op Campaign|Dark|Escape Room|First-Person|Horror|Immersive|Indie|Investigation|Linear|Multiplayer,PASS,PASS,PASS,PASS,PASS,"NOT GATED (dropped -- Game Pass runs on PC; no compensating pillar, see A-2)",PENDING_EXTERNAL_CHECK
1267910,Melvor Idle,Games by Malcs,Jagex Ltd,1,0.6016,Anchor,0.7692,0.4563,0.3444,12973,0.9057,Very Positive,"500,000 .. 1,000,000",750000.0,9.99,,False,True,False,False,False,2021,Adventure|Casual|Indie|RPG,2D|Adventure|Automation|Cartoon|Casual|Colorful|Combat|Crafting|Demons|Early Access|Fantasy|Fishing|Idler|Indie|Magic,PASS,PASS,PASS,PASS,PASS,"NOT GATED (dropped -- Game Pass runs on PC; no compensating pillar, see A-2)",PENDING_EXTERNAL_CHECK
